view,target_type,original_chord_head_count,reduced_visible_member_count,held_before,baseline_completion_count,trials,baseline_competing_trials,no_comparable_exact_context,comparable_target_unsupported,target_supported_still_competing,target_resolved_unique,unique_wrong_completion,contextual_witness_references,micro_coverage_rate,micro_target_supported_rate,primary_resolution_rate
ReducedOnly,TapHead,2,1,absent,0,6,0,6,0,0,0,0,0,0,0,N/A
ReducedOnly,TapHead,2,1,absent,1,1,0,0,0,0,1,0,1,1,1,N/A
ReducedOnly,TapHead,2,1,absent,3,654,654,0,0,654,0,0,108316,1,1,0
ReducedOnly,TapHead,2,1,absent,5,1,0,0,1,0,0,0,188,1,0,N/A
ReducedOnly,TapHead,2,1,absent,6,2857,2857,0,0,2857,0,0,453270,1,1,0
ReducedOnly,TapHead,2,1,absent,7,384,382,0,2,382,0,0,74931,1,0.994791666667,0
ReducedOnly,TapHead,2,1,absent,8,1415,1413,0,2,1413,0,0,236376,1,0.998586572438,0
ReducedOnly,TapHead,2,1,absent,9,1028,1028,0,0,1028,0,0,122844,1,1,0
ReducedOnly,TapHead,2,1,absent,10,96,94,0,2,94,0,0,6548,1,0.979166666667,0
ReducedOnly,TapHead,2,1,absent,11,19,16,0,3,16,0,0,2982,1,0.842105263158,0
ReducedOnly,TapHead,2,1,absent,12,988,988,0,0,988,0,0,222338,1,1,0
ReducedOnly,TapHead,2,1,present,0,3,0,3,0,0,0,0,0,0,0,N/A
ReducedOnly,TapHead,2,1,present,1,5,0,0,0,0,1,4,5,1,0.2,N/A
ReducedOnly,TapHead,2,1,present,2,2,2,0,0,2,0,0,4,1,1,0
ReducedOnly,TapHead,2,1,present,5,3,0,0,3,0,0,0,424,1,0,N/A
ReducedOnly,TapHead,2,1,present,6,198,198,0,0,198,0,0,22201,1,1,0
ReducedOnly,TapHead,2,1,present,7,8,3,0,5,3,0,0,112,1,0.375,0
ReducedOnly,TapHead,2,1,present,8,21,16,0,5,16,0,0,965,1,0.761904761905,0
ReducedOnly,TapHead,2,1,present,9,88,86,0,2,86,0,0,6989,1,0.977272727273,0
ReducedOnly,TapHead,2,1,present,10,39,37,0,2,37,0,0,2733,1,0.948717948718,0
ReducedOnly,TapHead,2,1,present,11,64,50,0,14,50,0,0,6757,1,0.78125,0
ReducedOnly,TapHead,2,1,present,12,1693,1693,0,0,1693,0,0,307705,1,1,0
ReducedOnly,TapHead,3,2,absent,0,10,0,10,0,0,0,0,0,0,0,N/A
ReducedOnly,TapHead,3,2,absent,1,9,0,0,0,0,3,6,16,1,0.333333333333,N/A
ReducedOnly,TapHead,3,2,absent,2,252,240,0,12,240,0,0,9106,1,0.952380952381,0
ReducedOnly,TapHead,3,2,absent,3,102,87,0,15,87,0,0,1381,1,0.852941176471,0
ReducedOnly,TapHead,3,2,absent,4,463,436,0,27,436,0,0,18778,1,0.941684665227,0
ReducedOnly,TapHead,3,2,absent,5,4971,4951,0,20,4951,0,0,384620,1,0.995976664655,0
ReducedOnly,TapHead,3,2,absent,6,708,697,0,11,697,0,0,40201,1,0.984463276836,0
ReducedOnly,TapHead,3,2,absent,7,446,413,0,33,413,0,0,16937,1,0.92600896861,0
ReducedOnly,TapHead,3,2,absent,8,653,644,0,9,644,0,0,24759,1,0.986217457887,0
ReducedOnly,TapHead,3,2,absent,9,88,86,0,2,86,0,0,4764,1,0.977272727273,0
ReducedOnly,TapHead,3,2,absent,10,203,203,0,0,203,0,0,18586,1,1,0
ReducedOnly,TapHead,3,2,present,0,21,0,21,0,0,0,0,0,0,0,N/A
ReducedOnly,TapHead,3,2,present,1,34,0,0,0,0,8,26,74,1,0.235294117647,N/A
ReducedOnly,TapHead,3,2,present,2,51,19,0,32,19,0,0,222,1,0.372549019608,0
ReducedOnly,TapHead,3,2,present,3,52,28,0,24,28,0,0,399,1,0.538461538462,0
ReducedOnly,TapHead,3,2,present,4,103,63,0,40,63,0,0,1604,1,0.611650485437,0
ReducedOnly,TapHead,3,2,present,5,151,113,0,38,113,0,0,3768,1,0.748344370861,0
ReducedOnly,TapHead,3,2,present,6,134,100,0,34,100,0,0,2595,1,0.746268656716,0
ReducedOnly,TapHead,3,2,present,7,275,212,0,63,212,0,0,7656,1,0.770909090909,0
ReducedOnly,TapHead,3,2,present,8,333,291,0,42,291,0,0,9228,1,0.873873873874,0
ReducedOnly,TapHead,3,2,present,9,215,187,0,28,187,0,0,7119,1,0.86976744186,0
ReducedOnly,TapHead,3,2,present,10,213,213,0,0,213,0,0,11912,1,1,0
ReducedOnly,TapHead,4,3,absent,0,57,0,57,0,0,0,0,0,0,0,N/A
ReducedOnly,TapHead,4,3,absent,1,265,0,0,0,0,159,106,794,1,0.6,N/A
ReducedOnly,TapHead,4,3,absent,2,271,230,0,41,230,0,0,2560,1,0.848708487085,0
ReducedOnly,TapHead,4,3,absent,3,471,416,0,55,416,0,0,9666,1,0.883227176221,0
ReducedOnly,TapHead,4,3,absent,4,5710,5685,0,25,5685,0,0,362039,1,0.995621716287,0
ReducedOnly,TapHead,4,3,absent,5,292,281,0,11,281,0,0,6789,1,0.962328767123,0
ReducedOnly,TapHead,4,3,absent,6,106,103,0,3,103,0,0,2666,1,0.971698113208,0
ReducedOnly,TapHead,4,3,absent,7,15,15,0,0,15,0,0,215,1,1,0
ReducedOnly,TapHead,4,3,absent,8,57,57,0,0,57,0,0,2214,1,1,0
ReducedOnly,TapHead,4,3,present,0,63,0,63,0,0,0,0,0,0,0,N/A
ReducedOnly,TapHead,4,3,present,1,192,0,0,0,0,67,125,270,1,0.348958333333,N/A
ReducedOnly,TapHead,4,3,present,2,229,115,0,114,115,0,0,778,1,0.502183406114,0
ReducedOnly,TapHead,4,3,present,3,206,116,0,90,116,0,0,1269,1,0.563106796117,0
ReducedOnly,TapHead,4,3,present,4,134,95,0,39,95,0,0,1603,1,0.708955223881,0
ReducedOnly,TapHead,4,3,present,5,114,95,0,19,95,0,0,1387,1,0.833333333333,0
ReducedOnly,TapHead,4,3,present,6,45,40,0,5,40,0,0,625,1,0.888888888889,0
ReducedOnly,TapHead,4,3,present,7,10,10,0,0,10,0,0,116,1,1,0
ReducedOnly,TapHead,4,3,present,8,1,1,0,0,1,0,0,42,1,1,0
ReducedOnly,TapHead,5,4,absent,0,80,0,80,0,0,0,0,0,0,0,N/A
ReducedOnly,TapHead,5,4,absent,1,152,0,0,0,0,102,50,517,1,0.671052631579,N/A
ReducedOnly,TapHead,5,4,absent,2,311,269,0,42,269,0,0,2621,1,0.864951768489,0
ReducedOnly,TapHead,5,4,absent,3,1293,1288,0,5,1288,0,0,25339,1,0.996133023975,0
ReducedOnly,TapHead,5,4,absent,4,38,37,0,1,37,0,0,571,1,0.973684210526,0
ReducedOnly,TapHead,5,4,absent,5,1,0,0,1,0,0,0,8,1,0,N/A
ReducedOnly,TapHead,5,4,present,0,116,0,116,0,0,0,0,0,0,0,N/A
ReducedOnly,TapHead,5,4,present,1,60,0,0,0,0,7,53,101,1,0.116666666667,N/A
ReducedOnly,TapHead,5,4,present,2,28,9,0,19,9,0,0,113,1,0.321428571429,0
ReducedOnly,TapHead,5,4,present,3,35,20,0,15,20,0,0,255,1,0.571428571429,0
ReducedOnly,TapHead,5,4,present,4,16,10,0,6,10,0,0,115,1,0.625,0
ReducedOnly,TapHead,5,4,present,5,2,0,0,2,0,0,0,16,1,0,N/A
ReducedOnly,TapHead,6,5,absent,0,19,0,19,0,0,0,0,0,0,0,N/A
ReducedOnly,TapHead,6,5,absent,1,63,0,0,0,0,19,44,103,1,0.301587301587,N/A
ReducedOnly,TapHead,6,5,absent,2,93,93,0,0,93,0,0,480,1,1,0
ReducedOnly,TapHead,6,5,present,0,37,0,37,0,0,0,0,0,0,0,N/A
ReducedOnly,TapHead,6,5,present,1,7,0,0,0,0,4,3,9,1,0.571428571429,N/A
ReducedOnly,TapHead,7,6,absent,0,29,0,29,0,0,0,0,0,0,0,N/A
ReducedOnly,TapHead,7,6,absent,1,78,0,0,0,0,77,1,197,1,0.987179487179,N/A
ReducedOnly,TapHead,7,6,absent,2,35,35,0,0,35,0,0,217,1,1,0
ReducedOnly,LongNoteHead,2,1,absent,0,1,0,1,0,0,0,0,0,0,0,N/A
ReducedOnly,LongNoteHead,2,1,absent,1,1,0,0,0,0,0,1,2,1,0,N/A
ReducedOnly,LongNoteHead,2,1,absent,5,1,0,0,1,0,0,0,37,1,0,N/A
ReducedOnly,LongNoteHead,2,1,absent,6,55,54,0,1,54,0,0,6658,1,0.981818181818,0
ReducedOnly,LongNoteHead,2,1,absent,7,13,7,0,6,7,0,0,1057,1,0.538461538462,0
ReducedOnly,LongNoteHead,2,1,absent,8,9,7,0,2,7,0,0,316,1,0.777777777778,0
ReducedOnly,LongNoteHead,2,1,absent,9,16,15,0,1,15,0,0,532,1,0.9375,0
ReducedOnly,LongNoteHead,2,1,absent,10,26,25,0,1,25,0,0,3017,1,0.961538461538,0
ReducedOnly,LongNoteHead,2,1,absent,11,81,79,0,2,79,0,0,13913,1,0.975308641975,0
ReducedOnly,LongNoteHead,2,1,absent,12,174,174,0,0,174,0,0,26527,1,1,0
ReducedOnly,LongNoteHead,2,1,present,0,2,0,2,0,0,0,0,0,0,0,N/A
ReducedOnly,LongNoteHead,2,1,present,5,1,0,0,1,0,0,0,35,1,0,N/A
ReducedOnly,LongNoteHead,2,1,present,6,803,802,0,1,802,0,0,166887,1,0.998754669988,0
ReducedOnly,LongNoteHead,2,1,present,7,11,3,0,8,3,0,0,1152,1,0.272727272727,0
ReducedOnly,LongNoteHead,2,1,present,8,15,10,0,5,10,0,0,1117,1,0.666666666667,0
ReducedOnly,LongNoteHead,2,1,present,9,44,38,0,6,38,0,0,2646,1,0.863636363636,0
ReducedOnly,LongNoteHead,2,1,present,10,156,155,0,1,155,0,0,24809,1,0.99358974359,0
ReducedOnly,LongNoteHead,2,1,present,11,490,482,0,8,482,0,0,88224,1,0.983673469388,0
ReducedOnly,LongNoteHead,2,1,present,12,2352,2352,0,0,2352,0,0,370260,1,1,0
ReducedOnly,LongNoteHead,3,2,absent,0,10,0,10,0,0,0,0,0,0,0,N/A
ReducedOnly,LongNoteHead,3,2,absent,1,23,0,0,0,0,8,15,44,1,0.347826086957,N/A
ReducedOnly,LongNoteHead,3,2,absent,2,43,37,0,6,37,0,0,968,1,0.860465116279,0
ReducedOnly,LongNoteHead,3,2,absent,3,37,31,0,6,31,0,0,1259,1,0.837837837838,0
ReducedOnly,LongNoteHead,3,2,absent,4,68,65,0,3,65,0,0,3996,1,0.955882352941,0
ReducedOnly,LongNoteHead,3,2,absent,5,39,26,0,13,26,0,0,1027,1,0.666666666667,0
ReducedOnly,LongNoteHead,3,2,absent,6,76,75,0,1,75,0,0,2976,1,0.986842105263,0
ReducedOnly,LongNoteHead,3,2,absent,7,120,113,0,7,113,0,0,4434,1,0.941666666667,0
ReducedOnly,LongNoteHead,3,2,absent,8,89,82,0,7,82,0,0,3514,1,0.921348314607,0
ReducedOnly,LongNoteHead,3,2,absent,9,49,49,0,0,49,0,0,2962,1,1,0
ReducedOnly,LongNoteHead,3,2,absent,10,49,49,0,0,49,0,0,3103,1,1,0
ReducedOnly,LongNoteHead,3,2,present,0,12,0,12,0,0,0,0,0,0,0,N/A
ReducedOnly,LongNoteHead,3,2,present,1,36,0,0,0,0,14,22,66,1,0.388888888889,N/A
ReducedOnly,LongNoteHead,3,2,present,2,82,46,0,36,46,0,0,1333,1,0.560975609756,0
ReducedOnly,LongNoteHead,3,2,present,3,107,65,0,42,65,0,0,2581,1,0.607476635514,0
ReducedOnly,LongNoteHead,3,2,present,4,173,142,0,31,142,0,0,7501,1,0.820809248555,0
ReducedOnly,LongNoteHead,3,2,present,5,216,166,0,50,166,0,0,3837,1,0.768518518519,0
ReducedOnly,LongNoteHead,3,2,present,6,404,361,0,43,361,0,0,14047,1,0.893564356436,0
ReducedOnly,LongNoteHead,3,2,present,7,516,456,0,60,456,0,0,17289,1,0.883720930233,0
ReducedOnly,LongNoteHead,3,2,present,8,663,635,0,28,635,0,0,23508,1,0.957767722474,0
ReducedOnly,LongNoteHead,3,2,present,9,495,480,0,15,480,0,0,21652,1,0.969696969697,0
ReducedOnly,LongNoteHead,3,2,present,10,349,349,0,0,349,0,0,20772,1,1,0
ReducedOnly,LongNoteHead,4,3,absent,0,13,0,13,0,0,0,0,0,0,0,N/A
ReducedOnly,LongNoteHead,4,3,absent,1,95,0,0,0,0,66,29,505,1,0.694736842105,N/A
ReducedOnly,LongNoteHead,4,3,absent,2,59,45,0,14,45,0,0,534,1,0.762711864407,0
ReducedOnly,LongNoteHead,4,3,absent,3,65,50,0,15,50,0,0,542,1,0.769230769231,0
ReducedOnly,LongNoteHead,4,3,absent,4,138,122,0,16,122,0,0,1589,1,0.884057971014,0
ReducedOnly,LongNoteHead,4,3,absent,5,54,52,0,2,52,0,0,662,1,0.962962962963,0
ReducedOnly,LongNoteHead,4,3,absent,6,54,52,0,2,52,0,0,1264,1,0.962962962963,0
ReducedOnly,LongNoteHead,4,3,absent,7,10,7,0,3,7,0,0,205,1,0.7,0
ReducedOnly,LongNoteHead,4,3,absent,8,8,8,0,0,8,0,0,312,1,1,0
ReducedOnly,LongNoteHead,4,3,present,0,72,0,72,0,0,0,0,0,0,0,N/A
ReducedOnly,LongNoteHead,4,3,present,1,191,0,0,0,0,48,143,325,1,0.251308900524,N/A
ReducedOnly,LongNoteHead,4,3,present,2,253,130,0,123,130,0,0,818,1,0.513833992095,0
ReducedOnly,LongNoteHead,4,3,present,3,261,169,0,92,169,0,0,1636,1,0.647509578544,0
ReducedOnly,LongNoteHead,4,3,present,4,390,328,0,62,328,0,0,4340,1,0.841025641026,0
ReducedOnly,LongNoteHead,4,3,present,5,183,157,0,26,157,0,0,2105,1,0.857923497268,0
ReducedOnly,LongNoteHead,4,3,present,6,114,104,0,10,104,0,0,2102,1,0.912280701754,0
ReducedOnly,LongNoteHead,4,3,present,7,12,11,0,1,11,0,0,196,1,0.916666666667,0
ReducedOnly,LongNoteHead,4,3,present,8,10,10,0,0,10,0,0,420,1,1,0
ReducedOnly,LongNoteHead,5,4,absent,0,45,0,45,0,0,0,0,0,0,0,N/A
ReducedOnly,LongNoteHead,5,4,absent,1,51,0,0,0,0,26,25,72,1,0.509803921569,N/A
ReducedOnly,LongNoteHead,5,4,absent,2,29,20,0,9,20,0,0,94,1,0.689655172414,0
ReducedOnly,LongNoteHead,5,4,absent,3,26,21,0,5,21,0,0,184,1,0.807692307692,0
ReducedOnly,LongNoteHead,5,4,absent,4,10,9,0,1,9,0,0,69,1,0.9,0
ReducedOnly,LongNoteHead,5,4,absent,5,3,2,0,1,2,0,0,22,1,0.666666666667,0
ReducedOnly,LongNoteHead,5,4,absent,6,1,1,0,0,1,0,0,8,1,1,0
ReducedOnly,LongNoteHead,5,4,present,0,119,0,119,0,0,0,0,0,0,0,N/A
ReducedOnly,LongNoteHead,5,4,present,1,120,0,0,0,0,46,74,159,1,0.383333333333,N/A
ReducedOnly,LongNoteHead,5,4,present,2,77,53,0,24,53,0,0,241,1,0.688311688312,0
ReducedOnly,LongNoteHead,5,4,present,3,48,35,0,13,35,0,0,256,1,0.729166666667,0
ReducedOnly,LongNoteHead,5,4,present,4,29,25,0,4,25,0,0,182,1,0.862068965517,0
ReducedOnly,LongNoteHead,5,4,present,5,6,6,0,0,6,0,0,39,1,1,0
ReducedOnly,LongNoteHead,5,4,present,6,4,4,0,0,4,0,0,32,1,1,0
ReducedOnly,LongNoteHead,6,5,absent,0,17,0,17,0,0,0,0,0,0,0,N/A
ReducedOnly,LongNoteHead,6,5,absent,1,27,0,0,0,0,23,4,34,1,0.851851851852,N/A
ReducedOnly,LongNoteHead,6,5,absent,2,3,3,0,0,3,0,0,9,1,1,0
ReducedOnly,LongNoteHead,6,5,present,0,25,0,25,0,0,0,0,0,0,0,N/A
ReducedOnly,LongNoteHead,6,5,present,1,15,0,0,0,0,14,1,21,1,0.933333333333,N/A
ReducedOnly,LongNoteHead,6,5,present,2,6,6,0,0,6,0,0,18,1,1,0
ReducedOnly,LongNoteHead,7,6,absent,0,7,0,7,0,0,0,0,0,0,0,N/A
ReducedOnly,LongNoteHead,7,6,absent,1,5,0,0,0,0,0,5,18,1,0,N/A
ReducedOnly,LongNoteHead,7,6,absent,2,7,7,0,0,7,0,0,52,1,1,0
ReducedHeld,TapHead,2,1,absent,0,6,0,6,0,0,0,0,0,0,0,N/A
ReducedHeld,TapHead,2,1,absent,1,1,0,1,0,0,0,0,0,0,0,N/A
ReducedHeld,TapHead,2,1,absent,3,654,654,0,0,654,0,0,108316,1,1,0
ReducedHeld,TapHead,2,1,absent,5,1,0,0,1,0,0,0,19,1,0,N/A
ReducedHeld,TapHead,2,1,absent,6,2857,2857,0,1,2856,0,0,438604,1,0.999649982499,0
ReducedHeld,TapHead,2,1,absent,7,384,382,0,4,380,0,0,74678,1,0.989583333333,0
ReducedHeld,TapHead,2,1,absent,8,1415,1413,0,4,1411,0,0,234242,1,0.997173144876,0
ReducedHeld,TapHead,2,1,absent,9,1028,1028,0,4,1024,0,0,116371,1,0.996108949416,0
ReducedHeld,TapHead,2,1,absent,10,96,94,0,5,91,0,0,4108,1,0.947916666667,0
ReducedHeld,TapHead,2,1,absent,11,19,16,0,12,7,0,0,470,1,0.368421052632,0
ReducedHeld,TapHead,2,1,absent,12,988,988,1,41,943,0,3,97676,0.998987854251,0.954453441296,0
ReducedHeld,TapHead,2,1,present,0,3,0,3,0,0,0,0,0,0,0,N/A
ReducedHeld,TapHead,2,1,present,1,5,0,5,0,0,0,0,0,0,0,N/A
ReducedHeld,TapHead,2,1,present,2,2,2,0,0,0,2,0,2,1,1,1
ReducedHeld,TapHead,2,1,present,5,3,0,0,1,0,0,2,92,1,0,N/A
ReducedHeld,TapHead,2,1,present,6,198,198,7,32,130,6,23,2203,0.964646464646,0.686868686869,0.030303030303
ReducedHeld,TapHead,2,1,present,7,8,3,4,0,0,0,4,5,0.5,0,0
ReducedHeld,TapHead,2,1,present,8,21,16,7,3,4,2,5,26,0.666666666667,0.285714285714,0.125
ReducedHeld,TapHead,2,1,present,9,88,86,17,17,33,13,8,282,0.806818181818,0.522727272727,0.151162790698
ReducedHeld,TapHead,2,1,present,10,39,37,10,6,17,0,6,97,0.74358974359,0.435897435897,0
ReducedHeld,TapHead,2,1,present,11,64,50,17,20,0,0,27,106,0.734375,0,0
ReducedHeld,TapHead,2,1,present,12,1693,1693,193,339,692,197,272,6665,0.886001181335,0.525103366804,0.116361488482
ReducedHeld,TapHead,3,2,absent,0,10,0,10,0,0,0,0,0,0,0,N/A
ReducedHeld,TapHead,3,2,absent,1,9,0,5,0,0,2,2,5,0.444444444444,0.222222222222,N/A
ReducedHeld,TapHead,3,2,absent,2,252,240,6,4,238,0,4,9015,0.97619047619,0.944444444444,0
ReducedHeld,TapHead,3,2,absent,3,102,87,2,13,87,0,0,1131,0.980392156863,0.852941176471,0
ReducedHeld,TapHead,3,2,absent,4,463,436,11,24,427,0,1,18013,0.976241900648,0.922246220302,0
ReducedHeld,TapHead,3,2,absent,5,4971,4951,5,15,4943,2,6,382227,0.998994166164,0.994769664051,0.000403958796
ReducedHeld,TapHead,3,2,absent,6,708,697,3,12,689,0,4,39281,0.995762711864,0.973163841808,0
ReducedHeld,TapHead,3,2,absent,7,446,413,8,28,402,0,8,14272,0.982062780269,0.90134529148,0
ReducedHeld,TapHead,3,2,absent,8,653,644,4,13,631,0,5,20691,0.993874425727,0.966309341501,0
ReducedHeld,TapHead,3,2,absent,9,88,86,3,8,75,0,2,2558,0.965909090909,0.852272727273,0
ReducedHeld,TapHead,3,2,absent,10,203,203,1,4,198,0,0,10368,0.995073891626,0.975369458128,0
ReducedHeld,TapHead,3,2,present,0,21,0,21,0,0,0,0,0,0,0,N/A
ReducedHeld,TapHead,3,2,present,1,34,0,21,0,0,4,9,21,0.382352941176,0.117647058824,N/A
ReducedHeld,TapHead,3,2,present,2,51,19,39,0,0,7,5,22,0.235294117647,0.137254901961,0.368421052632
ReducedHeld,TapHead,3,2,present,3,52,28,30,0,3,6,13,38,0.423076923077,0.173076923077,0.214285714286
ReducedHeld,TapHead,3,2,present,4,103,63,57,1,15,18,12,262,0.446601941748,0.320388349515,0.285714285714
ReducedHeld,TapHead,3,2,present,5,151,113,84,1,15,29,22,100,0.443708609272,0.291390728477,0.256637168142
ReducedHeld,TapHead,3,2,present,6,134,100,62,3,22,22,25,153,0.537313432836,0.328358208955,0.22
ReducedHeld,TapHead,3,2,present,7,275,212,129,15,34,44,53,340,0.530909090909,0.283636363636,0.207547169811
ReducedHeld,TapHead,3,2,present,8,333,291,129,22,59,65,58,446,0.612612612613,0.372372372372,0.223367697595
ReducedHeld,TapHead,3,2,present,9,215,187,75,17,34,35,54,316,0.651162790698,0.320930232558,0.187165775401
ReducedHeld,TapHead,3,2,present,10,213,213,57,28,69,23,36,514,0.732394366197,0.431924882629,0.107981220657
ReducedHeld,TapHead,4,3,absent,0,57,0,57,0,0,0,0,0,0,0,N/A
ReducedHeld,TapHead,4,3,absent,1,265,0,33,0,0,152,80,742,0.875471698113,0.57358490566,N/A
ReducedHeld,TapHead,4,3,absent,2,271,230,27,14,203,14,13,2400,0.90036900369,0.80073800738,0.060869565217
ReducedHeld,TapHead,4,3,absent,3,471,416,14,39,394,13,11,9177,0.970276008493,0.864118895966,0.03125
ReducedHeld,TapHead,4,3,absent,4,5710,5685,7,20,5672,4,7,361237,0.99877408056,0.994045534151,0.000703605981
ReducedHeld,TapHead,4,3,absent,5,292,281,1,15,268,2,6,6258,0.996575342466,0.924657534247,0.007117437722
ReducedHeld,TapHead,4,3,absent,6,106,103,2,2,102,0,0,2245,0.981132075472,0.962264150943,0
ReducedHeld,TapHead,4,3,absent,7,15,15,0,2,13,0,0,119,1,0.866666666667,0
ReducedHeld,TapHead,4,3,absent,8,57,57,0,0,57,0,0,1887,1,1,0
ReducedHeld,TapHead,4,3,present,0,63,0,63,0,0,0,0,0,0,0,N/A
ReducedHeld,TapHead,4,3,present,1,192,0,146,0,0,36,10,63,0.239583333333,0.1875,N/A
ReducedHeld,TapHead,4,3,present,2,229,115,154,0,13,39,23,149,0.327510917031,0.227074235808,0.339130434783
ReducedHeld,TapHead,4,3,present,3,206,116,125,1,10,43,27,149,0.393203883495,0.257281553398,0.370689655172
ReducedHeld,TapHead,4,3,present,4,134,95,53,3,27,31,20,272,0.60447761194,0.432835820896,0.326315789474
ReducedHeld,TapHead,4,3,present,5,114,95,38,10,25,19,22,212,0.666666666667,0.385964912281,0.2
ReducedHeld,TapHead,4,3,present,6,45,40,16,3,8,9,9,46,0.644444444444,0.377777777778,0.225
ReducedHeld,TapHead,4,3,present,7,10,10,3,0,0,4,3,7,0.7,0.4,0.4
ReducedHeld,TapHead,4,3,present,8,1,1,0,0,0,0,1,4,1,0,0
ReducedHeld,TapHead,5,4,absent,0,80,0,80,0,0,0,0,0,0,0,N/A
ReducedHeld,TapHead,5,4,absent,1,152,0,13,0,0,101,38,476,0.914473684211,0.664473684211,N/A
ReducedHeld,TapHead,5,4,absent,2,311,269,4,33,260,6,8,2562,0.987138263666,0.855305466238,0.022304832714
ReducedHeld,TapHead,5,4,absent,3,1293,1288,1,3,1284,2,3,25199,0.999226604795,0.994586233565,0.001552795031
ReducedHeld,TapHead,5,4,absent,4,38,37,1,1,35,0,1,530,0.973684210526,0.921052631579,0
ReducedHeld,TapHead,5,4,absent,5,1,0,0,1,0,0,0,2,1,0,N/A
ReducedHeld,TapHead,5,4,present,0,116,0,116,0,0,0,0,0,0,0,N/A
ReducedHeld,TapHead,5,4,present,1,60,0,52,0,0,0,8,8,0.133333333333,0,N/A
ReducedHeld,TapHead,5,4,present,2,28,9,23,0,0,2,3,8,0.178571428571,0.071428571429,0.222222222222
ReducedHeld,TapHead,5,4,present,3,35,20,23,0,0,9,3,22,0.342857142857,0.257142857143,0.45
ReducedHeld,TapHead,5,4,present,4,16,10,8,0,0,3,5,14,0.5,0.1875,0.3
ReducedHeld,TapHead,5,4,present,5,2,0,1,1,0,0,0,4,0.5,0,N/A
ReducedHeld,TapHead,6,5,absent,0,19,0,19,0,0,0,0,0,0,0,N/A
ReducedHeld,TapHead,6,5,absent,1,63,0,1,0,0,19,43,102,0.984126984127,0.301587301587,N/A
ReducedHeld,TapHead,6,5,absent,2,93,93,0,0,93,0,0,480,1,1,0
ReducedHeld,TapHead,6,5,present,0,37,0,37,0,0,0,0,0,0,0,N/A
ReducedHeld,TapHead,6,5,present,1,7,0,3,0,0,4,0,4,0.571428571429,0.571428571429,N/A
ReducedHeld,TapHead,7,6,absent,0,29,0,29,0,0,0,0,0,0,0,N/A
ReducedHeld,TapHead,7,6,absent,1,78,0,0,0,0,77,1,197,1,0.987179487179,N/A
ReducedHeld,TapHead,7,6,absent,2,35,35,0,0,35,0,0,217,1,1,0
ReducedHeld,LongNoteHead,2,1,absent,0,1,0,1,0,0,0,0,0,0,0,N/A
ReducedHeld,LongNoteHead,2,1,absent,1,1,0,1,0,0,0,0,0,0,0,N/A
ReducedHeld,LongNoteHead,2,1,absent,5,1,0,0,1,0,0,0,11,1,0,N/A
ReducedHeld,LongNoteHead,2,1,absent,6,55,54,0,3,51,0,1,1163,1,0.927272727273,0
ReducedHeld,LongNoteHead,2,1,absent,7,13,7,0,9,4,0,0,995,1,0.307692307692,0
ReducedHeld,LongNoteHead,2,1,absent,8,9,7,0,3,6,0,0,233,1,0.666666666667,0
ReducedHeld,LongNoteHead,2,1,absent,9,16,15,0,8,8,0,0,254,1,0.5,0
ReducedHeld,LongNoteHead,2,1,absent,10,26,25,0,2,24,0,0,477,1,0.923076923077,0
ReducedHeld,LongNoteHead,2,1,absent,11,81,79,0,6,75,0,0,2091,1,0.925925925926,0
ReducedHeld,LongNoteHead,2,1,absent,12,174,174,0,40,134,0,0,4778,1,0.770114942529,0
ReducedHeld,LongNoteHead,2,1,present,0,2,0,2,0,0,0,0,0,0,0,N/A
ReducedHeld,LongNoteHead,2,1,present,5,1,0,1,0,0,0,0,0,0,0,N/A
ReducedHeld,LongNoteHead,2,1,present,6,803,802,2,4,659,137,1,34481,0.997509339975,0.991282689913,0.170822942643
ReducedHeld,LongNoteHead,2,1,present,7,11,3,7,0,0,0,4,5,0.363636363636,0,0
ReducedHeld,LongNoteHead,2,1,present,8,15,10,5,2,0,7,1,18,0.666666666667,0.466666666667,0.7
ReducedHeld,LongNoteHead,2,1,present,9,44,38,11,8,13,2,10,87,0.75,0.340909090909,0.052631578947
ReducedHeld,LongNoteHead,2,1,present,10,156,155,14,28,28,64,22,574,0.910256410256,0.589743589744,0.412903225806
ReducedHeld,LongNoteHead,2,1,present,11,490,482,71,49,132,165,73,1892,0.855102040816,0.60612244898,0.342323651452
ReducedHeld,LongNoteHead,2,1,present,12,2352,2352,311,331,879,492,339,9663,0.867772108844,0.582908163265,0.209183673469
ReducedHeld,LongNoteHead,3,2,absent,0,10,0,10,0,0,0,0,0,0,0,N/A
ReducedHeld,LongNoteHead,3,2,absent,1,23,0,10,0,0,6,7,16,0.565217391304,0.260869565217,N/A
ReducedHeld,LongNoteHead,3,2,absent,2,43,37,5,1,28,8,1,407,0.883720930233,0.837209302326,0.216216216216
ReducedHeld,LongNoteHead,3,2,absent,3,37,31,1,3,29,0,4,436,0.972972972973,0.783783783784,0
ReducedHeld,LongNoteHead,3,2,absent,4,68,65,0,3,64,0,1,1446,1,0.941176470588,0
ReducedHeld,LongNoteHead,3,2,absent,5,39,26,2,11,23,0,3,403,0.948717948718,0.589743589744,0
ReducedHeld,LongNoteHead,3,2,absent,6,76,75,2,14,56,2,2,656,0.973684210526,0.763157894737,0.026666666667
ReducedHeld,LongNoteHead,3,2,absent,7,120,113,2,25,86,3,4,972,0.983333333333,0.741666666667,0.026548672566
ReducedHeld,LongNoteHead,3,2,absent,8,89,82,3,24,53,4,5,575,0.966292134831,0.640449438202,0.048780487805
ReducedHeld,LongNoteHead,3,2,absent,9,49,49,1,5,41,0,2,756,0.979591836735,0.836734693878,0
ReducedHeld,LongNoteHead,3,2,absent,10,49,49,2,12,33,0,2,1098,0.959183673469,0.673469387755,0
ReducedHeld,LongNoteHead,3,2,present,0,12,0,12,0,0,0,0,0,0,0,N/A
ReducedHeld,LongNoteHead,3,2,present,1,36,0,24,0,0,11,1,21,0.333333333333,0.305555555556,N/A
ReducedHeld,LongNoteHead,3,2,present,2,82,46,43,0,0,35,4,432,0.475609756098,0.426829268293,0.760869565217
ReducedHeld,LongNoteHead,3,2,present,3,107,65,47,0,6,47,7,892,0.560747663551,0.495327102804,0.723076923077
ReducedHeld,LongNoteHead,3,2,present,4,173,142,44,0,66,53,10,2471,0.745664739884,0.687861271676,0.37323943662
ReducedHeld,LongNoteHead,3,2,present,5,216,166,105,2,17,68,24,201,0.513888888889,0.393518518519,0.409638554217
ReducedHeld,LongNoteHead,3,2,present,6,404,361,153,4,43,152,52,851,0.621287128713,0.482673267327,0.421052631579
ReducedHeld,LongNoteHead,3,2,present,7,516,456,191,14,62,164,85,742,0.62984496124,0.437984496124,0.359649122807
ReducedHeld,LongNoteHead,3,2,present,8,663,635,211,22,90,235,105,1537,0.681749622926,0.490196078431,0.370078740157
ReducedHeld,LongNoteHead,3,2,present,9,495,480,148,21,102,150,74,1539,0.70101010101,0.509090909091,0.3125
ReducedHeld,LongNoteHead,3,2,present,10,349,349,86,23,111,64,65,942,0.753581661891,0.501432664756,0.183381088825
ReducedHeld,LongNoteHead,4,3,absent,0,13,0,13,0,0,0,0,0,0,0,N/A
ReducedHeld,LongNoteHead,4,3,absent,1,95,0,27,0,0,62,6,461,0.715789473684,0.652631578947,N/A
ReducedHeld,LongNoteHead,4,3,absent,2,59,45,12,3,27,8,9,452,0.796610169492,0.593220338983,0.177777777778
ReducedHeld,LongNoteHead,4,3,absent,3,65,50,13,5,31,2,14,179,0.8,0.507692307692,0.04
ReducedHeld,LongNoteHead,4,3,absent,4,138,122,7,42,58,16,15,622,0.949275362319,0.536231884058,0.131147540984
ReducedHeld,LongNoteHead,4,3,absent,5,54,52,3,19,24,2,6,257,0.944444444444,0.481481481481,0.038461538462
ReducedHeld,LongNoteHead,4,3,absent,6,54,52,0,4,44,4,2,544,1,0.888888888889,0.076923076923
ReducedHeld,LongNoteHead,4,3,absent,7,10,7,0,5,5,0,0,152,1,0.5,0
ReducedHeld,LongNoteHead,4,3,absent,8,8,8,0,1,7,0,0,264,1,0.875,0
ReducedHeld,LongNoteHead,4,3,present,0,72,0,72,0,0,0,0,0,0,0,N/A
ReducedHeld,LongNoteHead,4,3,present,1,191,0,154,0,0,25,12,66,0.193717277487,0.130890052356,N/A
ReducedHeld,LongNoteHead,4,3,present,2,253,130,182,1,4,43,23,114,0.280632411067,0.185770750988,0.330769230769
ReducedHeld,LongNoteHead,4,3,present,3,261,169,160,4,6,60,31,148,0.386973180077,0.252873563218,0.355029585799
ReducedHeld,LongNoteHead,4,3,present,4,390,328,194,11,28,94,63,450,0.502564102564,0.312820512821,0.286585365854
ReducedHeld,LongNoteHead,4,3,present,5,183,157,93,3,24,40,23,179,0.491803278689,0.349726775956,0.254777070064
ReducedHeld,LongNoteHead,4,3,present,6,114,104,41,5,7,43,18,141,0.640350877193,0.438596491228,0.413461538462
ReducedHeld,LongNoteHead,4,3,present,7,12,11,6,0,0,4,2,14,0.5,0.333333333333,0.363636363636
ReducedHeld,LongNoteHead,4,3,present,8,10,10,2,0,4,2,2,20,0.8,0.6,0.2
ReducedHeld,LongNoteHead,5,4,absent,0,45,0,45,0,0,0,0,0,0,0,N/A
ReducedHeld,LongNoteHead,5,4,absent,1,51,0,27,0,0,10,14,31,0.470588235294,0.196078431373,N/A
ReducedHeld,LongNoteHead,5,4,absent,2,29,20,9,2,0,10,8,29,0.689655172414,0.344827586207,0.5
ReducedHeld,LongNoteHead,5,4,absent,3,26,21,4,2,11,2,7,71,0.846153846154,0.5,0.095238095238
ReducedHeld,LongNoteHead,5,4,absent,4,10,9,2,2,2,2,2,14,0.8,0.4,0.222222222222
ReducedHeld,LongNoteHead,5,4,absent,5,3,2,0,1,0,0,2,4,1,0,0
ReducedHeld,LongNoteHead,5,4,absent,6,1,1,0,1,0,0,0,2,1,0,0
ReducedHeld,LongNoteHead,5,4,present,0,119,0,119,0,0,0,0,0,0,0,N/A
ReducedHeld,LongNoteHead,5,4,present,1,120,0,88,0,0,24,8,44,0.266666666667,0.2,N/A
ReducedHeld,LongNoteHead,5,4,present,2,77,53,37,0,0,38,2,64,0.519480519481,0.493506493506,0.716981132075
ReducedHeld,LongNoteHead,5,4,present,3,48,35,18,0,5,21,4,41,0.625,0.541666666667,0.6
ReducedHeld,LongNoteHead,5,4,present,4,29,25,7,0,6,13,3,31,0.758620689655,0.655172413793,0.52
ReducedHeld,LongNoteHead,5,4,present,5,6,6,1,0,2,3,0,10,0.833333333333,0.833333333333,0.5
ReducedHeld,LongNoteHead,5,4,present,6,4,4,0,0,4,0,0,16,1,1,0
ReducedHeld,LongNoteHead,6,5,absent,0,17,0,17,0,0,0,0,0,0,0,N/A
ReducedHeld,LongNoteHead,6,5,absent,1,27,0,3,0,0,20,4,24,0.888888888889,0.740740740741,N/A
ReducedHeld,LongNoteHead,6,5,absent,2,3,3,1,0,0,0,2,2,0.666666666667,0,0
ReducedHeld,LongNoteHead,6,5,present,0,25,0,25,0,0,0,0,0,0,0,N/A
ReducedHeld,LongNoteHead,6,5,present,1,15,0,1,0,0,14,0,14,0.933333333333,0.933333333333,N/A
ReducedHeld,LongNoteHead,6,5,present,2,6,6,0,0,0,6,0,6,1,1,1
ReducedHeld,LongNoteHead,7,6,absent,0,7,0,7,0,0,0,0,0,0,0,N/A
ReducedHeld,LongNoteHead,7,6,absent,1,5,0,0,0,0,0,5,18,1,0,N/A
ReducedHeld,LongNoteHead,7,6,absent,2,7,7,0,0,7,0,0,52,1,1,0
ReducedPrevious,TapHead,2,1,absent,0,6,0,6,0,0,0,0,0,0,0,N/A
ReducedPrevious,TapHead,2,1,absent,1,1,0,1,0,0,0,0,0,0,0,N/A
ReducedPrevious,TapHead,2,1,absent,3,654,654,6,2,602,38,6,20656,0.990825688073,0.978593272171,0.058103975535
ReducedPrevious,TapHead,2,1,absent,5,1,0,1,0,0,0,0,0,0,0,N/A
ReducedPrevious,TapHead,2,1,absent,6,2857,2857,313,245,1556,451,292,15421,0.890444522226,0.702485124256,0.157857892895
ReducedPrevious,TapHead,2,1,absent,7,384,382,36,32,232,52,32,2564,0.90625,0.739583333333,0.13612565445
ReducedPrevious,TapHead,2,1,absent,8,1415,1413,152,113,822,236,92,9443,0.8925795053,0.747703180212,0.167020523708
ReducedPrevious,TapHead,2,1,absent,9,1028,1028,97,78,580,225,48,6524,0.905642023346,0.783073929961,0.218871595331
ReducedPrevious,TapHead,2,1,absent,10,96,94,19,3,46,15,13,489,0.802083333333,0.635416666667,0.159574468085
ReducedPrevious,TapHead,2,1,absent,11,19,16,10,1,0,4,4,10,0.473684210526,0.210526315789,0.25
ReducedPrevious,TapHead,2,1,absent,12,988,988,168,99,485,111,125,5718,0.82995951417,0.603238866397,0.112348178138
ReducedPrevious,TapHead,2,1,present,0,3,0,3,0,0,0,0,0,0,0,N/A
ReducedPrevious,TapHead,2,1,present,1,5,0,5,0,0,0,0,0,0,0,N/A
ReducedPrevious,TapHead,2,1,present,2,2,2,0,0,0,2,0,2,1,1,1
ReducedPrevious,TapHead,2,1,present,5,3,0,0,2,0,0,1,21,1,0,N/A
ReducedPrevious,TapHead,2,1,present,6,198,198,29,21,110,26,12,1306,0.853535353535,0.686868686869,0.131313131313
ReducedPrevious,TapHead,2,1,present,7,8,3,6,0,0,0,2,2,0.25,0,0
ReducedPrevious,TapHead,2,1,present,8,21,16,16,0,0,2,3,6,0.238095238095,0.095238095238,0.125
ReducedPrevious,TapHead,2,1,present,9,88,86,38,9,20,14,7,253,0.568181818182,0.386363636364,0.162790697674
ReducedPrevious,TapHead,2,1,present,10,39,37,21,1,11,2,4,115,0.461538461538,0.333333333333,0.054054054054
ReducedPrevious,TapHead,2,1,present,11,64,50,41,12,4,0,7,89,0.359375,0.0625,0
ReducedPrevious,TapHead,2,1,present,12,1693,1693,709,175,337,269,203,4024,0.581216774956,0.357944477259,0.158889545186
ReducedPrevious,TapHead,3,2,absent,0,10,0,10,0,0,0,0,0,0,0,N/A
ReducedPrevious,TapHead,3,2,absent,1,9,0,9,0,0,0,0,0,0,0,N/A
ReducedPrevious,TapHead,3,2,absent,2,252,240,38,0,132,64,18,1133,0.849206349206,0.777777777778,0.266666666667
ReducedPrevious,TapHead,3,2,absent,3,102,87,54,3,11,24,10,117,0.470588235294,0.343137254902,0.275862068966
ReducedPrevious,TapHead,3,2,absent,4,463,436,126,26,142,111,58,1390,0.727861771058,0.546436285097,0.254587155963
ReducedPrevious,TapHead,3,2,absent,5,4971,4951,817,335,2651,635,533,25792,0.835646751157,0.661033997184,0.128256917794
ReducedPrevious,TapHead,3,2,absent,6,708,697,172,38,254,168,76,1850,0.757062146893,0.59604519774,0.241032998565
ReducedPrevious,TapHead,3,2,absent,7,446,413,126,35,118,129,38,940,0.717488789238,0.553811659193,0.312348668281
ReducedPrevious,TapHead,3,2,absent,8,653,644,180,52,178,169,74,1336,0.724349157734,0.531393568147,0.262422360248
ReducedPrevious,TapHead,3,2,absent,9,88,86,37,10,15,8,18,141,0.579545454545,0.261363636364,0.093023255814
ReducedPrevious,TapHead,3,2,absent,10,203,203,55,28,77,27,16,847,0.729064039409,0.512315270936,0.133004926108
ReducedPrevious,TapHead,3,2,present,0,21,0,21,0,0,0,0,0,0,0,N/A
ReducedPrevious,TapHead,3,2,present,1,34,0,31,0,0,0,3,3,0.088235294118,0,N/A
ReducedPrevious,TapHead,3,2,present,2,51,19,43,0,0,4,4,8,0.156862745098,0.078431372549,0.210526315789
ReducedPrevious,TapHead,3,2,present,3,52,28,40,0,2,8,2,17,0.230769230769,0.192307692308,0.285714285714
ReducedPrevious,TapHead,3,2,present,4,103,63,63,5,7,17,11,71,0.388349514563,0.233009708738,0.269841269841
ReducedPrevious,TapHead,3,2,present,5,151,113,92,8,13,15,23,142,0.390728476821,0.185430463576,0.132743362832
ReducedPrevious,TapHead,3,2,present,6,134,100,73,6,5,26,24,100,0.455223880597,0.231343283582,0.26
ReducedPrevious,TapHead,3,2,present,7,275,212,148,17,25,44,41,293,0.461818181818,0.250909090909,0.207547169811
ReducedPrevious,TapHead,3,2,present,8,333,291,165,22,27,65,54,323,0.504504504505,0.276276276276,0.223367697595
ReducedPrevious,TapHead,3,2,present,9,215,187,117,17,13,31,37,224,0.455813953488,0.204651162791,0.16577540107
ReducedPrevious,TapHead,3,2,present,10,213,213,80,30,28,39,36,335,0.62441314554,0.31455399061,0.183098591549
ReducedPrevious,TapHead,4,3,absent,0,57,0,57,0,0,0,0,0,0,0,N/A
ReducedPrevious,TapHead,4,3,absent,1,265,0,154,0,0,107,4,127,0.418867924528,0.403773584906,N/A
ReducedPrevious,TapHead,4,3,absent,2,271,230,134,1,17,103,16,275,0.505535055351,0.442804428044,0.447826086957
ReducedPrevious,TapHead,4,3,absent,3,471,416,182,17,96,126,50,772,0.613588110403,0.471337579618,0.302884615385
ReducedPrevious,TapHead,4,3,absent,4,5710,5685,764,144,3315,1086,401,36021,0.866199649737,0.770753064799,0.191029023747
ReducedPrevious,TapHead,4,3,absent,5,292,281,120,15,56,57,44,428,0.58904109589,0.38698630137,0.202846975089
ReducedPrevious,TapHead,4,3,absent,6,106,103,37,5,31,12,21,198,0.650943396226,0.405660377358,0.116504854369
ReducedPrevious,TapHead,4,3,absent,7,15,15,6,1,5,2,1,22,0.6,0.466666666667,0.133333333333
ReducedPrevious,TapHead,4,3,absent,8,57,57,8,11,26,4,8,158,0.859649122807,0.526315789474,0.070175438596
ReducedPrevious,TapHead,4,3,present,0,63,0,63,0,0,0,0,0,0,0,N/A
ReducedPrevious,TapHead,4,3,present,1,192,0,167,0,0,20,5,31,0.130208333333,0.104166666667,N/A
ReducedPrevious,TapHead,4,3,present,2,229,115,174,1,7,29,18,94,0.240174672489,0.157205240175,0.252173913043
ReducedPrevious,TapHead,4,3,present,3,206,116,145,3,15,21,22,120,0.296116504854,0.174757281553,0.181034482759
ReducedPrevious,TapHead,4,3,present,4,134,95,75,2,23,17,17,162,0.440298507463,0.298507462687,0.178947368421
ReducedPrevious,TapHead,4,3,present,5,114,95,65,2,16,18,13,117,0.429824561404,0.298245614035,0.189473684211
ReducedPrevious,TapHead,4,3,present,6,45,40,26,2,12,5,0,41,0.422222222222,0.377777777778,0.125
ReducedPrevious,TapHead,4,3,present,7,10,10,2,0,2,4,2,11,0.8,0.6,0.4
ReducedPrevious,TapHead,4,3,present,8,1,1,0,0,1,0,0,4,1,1,0
ReducedPrevious,TapHead,5,4,absent,0,80,0,80,0,0,0,0,0,0,0,N/A
ReducedPrevious,TapHead,5,4,absent,1,152,0,102,0,0,49,1,81,0.328947368421,0.322368421053,N/A
ReducedPrevious,TapHead,5,4,absent,2,311,269,136,0,31,116,28,424,0.56270096463,0.472668810289,0.431226765799
ReducedPrevious,TapHead,5,4,absent,3,1293,1288,308,1,572,324,88,4299,0.761794276875,0.692962103635,0.251552795031
ReducedPrevious,TapHead,5,4,absent,4,38,37,14,0,7,12,5,56,0.631578947368,0.5,0.324324324324
ReducedPrevious,TapHead,5,4,absent,5,1,0,1,0,0,0,0,0,0,0,N/A
ReducedPrevious,TapHead,5,4,present,0,116,0,116,0,0,0,0,0,0,0,N/A
ReducedPrevious,TapHead,5,4,present,1,60,0,58,0,0,0,2,2,0.033333333333,0,N/A
ReducedPrevious,TapHead,5,4,present,2,28,9,26,0,0,2,0,2,0.071428571429,0.071428571429,0.222222222222
ReducedPrevious,TapHead,5,4,present,3,35,20,21,0,0,9,5,28,0.4,0.257142857143,0.45
ReducedPrevious,TapHead,5,4,present,4,16,10,10,0,4,0,2,15,0.375,0.25,0
ReducedPrevious,TapHead,5,4,present,5,2,0,2,0,0,0,0,0,0,0,N/A
ReducedPrevious,TapHead,6,5,absent,0,19,0,19,0,0,0,0,0,0,0,N/A
ReducedPrevious,TapHead,6,5,absent,1,63,0,59,0,0,4,0,4,0.063492063492,0.063492063492,N/A
ReducedPrevious,TapHead,6,5,absent,2,93,93,61,0,0,30,2,122,0.344086021505,0.322580645161,0.322580645161
ReducedPrevious,TapHead,6,5,present,0,37,0,37,0,0,0,0,0,0,0,N/A
ReducedPrevious,TapHead,6,5,present,1,7,0,3,0,0,4,0,4,0.571428571429,0.571428571429,N/A
ReducedPrevious,TapHead,7,6,absent,0,29,0,29,0,0,0,0,0,0,0,N/A
ReducedPrevious,TapHead,7,6,absent,1,78,0,51,0,0,27,0,54,0.346153846154,0.346153846154,N/A
ReducedPrevious,TapHead,7,6,absent,2,35,35,19,0,3,12,1,34,0.457142857143,0.428571428571,0.342857142857
ReducedPrevious,LongNoteHead,2,1,absent,0,1,0,1,0,0,0,0,0,0,0,N/A
ReducedPrevious,LongNoteHead,2,1,absent,1,1,0,1,0,0,0,0,0,0,0,N/A
ReducedPrevious,LongNoteHead,2,1,absent,5,1,0,0,0,0,0,1,1,1,0,N/A
ReducedPrevious,LongNoteHead,2,1,absent,6,55,54,7,2,33,10,3,325,0.872727272727,0.781818181818,0.185185185185
ReducedPrevious,LongNoteHead,2,1,absent,7,13,7,10,2,0,0,1,25,0.230769230769,0,0
ReducedPrevious,LongNoteHead,2,1,absent,8,9,7,4,1,0,2,2,16,0.555555555556,0.222222222222,0.285714285714
ReducedPrevious,LongNoteHead,2,1,absent,9,16,15,13,0,0,0,3,3,0.1875,0,0
ReducedPrevious,LongNoteHead,2,1,absent,10,26,25,12,5,5,0,4,43,0.538461538462,0.192307692308,0
ReducedPrevious,LongNoteHead,2,1,absent,11,81,79,31,20,15,3,12,184,0.617283950617,0.222222222222,0.037974683544
ReducedPrevious,LongNoteHead,2,1,absent,12,174,174,68,35,40,7,24,574,0.609195402299,0.270114942529,0.040229885057
ReducedPrevious,LongNoteHead,2,1,present,0,2,0,2,0,0,0,0,0,0,0,N/A
ReducedPrevious,LongNoteHead,2,1,present,5,1,0,0,0,0,0,1,1,1,0,N/A
ReducedPrevious,LongNoteHead,2,1,present,6,803,802,29,11,596,144,23,19027,0.963885429639,0.921544209215,0.179551122195
ReducedPrevious,LongNoteHead,2,1,present,7,11,3,7,4,0,0,0,48,0.363636363636,0,0
ReducedPrevious,LongNoteHead,2,1,present,8,15,10,5,3,2,5,0,52,0.666666666667,0.466666666667,0.5
ReducedPrevious,LongNoteHead,2,1,present,9,44,38,31,6,2,2,3,30,0.295454545455,0.090909090909,0.052631578947
ReducedPrevious,LongNoteHead,2,1,present,10,156,155,38,23,68,6,21,469,0.75641025641,0.474358974359,0.038709677419
ReducedPrevious,LongNoteHead,2,1,present,11,490,482,112,91,220,16,51,1981,0.771428571429,0.481632653061,0.033195020747
ReducedPrevious,LongNoteHead,2,1,present,12,2352,2352,800,315,671,279,287,6956,0.659863945578,0.403911564626,0.11862244898
ReducedPrevious,LongNoteHead,3,2,absent,0,10,0,10,0,0,0,0,0,0,0,N/A
ReducedPrevious,LongNoteHead,3,2,absent,1,23,0,22,0,0,0,1,2,0.04347826087,0,N/A
ReducedPrevious,LongNoteHead,3,2,absent,2,43,37,25,0,5,12,1,78,0.418604651163,0.395348837209,0.324324324324
ReducedPrevious,LongNoteHead,3,2,absent,3,37,31,12,0,3,21,1,69,0.675675675676,0.648648648649,0.677419354839
ReducedPrevious,LongNoteHead,3,2,absent,4,68,65,11,1,32,18,6,208,0.838235294118,0.735294117647,0.276923076923
ReducedPrevious,LongNoteHead,3,2,absent,5,39,26,26,4,1,5,3,26,0.333333333333,0.153846153846,0.192307692308
ReducedPrevious,LongNoteHead,3,2,absent,6,76,75,54,3,2,3,14,36,0.289473684211,0.065789473684,0.04
ReducedPrevious,LongNoteHead,3,2,absent,7,120,113,72,6,6,17,19,83,0.4,0.191666666667,0.150442477876
ReducedPrevious,LongNoteHead,3,2,absent,8,89,82,60,6,2,6,15,49,0.325842696629,0.089887640449,0.073170731707
ReducedPrevious,LongNoteHead,3,2,absent,9,49,49,25,7,11,4,2,70,0.489795918367,0.30612244898,0.081632653061
ReducedPrevious,LongNoteHead,3,2,absent,10,49,49,24,7,3,3,12,86,0.510204081633,0.122448979592,0.061224489796
ReducedPrevious,LongNoteHead,3,2,present,0,12,0,12,0,0,0,0,0,0,0,N/A
ReducedPrevious,LongNoteHead,3,2,present,1,36,0,34,0,0,2,0,2,0.055555555556,0.055555555556,N/A
ReducedPrevious,LongNoteHead,3,2,present,2,82,46,58,0,20,3,1,336,0.292682926829,0.280487804878,0.065217391304
ReducedPrevious,LongNoteHead,3,2,present,3,107,65,55,0,7,35,10,476,0.485981308411,0.392523364486,0.538461538462
ReducedPrevious,LongNoteHead,3,2,present,4,173,142,49,5,69,33,17,1719,0.71676300578,0.589595375723,0.232394366197
ReducedPrevious,LongNoteHead,3,2,present,5,216,166,124,19,24,29,20,188,0.425925925926,0.24537037037,0.174698795181
ReducedPrevious,LongNoteHead,3,2,present,6,404,361,149,40,90,51,74,627,0.631188118812,0.34900990099,0.141274238227
ReducedPrevious,LongNoteHead,3,2,present,7,516,456,255,51,71,52,87,585,0.505813953488,0.238372093023,0.114035087719
ReducedPrevious,LongNoteHead,3,2,present,8,663,635,297,76,105,80,105,975,0.552036199095,0.279034690799,0.125984251969
ReducedPrevious,LongNoteHead,3,2,present,9,495,480,218,41,84,71,81,902,0.559595959596,0.313131313131,0.147916666667
ReducedPrevious,LongNoteHead,3,2,present,10,349,349,123,55,67,49,55,755,0.647564469914,0.332378223496,0.140401146132
ReducedPrevious,LongNoteHead,4,3,absent,0,13,0,13,0,0,0,0,0,0,0,N/A
ReducedPrevious,LongNoteHead,4,3,absent,1,95,0,34,0,0,60,1,311,0.642105263158,0.631578947368,N/A
ReducedPrevious,LongNoteHead,4,3,absent,2,59,45,30,0,0,27,2,132,0.491525423729,0.457627118644,0.6
ReducedPrevious,LongNoteHead,4,3,absent,3,65,50,51,2,0,7,5,20,0.215384615385,0.107692307692,0.14
ReducedPrevious,LongNoteHead,4,3,absent,4,138,122,113,3,0,6,16,51,0.18115942029,0.04347826087,0.049180327869
ReducedPrevious,LongNoteHead,4,3,absent,5,54,52,44,2,1,3,4,18,0.185185185185,0.074074074074,0.057692307692
ReducedPrevious,LongNoteHead,4,3,absent,6,54,52,20,2,7,24,1,100,0.62962962963,0.574074074074,0.461538461538
ReducedPrevious,LongNoteHead,4,3,absent,7,10,7,3,4,0,0,3,19,0.7,0,0
ReducedPrevious,LongNoteHead,4,3,absent,8,8,8,1,2,2,0,3,29,0.875,0.25,0
ReducedPrevious,LongNoteHead,4,3,present,0,72,0,72,0,0,0,0,0,0,0,N/A
ReducedPrevious,LongNoteHead,4,3,present,1,191,0,170,0,0,12,9,38,0.109947643979,0.062827225131,N/A
ReducedPrevious,LongNoteHead,4,3,present,2,253,130,195,0,4,35,19,82,0.229249011858,0.154150197628,0.269230769231
ReducedPrevious,LongNoteHead,4,3,present,3,261,169,186,1,8,30,36,108,0.287356321839,0.145593869732,0.177514792899
ReducedPrevious,LongNoteHead,4,3,present,4,390,328,266,7,10,69,38,220,0.317948717949,0.202564102564,0.210365853659
ReducedPrevious,LongNoteHead,4,3,present,5,183,157,102,5,14,36,26,138,0.44262295082,0.273224043716,0.229299363057
ReducedPrevious,LongNoteHead,4,3,present,6,114,104,63,4,8,23,16,81,0.447368421053,0.271929824561,0.221153846154
ReducedPrevious,LongNoteHead,4,3,present,7,12,11,9,0,2,0,1,5,0.25,0.166666666667,0
ReducedPrevious,LongNoteHead,4,3,present,8,10,10,3,2,0,3,2,17,0.7,0.3,0.3
ReducedPrevious,LongNoteHead,5,4,absent,0,45,0,45,0,0,0,0,0,0,0,N/A
ReducedPrevious,LongNoteHead,5,4,absent,1,51,0,46,0,0,2,3,5,0.098039215686,0.039215686275,N/A
ReducedPrevious,LongNoteHead,5,4,absent,2,29,20,21,0,0,3,5,8,0.275862068966,0.103448275862,0.15
ReducedPrevious,LongNoteHead,5,4,absent,3,26,21,17,0,0,7,2,9,0.346153846154,0.269230769231,0.333333333333
ReducedPrevious,LongNoteHead,5,4,absent,4,10,9,8,0,1,1,0,3,0.2,0.2,0.111111111111
ReducedPrevious,LongNoteHead,5,4,absent,5,3,2,3,0,0,0,0,0,0,0,0
ReducedPrevious,LongNoteHead,5,4,absent,6,1,1,1,0,0,0,0,0,0,0,0
ReducedPrevious,LongNoteHead,5,4,present,0,119,0,119,0,0,0,0,0,0,0,N/A
ReducedPrevious,LongNoteHead,5,4,present,1,120,0,100,0,0,18,2,32,0.166666666667,0.15,N/A
ReducedPrevious,LongNoteHead,5,4,present,2,77,53,45,0,0,29,3,56,0.415584415584,0.376623376623,0.547169811321
ReducedPrevious,LongNoteHead,5,4,present,3,48,35,34,0,0,13,1,20,0.291666666667,0.270833333333,0.371428571429
ReducedPrevious,LongNoteHead,5,4,present,4,29,25,21,0,6,1,1,17,0.275862068966,0.241379310345,0.04
ReducedPrevious,LongNoteHead,5,4,present,5,6,6,3,0,3,0,0,9,0.5,0.5,0
ReducedPrevious,LongNoteHead,5,4,present,6,4,4,0,0,0,0,4,4,1,0,0
ReducedPrevious,LongNoteHead,6,5,absent,0,17,0,17,0,0,0,0,0,0,0,N/A
ReducedPrevious,LongNoteHead,6,5,absent,1,27,0,17,0,0,8,2,10,0.37037037037,0.296296296296,N/A
ReducedPrevious,LongNoteHead,6,5,absent,2,3,3,3,0,0,0,0,0,0,0,0
ReducedPrevious,LongNoteHead,6,5,present,0,25,0,25,0,0,0,0,0,0,0,N/A
ReducedPrevious,LongNoteHead,6,5,present,1,15,0,7,0,0,8,0,8,0.533333333333,0.533333333333,N/A
ReducedPrevious,LongNoteHead,6,5,present,2,6,6,6,0,0,0,0,0,0,0,0
ReducedPrevious,LongNoteHead,7,6,absent,0,7,0,7,0,0,0,0,0,0,0,N/A
ReducedPrevious,LongNoteHead,7,6,absent,1,5,0,5,0,0,0,0,0,0,0,N/A
ReducedPrevious,LongNoteHead,7,6,absent,2,7,7,5,0,0,0,2,4,0.285714285714,0,0
ReducedPreviousTransition,TapHead,2,1,absent,0,6,0,6,0,0,0,0,0,0,0,N/A
ReducedPreviousTransition,TapHead,2,1,absent,1,1,0,1,0,0,0,0,0,0,0,N/A
ReducedPreviousTransition,TapHead,2,1,absent,3,654,654,111,2,325,143,73,2234,0.830275229358,0.715596330275,0.218654434251
ReducedPreviousTransition,TapHead,2,1,absent,5,1,0,1,0,0,0,0,0,0,0,N/A
ReducedPreviousTransition,TapHead,2,1,absent,6,2857,2857,866,158,934,532,367,8755,0.696884844242,0.513125656283,0.186209310466
ReducedPreviousTransition,TapHead,2,1,absent,7,384,382,58,21,221,52,32,2356,0.848958333333,0.7109375,0.13612565445
ReducedPreviousTransition,TapHead,2,1,absent,8,1415,1413,438,57,471,292,157,4396,0.690459363958,0.539222614841,0.206652512385
ReducedPreviousTransition,TapHead,2,1,absent,9,1028,1028,291,43,297,309,88,2594,0.716926070039,0.589494163424,0.300583657588
ReducedPreviousTransition,TapHead,2,1,absent,10,96,94,42,5,23,9,17,157,0.5625,0.333333333333,0.095744680851
ReducedPreviousTransition,TapHead,2,1,absent,11,19,16,13,0,0,4,2,6,0.315789473684,0.210526315789,0.25
ReducedPreviousTransition,TapHead,2,1,absent,12,988,988,673,27,94,93,101,699,0.318825910931,0.189271255061,0.094129554656
ReducedPreviousTransition,TapHead,2,1,present,0,3,0,3,0,0,0,0,0,0,0,N/A
ReducedPreviousTransition,TapHead,2,1,present,1,5,0,5,0,0,0,0,0,0,0,N/A
ReducedPreviousTransition,TapHead,2,1,present,2,2,2,0,0,0,2,0,2,1,1,1
ReducedPreviousTransition,TapHead,2,1,present,5,3,0,1,2,0,0,0,17,0.666666666667,0,N/A
ReducedPreviousTransition,TapHead,2,1,present,6,198,198,62,21,65,33,17,639,0.686868686869,0.494949494949,0.166666666667
ReducedPreviousTransition,TapHead,2,1,present,7,8,3,7,0,0,0,1,1,0.125,0,0
ReducedPreviousTransition,TapHead,2,1,present,8,21,16,20,0,0,0,1,1,0.047619047619,0,0
ReducedPreviousTransition,TapHead,2,1,present,9,88,86,47,3,13,12,13,96,0.465909090909,0.284090909091,0.139534883721
ReducedPreviousTransition,TapHead,2,1,present,10,39,37,23,2,5,6,3,40,0.410256410256,0.282051282051,0.162162162162
ReducedPreviousTransition,TapHead,2,1,present,11,64,50,55,3,0,2,4,15,0.140625,0.03125,0.04
ReducedPreviousTransition,TapHead,2,1,present,12,1693,1693,1354,22,47,154,116,536,0.200236266982,0.118724158299,0.09096278795
ReducedPreviousTransition,TapHead,3,2,absent,0,10,0,10,0,0,0,0,0,0,0,N/A
ReducedPreviousTransition,TapHead,3,2,absent,1,9,0,9,0,0,0,0,0,0,0,N/A
ReducedPreviousTransition,TapHead,3,2,absent,2,252,240,89,0,30,101,32,339,0.646825396825,0.519841269841,0.420833333333
ReducedPreviousTransition,TapHead,3,2,absent,3,102,87,70,0,1,23,8,38,0.313725490196,0.235294117647,0.264367816092
ReducedPreviousTransition,TapHead,3,2,absent,4,463,436,241,13,81,88,40,754,0.479481641469,0.365010799136,0.201834862385
ReducedPreviousTransition,TapHead,3,2,absent,5,4971,4951,1938,231,1592,631,579,15484,0.610138805069,0.447193723597,0.127449000202
ReducedPreviousTransition,TapHead,3,2,absent,6,708,697,388,11,72,157,80,596,0.45197740113,0.323446327684,0.22525107604
ReducedPreviousTransition,TapHead,3,2,absent,7,446,413,247,10,44,110,35,403,0.446188340807,0.345291479821,0.266343825666
ReducedPreviousTransition,TapHead,3,2,absent,8,653,644,368,16,55,165,49,506,0.436447166922,0.336906584992,0.256211180124
ReducedPreviousTransition,TapHead,3,2,absent,9,88,86,80,0,0,4,4,8,0.090909090909,0.045454545455,0.046511627907
ReducedPreviousTransition,TapHead,3,2,absent,10,203,203,157,0,2,22,22,55,0.226600985222,0.118226600985,0.108374384236
ReducedPreviousTransition,TapHead,3,2,present,0,21,0,21,0,0,0,0,0,0,0,N/A
ReducedPreviousTransition,TapHead,3,2,present,1,34,0,34,0,0,0,0,0,0,0,N/A
ReducedPreviousTransition,TapHead,3,2,present,2,51,19,47,0,0,2,2,4,0.078431372549,0.039215686275,0.105263157895
ReducedPreviousTransition,TapHead,3,2,present,3,52,28,46,0,1,4,1,7,0.115384615385,0.096153846154,0.142857142857
ReducedPreviousTransition,TapHead,3,2,present,4,103,63,79,1,2,14,7,28,0.233009708738,0.155339805825,0.222222222222
ReducedPreviousTransition,TapHead,3,2,present,5,151,113,134,2,0,7,8,23,0.112582781457,0.046357615894,0.061946902655
ReducedPreviousTransition,TapHead,3,2,present,6,134,100,116,2,0,8,8,25,0.134328358209,0.059701492537,0.08
ReducedPreviousTransition,TapHead,3,2,present,7,275,212,223,3,0,33,16,70,0.189090909091,0.12,0.155660377358
ReducedPreviousTransition,TapHead,3,2,present,8,333,291,285,2,0,30,16,69,0.144144144144,0.09009009009,0.103092783505
ReducedPreviousTransition,TapHead,3,2,present,9,215,187,190,0,2,7,16,30,0.116279069767,0.041860465116,0.03743315508
ReducedPreviousTransition,TapHead,3,2,present,10,213,213,147,4,4,32,26,84,0.30985915493,0.169014084507,0.150234741784
ReducedPreviousTransition,TapHead,4,3,absent,0,57,0,57,0,0,0,0,0,0,0,N/A
ReducedPreviousTransition,TapHead,4,3,absent,1,265,0,183,0,0,80,2,94,0.309433962264,0.301886792453,N/A
ReducedPreviousTransition,TapHead,4,3,absent,2,271,230,192,0,4,64,11,118,0.291512915129,0.250922509225,0.278260869565
ReducedPreviousTransition,TapHead,4,3,absent,3,471,416,306,4,25,112,24,249,0.350318471338,0.290870488323,0.269230769231
ReducedPreviousTransition,TapHead,4,3,absent,4,5710,5685,1588,166,2409,1037,510,24217,0.721891418564,0.60350262697,0.182409850484
ReducedPreviousTransition,TapHead,4,3,absent,5,292,281,239,3,12,18,20,101,0.181506849315,0.102739726027,0.064056939502
ReducedPreviousTransition,TapHead,4,3,absent,6,106,103,84,0,0,12,10,28,0.207547169811,0.11320754717,0.116504854369
ReducedPreviousTransition,TapHead,4,3,absent,7,15,15,12,0,0,2,1,3,0.2,0.133333333333,0.133333333333
ReducedPreviousTransition,TapHead,4,3,absent,8,57,57,49,0,0,6,2,8,0.140350877193,0.105263157895,0.105263157895
ReducedPreviousTransition,TapHead,4,3,present,0,63,0,63,0,0,0,0,0,0,0,N/A
ReducedPreviousTransition,TapHead,4,3,present,1,192,0,181,0,0,10,1,17,0.057291666667,0.052083333333,N/A
ReducedPreviousTransition,TapHead,4,3,present,2,229,115,210,0,0,12,7,25,0.082969432314,0.052401746725,0.104347826087
ReducedPreviousTransition,TapHead,4,3,present,3,206,116,176,0,6,16,8,45,0.145631067961,0.106796116505,0.137931034483
ReducedPreviousTransition,TapHead,4,3,present,4,134,95,99,0,8,21,6,63,0.261194029851,0.216417910448,0.221052631579
ReducedPreviousTransition,TapHead,4,3,present,5,114,95,94,0,4,11,5,35,0.175438596491,0.131578947368,0.115789473684
ReducedPreviousTransition,TapHead,4,3,present,6,45,40,39,0,2,2,2,8,0.133333333333,0.088888888889,0.05
ReducedPreviousTransition,TapHead,4,3,present,7,10,10,10,0,0,0,0,0,0,0,0
ReducedPreviousTransition,TapHead,4,3,present,8,1,1,1,0,0,0,0,0,0,0,0
ReducedPreviousTransition,TapHead,5,4,absent,0,80,0,80,0,0,0,0,0,0,0,N/A
ReducedPreviousTransition,TapHead,5,4,absent,1,152,0,121,0,0,31,0,34,0.203947368421,0.203947368421,N/A
ReducedPreviousTransition,TapHead,5,4,absent,2,311,269,216,0,6,67,22,142,0.305466237942,0.234726688103,0.24907063197
ReducedPreviousTransition,TapHead,5,4,absent,3,1293,1288,626,0,244,322,101,2092,0.515854601701,0.437741686002,0.25
ReducedPreviousTransition,TapHead,5,4,absent,4,38,37,29,0,0,5,4,12,0.236842105263,0.131578947368,0.135135135135
ReducedPreviousTransition,TapHead,5,4,absent,5,1,0,1,0,0,0,0,0,0,0,N/A
ReducedPreviousTransition,TapHead,5,4,present,0,116,0,116,0,0,0,0,0,0,0,N/A
ReducedPreviousTransition,TapHead,5,4,present,1,60,0,59,0,0,0,1,1,0.016666666667,0,N/A
ReducedPreviousTransition,TapHead,5,4,present,2,28,9,26,0,0,2,0,2,0.071428571429,0.071428571429,0.222222222222
ReducedPreviousTransition,TapHead,5,4,present,3,35,20,26,0,0,7,2,14,0.257142857143,0.2,0.35
ReducedPreviousTransition,TapHead,5,4,present,4,16,10,11,0,3,0,2,13,0.3125,0.1875,0
ReducedPreviousTransition,TapHead,5,4,present,5,2,0,2,0,0,0,0,0,0,0,N/A
ReducedPreviousTransition,TapHead,6,5,absent,0,19,0,19,0,0,0,0,0,0,0,N/A
ReducedPreviousTransition,TapHead,6,5,absent,1,63,0,63,0,0,0,0,0,0,0,N/A
ReducedPreviousTransition,TapHead,6,5,absent,2,93,93,61,0,0,30,2,50,0.344086021505,0.322580645161,0.322580645161
ReducedPreviousTransition,TapHead,6,5,present,0,37,0,37,0,0,0,0,0,0,0,N/A
ReducedPreviousTransition,TapHead,6,5,present,1,7,0,3,0,0,4,0,4,0.571428571429,0.571428571429,N/A
ReducedPreviousTransition,TapHead,7,6,absent,0,29,0,29,0,0,0,0,0,0,0,N/A
ReducedPreviousTransition,TapHead,7,6,absent,1,78,0,60,0,0,18,0,18,0.230769230769,0.230769230769,N/A
ReducedPreviousTransition,TapHead,7,6,absent,2,35,35,25,0,0,10,0,10,0.285714285714,0.285714285714,0.285714285714
ReducedPreviousTransition,LongNoteHead,2,1,absent,0,1,0,1,0,0,0,0,0,0,0,N/A
ReducedPreviousTransition,LongNoteHead,2,1,absent,1,1,0,1,0,0,0,0,0,0,0,N/A
ReducedPreviousTransition,LongNoteHead,2,1,absent,5,1,0,0,0,0,0,1,1,1,0,N/A
ReducedPreviousTransition,LongNoteHead,2,1,absent,6,55,54,16,2,16,19,2,166,0.709090909091,0.636363636364,0.351851851852
ReducedPreviousTransition,LongNoteHead,2,1,absent,7,13,7,12,0,0,0,1,1,0.076923076923,0,0
ReducedPreviousTransition,LongNoteHead,2,1,absent,8,9,7,5,0,0,2,2,4,0.444444444444,0.222222222222,0.285714285714
ReducedPreviousTransition,LongNoteHead,2,1,absent,9,16,15,14,0,0,0,2,2,0.125,0,0
ReducedPreviousTransition,LongNoteHead,2,1,absent,10,26,25,19,2,2,0,3,12,0.269230769231,0.076923076923,0
ReducedPreviousTransition,LongNoteHead,2,1,absent,11,81,79,60,5,5,1,10,45,0.259259259259,0.074074074074,0.012658227848
ReducedPreviousTransition,LongNoteHead,2,1,absent,12,174,174,138,8,5,7,16,72,0.206896551724,0.068965517241,0.040229885057
ReducedPreviousTransition,LongNoteHead,2,1,present,0,2,0,2,0,0,0,0,0,0,0,N/A
ReducedPreviousTransition,LongNoteHead,2,1,present,5,1,0,1,0,0,0,0,0,0,0,N/A
ReducedPreviousTransition,LongNoteHead,2,1,present,6,803,802,83,14,427,247,32,10148,0.896637608966,0.839352428394,0.307980049875
ReducedPreviousTransition,LongNoteHead,2,1,present,7,11,3,8,2,0,0,1,5,0.272727272727,0,0
ReducedPreviousTransition,LongNoteHead,2,1,present,8,15,10,7,1,0,7,0,12,0.533333333333,0.466666666667,0.7
ReducedPreviousTransition,LongNoteHead,2,1,present,9,44,38,32,2,0,4,6,15,0.272727272727,0.090909090909,0.105263157895
ReducedPreviousTransition,LongNoteHead,2,1,present,10,156,155,60,26,44,6,20,307,0.615384615385,0.320512820513,0.038709677419
ReducedPreviousTransition,LongNoteHead,2,1,present,11,490,482,157,77,178,19,59,1416,0.679591836735,0.402040816327,0.039419087137
ReducedPreviousTransition,LongNoteHead,2,1,present,12,2352,2352,1549,110,270,231,192,2392,0.341411564626,0.213010204082,0.098214285714
ReducedPreviousTransition,LongNoteHead,3,2,absent,0,10,0,10,0,0,0,0,0,0,0,N/A
ReducedPreviousTransition,LongNoteHead,3,2,absent,1,23,0,22,0,0,0,1,2,0.04347826087,0,N/A
ReducedPreviousTransition,LongNoteHead,3,2,absent,2,43,37,28,0,4,11,0,38,0.348837209302,0.348837209302,0.297297297297
ReducedPreviousTransition,LongNoteHead,3,2,absent,3,37,31,17,0,3,17,0,43,0.540540540541,0.540540540541,0.548387096774
ReducedPreviousTransition,LongNoteHead,3,2,absent,4,68,65,22,1,20,23,2,114,0.676470588235,0.632352941176,0.353846153846
ReducedPreviousTransition,LongNoteHead,3,2,absent,5,39,26,35,0,1,2,1,5,0.102564102564,0.076923076923,0.076923076923
ReducedPreviousTransition,LongNoteHead,3,2,absent,6,76,75,68,0,2,3,3,11,0.105263157895,0.065789473684,0.04
ReducedPreviousTransition,LongNoteHead,3,2,absent,7,120,113,94,2,4,11,9,36,0.216666666667,0.125,0.097345132743
ReducedPreviousTransition,LongNoteHead,3,2,absent,8,89,82,81,0,0,1,7,8,0.089887640449,0.011235955056,0.012195121951
ReducedPreviousTransition,LongNoteHead,3,2,absent,9,49,49,47,0,0,2,0,2,0.040816326531,0.040816326531,0.040816326531
ReducedPreviousTransition,LongNoteHead,3,2,absent,10,49,49,42,0,1,2,4,8,0.142857142857,0.061224489796,0.040816326531
ReducedPreviousTransition,LongNoteHead,3,2,present,0,12,0,12,0,0,0,0,0,0,0,N/A
ReducedPreviousTransition,LongNoteHead,3,2,present,1,36,0,34,0,0,2,0,2,0.055555555556,0.055555555556,N/A
ReducedPreviousTransition,LongNoteHead,3,2,present,2,82,46,59,0,2,20,1,172,0.280487804878,0.268292682927,0.434782608696
ReducedPreviousTransition,LongNoteHead,3,2,present,3,107,65,69,0,0,34,4,266,0.355140186916,0.317757009346,0.523076923077
ReducedPreviousTransition,LongNoteHead,3,2,present,4,173,142,66,1,35,58,13,946,0.618497109827,0.537572254335,0.408450704225
ReducedPreviousTransition,LongNoteHead,3,2,present,5,216,166,158,7,15,15,21,99,0.268518518519,0.138888888889,0.090361445783
ReducedPreviousTransition,LongNoteHead,3,2,present,6,404,361,222,26,64,47,45,397,0.450495049505,0.274752475248,0.130193905817
ReducedPreviousTransition,LongNoteHead,3,2,present,7,516,456,339,30,56,48,43,379,0.343023255814,0.201550387597,0.105263157895
ReducedPreviousTransition,LongNoteHead,3,2,present,8,663,635,479,19,29,78,58,372,0.277526395173,0.161387631976,0.122834645669
ReducedPreviousTransition,LongNoteHead,3,2,present,9,495,480,360,7,2,89,37,231,0.272727272727,0.183838383838,0.185416666667
ReducedPreviousTransition,LongNoteHead,3,2,present,10,349,349,261,7,18,31,32,160,0.252148997135,0.140401146132,0.0888252149
ReducedPreviousTransition,LongNoteHead,4,3,absent,0,13,0,13,0,0,0,0,0,0,0,N/A
ReducedPreviousTransition,LongNoteHead,4,3,absent,1,95,0,40,0,0,55,0,170,0.578947368421,0.578947368421,N/A
ReducedPreviousTransition,LongNoteHead,4,3,absent,2,59,45,37,0,0,22,0,68,0.372881355932,0.372881355932,0.488888888889
ReducedPreviousTransition,LongNoteHead,4,3,absent,3,65,50,64,0,0,0,1,1,0.015384615385,0,0
ReducedPreviousTransition,LongNoteHead,4,3,absent,4,138,122,129,1,0,5,3,14,0.065217391304,0.036231884058,0.040983606557
ReducedPreviousTransition,LongNoteHead,4,3,absent,5,54,52,52,0,0,0,2,2,0.037037037037,0,0
ReducedPreviousTransition,LongNoteHead,4,3,absent,6,54,52,37,0,0,17,0,26,0.314814814815,0.314814814815,0.326923076923
ReducedPreviousTransition,LongNoteHead,4,3,absent,7,10,7,9,0,0,0,1,1,0.1,0,0
ReducedPreviousTransition,LongNoteHead,4,3,absent,8,8,8,8,0,0,0,0,0,0,0,0
ReducedPreviousTransition,LongNoteHead,4,3,present,0,72,0,72,0,0,0,0,0,0,0,N/A
ReducedPreviousTransition,LongNoteHead,4,3,present,1,191,0,180,0,0,6,5,11,0.057591623037,0.031413612565,N/A
ReducedPreviousTransition,LongNoteHead,4,3,present,2,253,130,227,0,0,18,8,27,0.102766798419,0.071146245059,0.138461538462
ReducedPreviousTransition,LongNoteHead,4,3,present,3,261,169,236,0,2,10,13,28,0.095785440613,0.045977011494,0.059171597633
ReducedPreviousTransition,LongNoteHead,4,3,present,4,390,328,318,3,0,51,18,96,0.184615384615,0.130769230769,0.155487804878
ReducedPreviousTransition,LongNoteHead,4,3,present,5,183,157,147,0,5,19,12,54,0.196721311475,0.131147540984,0.12101910828
ReducedPreviousTransition,LongNoteHead,4,3,present,6,114,104,86,0,2,19,7,35,0.245614035088,0.184210526316,0.182692307692
ReducedPreviousTransition,LongNoteHead,4,3,present,7,12,11,10,0,0,2,0,2,0.166666666667,0.166666666667,0.181818181818
ReducedPreviousTransition,LongNoteHead,4,3,present,8,10,10,8,0,0,2,0,2,0.2,0.2,0.2
ReducedPreviousTransition,LongNoteHead,5,4,absent,0,45,0,45,0,0,0,0,0,0,0,N/A
ReducedPreviousTransition,LongNoteHead,5,4,absent,1,51,0,49,0,0,0,2,2,0.039215686275,0,N/A
ReducedPreviousTransition,LongNoteHead,5,4,absent,2,29,20,29,0,0,0,0,0,0,0,0
ReducedPreviousTransition,LongNoteHead,5,4,absent,3,26,21,26,0,0,0,0,0,0,0,0
ReducedPreviousTransition,LongNoteHead,5,4,absent,4,10,9,10,0,0,0,0,0,0,0,0
ReducedPreviousTransition,LongNoteHead,5,4,absent,5,3,2,3,0,0,0,0,0,0,0,0
ReducedPreviousTransition,LongNoteHead,5,4,absent,6,1,1,1,0,0,0,0,0,0,0,0
ReducedPreviousTransition,LongNoteHead,5,4,present,0,119,0,119,0,0,0,0,0,0,0,N/A
ReducedPreviousTransition,LongNoteHead,5,4,present,1,120,0,102,0,0,17,1,27,0.15,0.141666666667,N/A
ReducedPreviousTransition,LongNoteHead,5,4,present,2,77,53,54,0,0,23,0,32,0.298701298701,0.298701298701,0.433962264151
ReducedPreviousTransition,LongNoteHead,5,4,present,3,48,35,37,0,0,11,0,14,0.229166666667,0.229166666667,0.314285714286
ReducedPreviousTransition,LongNoteHead,5,4,present,4,29,25,23,0,0,4,2,6,0.206896551724,0.137931034483,0.16
ReducedPreviousTransition,LongNoteHead,5,4,present,5,6,6,3,0,3,0,0,9,0.5,0.5,0
ReducedPreviousTransition,LongNoteHead,5,4,present,6,4,4,4,0,0,0,0,0,0,0,0
ReducedPreviousTransition,LongNoteHead,6,5,absent,0,17,0,17,0,0,0,0,0,0,0,N/A
ReducedPreviousTransition,LongNoteHead,6,5,absent,1,27,0,27,0,0,0,0,0,0,0,N/A
ReducedPreviousTransition,LongNoteHead,6,5,absent,2,3,3,3,0,0,0,0,0,0,0,0
ReducedPreviousTransition,LongNoteHead,6,5,present,0,25,0,25,0,0,0,0,0,0,0,N/A
ReducedPreviousTransition,LongNoteHead,6,5,present,1,15,0,7,0,0,8,0,8,0.533333333333,0.533333333333,N/A
ReducedPreviousTransition,LongNoteHead,6,5,present,2,6,6,6,0,0,0,0,0,0,0,0
ReducedPreviousTransition,LongNoteHead,7,6,absent,0,7,0,7,0,0,0,0,0,0,0,N/A
ReducedPreviousTransition,LongNoteHead,7,6,absent,1,5,0,5,0,0,0,0,0,0,0,N/A
ReducedPreviousTransition,LongNoteHead,7,6,absent,2,7,7,7,0,0,0,0,0,0,0,0
ReducedNext,TapHead,2,1,absent,0,6,0,6,0,0,0,0,0,0,0,N/A
ReducedNext,TapHead,2,1,absent,1,1,0,0,0,0,1,0,1,1,1,N/A
ReducedNext,TapHead,2,1,absent,3,654,654,2,8,597,43,4,20084,0.996941896024,0.978593272171,0.065749235474
ReducedNext,TapHead,2,1,absent,5,1,0,0,0,0,0,1,1,1,0,N/A
ReducedNext,TapHead,2,1,absent,6,2857,2857,272,234,1634,436,281,15825,0.904795239762,0.724536226811,0.152607630382
ReducedNext,TapHead,2,1,absent,7,384,382,20,35,256,38,35,2260,0.947916666667,0.765625,0.099476439791
ReducedNext,TapHead,2,1,absent,8,1415,1413,123,88,822,280,102,9239,0.913074204947,0.778798586572,0.198159943383
ReducedNext,TapHead,2,1,absent,9,1028,1028,107,63,557,239,62,6186,0.895914396887,0.774319066148,0.232490272374
ReducedNext,TapHead,2,1,absent,10,96,94,25,9,40,11,11,354,0.739583333333,0.53125,0.117021276596
ReducedNext,TapHead,2,1,absent,11,19,16,8,0,3,0,8,14,0.578947368421,0.157894736842,0
ReducedNext,TapHead,2,1,absent,12,988,988,178,107,489,95,119,6123,0.81983805668,0.591093117409,0.096153846154
ReducedNext,TapHead,2,1,present,0,3,0,3,0,0,0,0,0,0,0,N/A
ReducedNext,TapHead,2,1,present,1,5,0,2,0,0,1,2,3,0.6,0.2,N/A
ReducedNext,TapHead,2,1,present,2,2,2,0,0,0,2,0,2,1,1,1
ReducedNext,TapHead,2,1,present,5,3,0,0,3,0,0,0,23,1,0,N/A
ReducedNext,TapHead,2,1,present,6,198,198,29,28,95,29,17,1381,0.853535353535,0.626262626263,0.146464646465
ReducedNext,TapHead,2,1,present,7,8,3,5,1,0,0,2,4,0.375,0,0
ReducedNext,TapHead,2,1,present,8,21,16,10,0,1,2,8,16,0.52380952381,0.142857142857,0.125
ReducedNext,TapHead,2,1,present,9,88,86,36,5,28,9,10,243,0.590909090909,0.420454545455,0.104651162791
ReducedNext,TapHead,2,1,present,10,39,37,13,5,9,6,6,80,0.666666666667,0.384615384615,0.162162162162
ReducedNext,TapHead,2,1,present,11,64,50,40,10,1,0,13,79,0.375,0.015625,0
ReducedNext,TapHead,2,1,present,12,1693,1693,719,193,336,239,206,4088,0.575310100413,0.339633786178,0.141169521559
ReducedNext,TapHead,3,2,absent,0,10,0,10,0,0,0,0,0,0,0,N/A
ReducedNext,TapHead,3,2,absent,1,9,0,9,0,0,0,0,0,0,0,N/A
ReducedNext,TapHead,3,2,absent,2,252,240,30,0,137,61,24,921,0.880952380952,0.785714285714,0.254166666667
ReducedNext,TapHead,3,2,absent,3,102,87,43,2,2,47,8,180,0.578431372549,0.480392156863,0.540229885057
ReducedNext,TapHead,3,2,absent,4,463,436,130,25,140,108,60,1276,0.719222462203,0.535637149028,0.247706422018
ReducedNext,TapHead,3,2,absent,5,4971,4951,862,474,2149,982,504,20457,0.82659424663,0.62985314826,0.198343768936
ReducedNext,TapHead,3,2,absent,6,708,697,160,44,240,168,96,1753,0.774011299435,0.576271186441,0.241032998565
ReducedNext,TapHead,3,2,absent,7,446,413,150,27,136,82,51,947,0.663677130045,0.488789237668,0.198547215496
ReducedNext,TapHead,3,2,absent,8,653,644,196,46,186,149,76,1591,0.699846860643,0.513016845329,0.231366459627
ReducedNext,TapHead,3,2,absent,9,88,86,35,17,15,9,12,200,0.602272727273,0.272727272727,0.104651162791
ReducedNext,TapHead,3,2,absent,10,203,203,50,34,61,28,30,690,0.753694581281,0.43842364532,0.137931034483
ReducedNext,TapHead,3,2,present,0,21,0,21,0,0,0,0,0,0,0,N/A
ReducedNext,TapHead,3,2,present,1,34,0,30,0,0,2,2,4,0.117647058824,0.058823529412,N/A
ReducedNext,TapHead,3,2,present,2,51,19,43,0,1,6,1,19,0.156862745098,0.137254901961,0.315789473684
ReducedNext,TapHead,3,2,present,3,52,28,39,0,0,11,2,24,0.25,0.211538461538,0.392857142857
ReducedNext,TapHead,3,2,present,4,103,63,70,2,7,12,12,93,0.320388349515,0.184466019417,0.190476190476
ReducedNext,TapHead,3,2,present,5,151,113,97,5,15,22,12,142,0.35761589404,0.245033112583,0.194690265487
ReducedNext,TapHead,3,2,present,6,134,100,70,6,14,25,19,131,0.477611940299,0.291044776119,0.25
ReducedNext,TapHead,3,2,present,7,275,212,142,22,45,23,43,266,0.483636363636,0.247272727273,0.108490566038
ReducedNext,TapHead,3,2,present,8,333,291,169,24,34,54,52,307,0.492492492492,0.264264264264,0.185567010309
ReducedNext,TapHead,3,2,present,9,215,187,113,19,19,25,39,258,0.474418604651,0.204651162791,0.133689839572
ReducedNext,TapHead,3,2,present,10,213,213,82,22,48,23,38,457,0.615023474178,0.333333333333,0.107981220657
ReducedNext,TapHead,4,3,absent,0,57,0,57,0,0,0,0,0,0,0,N/A
ReducedNext,TapHead,4,3,absent,1,265,0,144,0,0,115,6,144,0.456603773585,0.433962264151,N/A
ReducedNext,TapHead,4,3,absent,2,271,230,169,0,13,76,13,198,0.376383763838,0.328413284133,0.330434782609
ReducedNext,TapHead,4,3,absent,3,471,416,208,6,74,130,53,710,0.55838641189,0.433121019108,0.3125
ReducedNext,TapHead,4,3,absent,4,5710,5685,848,189,3647,642,384,48036,0.851488616462,0.751138353765,0.112928759894
ReducedNext,TapHead,4,3,absent,5,292,281,121,16,46,76,33,429,0.585616438356,0.417808219178,0.270462633452
ReducedNext,TapHead,4,3,absent,6,106,103,42,1,37,12,14,183,0.603773584906,0.462264150943,0.116504854369
ReducedNext,TapHead,4,3,absent,7,15,15,7,2,0,3,3,10,0.533333333333,0.2,0.2
ReducedNext,TapHead,4,3,absent,8,57,57,19,3,15,12,8,92,0.666666666667,0.473684210526,0.210526315789
ReducedNext,TapHead,4,3,present,0,63,0,63,0,0,0,0,0,0,0,N/A
ReducedNext,TapHead,4,3,present,1,192,0,159,0,0,28,5,39,0.171875,0.145833333333,N/A
ReducedNext,TapHead,4,3,present,2,229,115,173,0,4,42,10,102,0.244541484716,0.200873362445,0.365217391304
ReducedNext,TapHead,4,3,present,3,206,116,148,1,5,34,18,110,0.281553398058,0.18932038835,0.293103448276
ReducedNext,TapHead,4,3,present,4,134,95,64,5,28,21,16,217,0.522388059701,0.365671641791,0.221052631579
ReducedNext,TapHead,4,3,present,5,114,95,54,3,21,20,16,179,0.526315789474,0.359649122807,0.210526315789
ReducedNext,TapHead,4,3,present,6,45,40,18,2,2,18,5,36,0.6,0.444444444444,0.45
ReducedNext,TapHead,4,3,present,7,10,10,2,0,0,7,1,9,0.8,0.7,0.7
ReducedNext,TapHead,4,3,present,8,1,1,0,0,1,0,0,3,1,1,0
ReducedNext,TapHead,5,4,absent,0,80,0,80,0,0,0,0,0,0,0,N/A
ReducedNext,TapHead,5,4,absent,1,152,0,88,0,0,59,5,104,0.421052631579,0.388157894737,N/A
ReducedNext,TapHead,5,4,absent,2,311,269,116,0,31,144,20,412,0.627009646302,0.56270096463,0.53531598513
ReducedNext,TapHead,5,4,absent,3,1293,1288,351,18,432,393,99,3049,0.728538283063,0.638051044084,0.305124223602
ReducedNext,TapHead,5,4,absent,4,38,37,22,0,6,8,2,43,0.421052631579,0.368421052632,0.216216216216
ReducedNext,TapHead,5,4,absent,5,1,0,1,0,0,0,0,0,0,0,N/A
ReducedNext,TapHead,5,4,present,0,116,0,116,0,0,0,0,0,0,0,N/A
ReducedNext,TapHead,5,4,present,1,60,0,58,0,0,1,1,2,0.033333333333,0.016666666667,N/A
ReducedNext,TapHead,5,4,present,2,28,9,21,0,1,4,2,8,0.25,0.178571428571,0.444444444444
ReducedNext,TapHead,5,4,present,3,35,20,19,1,2,10,3,32,0.457142857143,0.342857142857,0.5
ReducedNext,TapHead,5,4,present,4,16,10,9,1,3,1,2,15,0.4375,0.25,0.1
ReducedNext,TapHead,5,4,present,5,2,0,2,0,0,0,0,0,0,0,N/A
ReducedNext,TapHead,6,5,absent,0,19,0,19,0,0,0,0,0,0,0,N/A
ReducedNext,TapHead,6,5,absent,1,63,0,54,0,0,7,2,14,0.142857142857,0.111111111111,N/A
ReducedNext,TapHead,6,5,absent,2,93,93,54,0,4,35,0,58,0.41935483871,0.41935483871,0.376344086022
ReducedNext,TapHead,6,5,present,0,37,0,37,0,0,0,0,0,0,0,N/A
ReducedNext,TapHead,6,5,present,1,7,0,3,0,0,4,0,4,0.571428571429,0.571428571429,N/A
ReducedNext,TapHead,7,6,absent,0,29,0,29,0,0,0,0,0,0,0,N/A
ReducedNext,TapHead,7,6,absent,1,78,0,21,0,0,57,0,78,0.730769230769,0.730769230769,N/A
ReducedNext,TapHead,7,6,absent,2,35,35,20,0,2,12,1,20,0.428571428571,0.4,0.342857142857
ReducedNext,LongNoteHead,2,1,absent,0,1,0,1,0,0,0,0,0,0,0,N/A
ReducedNext,LongNoteHead,2,1,absent,1,1,0,1,0,0,0,0,0,0,0,N/A
ReducedNext,LongNoteHead,2,1,absent,5,1,0,1,0,0,0,0,0,0,0,N/A
ReducedNext,LongNoteHead,2,1,absent,6,55,54,7,0,38,6,4,730,0.872727272727,0.8,0.111111111111
ReducedNext,LongNoteHead,2,1,absent,7,13,7,8,3,1,0,1,14,0.384615384615,0.076923076923,0
ReducedNext,LongNoteHead,2,1,absent,8,9,7,3,1,2,0,3,10,0.666666666667,0.222222222222,0
ReducedNext,LongNoteHead,2,1,absent,9,16,15,9,2,0,1,4,16,0.4375,0.0625,0.066666666667
ReducedNext,LongNoteHead,2,1,absent,10,26,25,9,7,5,2,3,50,0.653846153846,0.269230769231,0.08
ReducedNext,LongNoteHead,2,1,absent,11,81,79,27,19,18,2,15,229,0.666666666667,0.246913580247,0.025316455696
ReducedNext,LongNoteHead,2,1,absent,12,174,174,60,36,43,7,28,630,0.655172413793,0.287356321839,0.040229885057
ReducedNext,LongNoteHead,2,1,present,0,2,0,2,0,0,0,0,0,0,0,N/A
ReducedNext,LongNoteHead,2,1,present,5,1,0,0,0,0,0,1,1,1,0,N/A
ReducedNext,LongNoteHead,2,1,present,6,803,802,32,10,619,118,24,17673,0.960149439601,0.917808219178,0.147132169576
ReducedNext,LongNoteHead,2,1,present,7,11,3,5,4,1,0,1,80,0.545454545455,0.090909090909,0
ReducedNext,LongNoteHead,2,1,present,8,15,10,8,1,2,4,0,28,0.466666666667,0.4,0.4
ReducedNext,LongNoteHead,2,1,present,9,44,38,24,10,4,3,3,63,0.454545454545,0.159090909091,0.078947368421
ReducedNext,LongNoteHead,2,1,present,10,156,155,46,26,64,9,11,499,0.705128205128,0.467948717949,0.058064516129
ReducedNext,LongNoteHead,2,1,present,11,490,482,123,80,220,12,55,1840,0.748979591837,0.473469387755,0.02489626556
ReducedNext,LongNoteHead,2,1,present,12,2352,2352,759,303,725,269,296,9271,0.677295918367,0.422619047619,0.114370748299
ReducedNext,LongNoteHead,3,2,absent,0,10,0,10,0,0,0,0,0,0,0,N/A
ReducedNext,LongNoteHead,3,2,absent,1,23,0,16,0,0,5,2,7,0.304347826087,0.217391304348,N/A
ReducedNext,LongNoteHead,3,2,absent,2,43,37,21,0,0,20,2,339,0.511627906977,0.46511627907,0.540540540541
ReducedNext,LongNoteHead,3,2,absent,3,37,31,9,0,1,27,0,350,0.756756756757,0.756756756757,0.870967741935
ReducedNext,LongNoteHead,3,2,absent,4,68,65,9,0,44,13,2,2040,0.867647058824,0.838235294118,0.2
ReducedNext,LongNoteHead,3,2,absent,5,39,26,19,4,7,4,5,52,0.512820512821,0.282051282051,0.153846153846
ReducedNext,LongNoteHead,3,2,absent,6,76,75,34,12,12,9,9,148,0.552631578947,0.276315789474,0.12
ReducedNext,LongNoteHead,3,2,absent,7,120,113,56,13,18,9,24,136,0.533333333333,0.225,0.079646017699
ReducedNext,LongNoteHead,3,2,absent,8,89,82,51,8,11,6,13,88,0.426966292135,0.191011235955,0.073170731707
ReducedNext,LongNoteHead,3,2,absent,9,49,49,28,5,7,4,5,85,0.428571428571,0.224489795918,0.081632653061
ReducedNext,LongNoteHead,3,2,absent,10,49,49,18,8,13,4,6,95,0.632653061224,0.34693877551,0.081632653061
ReducedNext,LongNoteHead,3,2,present,0,12,0,12,0,0,0,0,0,0,0,N/A
ReducedNext,LongNoteHead,3,2,present,1,36,0,28,0,0,5,3,8,0.222222222222,0.138888888889,N/A
ReducedNext,LongNoteHead,3,2,present,2,82,46,46,0,0,31,5,571,0.439024390244,0.378048780488,0.673913043478
ReducedNext,LongNoteHead,3,2,present,3,107,65,54,2,1,45,5,742,0.495327102804,0.429906542056,0.692307692308
ReducedNext,LongNoteHead,3,2,present,4,173,142,58,3,75,31,6,3939,0.664739884393,0.612716763006,0.218309859155
ReducedNext,LongNoteHead,3,2,present,5,216,166,133,10,20,21,32,158,0.384259259259,0.189814814815,0.126506024096
ReducedNext,LongNoteHead,3,2,present,6,404,361,170,38,82,52,62,677,0.579207920792,0.331683168317,0.14404432133
ReducedNext,LongNoteHead,3,2,present,7,516,456,231,47,73,63,102,575,0.552325581395,0.263565891473,0.138157894737
ReducedNext,LongNoteHead,3,2,present,8,663,635,298,76,140,69,80,1124,0.550527903469,0.315233785822,0.108661417323
ReducedNext,LongNoteHead,3,2,present,9,495,480,219,29,110,76,61,1040,0.557575757576,0.375757575758,0.158333333333
ReducedNext,LongNoteHead,3,2,present,10,349,349,128,49,91,45,36,836,0.63323782235,0.389684813754,0.12893982808
ReducedNext,LongNoteHead,4,3,absent,0,13,0,13,0,0,0,0,0,0,0,N/A
ReducedNext,LongNoteHead,4,3,absent,1,95,0,35,0,0,58,2,230,0.631578947368,0.610526315789,N/A
ReducedNext,LongNoteHead,4,3,absent,2,59,45,34,0,0,25,0,125,0.423728813559,0.423728813559,0.555555555556
ReducedNext,LongNoteHead,4,3,absent,3,65,50,54,0,2,4,5,14,0.169230769231,0.092307692308,0.08
ReducedNext,LongNoteHead,4,3,absent,4,138,122,100,1,0,17,20,53,0.275362318841,0.123188405797,0.139344262295
ReducedNext,LongNoteHead,4,3,absent,5,54,52,39,1,5,3,6,31,0.277777777778,0.148148148148,0.057692307692
ReducedNext,LongNoteHead,4,3,absent,6,54,52,19,3,8,17,7,69,0.648148148148,0.462962962963,0.326923076923
ReducedNext,LongNoteHead,4,3,absent,7,10,7,4,3,1,0,2,14,0.6,0.1,0
ReducedNext,LongNoteHead,4,3,absent,8,8,8,1,0,0,6,1,16,0.875,0.75,0.75
ReducedNext,LongNoteHead,4,3,present,0,72,0,72,0,0,0,0,0,0,0,N/A
ReducedNext,LongNoteHead,4,3,present,1,191,0,170,0,0,16,5,39,0.109947643979,0.083769633508,N/A
ReducedNext,LongNoteHead,4,3,present,2,253,130,191,0,10,42,10,163,0.245059288538,0.205533596838,0.323076923077
ReducedNext,LongNoteHead,4,3,present,3,261,169,178,0,14,40,29,124,0.318007662835,0.206896551724,0.236686390533
ReducedNext,LongNoteHead,4,3,present,4,390,328,254,2,41,54,39,412,0.348717948718,0.24358974359,0.164634146341
ReducedNext,LongNoteHead,4,3,present,5,183,157,92,11,23,35,22,184,0.497267759563,0.31693989071,0.222929936306
ReducedNext,LongNoteHead,4,3,present,6,114,104,49,10,17,26,12,199,0.570175438596,0.377192982456,0.25
ReducedNext,LongNoteHead,4,3,present,7,12,11,5,0,1,4,2,8,0.583333333333,0.416666666667,0.363636363636
ReducedNext,LongNoteHead,4,3,present,8,10,10,3,0,6,0,1,22,0.7,0.6,0
ReducedNext,LongNoteHead,5,4,absent,0,45,0,45,0,0,0,0,0,0,0,N/A
ReducedNext,LongNoteHead,5,4,absent,1,51,0,47,0,0,4,0,4,0.078431372549,0.078431372549,N/A
ReducedNext,LongNoteHead,5,4,absent,2,29,20,24,0,2,2,1,7,0.172413793103,0.137931034483,0.1
ReducedNext,LongNoteHead,5,4,absent,3,26,21,12,0,3,10,1,19,0.538461538462,0.5,0.47619047619
ReducedNext,LongNoteHead,5,4,absent,4,10,9,3,0,2,4,1,10,0.7,0.6,0.444444444444
ReducedNext,LongNoteHead,5,4,absent,5,3,2,2,0,0,0,1,1,0.333333333333,0,0
ReducedNext,LongNoteHead,5,4,absent,6,1,1,1,0,0,0,0,0,0,0,0
ReducedNext,LongNoteHead,5,4,present,0,119,0,119,0,0,0,0,0,0,0,N/A
ReducedNext,LongNoteHead,5,4,present,1,120,0,101,0,0,18,1,32,0.158333333333,0.15,N/A
ReducedNext,LongNoteHead,5,4,present,2,77,53,47,0,3,25,2,58,0.38961038961,0.363636363636,0.471698113208
ReducedNext,LongNoteHead,5,4,present,3,48,35,32,0,1,12,3,23,0.333333333333,0.270833333333,0.342857142857
ReducedNext,LongNoteHead,5,4,present,4,29,25,17,0,4,7,1,20,0.413793103448,0.379310344828,0.28
ReducedNext,LongNoteHead,5,4,present,5,6,6,3,0,0,3,0,6,0.5,0.5,0.5
ReducedNext,LongNoteHead,5,4,present,6,4,4,3,0,0,0,1,1,0.25,0,0
ReducedNext,LongNoteHead,6,5,absent,0,17,0,17,0,0,0,0,0,0,0,N/A
ReducedNext,LongNoteHead,6,5,absent,1,27,0,19,0,0,8,0,8,0.296296296296,0.296296296296,N/A
ReducedNext,LongNoteHead,6,5,absent,2,3,3,3,0,0,0,0,0,0,0,0
ReducedNext,LongNoteHead,6,5,present,0,25,0,25,0,0,0,0,0,0,0,N/A
ReducedNext,LongNoteHead,6,5,present,1,15,0,7,0,0,8,0,8,0.533333333333,0.533333333333,N/A
ReducedNext,LongNoteHead,6,5,present,2,6,6,6,0,0,0,0,0,0,0,0
ReducedNext,LongNoteHead,7,6,absent,0,7,0,7,0,0,0,0,0,0,0,N/A
ReducedNext,LongNoteHead,7,6,absent,1,5,0,5,0,0,0,0,0,0,0,N/A
ReducedNext,LongNoteHead,7,6,absent,2,7,7,1,0,4,2,0,12,0.857142857143,0.857142857143,0.285714285714
ReducedNextTransition,TapHead,2,1,absent,0,6,0,6,0,0,0,0,0,0,0,N/A
ReducedNextTransition,TapHead,2,1,absent,1,1,0,0,0,0,1,0,1,1,1,N/A
ReducedNextTransition,TapHead,2,1,absent,3,654,654,116,13,288,174,63,2348,0.822629969419,0.706422018349,0.266055045872
ReducedNextTransition,TapHead,2,1,absent,5,1,0,1,0,0,0,0,0,0,0,N/A
ReducedNextTransition,TapHead,2,1,absent,6,2857,2857,849,171,1003,483,351,8550,0.702835141757,0.5201260063,0.169058452923
ReducedNextTransition,TapHead,2,1,absent,7,384,382,43,30,235,38,38,1944,0.888020833333,0.7109375,0.099476439791
ReducedNextTransition,TapHead,2,1,absent,8,1415,1413,399,74,492,308,142,4228,0.718021201413,0.565371024735,0.217975937721
ReducedNextTransition,TapHead,2,1,absent,9,1028,1028,311,49,268,298,102,2421,0.697470817121,0.550583657588,0.289883268482
ReducedNextTransition,TapHead,2,1,absent,10,96,94,41,4,21,11,19,117,0.572916666667,0.333333333333,0.117021276596
ReducedNextTransition,TapHead,2,1,absent,11,19,16,10,0,2,0,7,11,0.473684210526,0.105263157895,0
ReducedNextTransition,TapHead,2,1,absent,12,988,988,662,51,102,88,85,922,0.32995951417,0.192307692308,0.089068825911
ReducedNextTransition,TapHead,2,1,present,0,3,0,3,0,0,0,0,0,0,0,N/A
ReducedNextTransition,TapHead,2,1,present,1,5,0,4,0,0,1,0,1,0.2,0.2,N/A
ReducedNextTransition,TapHead,2,1,present,2,2,2,2,0,0,0,0,0,0,0,0
ReducedNextTransition,TapHead,2,1,present,5,3,0,0,3,0,0,0,17,1,0,N/A
ReducedNextTransition,TapHead,2,1,present,6,198,198,53,28,54,40,23,700,0.732323232323,0.474747474747,0.20202020202
ReducedNextTransition,TapHead,2,1,present,7,8,3,6,0,0,0,2,2,0.25,0,0
ReducedNextTransition,TapHead,2,1,present,8,21,16,17,0,0,0,4,4,0.190476190476,0,0
ReducedNextTransition,TapHead,2,1,present,9,88,86,53,1,12,14,8,74,0.397727272727,0.295454545455,0.162790697674
ReducedNextTransition,TapHead,2,1,present,10,39,37,21,0,1,9,8,20,0.461538461538,0.25641025641,0.243243243243
ReducedNextTransition,TapHead,2,1,present,11,64,50,57,3,0,0,4,18,0.109375,0,0
ReducedNextTransition,TapHead,2,1,present,12,1693,1693,1298,44,50,190,111,716,0.233313644418,0.141760189014,0.112226816302
ReducedNextTransition,TapHead,3,2,absent,0,10,0,10,0,0,0,0,0,0,0,N/A
ReducedNextTransition,TapHead,3,2,absent,1,9,0,9,0,0,0,0,0,0,0,N/A
ReducedNextTransition,TapHead,3,2,absent,2,252,240,96,0,28,90,38,288,0.619047619048,0.468253968254,0.375
ReducedNextTransition,TapHead,3,2,absent,3,102,87,62,1,0,32,7,87,0.392156862745,0.313725490196,0.367816091954
ReducedNextTransition,TapHead,3,2,absent,4,463,436,239,8,54,108,54,676,0.483801295896,0.349892008639,0.247706422018
ReducedNextTransition,TapHead,3,2,absent,5,4971,4951,2040,260,1251,853,567,11586,0.58961979481,0.423254878294,0.17228842658
ReducedNextTransition,TapHead,3,2,absent,6,708,697,361,6,74,174,93,608,0.49011299435,0.350282485876,0.249641319943
ReducedNextTransition,TapHead,3,2,absent,7,446,413,247,7,59,96,37,479,0.446188340807,0.347533632287,0.232445520581
ReducedNextTransition,TapHead,3,2,absent,8,653,644,391,22,63,141,36,605,0.401225114855,0.312404287902,0.218944099379
ReducedNextTransition,TapHead,3,2,absent,9,88,86,79,1,0,5,3,10,0.102272727273,0.056818181818,0.058139534884
ReducedNextTransition,TapHead,3,2,absent,10,203,203,167,2,6,17,11,51,0.177339901478,0.113300492611,0.083743842365
ReducedNextTransition,TapHead,3,2,present,0,21,0,21,0,0,0,0,0,0,0,N/A
ReducedNextTransition,TapHead,3,2,present,1,34,0,33,0,0,0,1,1,0.029411764706,0,N/A
ReducedNextTransition,TapHead,3,2,present,2,51,19,46,0,0,4,1,5,0.098039215686,0.078431372549,0.210526315789
ReducedNextTransition,TapHead,3,2,present,3,52,28,43,0,0,9,0,10,0.173076923077,0.173076923077,0.321428571429
ReducedNextTransition,TapHead,3,2,present,4,103,63,88,1,0,8,6,39,0.145631067961,0.077669902913,0.126984126984
ReducedNextTransition,TapHead,3,2,present,5,151,113,130,5,4,6,6,44,0.139072847682,0.066225165563,0.053097345133
ReducedNextTransition,TapHead,3,2,present,6,134,100,110,1,2,10,11,37,0.179104477612,0.089552238806,0.1
ReducedNextTransition,TapHead,3,2,present,7,275,212,225,4,6,17,23,69,0.181818181818,0.083636363636,0.080188679245
ReducedNextTransition,TapHead,3,2,present,8,333,291,272,2,6,31,22,80,0.183183183183,0.111111111111,0.106529209622
ReducedNextTransition,TapHead,3,2,present,9,215,187,184,7,0,5,19,42,0.144186046512,0.023255813953,0.026737967914
ReducedNextTransition,TapHead,3,2,present,10,213,213,161,2,6,23,21,73,0.244131455399,0.136150234742,0.107981220657
ReducedNextTransition,TapHead,4,3,absent,0,57,0,57,0,0,0,0,0,0,0,N/A
ReducedNextTransition,TapHead,4,3,absent,1,265,0,189,0,0,75,1,91,0.28679245283,0.283018867925,N/A
ReducedNextTransition,TapHead,4,3,absent,2,271,230,222,0,2,36,11,66,0.180811808118,0.140221402214,0.15652173913
ReducedNextTransition,TapHead,4,3,absent,3,471,416,320,5,24,91,31,253,0.32059447983,0.244161358811,0.21875
ReducedNextTransition,TapHead,4,3,absent,4,5710,5685,1589,140,2845,614,522,32617,0.721716287215,0.605779334501,0.10800351803
ReducedNextTransition,TapHead,4,3,absent,5,292,281,224,7,8,34,19,95,0.232876712329,0.143835616438,0.120996441281
ReducedNextTransition,TapHead,4,3,absent,6,106,103,94,0,0,10,2,12,0.11320754717,0.094339622642,0.097087378641
ReducedNextTransition,TapHead,4,3,absent,7,15,15,13,0,0,2,0,2,0.133333333333,0.133333333333,0.133333333333
ReducedNextTransition,TapHead,4,3,absent,8,57,57,43,0,0,7,7,14,0.245614035088,0.122807017544,0.122807017544
ReducedNextTransition,TapHead,4,3,present,0,63,0,63,0,0,0,0,0,0,0,N/A
ReducedNextTransition,TapHead,4,3,present,1,192,0,177,0,0,12,3,21,0.078125,0.0625,N/A
ReducedNextTransition,TapHead,4,3,present,2,229,115,200,0,0,27,2,38,0.126637554585,0.117903930131,0.234782608696
ReducedNextTransition,TapHead,4,3,present,3,206,116,182,0,0,15,9,28,0.116504854369,0.072815533981,0.129310344828
ReducedNextTransition,TapHead,4,3,present,4,134,95,99,0,4,25,6,61,0.261194029851,0.216417910448,0.263157894737
ReducedNextTransition,TapHead,4,3,present,5,114,95,81,3,0,25,5,56,0.289473684211,0.219298245614,0.263157894737
ReducedNextTransition,TapHead,4,3,present,6,45,40,38,0,0,6,1,7,0.155555555556,0.133333333333,0.15
ReducedNextTransition,TapHead,4,3,present,7,10,10,10,0,0,0,0,0,0,0,0
ReducedNextTransition,TapHead,4,3,present,8,1,1,0,0,0,1,0,1,1,1,1
ReducedNextTransition,TapHead,5,4,absent,0,80,0,80,0,0,0,0,0,0,0,N/A
ReducedNextTransition,TapHead,5,4,absent,1,152,0,108,0,0,42,2,50,0.289473684211,0.276315789474,N/A
ReducedNextTransition,TapHead,5,4,absent,2,311,269,187,0,0,109,15,159,0.398713826367,0.350482315113,0.405204460967
ReducedNextTransition,TapHead,5,4,absent,3,1293,1288,664,0,154,340,135,1284,0.486465583913,0.382057231245,0.26397515528
ReducedNextTransition,TapHead,5,4,absent,4,38,37,32,0,2,3,1,12,0.157894736842,0.131578947368,0.081081081081
ReducedNextTransition,TapHead,5,4,absent,5,1,0,1,0,0,0,0,0,0,0,N/A
ReducedNextTransition,TapHead,5,4,present,0,116,0,116,0,0,0,0,0,0,0,N/A
ReducedNextTransition,TapHead,5,4,present,1,60,0,60,0,0,0,0,0,0,0,N/A
ReducedNextTransition,TapHead,5,4,present,2,28,9,22,0,0,4,2,6,0.214285714286,0.142857142857,0.444444444444
ReducedNextTransition,TapHead,5,4,present,3,35,20,24,0,2,8,1,16,0.314285714286,0.285714285714,0.4
ReducedNextTransition,TapHead,5,4,present,4,16,10,12,0,0,2,2,4,0.25,0.125,0.2
ReducedNextTransition,TapHead,5,4,present,5,2,0,2,0,0,0,0,0,0,0,N/A
ReducedNextTransition,TapHead,6,5,absent,0,19,0,19,0,0,0,0,0,0,0,N/A
ReducedNextTransition,TapHead,6,5,absent,1,63,0,59,0,0,2,2,5,0.063492063492,0.031746031746,N/A
ReducedNextTransition,TapHead,6,5,absent,2,93,93,70,0,2,20,1,25,0.247311827957,0.236559139785,0.215053763441
ReducedNextTransition,TapHead,6,5,present,0,37,0,37,0,0,0,0,0,0,0,N/A
ReducedNextTransition,TapHead,6,5,present,1,7,0,3,0,0,4,0,4,0.571428571429,0.571428571429,N/A
ReducedNextTransition,TapHead,7,6,absent,0,29,0,29,0,0,0,0,0,0,0,N/A
ReducedNextTransition,TapHead,7,6,absent,1,78,0,64,0,0,14,0,14,0.179487179487,0.179487179487,N/A
ReducedNextTransition,TapHead,7,6,absent,2,35,35,32,0,0,0,3,3,0.085714285714,0,0
ReducedNextTransition,LongNoteHead,2,1,absent,0,1,0,1,0,0,0,0,0,0,0,N/A
ReducedNextTransition,LongNoteHead,2,1,absent,1,1,0,1,0,0,0,0,0,0,0,N/A
ReducedNextTransition,LongNoteHead,2,1,absent,5,1,0,1,0,0,0,0,0,0,0,N/A
ReducedNextTransition,LongNoteHead,2,1,absent,6,55,54,16,0,8,29,2,327,0.709090909091,0.672727272727,0.537037037037
ReducedNextTransition,LongNoteHead,2,1,absent,7,13,7,9,0,0,1,3,4,0.307692307692,0.076923076923,0.142857142857
ReducedNextTransition,LongNoteHead,2,1,absent,8,9,7,4,0,0,2,3,6,0.555555555556,0.222222222222,0.285714285714
ReducedNextTransition,LongNoteHead,2,1,absent,9,16,15,12,1,0,1,2,6,0.25,0.0625,0.066666666667
ReducedNextTransition,LongNoteHead,2,1,absent,10,26,25,17,3,1,2,3,17,0.346153846154,0.115384615385,0.08
ReducedNextTransition,LongNoteHead,2,1,absent,11,81,79,52,4,4,2,19,52,0.358024691358,0.074074074074,0.025316455696
ReducedNextTransition,LongNoteHead,2,1,absent,12,174,174,115,10,12,8,29,106,0.33908045977,0.114942528736,0.045977011494
ReducedNextTransition,LongNoteHead,2,1,present,0,2,0,2,0,0,0,0,0,0,0,N/A
ReducedNextTransition,LongNoteHead,2,1,present,5,1,0,0,0,0,0,1,1,1,0,N/A
ReducedNextTransition,LongNoteHead,2,1,present,6,803,802,72,14,471,214,32,9127,0.910336239103,0.853051058531,0.266832917706
ReducedNextTransition,LongNoteHead,2,1,present,7,11,3,7,0,0,1,3,4,0.363636363636,0.090909090909,0.333333333333
ReducedNextTransition,LongNoteHead,2,1,present,8,15,10,11,0,0,4,0,4,0.266666666667,0.266666666667,0.4
ReducedNextTransition,LongNoteHead,2,1,present,9,44,38,33,2,0,5,4,13,0.25,0.113636363636,0.131578947368
ReducedNextTransition,LongNoteHead,2,1,present,10,156,155,57,25,48,17,9,330,0.634615384615,0.416666666667,0.109677419355
ReducedNextTransition,LongNoteHead,2,1,present,11,490,482,158,73,176,21,62,1309,0.677551020408,0.402040816327,0.04356846473
ReducedNextTransition,LongNoteHead,2,1,present,12,2352,2352,1405,156,301,283,207,2800,0.402636054422,0.248299319728,0.120323129252
ReducedNextTransition,LongNoteHead,3,2,absent,0,10,0,10,0,0,0,0,0,0,0,N/A
ReducedNextTransition,LongNoteHead,3,2,absent,1,23,0,20,0,0,2,1,3,0.130434782609,0.086956521739,N/A
ReducedNextTransition,LongNoteHead,3,2,absent,2,43,37,27,0,0,15,1,174,0.372093023256,0.348837209302,0.405405405405
ReducedNextTransition,LongNoteHead,3,2,absent,3,37,31,12,0,0,25,0,180,0.675675675676,0.675675675676,0.806451612903
ReducedNextTransition,LongNoteHead,3,2,absent,4,68,65,18,0,31,19,0,984,0.735294117647,0.735294117647,0.292307692308
ReducedNextTransition,LongNoteHead,3,2,absent,5,39,26,31,0,2,4,2,16,0.205128205128,0.153846153846,0.153846153846
ReducedNextTransition,LongNoteHead,3,2,absent,6,76,75,50,7,4,5,10,53,0.342105263158,0.118421052632,0.066666666667
ReducedNextTransition,LongNoteHead,3,2,absent,7,120,113,86,5,11,5,13,71,0.283333333333,0.133333333333,0.044247787611
ReducedNextTransition,LongNoteHead,3,2,absent,8,89,82,75,4,4,4,2,26,0.157303370787,0.089887640449,0.048780487805
ReducedNextTransition,LongNoteHead,3,2,absent,9,49,49,47,0,1,0,1,6,0.040816326531,0.020408163265,0
ReducedNextTransition,LongNoteHead,3,2,absent,10,49,49,35,2,5,1,6,31,0.285714285714,0.122448979592,0.020408163265
ReducedNextTransition,LongNoteHead,3,2,present,0,12,0,12,0,0,0,0,0,0,0,N/A
ReducedNextTransition,LongNoteHead,3,2,present,1,36,0,33,0,0,2,1,3,0.083333333333,0.055555555556,N/A
ReducedNextTransition,LongNoteHead,3,2,present,2,82,46,53,0,0,27,2,349,0.353658536585,0.329268292683,0.586956521739
ReducedNextTransition,LongNoteHead,3,2,present,3,107,65,62,0,0,44,1,375,0.420560747664,0.411214953271,0.676923076923
ReducedNextTransition,LongNoteHead,3,2,present,4,173,142,69,2,64,37,1,2044,0.601156069364,0.583815028902,0.260563380282
ReducedNextTransition,LongNoteHead,3,2,present,5,216,166,159,7,13,13,24,102,0.263888888889,0.12037037037,0.078313253012
ReducedNextTransition,LongNoteHead,3,2,present,6,404,361,229,22,43,51,59,373,0.433168316832,0.232673267327,0.141274238227
ReducedNextTransition,LongNoteHead,3,2,present,7,516,456,328,19,53,37,79,341,0.364341085271,0.174418604651,0.081140350877
ReducedNextTransition,LongNoteHead,3,2,present,8,663,635,466,28,32,71,66,382,0.297134238311,0.155354449472,0.111811023622
ReducedNextTransition,LongNoteHead,3,2,present,9,495,480,363,19,20,59,34,257,0.266666666667,0.159595959596,0.122916666667
ReducedNextTransition,LongNoteHead,3,2,present,10,349,349,241,9,19,52,28,204,0.309455587393,0.203438395415,0.14899713467
ReducedNextTransition,LongNoteHead,4,3,absent,0,13,0,13,0,0,0,0,0,0,0,N/A
ReducedNextTransition,LongNoteHead,4,3,absent,1,95,0,52,0,0,43,0,122,0.452631578947,0.452631578947,N/A
ReducedNextTransition,LongNoteHead,4,3,absent,2,59,45,37,0,0,22,0,68,0.372881355932,0.372881355932,0.488888888889
ReducedNextTransition,LongNoteHead,4,3,absent,3,65,50,64,0,1,0,0,3,0.015384615385,0.015384615385,0
ReducedNextTransition,LongNoteHead,4,3,absent,4,138,122,129,1,0,4,4,10,0.065217391304,0.028985507246,0.032786885246
ReducedNextTransition,LongNoteHead,4,3,absent,5,54,52,50,0,1,2,1,5,0.074074074074,0.055555555556,0.038461538462
ReducedNextTransition,LongNoteHead,4,3,absent,6,54,52,40,1,3,6,4,19,0.259259259259,0.166666666667,0.115384615385
ReducedNextTransition,LongNoteHead,4,3,absent,7,10,7,10,0,0,0,0,0,0,0,0
ReducedNextTransition,LongNoteHead,4,3,absent,8,8,8,6,0,0,2,0,2,0.25,0.25,0.25
ReducedNextTransition,LongNoteHead,4,3,present,0,72,0,72,0,0,0,0,0,0,0,N/A
ReducedNextTransition,LongNoteHead,4,3,present,1,191,0,180,0,0,9,2,14,0.057591623037,0.047120418848,N/A
ReducedNextTransition,LongNoteHead,4,3,present,2,253,130,216,0,8,24,5,66,0.146245059289,0.126482213439,0.184615384615
ReducedNextTransition,LongNoteHead,4,3,present,3,261,169,227,0,5,18,11,43,0.130268199234,0.088122605364,0.10650887574
ReducedNextTransition,LongNoteHead,4,3,present,4,390,328,306,1,18,48,17,162,0.215384615385,0.169230769231,0.146341463415
ReducedNextTransition,LongNoteHead,4,3,present,5,183,157,140,2,8,20,13,66,0.234972677596,0.153005464481,0.127388535032
ReducedNextTransition,LongNoteHead,4,3,present,6,114,104,77,6,10,13,8,79,0.324561403509,0.201754385965,0.125
ReducedNextTransition,LongNoteHead,4,3,present,7,12,11,12,0,0,0,0,0,0,0,0
ReducedNextTransition,LongNoteHead,4,3,present,8,10,10,9,0,0,0,1,1,0.1,0,0
ReducedNextTransition,LongNoteHead,5,4,absent,0,45,0,45,0,0,0,0,0,0,0,N/A
ReducedNextTransition,LongNoteHead,5,4,absent,1,51,0,51,0,0,0,0,0,0,0,N/A
ReducedNextTransition,LongNoteHead,5,4,absent,2,29,20,28,0,0,0,1,1,0.034482758621,0,0
ReducedNextTransition,LongNoteHead,5,4,absent,3,26,21,22,0,0,3,1,4,0.153846153846,0.115384615385,0.142857142857
ReducedNextTransition,LongNoteHead,5,4,absent,4,10,9,8,0,0,2,0,2,0.2,0.2,0.222222222222
ReducedNextTransition,LongNoteHead,5,4,absent,5,3,2,3,0,0,0,0,0,0,0,0
ReducedNextTransition,LongNoteHead,5,4,absent,6,1,1,1,0,0,0,0,0,0,0,0
ReducedNextTransition,LongNoteHead,5,4,present,0,119,0,119,0,0,0,0,0,0,0,N/A
ReducedNextTransition,LongNoteHead,5,4,present,1,120,0,107,0,0,12,1,13,0.108333333333,0.1,N/A
ReducedNextTransition,LongNoteHead,5,4,present,2,77,53,57,0,0,20,0,26,0.25974025974,0.25974025974,0.377358490566
ReducedNextTransition,LongNoteHead,5,4,present,3,48,35,39,0,0,8,1,12,0.1875,0.166666666667,0.228571428571
ReducedNextTransition,LongNoteHead,5,4,present,4,29,25,21,0,0,7,1,11,0.275862068966,0.241379310345,0.28
ReducedNextTransition,LongNoteHead,5,4,present,5,6,6,4,0,0,2,0,2,0.333333333333,0.333333333333,0.333333333333
ReducedNextTransition,LongNoteHead,5,4,present,6,4,4,4,0,0,0,0,0,0,0,0
ReducedNextTransition,LongNoteHead,6,5,absent,0,17,0,17,0,0,0,0,0,0,0,N/A
ReducedNextTransition,LongNoteHead,6,5,absent,1,27,0,27,0,0,0,0,0,0,0,N/A
ReducedNextTransition,LongNoteHead,6,5,absent,2,3,3,3,0,0,0,0,0,0,0,0
ReducedNextTransition,LongNoteHead,6,5,present,0,25,0,25,0,0,0,0,0,0,0,N/A
ReducedNextTransition,LongNoteHead,6,5,present,1,15,0,7,0,0,8,0,8,0.533333333333,0.533333333333,N/A
ReducedNextTransition,LongNoteHead,6,5,present,2,6,6,6,0,0,0,0,0,0,0,0
ReducedNextTransition,LongNoteHead,7,6,absent,0,7,0,7,0,0,0,0,0,0,0,N/A
ReducedNextTransition,LongNoteHead,7,6,absent,1,5,0,5,0,0,0,0,0,0,0,N/A
ReducedNextTransition,LongNoteHead,7,6,absent,2,7,7,4,0,0,0,3,3,0.428571428571,0,0
ReducedPrevNext,TapHead,2,1,absent,0,6,0,6,0,0,0,0,0,0,0,N/A
ReducedPrevNext,TapHead,2,1,absent,1,1,0,1,0,0,0,0,0,0,0,N/A
ReducedPrevNext,TapHead,2,1,absent,3,654,654,450,0,4,176,24,262,0.311926605505,0.275229357798,0.269113149847
ReducedPrevNext,TapHead,2,1,absent,5,1,0,1,0,0,0,0,0,0,0,N/A
ReducedPrevNext,TapHead,2,1,absent,6,2857,2857,2234,8,46,459,110,1003,0.218060903045,0.176758837942,0.160658032902
ReducedPrevNext,TapHead,2,1,absent,7,384,382,279,0,6,82,17,234,0.2734375,0.229166666667,0.214659685864
ReducedPrevNext,TapHead,2,1,absent,8,1415,1413,978,3,45,336,53,678,0.308833922261,0.26925795053,0.237791932059
ReducedPrevNext,TapHead,2,1,absent,9,1028,1028,625,7,49,305,42,671,0.392023346304,0.344357976654,0.296692607004
ReducedPrevNext,TapHead,2,1,absent,10,96,94,80,0,2,10,4,19,0.166666666667,0.125,0.106382978723
ReducedPrevNext,TapHead,2,1,absent,11,19,16,17,0,0,2,0,2,0.105263157895,0.105263157895,0.125
ReducedPrevNext,TapHead,2,1,absent,12,988,988,939,0,6,22,21,58,0.0495951417,0.028340080972,0.022267206478
ReducedPrevNext,TapHead,2,1,present,0,3,0,3,0,0,0,0,0,0,0,N/A
ReducedPrevNext,TapHead,2,1,present,1,5,0,5,0,0,0,0,0,0,0,N/A
ReducedPrevNext,TapHead,2,1,present,2,2,2,2,0,0,0,0,0,0,0,0
ReducedPrevNext,TapHead,2,1,present,5,3,0,2,1,0,0,0,2,0.333333333333,0,N/A
ReducedPrevNext,TapHead,2,1,present,6,198,198,130,7,11,29,21,112,0.343434343434,0.20202020202,0.146464646465
ReducedPrevNext,TapHead,2,1,present,7,8,3,8,0,0,0,0,0,0,0,0
ReducedPrevNext,TapHead,2,1,present,8,21,16,21,0,0,0,0,0,0,0,0
ReducedPrevNext,TapHead,2,1,present,9,88,86,75,0,0,8,5,21,0.147727272727,0.090909090909,0.093023255814
ReducedPrevNext,TapHead,2,1,present,10,39,37,34,0,0,4,1,5,0.128205128205,0.102564102564,0.108108108108
ReducedPrevNext,TapHead,2,1,present,11,64,50,64,0,0,0,0,0,0,0,0
ReducedPrevNext,TapHead,2,1,present,12,1693,1693,1627,2,4,45,15,77,0.038984051979,0.028942705257,0.02658003544
ReducedPrevNext,TapHead,3,2,absent,0,10,0,10,0,0,0,0,0,0,0,N/A
ReducedPrevNext,TapHead,3,2,absent,1,9,0,9,0,0,0,0,0,0,0,N/A
ReducedPrevNext,TapHead,3,2,absent,2,252,240,189,0,0,51,12,72,0.25,0.202380952381,0.2125
ReducedPrevNext,TapHead,3,2,absent,3,102,87,95,0,0,6,1,8,0.06862745098,0.058823529412,0.068965517241
ReducedPrevNext,TapHead,3,2,absent,4,463,436,386,0,5,63,9,103,0.166306695464,0.14686825054,0.144495412844
ReducedPrevNext,TapHead,3,2,absent,5,4971,4951,4045,17,127,601,181,1444,0.186280426474,0.146449406558,0.121389618259
ReducedPrevNext,TapHead,3,2,absent,6,708,697,604,0,3,92,9,146,0.146892655367,0.13418079096,0.131994261119
ReducedPrevNext,TapHead,3,2,absent,7,446,413,339,0,4,95,8,146,0.239910313901,0.22197309417,0.230024213075
ReducedPrevNext,TapHead,3,2,absent,8,653,644,520,0,0,125,8,170,0.203675344564,0.191424196018,0.194099378882
ReducedPrevNext,TapHead,3,2,absent,9,88,86,88,0,0,0,0,0,0,0,0
ReducedPrevNext,TapHead,3,2,absent,10,203,203,197,0,0,6,0,6,0.029556650246,0.029556650246,0.029556650246
ReducedPrevNext,TapHead,3,2,present,0,21,0,21,0,0,0,0,0,0,0,N/A
ReducedPrevNext,TapHead,3,2,present,1,34,0,34,0,0,0,0,0,0,0,N/A
ReducedPrevNext,TapHead,3,2,present,2,51,19,51,0,0,0,0,0,0,0,0
ReducedPrevNext,TapHead,3,2,present,3,52,28,48,0,0,4,0,4,0.076923076923,0.076923076923,0.142857142857
ReducedPrevNext,TapHead,3,2,present,4,103,63,97,0,0,6,0,6,0.058252427184,0.058252427184,0.095238095238
ReducedPrevNext,TapHead,3,2,present,5,151,113,150,0,0,0,1,1,0.006622516556,0,0
ReducedPrevNext,TapHead,3,2,present,6,134,100,129,0,0,4,1,5,0.037313432836,0.029850746269,0.04
ReducedPrevNext,TapHead,3,2,present,7,275,212,260,0,0,10,5,15,0.054545454545,0.036363636364,0.047169811321
ReducedPrevNext,TapHead,3,2,present,8,333,291,314,0,0,17,2,22,0.057057057057,0.051051051051,0.058419243986
ReducedPrevNext,TapHead,3,2,present,9,215,187,215,0,0,0,0,0,0,0,0
ReducedPrevNext,TapHead,3,2,present,10,213,213,194,0,0,19,0,22,0.089201877934,0.089201877934,0.089201877934
ReducedPrevNext,TapHead,4,3,absent,0,57,0,57,0,0,0,0,0,0,0,N/A
ReducedPrevNext,TapHead,4,3,absent,1,265,0,223,0,0,42,0,48,0.158490566038,0.158490566038,N/A
ReducedPrevNext,TapHead,4,3,absent,2,271,230,248,0,0,21,2,34,0.084870848708,0.077490774908,0.091304347826
ReducedPrevNext,TapHead,4,3,absent,3,471,416,427,0,4,28,12,56,0.093418259023,0.067940552017,0.067307692308
ReducedPrevNext,TapHead,4,3,absent,4,5710,5685,3785,0,383,1195,347,3898,0.337127845884,0.276357267951,0.210202286719
ReducedPrevNext,TapHead,4,3,absent,5,292,281,290,0,0,2,0,2,0.006849315068,0.006849315068,0.007117437722
ReducedPrevNext,TapHead,4,3,absent,6,106,103,106,0,0,0,0,0,0,0,0
ReducedPrevNext,TapHead,4,3,absent,7,15,15,13,0,0,2,0,2,0.133333333333,0.133333333333,0.133333333333
ReducedPrevNext,TapHead,4,3,absent,8,57,57,55,0,0,0,2,2,0.035087719298,0,0
ReducedPrevNext,TapHead,4,3,present,0,63,0,63,0,0,0,0,0,0,0,N/A
ReducedPrevNext,TapHead,4,3,present,1,192,0,188,0,0,4,0,4,0.020833333333,0.020833333333,N/A
ReducedPrevNext,TapHead,4,3,present,2,229,115,223,0,0,6,0,6,0.026200873362,0.026200873362,0.052173913043
ReducedPrevNext,TapHead,4,3,present,3,206,116,199,0,0,6,1,7,0.033980582524,0.029126213592,0.051724137931
ReducedPrevNext,TapHead,4,3,present,4,134,95,126,0,0,8,0,8,0.059701492537,0.059701492537,0.084210526316
ReducedPrevNext,TapHead,4,3,present,5,114,95,110,0,0,4,0,4,0.035087719298,0.035087719298,0.042105263158
ReducedPrevNext,TapHead,4,3,present,6,45,40,45,0,0,0,0,0,0,0,0
ReducedPrevNext,TapHead,4,3,present,7,10,10,10,0,0,0,0,0,0,0,0
ReducedPrevNext,TapHead,4,3,present,8,1,1,1,0,0,0,0,0,0,0,0
ReducedPrevNext,TapHead,5,4,absent,0,80,0,80,0,0,0,0,0,0,0,N/A
ReducedPrevNext,TapHead,5,4,absent,1,152,0,130,0,0,22,0,22,0.144736842105,0.144736842105,N/A
ReducedPrevNext,TapHead,5,4,absent,2,311,269,272,0,0,37,2,50,0.12540192926,0.118971061093,0.137546468401
ReducedPrevNext,TapHead,5,4,absent,3,1293,1288,1086,0,0,201,6,306,0.160092807425,0.155452436195,0.156055900621
ReducedPrevNext,TapHead,5,4,absent,4,38,37,38,0,0,0,0,0,0,0,0
ReducedPrevNext,TapHead,5,4,absent,5,1,0,1,0,0,0,0,0,0,0,N/A
ReducedPrevNext,TapHead,5,4,present,0,116,0,116,0,0,0,0,0,0,0,N/A
ReducedPrevNext,TapHead,5,4,present,1,60,0,60,0,0,0,0,0,0,0,N/A
ReducedPrevNext,TapHead,5,4,present,2,28,9,26,0,0,2,0,2,0.071428571429,0.071428571429,0.222222222222
ReducedPrevNext,TapHead,5,4,present,3,35,20,29,0,0,6,0,6,0.171428571429,0.171428571429,0.3
ReducedPrevNext,TapHead,5,4,present,4,16,10,14,0,0,2,0,2,0.125,0.125,0.2
ReducedPrevNext,TapHead,5,4,present,5,2,0,2,0,0,0,0,0,0,0,N/A
ReducedPrevNext,TapHead,6,5,absent,0,19,0,19,0,0,0,0,0,0,0,N/A
ReducedPrevNext,TapHead,6,5,absent,1,63,0,63,0,0,0,0,0,0,0,N/A
ReducedPrevNext,TapHead,6,5,absent,2,93,93,93,0,0,0,0,0,0,0,0
ReducedPrevNext,TapHead,6,5,present,0,37,0,37,0,0,0,0,0,0,0,N/A
ReducedPrevNext,TapHead,6,5,present,1,7,0,3,0,0,4,0,4,0.571428571429,0.571428571429,N/A
ReducedPrevNext,TapHead,7,6,absent,0,29,0,29,0,0,0,0,0,0,0,N/A
ReducedPrevNext,TapHead,7,6,absent,1,78,0,78,0,0,0,0,0,0,0,N/A
ReducedPrevNext,TapHead,7,6,absent,2,35,35,35,0,0,0,0,0,0,0,0
ReducedPrevNext,LongNoteHead,2,1,absent,0,1,0,1,0,0,0,0,0,0,0,N/A
ReducedPrevNext,LongNoteHead,2,1,absent,1,1,0,1,0,0,0,0,0,0,0,N/A
ReducedPrevNext,LongNoteHead,2,1,absent,5,1,0,1,0,0,0,0,0,0,0,N/A
ReducedPrevNext,LongNoteHead,2,1,absent,6,55,54,33,0,0,22,0,72,0.4,0.4,0.407407407407
ReducedPrevNext,LongNoteHead,2,1,absent,7,13,7,13,0,0,0,0,0,0,0,0
ReducedPrevNext,LongNoteHead,2,1,absent,8,9,7,9,0,0,0,0,0,0,0,0
ReducedPrevNext,LongNoteHead,2,1,absent,9,16,15,16,0,0,0,0,0,0,0,0
ReducedPrevNext,LongNoteHead,2,1,absent,10,26,25,26,0,0,0,0,0,0,0,0
ReducedPrevNext,LongNoteHead,2,1,absent,11,81,79,80,0,0,0,1,1,0.012345679012,0,0
ReducedPrevNext,LongNoteHead,2,1,absent,12,174,174,171,0,0,2,1,3,0.01724137931,0.011494252874,0.011494252874
ReducedPrevNext,LongNoteHead,2,1,present,0,2,0,2,0,0,0,0,0,0,0,N/A
ReducedPrevNext,LongNoteHead,2,1,present,5,1,0,1,0,0,0,0,0,0,0,N/A
ReducedPrevNext,LongNoteHead,2,1,present,6,803,802,286,3,15,477,22,2153,0.643835616438,0.612702366127,0.594763092269
ReducedPrevNext,LongNoteHead,2,1,present,7,11,3,9,0,0,0,2,2,0.181818181818,0,0
ReducedPrevNext,LongNoteHead,2,1,present,8,15,10,11,0,0,4,0,4,0.266666666667,0.266666666667,0.4
ReducedPrevNext,LongNoteHead,2,1,present,9,44,38,40,0,0,4,0,4,0.090909090909,0.090909090909,0.105263157895
ReducedPrevNext,LongNoteHead,2,1,present,10,156,155,139,0,2,6,9,20,0.108974358974,0.051282051282,0.038709677419
ReducedPrevNext,LongNoteHead,2,1,present,11,490,482,424,7,11,12,36,99,0.134693877551,0.04693877551,0.02489626556
ReducedPrevNext,LongNoteHead,2,1,present,12,2352,2352,2095,12,39,137,69,416,0.109268707483,0.074829931973,0.05824829932
ReducedPrevNext,LongNoteHead,3,2,absent,0,10,0,10,0,0,0,0,0,0,0,N/A
ReducedPrevNext,LongNoteHead,3,2,absent,1,23,0,23,0,0,0,0,0,0,0,N/A
ReducedPrevNext,LongNoteHead,3,2,absent,2,43,37,30,0,0,13,0,16,0.302325581395,0.302325581395,0.351351351351
ReducedPrevNext,LongNoteHead,3,2,absent,3,37,31,19,0,0,18,0,24,0.486486486486,0.486486486486,0.58064516129
ReducedPrevNext,LongNoteHead,3,2,absent,4,68,65,29,0,2,36,1,59,0.573529411765,0.558823529412,0.553846153846
ReducedPrevNext,LongNoteHead,3,2,absent,5,39,26,37,0,0,2,0,2,0.051282051282,0.051282051282,0.076923076923
ReducedPrevNext,LongNoteHead,3,2,absent,6,76,75,76,0,0,0,0,0,0,0,0
ReducedPrevNext,LongNoteHead,3,2,absent,7,120,113,115,0,0,2,3,5,0.041666666667,0.016666666667,0.017699115044
ReducedPrevNext,LongNoteHead,3,2,absent,8,89,82,89,0,0,0,0,0,0,0,0
ReducedPrevNext,LongNoteHead,3,2,absent,9,49,49,49,0,0,0,0,0,0,0,0
ReducedPrevNext,LongNoteHead,3,2,absent,10,49,49,49,0,0,0,0,0,0,0,0
ReducedPrevNext,LongNoteHead,3,2,present,0,12,0,12,0,0,0,0,0,0,0,N/A
ReducedPrevNext,LongNoteHead,3,2,present,1,36,0,36,0,0,0,0,0,0,0,N/A
ReducedPrevNext,LongNoteHead,3,2,present,2,82,46,60,0,0,22,0,112,0.268292682927,0.268292682927,0.478260869565
ReducedPrevNext,LongNoteHead,3,2,present,3,107,65,80,0,0,27,0,180,0.252336448598,0.252336448598,0.415384615385
ReducedPrevNext,LongNoteHead,3,2,present,4,173,142,90,0,0,83,0,560,0.479768786127,0.479768786127,0.584507042254
ReducedPrevNext,LongNoteHead,3,2,present,5,216,166,206,0,0,10,0,10,0.046296296296,0.046296296296,0.060240963855
ReducedPrevNext,LongNoteHead,3,2,present,6,404,361,352,0,0,45,7,63,0.128712871287,0.111386138614,0.124653739612
ReducedPrevNext,LongNoteHead,3,2,present,7,516,456,470,0,0,38,8,46,0.089147286822,0.073643410853,0.083333333333
ReducedPrevNext,LongNoteHead,3,2,present,8,663,635,599,0,0,53,11,107,0.09653092006,0.079939668175,0.083464566929
ReducedPrevNext,LongNoteHead,3,2,present,9,495,480,432,3,0,54,6,118,0.127272727273,0.109090909091,0.1125
ReducedPrevNext,LongNoteHead,3,2,present,10,349,349,325,0,0,22,2,32,0.068767908309,0.063037249284,0.063037249284
ReducedPrevNext,LongNoteHead,4,3,absent,0,13,0,13,0,0,0,0,0,0,0,N/A
ReducedPrevNext,LongNoteHead,4,3,absent,1,95,0,56,0,0,39,0,94,0.410526315789,0.410526315789,N/A
ReducedPrevNext,LongNoteHead,4,3,absent,2,59,45,41,0,0,18,0,40,0.305084745763,0.305084745763,0.4
ReducedPrevNext,LongNoteHead,4,3,absent,3,65,50,65,0,0,0,0,0,0,0,0
ReducedPrevNext,LongNoteHead,4,3,absent,4,138,122,138,0,0,0,0,0,0,0,0
ReducedPrevNext,LongNoteHead,4,3,absent,5,54,52,54,0,0,0,0,0,0,0,0
ReducedPrevNext,LongNoteHead,4,3,absent,6,54,52,52,0,0,2,0,2,0.037037037037,0.037037037037,0.038461538462
ReducedPrevNext,LongNoteHead,4,3,absent,7,10,7,10,0,0,0,0,0,0,0,0
ReducedPrevNext,LongNoteHead,4,3,absent,8,8,8,8,0,0,0,0,0,0,0,0
ReducedPrevNext,LongNoteHead,4,3,present,0,72,0,72,0,0,0,0,0,0,0,N/A
ReducedPrevNext,LongNoteHead,4,3,present,1,191,0,189,0,0,2,0,2,0.010471204188,0.010471204188,N/A
ReducedPrevNext,LongNoteHead,4,3,present,2,253,130,242,0,0,10,1,11,0.04347826087,0.0395256917,0.076923076923
ReducedPrevNext,LongNoteHead,4,3,present,3,261,169,253,0,0,6,2,8,0.030651340996,0.022988505747,0.03550295858
ReducedPrevNext,LongNoteHead,4,3,present,4,390,328,364,0,0,22,4,26,0.066666666667,0.05641025641,0.067073170732
ReducedPrevNext,LongNoteHead,4,3,present,5,183,157,173,0,0,10,0,10,0.054644808743,0.054644808743,0.063694267516
ReducedPrevNext,LongNoteHead,4,3,present,6,114,104,102,0,0,10,2,12,0.105263157895,0.087719298246,0.096153846154
ReducedPrevNext,LongNoteHead,4,3,present,7,12,11,12,0,0,0,0,0,0,0,0
ReducedPrevNext,LongNoteHead,4,3,present,8,10,10,10,0,0,0,0,0,0,0,0
ReducedPrevNext,LongNoteHead,5,4,absent,0,45,0,45,0,0,0,0,0,0,0,N/A
ReducedPrevNext,LongNoteHead,5,4,absent,1,51,0,51,0,0,0,0,0,0,0,N/A
ReducedPrevNext,LongNoteHead,5,4,absent,2,29,20,29,0,0,0,0,0,0,0,0
ReducedPrevNext,LongNoteHead,5,4,absent,3,26,21,26,0,0,0,0,0,0,0,0
ReducedPrevNext,LongNoteHead,5,4,absent,4,10,9,10,0,0,0,0,0,0,0,0
ReducedPrevNext,LongNoteHead,5,4,absent,5,3,2,3,0,0,0,0,0,0,0,0
ReducedPrevNext,LongNoteHead,5,4,absent,6,1,1,1,0,0,0,0,0,0,0,0
ReducedPrevNext,LongNoteHead,5,4,present,0,119,0,119,0,0,0,0,0,0,0,N/A
ReducedPrevNext,LongNoteHead,5,4,present,1,120,0,108,0,0,12,0,12,0.1,0.1,N/A
ReducedPrevNext,LongNoteHead,5,4,present,2,77,53,59,0,0,18,0,18,0.233766233766,0.233766233766,0.339622641509
ReducedPrevNext,LongNoteHead,5,4,present,3,48,35,44,0,0,4,0,4,0.083333333333,0.083333333333,0.114285714286
ReducedPrevNext,LongNoteHead,5,4,present,4,29,25,25,0,0,4,0,4,0.137931034483,0.137931034483,0.16
ReducedPrevNext,LongNoteHead,5,4,present,5,6,6,4,0,0,2,0,2,0.333333333333,0.333333333333,0.333333333333
ReducedPrevNext,LongNoteHead,5,4,present,6,4,4,4,0,0,0,0,0,0,0,0
ReducedPrevNext,LongNoteHead,6,5,absent,0,17,0,17,0,0,0,0,0,0,0,N/A
ReducedPrevNext,LongNoteHead,6,5,absent,1,27,0,27,0,0,0,0,0,0,0,N/A
ReducedPrevNext,LongNoteHead,6,5,absent,2,3,3,3,0,0,0,0,0,0,0,0
ReducedPrevNext,LongNoteHead,6,5,present,0,25,0,25,0,0,0,0,0,0,0,N/A
ReducedPrevNext,LongNoteHead,6,5,present,1,15,0,7,0,0,8,0,8,0.533333333333,0.533333333333,N/A
ReducedPrevNext,LongNoteHead,6,5,present,2,6,6,6,0,0,0,0,0,0,0,0
ReducedPrevNext,LongNoteHead,7,6,absent,0,7,0,7,0,0,0,0,0,0,0,N/A
ReducedPrevNext,LongNoteHead,7,6,absent,1,5,0,5,0,0,0,0,0,0,0,N/A
ReducedPrevNext,LongNoteHead,7,6,absent,2,7,7,7,0,0,0,0,0,0,0,0
ReducedHeldPrevNext,TapHead,2,1,absent,0,6,0,6,0,0,0,0,0,0,0,N/A
ReducedHeldPrevNext,TapHead,2,1,absent,1,1,0,1,0,0,0,0,0,0,0,N/A
ReducedHeldPrevNext,TapHead,2,1,absent,3,654,654,450,0,4,176,24,262,0.311926605505,0.275229357798,0.269113149847
ReducedHeldPrevNext,TapHead,2,1,absent,5,1,0,1,0,0,0,0,0,0,0,N/A
ReducedHeldPrevNext,TapHead,2,1,absent,6,2857,2857,2246,6,35,464,106,954,0.213860693035,0.174658732937,0.162408120406
ReducedHeldPrevNext,TapHead,2,1,absent,7,384,382,279,0,6,82,17,234,0.2734375,0.229166666667,0.214659685864
ReducedHeldPrevNext,TapHead,2,1,absent,8,1415,1413,978,3,45,336,53,678,0.308833922261,0.26925795053,0.237791932059
ReducedHeldPrevNext,TapHead,2,1,absent,9,1028,1028,629,7,46,306,40,656,0.38813229572,0.342412451362,0.29766536965
ReducedHeldPrevNext,TapHead,2,1,absent,10,96,94,83,0,2,8,3,16,0.135416666667,0.104166666667,0.085106382979
ReducedHeldPrevNext,TapHead,2,1,absent,11,19,16,17,0,0,2,0,2,0.105263157895,0.105263157895,0.125
ReducedHeldPrevNext,TapHead,2,1,absent,12,988,988,943,0,6,22,17,54,0.045546558704,0.028340080972,0.022267206478
ReducedHeldPrevNext,TapHead,2,1,present,0,3,0,3,0,0,0,0,0,0,0,N/A
ReducedHeldPrevNext,TapHead,2,1,present,1,5,0,5,0,0,0,0,0,0,0,N/A
ReducedHeldPrevNext,TapHead,2,1,present,2,2,2,2,0,0,0,0,0,0,0,0
ReducedHeldPrevNext,TapHead,2,1,present,5,3,0,3,0,0,0,0,0,0,0,N/A
ReducedHeldPrevNext,TapHead,2,1,present,6,198,198,161,0,0,30,7,43,0.186868686869,0.151515151515,0.151515151515
ReducedHeldPrevNext,TapHead,2,1,present,7,8,3,8,0,0,0,0,0,0,0,0
ReducedHeldPrevNext,TapHead,2,1,present,8,21,16,21,0,0,0,0,0,0,0,0
ReducedHeldPrevNext,TapHead,2,1,present,9,88,86,84,0,0,4,0,4,0.045454545455,0.045454545455,0.046511627907
ReducedHeldPrevNext,TapHead,2,1,present,10,39,37,37,0,0,2,0,2,0.051282051282,0.051282051282,0.054054054054
ReducedHeldPrevNext,TapHead,2,1,present,11,64,50,64,0,0,0,0,0,0,0,0
ReducedHeldPrevNext,TapHead,2,1,present,12,1693,1693,1654,2,2,29,6,47,0.023036030715,0.018310691081,0.017129356172
ReducedHeldPrevNext,TapHead,3,2,absent,0,10,0,10,0,0,0,0,0,0,0,N/A
ReducedHeldPrevNext,TapHead,3,2,absent,1,9,0,9,0,0,0,0,0,0,0,N/A
ReducedHeldPrevNext,TapHead,3,2,absent,2,252,240,189,0,0,51,12,72,0.25,0.202380952381,0.2125
ReducedHeldPrevNext,TapHead,3,2,absent,3,102,87,95,0,0,6,1,8,0.06862745098,0.058823529412,0.068965517241
ReducedHeldPrevNext,TapHead,3,2,absent,4,463,436,386,0,5,63,9,103,0.166306695464,0.14686825054,0.144495412844
ReducedHeldPrevNext,TapHead,3,2,absent,5,4971,4951,4045,17,127,601,181,1444,0.186280426474,0.146449406558,0.121389618259
ReducedHeldPrevNext,TapHead,3,2,absent,6,708,697,604,0,3,92,9,146,0.146892655367,0.13418079096,0.131994261119
ReducedHeldPrevNext,TapHead,3,2,absent,7,446,413,339,0,4,95,8,146,0.239910313901,0.22197309417,0.230024213075
ReducedHeldPrevNext,TapHead,3,2,absent,8,653,644,522,0,0,125,6,168,0.200612557427,0.191424196018,0.194099378882
ReducedHeldPrevNext,TapHead,3,2,absent,9,88,86,88,0,0,0,0,0,0,0,0
ReducedHeldPrevNext,TapHead,3,2,absent,10,203,203,197,0,0,6,0,6,0.029556650246,0.029556650246,0.029556650246
ReducedHeldPrevNext,TapHead,3,2,present,0,21,0,21,0,0,0,0,0,0,0,N/A
ReducedHeldPrevNext,TapHead,3,2,present,1,34,0,34,0,0,0,0,0,0,0,N/A
ReducedHeldPrevNext,TapHead,3,2,present,2,51,19,51,0,0,0,0,0,0,0,0
ReducedHeldPrevNext,TapHead,3,2,present,3,52,28,48,0,0,4,0,4,0.076923076923,0.076923076923,0.142857142857
ReducedHeldPrevNext,TapHead,3,2,present,4,103,63,97,0,0,6,0,6,0.058252427184,0.058252427184,0.095238095238
ReducedHeldPrevNext,TapHead,3,2,present,5,151,113,151,0,0,0,0,0,0,0,0
ReducedHeldPrevNext,TapHead,3,2,present,6,134,100,129,0,0,4,1,5,0.037313432836,0.029850746269,0.04
ReducedHeldPrevNext,TapHead,3,2,present,7,275,212,264,0,0,10,1,11,0.04,0.036363636364,0.047169811321
ReducedHeldPrevNext,TapHead,3,2,present,8,333,291,316,0,0,16,1,17,0.051051051051,0.048048048048,0.054982817869
ReducedHeldPrevNext,TapHead,3,2,present,9,215,187,215,0,0,0,0,0,0,0,0
ReducedHeldPrevNext,TapHead,3,2,present,10,213,213,195,0,0,18,0,18,0.084507042254,0.084507042254,0.084507042254
ReducedHeldPrevNext,TapHead,4,3,absent,0,57,0,57,0,0,0,0,0,0,0,N/A
ReducedHeldPrevNext,TapHead,4,3,absent,1,265,0,223,0,0,42,0,48,0.158490566038,0.158490566038,N/A
ReducedHeldPrevNext,TapHead,4,3,absent,2,271,230,248,0,0,21,2,34,0.084870848708,0.077490774908,0.091304347826
ReducedHeldPrevNext,TapHead,4,3,absent,3,471,416,427,0,4,28,12,56,0.093418259023,0.067940552017,0.067307692308
ReducedHeldPrevNext,TapHead,4,3,absent,4,5710,5685,3785,0,383,1195,347,3898,0.337127845884,0.276357267951,0.210202286719
ReducedHeldPrevNext,TapHead,4,3,absent,5,292,281,290,0,0,2,0,2,0.006849315068,0.006849315068,0.007117437722
ReducedHeldPrevNext,TapHead,4,3,absent,6,106,103,106,0,0,0,0,0,0,0,0
ReducedHeldPrevNext,TapHead,4,3,absent,7,15,15,13,0,0,2,0,2,0.133333333333,0.133333333333,0.133333333333
ReducedHeldPrevNext,TapHead,4,3,absent,8,57,57,55,0,0,0,2,2,0.035087719298,0,0
ReducedHeldPrevNext,TapHead,4,3,present,0,63,0,63,0,0,0,0,0,0,0,N/A
ReducedHeldPrevNext,TapHead,4,3,present,1,192,0,188,0,0,4,0,4,0.020833333333,0.020833333333,N/A
ReducedHeldPrevNext,TapHead,4,3,present,2,229,115,225,0,0,4,0,4,0.017467248908,0.017467248908,0.034782608696
ReducedHeldPrevNext,TapHead,4,3,present,3,206,116,202,0,0,4,0,4,0.019417475728,0.019417475728,0.034482758621
ReducedHeldPrevNext,TapHead,4,3,present,4,134,95,130,0,0,4,0,4,0.029850746269,0.029850746269,0.042105263158
ReducedHeldPrevNext,TapHead,4,3,present,5,114,95,114,0,0,0,0,0,0,0,0
ReducedHeldPrevNext,TapHead,4,3,present,6,45,40,45,0,0,0,0,0,0,0,0
ReducedHeldPrevNext,TapHead,4,3,present,7,10,10,10,0,0,0,0,0,0,0,0
ReducedHeldPrevNext,TapHead,4,3,present,8,1,1,1,0,0,0,0,0,0,0,0
ReducedHeldPrevNext,TapHead,5,4,absent,0,80,0,80,0,0,0,0,0,0,0,N/A
ReducedHeldPrevNext,TapHead,5,4,absent,1,152,0,130,0,0,22,0,22,0.144736842105,0.144736842105,N/A
ReducedHeldPrevNext,TapHead,5,4,absent,2,311,269,272,0,0,37,2,50,0.12540192926,0.118971061093,0.137546468401
ReducedHeldPrevNext,TapHead,5,4,absent,3,1293,1288,1086,0,0,201,6,306,0.160092807425,0.155452436195,0.156055900621
ReducedHeldPrevNext,TapHead,5,4,absent,4,38,37,38,0,0,0,0,0,0,0,0
ReducedHeldPrevNext,TapHead,5,4,absent,5,1,0,1,0,0,0,0,0,0,0,N/A
ReducedHeldPrevNext,TapHead,5,4,present,0,116,0,116,0,0,0,0,0,0,0,N/A
ReducedHeldPrevNext,TapHead,5,4,present,1,60,0,60,0,0,0,0,0,0,0,N/A
ReducedHeldPrevNext,TapHead,5,4,present,2,28,9,26,0,0,2,0,2,0.071428571429,0.071428571429,0.222222222222
ReducedHeldPrevNext,TapHead,5,4,present,3,35,20,29,0,0,6,0,6,0.171428571429,0.171428571429,0.3
ReducedHeldPrevNext,TapHead,5,4,present,4,16,10,14,0,0,2,0,2,0.125,0.125,0.2
ReducedHeldPrevNext,TapHead,5,4,present,5,2,0,2,0,0,0,0,0,0,0,N/A
ReducedHeldPrevNext,TapHead,6,5,absent,0,19,0,19,0,0,0,0,0,0,0,N/A
ReducedHeldPrevNext,TapHead,6,5,absent,1,63,0,63,0,0,0,0,0,0,0,N/A
ReducedHeldPrevNext,TapHead,6,5,absent,2,93,93,93,0,0,0,0,0,0,0,0
ReducedHeldPrevNext,TapHead,6,5,present,0,37,0,37,0,0,0,0,0,0,0,N/A
ReducedHeldPrevNext,TapHead,6,5,present,1,7,0,3,0,0,4,0,4,0.571428571429,0.571428571429,N/A
ReducedHeldPrevNext,TapHead,7,6,absent,0,29,0,29,0,0,0,0,0,0,0,N/A
ReducedHeldPrevNext,TapHead,7,6,absent,1,78,0,78,0,0,0,0,0,0,0,N/A
ReducedHeldPrevNext,TapHead,7,6,absent,2,35,35,35,0,0,0,0,0,0,0,0
ReducedHeldPrevNext,LongNoteHead,2,1,absent,0,1,0,1,0,0,0,0,0,0,0,N/A
ReducedHeldPrevNext,LongNoteHead,2,1,absent,1,1,0,1,0,0,0,0,0,0,0,N/A
ReducedHeldPrevNext,LongNoteHead,2,1,absent,5,1,0,1,0,0,0,0,0,0,0,N/A
ReducedHeldPrevNext,LongNoteHead,2,1,absent,6,55,54,33,0,0,22,0,72,0.4,0.4,0.407407407407
ReducedHeldPrevNext,LongNoteHead,2,1,absent,7,13,7,13,0,0,0,0,0,0,0,0
ReducedHeldPrevNext,LongNoteHead,2,1,absent,8,9,7,9,0,0,0,0,0,0,0,0
ReducedHeldPrevNext,LongNoteHead,2,1,absent,9,16,15,16,0,0,0,0,0,0,0,0
ReducedHeldPrevNext,LongNoteHead,2,1,absent,10,26,25,26,0,0,0,0,0,0,0,0
ReducedHeldPrevNext,LongNoteHead,2,1,absent,11,81,79,81,0,0,0,0,0,0,0,0
ReducedHeldPrevNext,LongNoteHead,2,1,absent,12,174,174,172,0,0,2,0,2,0.011494252874,0.011494252874,0.011494252874
ReducedHeldPrevNext,LongNoteHead,2,1,present,0,2,0,2,0,0,0,0,0,0,0,N/A
ReducedHeldPrevNext,LongNoteHead,2,1,present,5,1,0,1,0,0,0,0,0,0,0,N/A
ReducedHeldPrevNext,LongNoteHead,2,1,present,6,803,802,336,0,0,462,5,1801,0.581569115816,0.575342465753,0.576059850374
ReducedHeldPrevNext,LongNoteHead,2,1,present,7,11,3,9,0,0,0,2,2,0.181818181818,0,0
ReducedHeldPrevNext,LongNoteHead,2,1,present,8,15,10,11,0,0,4,0,4,0.266666666667,0.266666666667,0.4
ReducedHeldPrevNext,LongNoteHead,2,1,present,9,44,38,40,0,0,4,0,4,0.090909090909,0.090909090909,0.105263157895
ReducedHeldPrevNext,LongNoteHead,2,1,present,10,156,155,152,0,0,4,0,4,0.025641025641,0.025641025641,0.025806451613
ReducedHeldPrevNext,LongNoteHead,2,1,present,11,490,482,480,0,0,6,4,10,0.020408163265,0.012244897959,0.01244813278
ReducedHeldPrevNext,LongNoteHead,2,1,present,12,2352,2352,2233,1,0,117,1,141,0.050595238095,0.049744897959,0.049744897959
ReducedHeldPrevNext,LongNoteHead,3,2,absent,0,10,0,10,0,0,0,0,0,0,0,N/A
ReducedHeldPrevNext,LongNoteHead,3,2,absent,1,23,0,23,0,0,0,0,0,0,0,N/A
ReducedHeldPrevNext,LongNoteHead,3,2,absent,2,43,37,30,0,0,13,0,16,0.302325581395,0.302325581395,0.351351351351
ReducedHeldPrevNext,LongNoteHead,3,2,absent,3,37,31,19,0,0,18,0,24,0.486486486486,0.486486486486,0.58064516129
ReducedHeldPrevNext,LongNoteHead,3,2,absent,4,68,65,29,0,2,36,1,59,0.573529411765,0.558823529412,0.553846153846
ReducedHeldPrevNext,LongNoteHead,3,2,absent,5,39,26,37,0,0,2,0,2,0.051282051282,0.051282051282,0.076923076923
ReducedHeldPrevNext,LongNoteHead,3,2,absent,6,76,75,76,0,0,0,0,0,0,0,0
ReducedHeldPrevNext,LongNoteHead,3,2,absent,7,120,113,116,0,0,2,2,4,0.033333333333,0.016666666667,0.017699115044
ReducedHeldPrevNext,LongNoteHead,3,2,absent,8,89,82,89,0,0,0,0,0,0,0,0
ReducedHeldPrevNext,LongNoteHead,3,2,absent,9,49,49,49,0,0,0,0,0,0,0,0
ReducedHeldPrevNext,LongNoteHead,3,2,absent,10,49,49,49,0,0,0,0,0,0,0,0
ReducedHeldPrevNext,LongNoteHead,3,2,present,0,12,0,12,0,0,0,0,0,0,0,N/A
ReducedHeldPrevNext,LongNoteHead,3,2,present,1,36,0,36,0,0,0,0,0,0,0,N/A
ReducedHeldPrevNext,LongNoteHead,3,2,present,2,82,46,60,0,0,22,0,112,0.268292682927,0.268292682927,0.478260869565
ReducedHeldPrevNext,LongNoteHead,3,2,present,3,107,65,80,0,0,27,0,180,0.252336448598,0.252336448598,0.415384615385
ReducedHeldPrevNext,LongNoteHead,3,2,present,4,173,142,90,0,0,83,0,560,0.479768786127,0.479768786127,0.584507042254
ReducedHeldPrevNext,LongNoteHead,3,2,present,5,216,166,210,0,0,6,0,6,0.027777777778,0.027777777778,0.036144578313
ReducedHeldPrevNext,LongNoteHead,3,2,present,6,404,361,377,0,0,27,0,30,0.066831683168,0.066831683168,0.074792243767
ReducedHeldPrevNext,LongNoteHead,3,2,present,7,516,456,489,0,0,26,1,27,0.052325581395,0.050387596899,0.05701754386
ReducedHeldPrevNext,LongNoteHead,3,2,present,8,663,635,621,0,0,42,0,64,0.06334841629,0.06334841629,0.066141732283
ReducedHeldPrevNext,LongNoteHead,3,2,present,9,495,480,445,0,0,50,0,88,0.10101010101,0.10101010101,0.104166666667
ReducedHeldPrevNext,LongNoteHead,3,2,present,10,349,349,336,0,0,13,0,16,0.037249283668,0.037249283668,0.037249283668
ReducedHeldPrevNext,LongNoteHead,4,3,absent,0,13,0,13,0,0,0,0,0,0,0,N/A
ReducedHeldPrevNext,LongNoteHead,4,3,absent,1,95,0,56,0,0,39,0,94,0.410526315789,0.410526315789,N/A
ReducedHeldPrevNext,LongNoteHead,4,3,absent,2,59,45,41,0,0,18,0,40,0.305084745763,0.305084745763,0.4
ReducedHeldPrevNext,LongNoteHead,4,3,absent,3,65,50,65,0,0,0,0,0,0,0,0
ReducedHeldPrevNext,LongNoteHead,4,3,absent,4,138,122,138,0,0,0,0,0,0,0,0
ReducedHeldPrevNext,LongNoteHead,4,3,absent,5,54,52,54,0,0,0,0,0,0,0,0
ReducedHeldPrevNext,LongNoteHead,4,3,absent,6,54,52,52,0,0,2,0,2,0.037037037037,0.037037037037,0.038461538462
ReducedHeldPrevNext,LongNoteHead,4,3,absent,7,10,7,10,0,0,0,0,0,0,0,0
ReducedHeldPrevNext,LongNoteHead,4,3,absent,8,8,8,8,0,0,0,0,0,0,0,0
ReducedHeldPrevNext,LongNoteHead,4,3,present,0,72,0,72,0,0,0,0,0,0,0,N/A
ReducedHeldPrevNext,LongNoteHead,4,3,present,1,191,0,189,0,0,2,0,2,0.010471204188,0.010471204188,N/A
ReducedHeldPrevNext,LongNoteHead,4,3,present,2,253,130,247,0,0,6,0,6,0.02371541502,0.02371541502,0.046153846154
ReducedHeldPrevNext,LongNoteHead,4,3,present,3,261,169,255,0,0,6,0,6,0.022988505747,0.022988505747,0.03550295858
ReducedHeldPrevNext,LongNoteHead,4,3,present,4,390,328,372,0,0,18,0,18,0.046153846154,0.046153846154,0.05487804878
ReducedHeldPrevNext,LongNoteHead,4,3,present,5,183,157,175,0,0,8,0,8,0.043715846995,0.043715846995,0.050955414013
ReducedHeldPrevNext,LongNoteHead,4,3,present,6,114,104,106,0,0,8,0,8,0.070175438596,0.070175438596,0.076923076923
ReducedHeldPrevNext,LongNoteHead,4,3,present,7,12,11,12,0,0,0,0,0,0,0,0
ReducedHeldPrevNext,LongNoteHead,4,3,present,8,10,10,10,0,0,0,0,0,0,0,0
ReducedHeldPrevNext,LongNoteHead,5,4,absent,0,45,0,45,0,0,0,0,0,0,0,N/A
ReducedHeldPrevNext,LongNoteHead,5,4,absent,1,51,0,51,0,0,0,0,0,0,0,N/A
ReducedHeldPrevNext,LongNoteHead,5,4,absent,2,29,20,29,0,0,0,0,0,0,0,0
ReducedHeldPrevNext,LongNoteHead,5,4,absent,3,26,21,26,0,0,0,0,0,0,0,0
ReducedHeldPrevNext,LongNoteHead,5,4,absent,4,10,9,10,0,0,0,0,0,0,0,0
ReducedHeldPrevNext,LongNoteHead,5,4,absent,5,3,2,3,0,0,0,0,0,0,0,0
ReducedHeldPrevNext,LongNoteHead,5,4,absent,6,1,1,1,0,0,0,0,0,0,0,0
ReducedHeldPrevNext,LongNoteHead,5,4,present,0,119,0,119,0,0,0,0,0,0,0,N/A
ReducedHeldPrevNext,LongNoteHead,5,4,present,1,120,0,108,0,0,12,0,12,0.1,0.1,N/A
ReducedHeldPrevNext,LongNoteHead,5,4,present,2,77,53,59,0,0,18,0,18,0.233766233766,0.233766233766,0.339622641509
ReducedHeldPrevNext,LongNoteHead,5,4,present,3,48,35,44,0,0,4,0,4,0.083333333333,0.083333333333,0.114285714286
ReducedHeldPrevNext,LongNoteHead,5,4,present,4,29,25,25,0,0,4,0,4,0.137931034483,0.137931034483,0.16
ReducedHeldPrevNext,LongNoteHead,5,4,present,5,6,6,4,0,0,2,0,2,0.333333333333,0.333333333333,0.333333333333
ReducedHeldPrevNext,LongNoteHead,5,4,present,6,4,4,4,0,0,0,0,0,0,0,0
ReducedHeldPrevNext,LongNoteHead,6,5,absent,0,17,0,17,0,0,0,0,0,0,0,N/A
ReducedHeldPrevNext,LongNoteHead,6,5,absent,1,27,0,27,0,0,0,0,0,0,0,N/A
ReducedHeldPrevNext,LongNoteHead,6,5,absent,2,3,3,3,0,0,0,0,0,0,0,0
ReducedHeldPrevNext,LongNoteHead,6,5,present,0,25,0,25,0,0,0,0,0,0,0,N/A
ReducedHeldPrevNext,LongNoteHead,6,5,present,1,15,0,7,0,0,8,0,8,0.533333333333,0.533333333333,N/A
ReducedHeldPrevNext,LongNoteHead,6,5,present,2,6,6,6,0,0,0,0,0,0,0,0
ReducedHeldPrevNext,LongNoteHead,7,6,absent,0,7,0,7,0,0,0,0,0,0,0,N/A
ReducedHeldPrevNext,LongNoteHead,7,6,absent,1,5,0,5,0,0,0,0,0,0,0,N/A
ReducedHeldPrevNext,LongNoteHead,7,6,absent,2,7,7,7,0,0,0,0,0,0,0,0
