target_type,original_chord_size,reduced_visible_count,held_before,baseline_completion_count,comparable_view_count,target_resolving_view_count,coverage_signature,trials,primary_competing_trials,unique_wrong_views
LongNoteHead,2,1,absent,0,0,0,00000000,1,0,0
LongNoteHead,2,1,absent,1,1,0,10000000,1,0,1
LongNoteHead,2,1,absent,10,2,0,11000000,6,6,0
LongNoteHead,2,1,absent,10,3,0,11001000,3,3,2
LongNoteHead,2,1,absent,10,3,0,11100000,2,2,1
LongNoteHead,2,1,absent,10,4,0,11001100,3,3,3
LongNoteHead,2,1,absent,10,4,0,11101000,5,5,1
LongNoteHead,2,1,absent,10,4,0,11110000,1,1,2
LongNoteHead,2,1,absent,10,6,0,11111100,4,3,4
LongNoteHead,2,1,absent,10,6,2,11111100,2,2,0
LongNoteHead,2,1,absent,11,2,0,11000000,16,15,0
LongNoteHead,2,1,absent,11,3,0,11001000,4,4,0
LongNoteHead,2,1,absent,11,3,0,11100000,4,4,3
LongNoteHead,2,1,absent,11,4,0,11001100,10,10,10
LongNoteHead,2,1,absent,11,4,0,11101000,16,16,5
LongNoteHead,2,1,absent,11,4,0,11110000,7,6,2
LongNoteHead,2,1,absent,11,4,1,11101000,1,1,1
LongNoteHead,2,1,absent,11,4,2,11001100,1,1,0
LongNoteHead,2,1,absent,11,5,0,11101100,7,7,7
LongNoteHead,2,1,absent,11,5,0,11111000,4,4,8
LongNoteHead,2,1,absent,11,5,1,11101100,1,1,2
LongNoteHead,2,1,absent,11,6,0,11111100,7,7,15
LongNoteHead,2,1,absent,11,6,2,11111100,2,2,0
LongNoteHead,2,1,absent,11,7,0,11111110,1,1,4
LongNoteHead,2,1,absent,12,2,0,11000000,35,35,0
LongNoteHead,2,1,absent,12,3,0,11001000,13,13,8
LongNoteHead,2,1,absent,12,3,0,11100000,14,14,5
LongNoteHead,2,1,absent,12,3,1,11100000,3,3,0
LongNoteHead,2,1,absent,12,4,0,11001100,15,15,13
LongNoteHead,2,1,absent,12,4,0,11101000,31,31,12
LongNoteHead,2,1,absent,12,4,0,11110000,8,8,9
LongNoteHead,2,1,absent,12,4,1,11001100,1,1,0
LongNoteHead,2,1,absent,12,4,1,11101000,2,2,1
LongNoteHead,2,1,absent,12,4,2,11001100,4,4,0
LongNoteHead,2,1,absent,12,5,0,11101100,19,19,21
LongNoteHead,2,1,absent,12,5,0,11111000,6,6,10
LongNoteHead,2,1,absent,12,5,1,11101100,1,1,0
LongNoteHead,2,1,absent,12,5,1,11111000,2,2,2
LongNoteHead,2,1,absent,12,5,2,11111000,1,1,0
LongNoteHead,2,1,absent,12,6,0,11111100,12,12,13
LongNoteHead,2,1,absent,12,6,1,11111100,2,2,2
LongNoteHead,2,1,absent,12,6,2,11111100,2,2,1
LongNoteHead,2,1,absent,12,7,0,11111110,1,1,1
LongNoteHead,2,1,absent,12,8,4,11111111,2,2,0
LongNoteHead,2,1,absent,5,4,0,11110000,1,0,2
LongNoteHead,2,1,absent,6,2,0,11000000,1,0,0
LongNoteHead,2,1,absent,6,3,0,11001000,1,1,2
LongNoteHead,2,1,absent,6,3,0,11100000,1,1,0
LongNoteHead,2,1,absent,6,3,1,11100000,2,2,0
LongNoteHead,2,1,absent,6,4,0,11001100,2,2,0
LongNoteHead,2,1,absent,6,4,0,11101000,1,1,2
LongNoteHead,2,1,absent,6,4,0,11110000,1,1,2
LongNoteHead,2,1,absent,6,4,1,11001100,3,3,0
LongNoteHead,2,1,absent,6,4,1,11101000,1,1,0
LongNoteHead,2,1,absent,6,4,1,11110000,1,1,0
LongNoteHead,2,1,absent,6,4,2,11110000,1,1,0
LongNoteHead,2,1,absent,6,5,0,11101100,2,2,4
LongNoteHead,2,1,absent,6,5,0,11111000,1,1,0
LongNoteHead,2,1,absent,6,5,1,11101100,1,1,1
LongNoteHead,2,1,absent,6,5,1,11111000,1,1,1
LongNoteHead,2,1,absent,6,5,2,11101100,1,1,0
LongNoteHead,2,1,absent,6,5,2,11111000,2,2,0
LongNoteHead,2,1,absent,6,5,3,11111000,2,2,0
LongNoteHead,2,1,absent,6,6,0,11111100,2,2,0
LongNoteHead,2,1,absent,6,6,1,11111100,5,5,0
LongNoteHead,2,1,absent,6,6,2,11111100,1,1,0
LongNoteHead,2,1,absent,6,8,3,11111111,13,13,0
LongNoteHead,2,1,absent,6,8,4,11111111,6,6,0
LongNoteHead,2,1,absent,6,8,5,11111111,3,3,0
LongNoteHead,2,1,absent,7,2,0,11000000,6,1,0
LongNoteHead,2,1,absent,7,3,0,11001000,1,1,0
LongNoteHead,2,1,absent,7,3,0,11100000,1,0,0
LongNoteHead,2,1,absent,7,4,0,11001100,3,3,4
LongNoteHead,2,1,absent,7,4,0,11110000,1,1,2
LongNoteHead,2,1,absent,7,5,1,11101100,1,1,0
LongNoteHead,2,1,absent,8,2,0,11000000,2,2,0
LongNoteHead,2,1,absent,8,4,1,11001100,2,2,0
LongNoteHead,2,1,absent,8,4,2,11110000,1,1,0
LongNoteHead,2,1,absent,8,5,0,11101100,1,0,2
LongNoteHead,2,1,absent,8,5,2,11111000,1,1,1
LongNoteHead,2,1,absent,8,6,0,11111100,2,1,7
LongNoteHead,2,1,absent,9,2,0,11000000,8,8,0
LongNoteHead,2,1,absent,9,3,0,11001000,1,1,1
LongNoteHead,2,1,absent,9,4,0,11001100,3,3,4
LongNoteHead,2,1,absent,9,4,0,11101000,1,1,1
LongNoteHead,2,1,absent,9,4,0,11110000,1,0,2
LongNoteHead,2,1,absent,9,4,2,11001100,1,1,0
LongNoteHead,2,1,absent,9,5,0,11111000,1,1,3
LongNoteHead,2,1,present,0,0,0,00000000,2,0,0
LongNoteHead,2,1,present,10,1,0,10000000,1,1,0
LongNoteHead,2,1,present,10,2,0,11000000,10,10,4
LongNoteHead,2,1,present,10,2,1,11000000,4,4,0
LongNoteHead,2,1,present,10,3,0,10001100,1,1,0
LongNoteHead,2,1,present,10,3,0,10101000,2,2,3
LongNoteHead,2,1,present,10,3,0,11001000,1,1,1
LongNoteHead,2,1,present,10,3,0,11100000,5,5,0
LongNoteHead,2,1,present,10,3,1,10001100,1,1,0
LongNoteHead,2,1,present,10,3,1,11001000,1,1,0
LongNoteHead,2,1,present,10,3,1,11100000,4,4,2
LongNoteHead,2,1,present,10,4,0,10101100,1,1,1
LongNoteHead,2,1,present,10,4,0,11001100,9,9,4
LongNoteHead,2,1,present,10,4,0,11101000,4,3,2
LongNoteHead,2,1,present,10,4,0,11110000,13,13,10
LongNoteHead,2,1,present,10,4,1,11001100,9,9,2
LongNoteHead,2,1,present,10,4,1,11101000,1,1,1
LongNoteHead,2,1,present,10,4,1,11110000,6,6,2
LongNoteHead,2,1,present,10,4,2,11001100,1,1,1
LongNoteHead,2,1,present,10,4,2,11110000,2,2,0
LongNoteHead,2,1,present,10,4,3,11110000,1,1,0
LongNoteHead,2,1,present,10,5,0,10111100,4,4,7
LongNoteHead,2,1,present,10,5,0,11101100,2,2,2
LongNoteHead,2,1,present,10,5,0,11111000,1,1,1
LongNoteHead,2,1,present,10,5,1,10111100,2,2,2
LongNoteHead,2,1,present,10,5,1,11101100,3,3,4
LongNoteHead,2,1,present,10,5,1,11111000,1,1,0
LongNoteHead,2,1,present,10,6,0,10111110,1,1,1
LongNoteHead,2,1,present,10,6,0,11111100,13,13,6
LongNoteHead,2,1,present,10,6,1,10111110,1,1,0
LongNoteHead,2,1,present,10,6,1,11111100,29,29,20
LongNoteHead,2,1,present,10,6,2,11111100,2,2,5
LongNoteHead,2,1,present,10,6,3,11111100,5,5,0
LongNoteHead,2,1,present,10,7,0,11111110,6,6,8
LongNoteHead,2,1,present,10,7,1,11111110,4,4,3
LongNoteHead,2,1,present,10,7,2,11111110,1,1,0
LongNoteHead,2,1,present,10,8,4,11111111,4,4,0
LongNoteHead,2,1,present,11,1,0,10000000,11,10,0
LongNoteHead,2,1,present,11,2,0,10100000,3,2,2
LongNoteHead,2,1,present,11,2,0,11000000,37,36,14
LongNoteHead,2,1,present,11,2,1,10100000,1,1,0
LongNoteHead,2,1,present,11,2,1,11000000,4,4,0
LongNoteHead,2,1,present,11,3,0,10001100,8,8,7
LongNoteHead,2,1,present,11,3,0,10101000,2,2,0
LongNoteHead,2,1,present,11,3,0,10110000,6,6,7
LongNoteHead,2,1,present,11,3,0,11001000,3,3,1
LongNoteHead,2,1,present,11,3,0,11100000,12,10,10
LongNoteHead,2,1,present,11,3,1,11001000,1,1,0
LongNoteHead,2,1,present,11,3,1,11100000,2,2,1
LongNoteHead,2,1,present,11,3,2,10001100,1,1,0
LongNoteHead,2,1,present,11,4,0,10101100,1,1,1
LongNoteHead,2,1,present,11,4,0,11001100,30,29,27
LongNoteHead,2,1,present,11,4,0,11101000,8,7,4
LongNoteHead,2,1,present,11,4,0,11110000,28,27,21
LongNoteHead,2,1,present,11,4,1,10101100,2,2,2
LongNoteHead,2,1,present,11,4,1,11001100,13,13,1
LongNoteHead,2,1,present,11,4,1,11101000,5,5,0
LongNoteHead,2,1,present,11,4,1,11110000,15,15,3
LongNoteHead,2,1,present,11,4,2,11001100,3,3,1
LongNoteHead,2,1,present,11,4,2,11110000,4,4,0
LongNoteHead,2,1,present,11,4,3,11001100,1,1,0
LongNoteHead,2,1,present,11,5,0,10111100,25,25,17
LongNoteHead,2,1,present,11,5,0,11101100,4,4,4
LongNoteHead,2,1,present,11,5,0,11111000,11,11,15
LongNoteHead,2,1,present,11,5,1,10111100,3,3,4
LongNoteHead,2,1,present,11,5,1,11101100,5,5,5
LongNoteHead,2,1,present,11,5,1,11111000,4,4,3
LongNoteHead,2,1,present,11,5,2,10111100,1,1,2
LongNoteHead,2,1,present,11,5,2,11111000,1,1,1
LongNoteHead,2,1,present,11,6,0,10111110,5,5,2
LongNoteHead,2,1,present,11,6,0,11111100,59,59,55
LongNoteHead,2,1,present,11,6,1,10111110,2,2,0
LongNoteHead,2,1,present,11,6,1,11111100,94,94,63
LongNoteHead,2,1,present,11,6,2,11111100,10,10,5
LongNoteHead,2,1,present,11,6,3,11111100,5,5,0
LongNoteHead,2,1,present,11,6,4,11111100,1,1,0
LongNoteHead,2,1,present,11,7,0,11111110,28,28,35
LongNoteHead,2,1,present,11,7,1,11111110,16,16,18
LongNoteHead,2,1,present,11,7,2,11111110,5,5,0
LongNoteHead,2,1,present,11,8,0,11111111,4,4,9
LongNoteHead,2,1,present,11,8,1,11111111,2,2,0
LongNoteHead,2,1,present,11,8,2,11111111,2,2,0
LongNoteHead,2,1,present,11,8,3,11111111,2,2,0
LongNoteHead,2,1,present,12,1,0,10000000,85,85,0
LongNoteHead,2,1,present,12,2,0,10001000,31,31,22
LongNoteHead,2,1,present,12,2,0,10100000,35,35,20
LongNoteHead,2,1,present,12,2,0,11000000,279,279,86
LongNoteHead,2,1,present,12,2,1,10001000,6,6,0
LongNoteHead,2,1,present,12,2,1,10100000,6,6,0
LongNoteHead,2,1,present,12,2,1,11000000,52,52,0
LongNoteHead,2,1,present,12,3,0,10001100,23,23,16
LongNoteHead,2,1,present,12,3,0,10101000,28,28,20
LongNoteHead,2,1,present,12,3,0,10110000,7,7,10
LongNoteHead,2,1,present,12,3,0,11001000,121,121,110
LongNoteHead,2,1,present,12,3,0,11100000,108,108,91
LongNoteHead,2,1,present,12,3,1,10001100,1,1,0
LongNoteHead,2,1,present,12,3,1,10101000,6,6,5
LongNoteHead,2,1,present,12,3,1,10110000,2,2,0
LongNoteHead,2,1,present,12,3,1,11001000,52,52,19
LongNoteHead,2,1,present,12,3,1,11100000,54,54,12
LongNoteHead,2,1,present,12,3,2,10001100,9,9,0
LongNoteHead,2,1,present,12,3,2,10101000,2,2,0
LongNoteHead,2,1,present,12,3,2,10110000,2,2,0
LongNoteHead,2,1,present,12,3,2,11001000,5,5,0
LongNoteHead,2,1,present,12,3,2,11100000,7,7,0
LongNoteHead,2,1,present,12,4,0,10101100,11,11,8
LongNoteHead,2,1,present,12,4,0,10111000,13,13,19
LongNoteHead,2,1,present,12,4,0,11001100,76,76,74
LongNoteHead,2,1,present,12,4,0,11101000,140,140,113
LongNoteHead,2,1,present,12,4,0,11110000,65,65,69
LongNoteHead,2,1,present,12,4,1,10101100,4,4,2
LongNoteHead,2,1,present,12,4,1,10111000,2,2,1
LongNoteHead,2,1,present,12,4,1,11001100,36,36,21
LongNoteHead,2,1,present,12,4,1,11101000,102,102,49
LongNoteHead,2,1,present,12,4,1,11110000,33,33,16
LongNoteHead,2,1,present,12,4,2,10101100,1,1,1
LongNoteHead,2,1,present,12,4,2,11001100,19,19,4
LongNoteHead,2,1,present,12,4,2,11101000,26,26,6
LongNoteHead,2,1,present,12,4,2,11110000,21,21,0
LongNoteHead,2,1,present,12,4,3,11001100,5,5,0
LongNoteHead,2,1,present,12,4,3,11101000,5,5,0
LongNoteHead,2,1,present,12,4,3,11110000,3,3,0
LongNoteHead,2,1,present,12,5,0,10111100,17,17,16
LongNoteHead,2,1,present,12,5,0,11101100,85,85,100
LongNoteHead,2,1,present,12,5,0,11111000,38,38,60
LongNoteHead,2,1,present,12,5,1,10111100,6,6,1
LongNoteHead,2,1,present,12,5,1,11101100,62,62,53
LongNoteHead,2,1,present,12,5,1,11111000,34,34,20
LongNoteHead,2,1,present,12,5,2,10111100,3,3,0
LongNoteHead,2,1,present,12,5,2,11101100,31,31,8
LongNoteHead,2,1,present,12,5,2,11111000,25,25,4
LongNoteHead,2,1,present,12,5,3,11101100,25,25,3
LongNoteHead,2,1,present,12,5,3,11111000,8,8,0
LongNoteHead,2,1,present,12,5,4,11101100,11,11,0
LongNoteHead,2,1,present,12,5,4,11111000,2,2,0
LongNoteHead,2,1,present,12,6,0,10111110,9,9,12
LongNoteHead,2,1,present,12,6,0,11111100,105,105,111
LongNoteHead,2,1,present,12,6,1,10111110,1,1,0
LongNoteHead,2,1,present,12,6,1,11111100,108,108,72
LongNoteHead,2,1,present,12,6,2,11111100,25,25,13
LongNoteHead,2,1,present,12,6,3,11111100,20,20,7
LongNoteHead,2,1,present,12,6,4,10111110,1,1,0
LongNoteHead,2,1,present,12,6,4,11111100,6,6,0
LongNoteHead,2,1,present,12,6,5,11111100,1,1,0
LongNoteHead,2,1,present,12,7,0,11111110,61,61,71
LongNoteHead,2,1,present,12,7,1,11111110,43,43,38
LongNoteHead,2,1,present,12,7,2,11111110,5,5,0
LongNoteHead,2,1,present,12,7,3,11111110,7,7,0
LongNoteHead,2,1,present,12,7,4,11111110,8,8,1
LongNoteHead,2,1,present,12,7,5,11111110,3,3,1
LongNoteHead,2,1,present,12,8,0,11111111,2,2,6
LongNoteHead,2,1,present,12,8,1,11111111,13,13,0
LongNoteHead,2,1,present,12,8,2,11111111,8,8,0
LongNoteHead,2,1,present,12,8,3,11111111,18,18,0
LongNoteHead,2,1,present,12,8,4,11111111,31,31,0
LongNoteHead,2,1,present,12,8,5,11111111,10,10,0
LongNoteHead,2,1,present,12,8,6,11111111,31,31,0
LongNoteHead,2,1,present,12,8,7,11111111,6,6,0
LongNoteHead,2,1,present,5,4,0,10101100,1,0,3
LongNoteHead,2,1,present,6,1,0,10000000,1,0,0
LongNoteHead,2,1,present,6,2,0,11000000,3,3,0
LongNoteHead,2,1,present,6,2,1,11000000,2,2,0
LongNoteHead,2,1,present,6,3,0,11100000,2,2,2
LongNoteHead,2,1,present,6,3,1,11001000,1,1,0
LongNoteHead,2,1,present,6,3,1,11100000,3,3,0
LongNoteHead,2,1,present,6,3,2,11001000,2,2,0
LongNoteHead,2,1,present,6,4,0,11001100,13,13,6
LongNoteHead,2,1,present,6,4,0,11101000,4,4,2
LongNoteHead,2,1,present,6,4,0,11110000,15,15,6
LongNoteHead,2,1,present,6,4,1,10101100,1,1,2
LongNoteHead,2,1,present,6,4,1,11001100,4,4,2
LongNoteHead,2,1,present,6,4,1,11101000,7,7,5
LongNoteHead,2,1,present,6,4,1,11110000,5,5,2
LongNoteHead,2,1,present,6,4,2,11001100,2,2,0
LongNoteHead,2,1,present,6,4,2,11110000,1,1,0
LongNoteHead,2,1,present,6,4,3,11001100,1,1,0
LongNoteHead,2,1,present,6,5,0,11101100,13,13,7
LongNoteHead,2,1,present,6,5,0,11111000,10,10,0
LongNoteHead,2,1,present,6,5,1,11101100,14,14,6
LongNoteHead,2,1,present,6,5,1,11111000,8,8,2
LongNoteHead,2,1,present,6,5,2,11101100,7,7,3
LongNoteHead,2,1,present,6,5,2,11111000,7,7,2
LongNoteHead,2,1,present,6,5,3,11101100,3,3,0
LongNoteHead,2,1,present,6,5,3,11111000,1,1,0
LongNoteHead,2,1,present,6,6,0,11111100,65,65,34
LongNoteHead,2,1,present,6,6,1,11111100,45,45,16
LongNoteHead,2,1,present,6,6,2,11111100,32,32,4
LongNoteHead,2,1,present,6,6,3,11111100,10,10,2
LongNoteHead,2,1,present,6,6,4,11111100,3,3,0
LongNoteHead,2,1,present,6,6,5,11111100,1,1,0
LongNoteHead,2,1,present,6,7,0,11111110,13,13,12
LongNoteHead,2,1,present,6,7,1,11111110,24,24,9
LongNoteHead,2,1,present,6,7,2,11111110,8,8,0
LongNoteHead,2,1,present,6,7,3,11111110,3,3,0
LongNoteHead,2,1,present,6,7,5,11111110,2,2,0
LongNoteHead,2,1,present,6,8,0,11111111,5,5,15
LongNoteHead,2,1,present,6,8,1,11111111,15,15,0
LongNoteHead,2,1,present,6,8,2,11111111,162,162,0
LongNoteHead,2,1,present,6,8,3,11111111,73,73,0
LongNoteHead,2,1,present,6,8,4,11111111,147,147,0
LongNoteHead,2,1,present,6,8,5,11111111,55,55,0
LongNoteHead,2,1,present,6,8,6,11111111,5,5,0
LongNoteHead,2,1,present,6,8,7,11111111,5,5,0
LongNoteHead,2,1,present,7,1,0,10000000,3,1,0
LongNoteHead,2,1,present,7,2,0,10001000,2,0,0
LongNoteHead,2,1,present,7,2,0,11000000,1,0,1
LongNoteHead,2,1,present,7,3,0,10110000,1,0,1
LongNoteHead,2,1,present,7,4,0,11001100,1,1,3
LongNoteHead,2,1,present,7,4,1,10101100,1,1,0
LongNoteHead,2,1,present,7,8,0,11111111,2,0,8
LongNoteHead,2,1,present,8,1,0,10000000,3,3,0
LongNoteHead,2,1,present,8,2,0,10100000,2,0,0
LongNoteHead,2,1,present,8,2,0,11000000,1,0,0
LongNoteHead,2,1,present,8,3,0,11001000,1,0,1
LongNoteHead,2,1,present,8,4,0,11110000,1,0,0
LongNoteHead,2,1,present,8,4,3,11110000,1,1,0
LongNoteHead,2,1,present,8,5,2,11111000,2,2,0
LongNoteHead,2,1,present,8,8,7,11111111,4,4,0
LongNoteHead,2,1,present,9,1,0,10000000,7,5,0
LongNoteHead,2,1,present,9,2,0,10001000,2,2,1
LongNoteHead,2,1,present,9,2,0,11000000,13,12,6
LongNoteHead,2,1,present,9,2,1,11000000,1,1,0
LongNoteHead,2,1,present,9,3,0,10001100,1,1,0
LongNoteHead,2,1,present,9,3,0,10110000,1,1,2
LongNoteHead,2,1,present,9,3,0,11001000,2,1,2
LongNoteHead,2,1,present,9,3,1,11001000,1,1,0
LongNoteHead,2,1,present,9,4,0,11001100,2,1,2
LongNoteHead,2,1,present,9,4,0,11110000,2,2,3
LongNoteHead,2,1,present,9,4,1,11001100,1,1,1
LongNoteHead,2,1,present,9,4,1,11101000,1,1,0
LongNoteHead,2,1,present,9,4,2,11001100,1,1,0
LongNoteHead,2,1,present,9,5,0,11111000,3,3,5
LongNoteHead,2,1,present,9,6,0,11111100,2,1,4
LongNoteHead,2,1,present,9,8,4,11111111,2,2,0
LongNoteHead,2,1,present,9,8,5,11111111,2,2,0
LongNoteHead,3,2,absent,0,0,0,00000000,10,0,0
LongNoteHead,3,2,absent,1,1,0,10000000,6,0,6
LongNoteHead,3,2,absent,1,1,1,10000000,1,0,0
LongNoteHead,3,2,absent,1,2,0,10001000,1,0,2
LongNoteHead,3,2,absent,1,2,0,11000000,6,0,12
LongNoteHead,3,2,absent,1,2,2,10001000,1,0,0
LongNoteHead,3,2,absent,1,2,2,11000000,2,0,0
LongNoteHead,3,2,absent,1,3,0,10001100,1,0,3
LongNoteHead,3,2,absent,1,3,3,11001000,2,0,0
LongNoteHead,3,2,absent,1,4,0,11110000,1,0,4
LongNoteHead,3,2,absent,1,4,4,11001100,2,0,0
LongNoteHead,3,2,absent,10,1,0,10000000,2,2,0
LongNoteHead,3,2,absent,10,2,0,11000000,4,4,1
LongNoteHead,3,2,absent,10,3,0,11001000,6,6,3
LongNoteHead,3,2,absent,10,3,0,11100000,9,9,7
LongNoteHead,3,2,absent,10,3,1,11001000,2,2,0
LongNoteHead,3,2,absent,10,3,1,11100000,1,1,0
LongNoteHead,3,2,absent,10,4,0,11001100,10,10,6
LongNoteHead,3,2,absent,10,4,0,11101000,4,4,2
LongNoteHead,3,2,absent,10,4,0,11110000,1,1,0
LongNoteHead,3,2,absent,10,4,1,11101000,1,1,1
LongNoteHead,3,2,absent,10,4,2,11110000,1,1,0
LongNoteHead,3,2,absent,10,5,0,11101100,2,2,1
LongNoteHead,3,2,absent,10,5,0,11111000,2,2,4
LongNoteHead,3,2,absent,10,5,1,11101100,1,1,0
LongNoteHead,3,2,absent,10,5,1,11111000,1,1,2
LongNoteHead,3,2,absent,10,5,2,11111000,1,1,1
LongNoteHead,3,2,absent,10,6,0,11111100,1,1,2
LongNoteHead,3,2,absent,2,1,0,10000000,4,1,0
LongNoteHead,3,2,absent,2,2,0,11000000,9,8,1
LongNoteHead,3,2,absent,2,2,1,11000000,7,7,0
LongNoteHead,3,2,absent,2,3,0,10001100,1,0,2
LongNoteHead,3,2,absent,2,3,0,11001000,1,0,1
LongNoteHead,3,2,absent,2,3,1,11001000,2,2,0
LongNoteHead,3,2,absent,2,3,2,11001000,1,1,0
LongNoteHead,3,2,absent,2,4,0,11110000,1,1,0
LongNoteHead,3,2,absent,2,4,1,11101000,1,1,1
LongNoteHead,3,2,absent,2,5,1,11111000,1,1,0
LongNoteHead,3,2,absent,2,5,2,11101100,1,1,0
LongNoteHead,3,2,absent,2,5,3,11101100,1,1,0
LongNoteHead,3,2,absent,2,8,4,11111111,2,2,0
LongNoteHead,3,2,absent,2,8,6,11111111,11,11,0
LongNoteHead,3,2,absent,3,1,0,10000000,1,1,0
LongNoteHead,3,2,absent,3,2,0,11000000,6,0,4
LongNoteHead,3,2,absent,3,3,0,11001000,1,1,0
LongNoteHead,3,2,absent,3,3,1,11001000,1,1,0
LongNoteHead,3,2,absent,3,3,1,11100000,2,2,0
LongNoteHead,3,2,absent,3,4,1,11101000,1,1,1
LongNoteHead,3,2,absent,3,4,2,11001100,3,3,0
LongNoteHead,3,2,absent,3,5,3,11101100,2,2,0
LongNoteHead,3,2,absent,3,6,4,11111100,2,2,0
LongNoteHead,3,2,absent,3,8,4,11111111,3,3,0
LongNoteHead,3,2,absent,3,8,6,11111111,15,15,0
LongNoteHead,3,2,absent,4,2,0,11000000,4,3,0
LongNoteHead,3,2,absent,4,3,0,11001000,3,2,1
LongNoteHead,3,2,absent,4,3,0,11100000,2,1,2
LongNoteHead,3,2,absent,4,3,1,11001000,1,1,0
LongNoteHead,3,2,absent,4,3,1,11100000,2,2,1
LongNoteHead,3,2,absent,4,4,0,11001100,2,2,0
LongNoteHead,3,2,absent,4,4,0,11101000,1,1,1
LongNoteHead,3,2,absent,4,4,1,11001100,1,1,0
LongNoteHead,3,2,absent,4,4,1,11110000,1,1,0
LongNoteHead,3,2,absent,4,5,0,11101100,4,4,1
LongNoteHead,3,2,absent,4,5,0,11111000,1,1,1
LongNoteHead,3,2,absent,4,5,1,11101100,2,2,0
LongNoteHead,3,2,absent,4,5,1,11111000,3,3,2
LongNoteHead,3,2,absent,4,6,2,11111100,2,2,0
LongNoteHead,3,2,absent,4,8,0,11111111,3,3,4
LongNoteHead,3,2,absent,4,8,2,11111111,6,6,0
LongNoteHead,3,2,absent,4,8,3,11111111,7,7,0
LongNoteHead,3,2,absent,4,8,4,11111111,17,17,0
LongNoteHead,3,2,absent,4,8,5,11111111,6,6,0
LongNoteHead,3,2,absent,5,1,0,10000000,2,1,0
LongNoteHead,3,2,absent,5,2,0,11000000,13,6,3
LongNoteHead,3,2,absent,5,3,0,11001000,7,5,3
LongNoteHead,3,2,absent,5,3,0,11100000,3,1,2
LongNoteHead,3,2,absent,5,4,0,11001100,2,2,0
LongNoteHead,3,2,absent,5,4,0,11101000,2,2,0
LongNoteHead,3,2,absent,5,4,0,11110000,1,1,2
LongNoteHead,3,2,absent,5,4,1,11101000,3,3,1
LongNoteHead,3,2,absent,5,4,2,11001100,2,2,0
LongNoteHead,3,2,absent,5,5,0,11101100,1,0,1
LongNoteHead,3,2,absent,5,6,0,11111100,1,1,2
LongNoteHead,3,2,absent,5,8,6,11111111,2,2,0
LongNoteHead,3,2,absent,6,1,0,10000000,2,2,0
LongNoteHead,3,2,absent,6,2,0,11000000,21,20,1
LongNoteHead,3,2,absent,6,2,1,11000000,1,1,0
LongNoteHead,3,2,absent,6,3,0,11001000,9,9,1
LongNoteHead,3,2,absent,6,3,0,11100000,5,5,5
LongNoteHead,3,2,absent,6,3,1,11001000,3,3,1
LongNoteHead,3,2,absent,6,4,0,11001100,15,15,13
LongNoteHead,3,2,absent,6,4,0,11101000,1,1,0
LongNoteHead,3,2,absent,6,4,0,11110000,3,3,2
LongNoteHead,3,2,absent,6,4,1,11101000,3,3,3
LongNoteHead,3,2,absent,6,4,2,11001100,3,3,0
LongNoteHead,3,2,absent,6,4,2,11110000,2,2,0
LongNoteHead,3,2,absent,6,5,0,11101100,3,3,4
LongNoteHead,3,2,absent,6,5,1,11101100,1,1,1
LongNoteHead,3,2,absent,6,5,2,11101100,1,1,1
LongNoteHead,3,2,absent,6,6,0,11111100,2,2,6
LongNoteHead,3,2,absent,6,6,2,11111100,1,1,0
LongNoteHead,3,2,absent,7,1,0,10000000,2,1,0
LongNoteHead,3,2,absent,7,2,0,11000000,31,30,0
LongNoteHead,3,2,absent,7,2,1,11000000,1,1,0
LongNoteHead,3,2,absent,7,3,0,11001000,14,13,6
LongNoteHead,3,2,absent,7,3,0,11100000,7,4,5
LongNoteHead,3,2,absent,7,3,1,11001000,3,3,0
LongNoteHead,3,2,absent,7,3,1,11100000,2,2,0
LongNoteHead,3,2,absent,7,4,0,11001100,19,18,21
LongNoteHead,3,2,absent,7,4,0,11101000,5,5,6
LongNoteHead,3,2,absent,7,4,0,11110000,8,8,9
LongNoteHead,3,2,absent,7,4,1,11001100,1,1,0
LongNoteHead,3,2,absent,7,4,1,11101000,4,4,5
LongNoteHead,3,2,absent,7,4,2,11001100,1,1,0
LongNoteHead,3,2,absent,7,4,2,11101000,2,2,0
LongNoteHead,3,2,absent,7,4,2,11110000,5,5,0
LongNoteHead,3,2,absent,7,5,0,11101100,2,2,1
LongNoteHead,3,2,absent,7,5,0,11111000,1,1,1
LongNoteHead,3,2,absent,7,5,2,11111000,1,1,1
LongNoteHead,3,2,absent,7,6,0,11111100,3,3,6
LongNoteHead,3,2,absent,7,6,2,11111100,2,2,4
LongNoteHead,3,2,absent,7,6,4,11111100,1,1,0
LongNoteHead,3,2,absent,7,7,0,11111110,1,1,1
LongNoteHead,3,2,absent,7,8,0,11111111,2,2,8
LongNoteHead,3,2,absent,7,8,6,11111111,2,2,0
LongNoteHead,3,2,absent,8,1,0,10000000,2,1,0
LongNoteHead,3,2,absent,8,2,0,10001000,1,1,0
LongNoteHead,3,2,absent,8,2,0,11000000,30,25,5
LongNoteHead,3,2,absent,8,2,1,11000000,2,2,0
LongNoteHead,3,2,absent,8,3,0,11001000,9,9,6
LongNoteHead,3,2,absent,8,3,0,11100000,8,7,5
LongNoteHead,3,2,absent,8,3,1,11001000,2,2,0
LongNoteHead,3,2,absent,8,3,1,11100000,4,4,0
LongNoteHead,3,2,absent,8,4,0,11001100,9,9,4
LongNoteHead,3,2,absent,8,4,0,11101000,7,7,9
LongNoteHead,3,2,absent,8,4,0,11110000,5,5,9
LongNoteHead,3,2,absent,8,4,1,11001100,1,1,0
LongNoteHead,3,2,absent,8,4,1,11101000,2,2,1
LongNoteHead,3,2,absent,8,4,2,11001100,4,4,0
LongNoteHead,3,2,absent,8,5,0,11111000,2,2,2
LongNoteHead,3,2,absent,8,5,2,11111000,1,1,1
LongNoteHead,3,2,absent,9,1,0,10000000,1,1,0
LongNoteHead,3,2,absent,9,2,0,11000000,13,13,1
LongNoteHead,3,2,absent,9,3,0,11001000,7,7,3
LongNoteHead,3,2,absent,9,3,0,11100000,10,10,2
LongNoteHead,3,2,absent,9,3,1,11001000,3,3,0
LongNoteHead,3,2,absent,9,3,1,11100000,2,2,0
LongNoteHead,3,2,absent,9,4,0,11001100,1,1,0
LongNoteHead,3,2,absent,9,4,0,11101000,8,8,3
LongNoteHead,3,2,absent,9,4,1,11101000,1,1,0
LongNoteHead,3,2,absent,9,4,2,11110000,2,2,0
LongNoteHead,3,2,absent,9,5,0,11101100,1,1,1
LongNoteHead,3,2,present,0,0,0,00000000,12,0,0
LongNoteHead,3,2,present,1,1,0,10000000,18,0,18
LongNoteHead,3,2,present,1,1,1,10000000,3,0,0
LongNoteHead,3,2,present,1,2,0,10001000,2,0,4
LongNoteHead,3,2,present,1,2,0,11000000,1,0,2
LongNoteHead,3,2,present,1,2,2,11000000,5,0,0
LongNoteHead,3,2,present,1,3,0,10001100,1,0,3
LongNoteHead,3,2,present,1,3,3,11001000,2,0,0
LongNoteHead,3,2,present,1,4,4,11001100,2,0,0
LongNoteHead,3,2,present,1,4,4,11110000,1,0,0
LongNoteHead,3,2,present,1,5,5,11111000,1,0,0
LongNoteHead,3,2,present,10,1,0,10000000,26,26,0
LongNoteHead,3,2,present,10,2,0,10001000,13,13,7
LongNoteHead,3,2,present,10,2,0,10100000,11,11,5
LongNoteHead,3,2,present,10,2,0,11000000,25,25,11
LongNoteHead,3,2,present,10,2,1,10001000,1,1,0
LongNoteHead,3,2,present,10,2,1,10100000,1,1,0
LongNoteHead,3,2,present,10,2,1,11000000,12,12,0
LongNoteHead,3,2,present,10,3,0,10001100,3,3,5
LongNoteHead,3,2,present,10,3,0,10101000,3,3,1
LongNoteHead,3,2,present,10,3,0,10110000,5,5,7
LongNoteHead,3,2,present,10,3,0,11001000,20,20,13
LongNoteHead,3,2,present,10,3,0,11100000,19,19,11
LongNoteHead,3,2,present,10,3,1,10101000,1,1,0
LongNoteHead,3,2,present,10,3,1,11001000,8,8,4
LongNoteHead,3,2,present,10,3,1,11100000,8,8,3
LongNoteHead,3,2,present,10,3,2,10001100,1,1,0
LongNoteHead,3,2,present,10,3,2,11001000,1,1,0
LongNoteHead,3,2,present,10,3,2,11100000,1,1,0
LongNoteHead,3,2,present,10,4,0,10101100,6,6,8
LongNoteHead,3,2,present,10,4,0,11001100,5,5,8
LongNoteHead,3,2,present,10,4,0,11101000,27,27,19
LongNoteHead,3,2,present,10,4,0,11110000,11,11,20
LongNoteHead,3,2,present,10,4,1,10101100,1,1,2
LongNoteHead,3,2,present,10,4,1,10111000,1,1,0
LongNoteHead,3,2,present,10,4,1,11001100,5,5,6
LongNoteHead,3,2,present,10,4,1,11101000,11,11,5
LongNoteHead,3,2,present,10,4,1,11110000,4,4,2
LongNoteHead,3,2,present,10,4,2,10101100,1,1,0
LongNoteHead,3,2,present,10,4,2,11001100,2,2,2
LongNoteHead,3,2,present,10,4,2,11101000,7,7,4
LongNoteHead,3,2,present,10,4,2,11110000,3,3,0
LongNoteHead,3,2,present,10,4,3,11001100,1,1,0
LongNoteHead,3,2,present,10,4,3,11101000,3,3,0
LongNoteHead,3,2,present,10,4,3,11110000,2,2,0
LongNoteHead,3,2,present,10,5,0,10111100,4,4,8
LongNoteHead,3,2,present,10,5,0,11101100,11,11,13
LongNoteHead,3,2,present,10,5,0,11111000,8,8,11
LongNoteHead,3,2,present,10,5,1,10111100,2,2,3
LongNoteHead,3,2,present,10,5,1,11101100,11,11,2
LongNoteHead,3,2,present,10,5,1,11111000,6,6,0
LongNoteHead,3,2,present,10,5,2,10111100,2,2,2
LongNoteHead,3,2,present,10,5,2,11101100,6,6,4
LongNoteHead,3,2,present,10,5,2,11111000,2,2,1
LongNoteHead,3,2,present,10,5,3,11101100,10,10,3
LongNoteHead,3,2,present,10,5,3,11111000,1,1,0
LongNoteHead,3,2,present,10,6,0,10111110,1,1,4
LongNoteHead,3,2,present,10,6,0,11111100,8,8,13
LongNoteHead,3,2,present,10,6,1,11111100,4,4,4
LongNoteHead,3,2,present,10,6,2,10111110,2,2,0
LongNoteHead,3,2,present,10,6,2,11111100,1,1,1
LongNoteHead,3,2,present,10,6,4,10111110,1,1,0
LongNoteHead,3,2,present,10,7,0,11111110,1,1,5
LongNoteHead,3,2,present,10,7,1,11111110,2,2,1
LongNoteHead,3,2,present,10,7,4,11111110,4,4,0
LongNoteHead,3,2,present,10,8,4,11111111,2,2,0
LongNoteHead,3,2,present,10,8,5,11111111,7,7,0
LongNoteHead,3,2,present,10,8,6,11111111,2,2,0
LongNoteHead,3,2,present,10,8,7,11111111,2,2,0
LongNoteHead,3,2,present,2,1,0,10000000,39,9,0
LongNoteHead,3,2,present,2,2,0,10001000,2,0,2
LongNoteHead,3,2,present,2,2,0,11000000,3,1,3
LongNoteHead,3,2,present,2,2,1,11000000,4,4,0
LongNoteHead,3,2,present,2,3,0,10001100,2,1,4
LongNoteHead,3,2,present,2,3,0,11001000,1,0,2
LongNoteHead,3,2,present,2,3,2,11001000,4,4,0
LongNoteHead,3,2,present,2,4,3,11001100,3,3,0
LongNoteHead,3,2,present,2,5,4,11101100,1,1,0
LongNoteHead,3,2,present,2,6,3,11111100,1,1,2
LongNoteHead,3,2,present,2,8,5,11111111,2,2,0
LongNoteHead,3,2,present,2,8,6,11111111,18,18,0
LongNoteHead,3,2,present,2,8,7,11111111,2,2,0
LongNoteHead,3,2,present,3,1,0,10000000,37,8,0
LongNoteHead,3,2,present,3,2,0,10001000,3,0,2
LongNoteHead,3,2,present,3,2,0,10100000,2,0,2
LongNoteHead,3,2,present,3,2,0,11000000,5,1,4
LongNoteHead,3,2,present,3,3,0,10110000,1,0,2
LongNoteHead,3,2,present,3,3,0,11001000,3,0,5
LongNoteHead,3,2,present,3,3,1,11001000,1,1,0
LongNoteHead,3,2,present,3,3,1,11100000,1,1,1
LongNoteHead,3,2,present,3,3,2,10001100,2,2,0
LongNoteHead,3,2,present,3,3,2,10110000,2,2,0
LongNoteHead,3,2,present,3,3,2,11100000,2,2,0
LongNoteHead,3,2,present,3,4,1,11001100,1,1,2
LongNoteHead,3,2,present,3,4,1,11110000,1,1,2
LongNoteHead,3,2,present,3,4,2,11001100,1,1,0
LongNoteHead,3,2,present,3,4,3,11001100,2,2,0
LongNoteHead,3,2,present,3,4,3,11110000,3,3,0
LongNoteHead,3,2,present,3,5,2,11101100,1,1,1
LongNoteHead,3,2,present,3,5,3,11101100,7,7,3
LongNoteHead,3,2,present,3,5,3,11111000,1,1,0
LongNoteHead,3,2,present,3,5,4,11101100,1,1,0
LongNoteHead,3,2,present,3,6,2,11111100,1,1,2
LongNoteHead,3,2,present,3,6,3,11111100,1,1,1
LongNoteHead,3,2,present,3,6,5,11111100,1,1,0
LongNoteHead,3,2,present,3,8,6,11111111,3,3,0
LongNoteHead,3,2,present,3,8,7,11111111,24,24,0
LongNoteHead,3,2,present,4,1,0,10000000,30,13,0
LongNoteHead,3,2,present,4,2,0,10001000,2,0,1
LongNoteHead,3,2,present,4,2,0,10100000,5,3,4
LongNoteHead,3,2,present,4,2,0,11000000,8,3,8
LongNoteHead,3,2,present,4,2,1,11000000,1,1,0
LongNoteHead,3,2,present,4,3,0,10001100,2,0,0
LongNoteHead,3,2,present,4,3,0,10101000,1,0,2
LongNoteHead,3,2,present,4,3,0,10110000,1,0,2
LongNoteHead,3,2,present,4,3,0,11100000,3,2,4
LongNoteHead,3,2,present,4,3,1,10101000,1,1,1
LongNoteHead,3,2,present,4,3,1,11100000,2,2,2
LongNoteHead,3,2,present,4,3,2,10001100,2,2,0
LongNoteHead,3,2,present,4,3,2,11001000,1,1,0
LongNoteHead,3,2,present,4,4,0,11001100,1,1,0
LongNoteHead,3,2,present,4,4,0,11101000,1,1,1
LongNoteHead,3,2,present,4,4,0,11110000,4,4,4
LongNoteHead,3,2,present,4,4,1,11001100,2,2,0
LongNoteHead,3,2,present,4,4,1,11110000,1,1,0
LongNoteHead,3,2,present,4,4,2,11101000,2,2,0
LongNoteHead,3,2,present,4,4,3,11110000,3,3,0
LongNoteHead,3,2,present,4,5,1,11111000,2,2,3
LongNoteHead,3,2,present,4,5,3,11101100,1,1,0
LongNoteHead,3,2,present,4,5,3,11111000,1,1,1
LongNoteHead,3,2,present,4,5,4,11101100,1,1,0
LongNoteHead,3,2,present,4,6,0,11111100,7,7,9
LongNoteHead,3,2,present,4,6,1,11111100,2,2,1
LongNoteHead,3,2,present,4,6,2,11111100,2,2,4
LongNoteHead,3,2,present,4,6,5,11111100,1,1,0
LongNoteHead,3,2,present,4,8,2,11111111,3,3,0
LongNoteHead,3,2,present,4,8,3,11111111,30,30,0
LongNoteHead,3,2,present,4,8,4,11111111,21,21,0
LongNoteHead,3,2,present,4,8,5,11111111,27,27,0
LongNoteHead,3,2,present,4,8,7,11111111,2,2,0
LongNoteHead,3,2,present,5,1,0,10000000,59,32,0
LongNoteHead,3,2,present,5,2,0,10001000,9,5,7
LongNoteHead,3,2,present,5,2,0,10100000,6,5,3
LongNoteHead,3,2,present,5,2,0,11000000,17,10,13
LongNoteHead,3,2,present,5,2,1,10001000,2,2,0
LongNoteHead,3,2,present,5,2,1,10100000,1,1,0
LongNoteHead,3,2,present,5,2,1,11000000,14,14,0
LongNoteHead,3,2,present,5,3,0,10001100,7,5,10
LongNoteHead,3,2,present,5,3,0,10101000,2,1,3
LongNoteHead,3,2,present,5,3,0,10110000,7,6,5
LongNoteHead,3,2,present,5,3,0,11001000,1,1,2
LongNoteHead,3,2,present,5,3,0,11100000,4,2,5
LongNoteHead,3,2,present,5,3,1,11001000,1,1,0
LongNoteHead,3,2,present,5,3,1,11100000,5,5,1
LongNoteHead,3,2,present,5,3,2,10110000,1,1,0
LongNoteHead,3,2,present,5,3,2,11001000,1,1,0
LongNoteHead,3,2,present,5,3,2,11100000,5,5,0
LongNoteHead,3,2,present,5,4,0,10101100,3,1,8
LongNoteHead,3,2,present,5,4,0,10111000,2,1,2
LongNoteHead,3,2,present,5,4,0,11001100,3,2,5
LongNoteHead,3,2,present,5,4,0,11110000,5,5,7
LongNoteHead,3,2,present,5,4,1,11001100,8,8,10
LongNoteHead,3,2,present,5,4,1,11101000,1,1,0
LongNoteHead,3,2,present,5,4,1,11110000,7,7,7
LongNoteHead,3,2,present,5,4,2,11110000,2,2,0
LongNoteHead,3,2,present,5,4,3,11001100,2,2,0
LongNoteHead,3,2,present,5,4,3,11101000,2,2,0
LongNoteHead,3,2,present,5,5,0,10111100,4,3,0
LongNoteHead,3,2,present,5,5,0,11101100,1,1,3
LongNoteHead,3,2,present,5,5,1,11111000,2,2,3
LongNoteHead,3,2,present,5,5,4,11101100,4,4,0
LongNoteHead,3,2,present,5,5,4,11111000,3,3,0
LongNoteHead,3,2,present,5,6,0,11111100,3,3,6
LongNoteHead,3,2,present,5,6,1,10111110,1,1,0
LongNoteHead,3,2,present,5,6,1,11111100,10,10,20
LongNoteHead,3,2,present,5,6,2,10111110,1,1,0
LongNoteHead,3,2,present,5,6,2,11111100,1,1,1
LongNoteHead,3,2,present,5,6,3,11111100,1,1,0
LongNoteHead,3,2,present,5,7,2,11111110,1,1,0
LongNoteHead,3,2,present,5,7,3,11111110,1,1,0
LongNoteHead,3,2,present,5,8,6,11111111,2,2,0
LongNoteHead,3,2,present,5,8,7,11111111,4,4,0
LongNoteHead,3,2,present,6,1,0,10000000,54,36,0
LongNoteHead,3,2,present,6,2,0,10001000,8,5,5
LongNoteHead,3,2,present,6,2,0,10100000,16,12,10
LongNoteHead,3,2,present,6,2,0,11000000,24,19,18
LongNoteHead,3,2,present,6,2,1,10001000,6,6,0
LongNoteHead,3,2,present,6,2,1,10100000,3,3,0
LongNoteHead,3,2,present,6,2,1,11000000,13,13,0
LongNoteHead,3,2,present,6,3,0,10001100,15,13,16
LongNoteHead,3,2,present,6,3,0,10101000,6,5,4
LongNoteHead,3,2,present,6,3,0,10110000,11,8,13
LongNoteHead,3,2,present,6,3,0,11001000,4,4,1
LongNoteHead,3,2,present,6,3,0,11100000,7,5,13
LongNoteHead,3,2,present,6,3,1,10101000,3,3,3
LongNoteHead,3,2,present,6,3,1,10110000,1,1,0
LongNoteHead,3,2,present,6,3,1,11001000,3,3,0
LongNoteHead,3,2,present,6,3,1,11100000,3,3,2
LongNoteHead,3,2,present,6,3,2,10001100,2,2,0
LongNoteHead,3,2,present,6,3,2,10110000,1,1,0
LongNoteHead,3,2,present,6,3,2,11001000,3,3,0
LongNoteHead,3,2,present,6,3,2,11100000,5,5,0
LongNoteHead,3,2,present,6,4,0,10101100,4,4,4
LongNoteHead,3,2,present,6,4,0,10111000,4,3,5
LongNoteHead,3,2,present,6,4,0,11001100,6,6,10
LongNoteHead,3,2,present,6,4,0,11101000,3,2,6
LongNoteHead,3,2,present,6,4,0,11110000,10,9,12
LongNoteHead,3,2,present,6,4,1,10101100,1,1,1
LongNoteHead,3,2,present,6,4,1,11001100,10,10,13
LongNoteHead,3,2,present,6,4,1,11101000,4,4,2
LongNoteHead,3,2,present,6,4,1,11110000,17,17,14
LongNoteHead,3,2,present,6,4,2,11101000,4,4,3
LongNoteHead,3,2,present,6,4,2,11110000,2,2,0
LongNoteHead,3,2,present,6,4,3,11001100,1,1,0
LongNoteHead,3,2,present,6,4,3,11101000,2,2,0
LongNoteHead,3,2,present,6,4,3,11110000,3,3,0
LongNoteHead,3,2,present,6,5,0,10111100,10,10,12
LongNoteHead,3,2,present,6,5,0,11101100,5,4,9
LongNoteHead,3,2,present,6,5,0,11111000,3,3,6
LongNoteHead,3,2,present,6,5,1,11101100,1,1,1
LongNoteHead,3,2,present,6,5,1,11111000,1,1,3
LongNoteHead,3,2,present,6,5,2,10111100,1,1,0
LongNoteHead,3,2,present,6,5,2,11101100,1,1,0
LongNoteHead,3,2,present,6,5,2,11111000,1,1,0
LongNoteHead,3,2,present,6,5,3,11101100,2,2,1
LongNoteHead,3,2,present,6,5,3,11111000,4,4,2
LongNoteHead,3,2,present,6,5,4,11101100,3,3,0
LongNoteHead,3,2,present,6,6,0,10111110,1,1,3
LongNoteHead,3,2,present,6,6,0,11111100,17,16,31
LongNoteHead,3,2,present,6,6,1,10111110,1,1,0
LongNoteHead,3,2,present,6,6,1,11111100,28,28,37
LongNoteHead,3,2,present,6,6,2,11111100,5,5,9
LongNoteHead,3,2,present,6,6,3,10111110,4,4,0
LongNoteHead,3,2,present,6,6,3,11111100,10,10,10
LongNoteHead,3,2,present,6,6,5,10111110,1,1,0
LongNoteHead,3,2,present,6,6,5,11111100,1,1,0
LongNoteHead,3,2,present,6,7,0,11111110,1,1,6
LongNoteHead,3,2,present,6,7,1,11111110,6,6,12
LongNoteHead,3,2,present,6,7,2,11111110,2,2,0
LongNoteHead,3,2,present,6,7,3,11111110,3,3,2
LongNoteHead,3,2,present,6,7,4,11111110,6,6,0
LongNoteHead,3,2,present,6,8,3,11111111,8,8,0
LongNoteHead,3,2,present,6,8,5,11111111,9,9,0
LongNoteHead,3,2,present,6,8,6,11111111,2,2,0
LongNoteHead,3,2,present,6,8,7,11111111,8,8,0
LongNoteHead,3,2,present,7,1,0,10000000,71,45,0
LongNoteHead,3,2,present,7,2,0,10001000,23,18,15
LongNoteHead,3,2,present,7,2,0,10100000,12,7,7
LongNoteHead,3,2,present,7,2,0,11000000,54,48,32
LongNoteHead,3,2,present,7,2,1,10001000,6,6,0
LongNoteHead,3,2,present,7,2,1,11000000,21,21,0
LongNoteHead,3,2,present,7,3,0,10001100,12,11,12
LongNoteHead,3,2,present,7,3,0,10101000,5,2,6
LongNoteHead,3,2,present,7,3,0,10110000,12,10,10
LongNoteHead,3,2,present,7,3,0,11001000,10,8,11
LongNoteHead,3,2,present,7,3,0,11100000,12,9,19
LongNoteHead,3,2,present,7,3,1,10101000,3,3,1
LongNoteHead,3,2,present,7,3,1,10110000,1,1,0
LongNoteHead,3,2,present,7,3,1,11001000,13,13,4
LongNoteHead,3,2,present,7,3,1,11100000,6,6,6
LongNoteHead,3,2,present,7,3,2,10001100,1,1,0
LongNoteHead,3,2,present,7,3,2,10110000,4,4,0
LongNoteHead,3,2,present,7,3,2,11001000,1,1,0
LongNoteHead,3,2,present,7,3,2,11100000,2,2,0
LongNoteHead,3,2,present,7,4,0,10101100,8,8,9
LongNoteHead,3,2,present,7,4,0,10111000,3,3,6
LongNoteHead,3,2,present,7,4,0,11001100,22,22,43
LongNoteHead,3,2,present,7,4,0,11101000,9,6,20
LongNoteHead,3,2,present,7,4,0,11110000,8,8,13
LongNoteHead,3,2,present,7,4,1,10101100,2,2,0
LongNoteHead,3,2,present,7,4,1,11001100,16,16,14
LongNoteHead,3,2,present,7,4,1,11101000,6,6,6
LongNoteHead,3,2,present,7,4,1,11110000,18,18,13
LongNoteHead,3,2,present,7,4,2,11001100,2,2,2
LongNoteHead,3,2,present,7,4,2,11101000,4,4,1
LongNoteHead,3,2,present,7,4,2,11110000,6,6,1
LongNoteHead,3,2,present,7,4,3,11001100,3,3,0
LongNoteHead,3,2,present,7,4,3,11101000,2,2,0
LongNoteHead,3,2,present,7,4,3,11110000,4,4,0
LongNoteHead,3,2,present,7,5,0,10111100,14,14,27
LongNoteHead,3,2,present,7,5,0,11101100,5,4,9
LongNoteHead,3,2,present,7,5,0,11111000,3,3,7
LongNoteHead,3,2,present,7,5,1,11101100,6,6,11
LongNoteHead,3,2,present,7,5,1,11111000,3,3,5
LongNoteHead,3,2,present,7,5,2,10111100,3,3,4
LongNoteHead,3,2,present,7,5,2,11101100,1,1,0
LongNoteHead,3,2,present,7,5,3,11101100,1,1,1
LongNoteHead,3,2,present,7,5,3,11111000,5,5,1
LongNoteHead,3,2,present,7,5,4,11111000,1,1,0
LongNoteHead,3,2,present,7,6,0,10111110,5,3,12
LongNoteHead,3,2,present,7,6,0,11111100,7,7,15
LongNoteHead,3,2,present,7,6,1,10111110,4,4,0
LongNoteHead,3,2,present,7,6,1,11111100,32,32,46
LongNoteHead,3,2,present,7,6,2,10111110,1,1,0
LongNoteHead,3,2,present,7,6,3,10111110,1,1,0
LongNoteHead,3,2,present,7,6,3,11111100,6,6,8
LongNoteHead,3,2,present,7,6,5,11111100,1,1,0
LongNoteHead,3,2,present,7,7,1,11111110,2,2,4
LongNoteHead,3,2,present,7,7,2,11111110,2,2,0
LongNoteHead,3,2,present,7,7,3,11111110,2,2,1
LongNoteHead,3,2,present,7,7,4,11111110,2,2,0
LongNoteHead,3,2,present,7,8,0,11111111,1,0,3
LongNoteHead,3,2,present,7,8,3,11111111,4,4,0
LongNoteHead,3,2,present,7,8,4,11111111,2,2,0
LongNoteHead,3,2,present,7,8,5,11111111,4,4,0
LongNoteHead,3,2,present,7,8,6,11111111,6,6,0
LongNoteHead,3,2,present,7,8,7,11111111,10,10,0
LongNoteHead,3,2,present,8,1,0,10000000,71,69,0
LongNoteHead,3,2,present,8,2,0,10001000,21,19,11
LongNoteHead,3,2,present,8,2,0,10100000,25,21,18
LongNoteHead,3,2,present,8,2,0,11000000,59,51,32
LongNoteHead,3,2,present,8,2,1,10001000,3,3,0
LongNoteHead,3,2,present,8,2,1,10100000,3,3,0
LongNoteHead,3,2,present,8,2,1,11000000,58,58,0
LongNoteHead,3,2,present,8,3,0,10001100,16,16,20
LongNoteHead,3,2,present,8,3,0,10101000,19,17,15
LongNoteHead,3,2,present,8,3,0,10110000,12,11,18
LongNoteHead,3,2,present,8,3,0,11001000,19,15,25
LongNoteHead,3,2,present,8,3,0,11100000,22,20,27
LongNoteHead,3,2,present,8,3,1,10001100,1,1,0
LongNoteHead,3,2,present,8,3,1,10101000,2,2,1
LongNoteHead,3,2,present,8,3,1,10110000,1,1,0
LongNoteHead,3,2,present,8,3,1,11001000,23,23,8
LongNoteHead,3,2,present,8,3,1,11100000,13,13,9
LongNoteHead,3,2,present,8,3,2,11001000,4,4,0
LongNoteHead,3,2,present,8,3,2,11100000,6,6,0
LongNoteHead,3,2,present,8,4,0,10101100,12,11,16
LongNoteHead,3,2,present,8,4,0,10111000,2,2,2
LongNoteHead,3,2,present,8,4,0,11001100,10,9,12
LongNoteHead,3,2,present,8,4,0,11101000,16,16,18
LongNoteHead,3,2,present,8,4,0,11110000,9,9,12
LongNoteHead,3,2,present,8,4,1,10111000,1,1,0
LongNoteHead,3,2,present,8,4,1,11001100,9,9,9
LongNoteHead,3,2,present,8,4,1,11101000,17,17,11
LongNoteHead,3,2,present,8,4,1,11110000,10,10,7
LongNoteHead,3,2,present,8,4,2,11001100,3,3,1
LongNoteHead,3,2,present,8,4,2,11101000,6,6,2
LongNoteHead,3,2,present,8,4,2,11110000,3,3,1
LongNoteHead,3,2,present,8,4,3,11101000,4,4,0
LongNoteHead,3,2,present,8,4,3,11110000,6,6,0
LongNoteHead,3,2,present,8,5,0,10111100,13,13,26
LongNoteHead,3,2,present,8,5,0,11101100,13,12,17
LongNoteHead,3,2,present,8,5,0,11111000,6,6,10
LongNoteHead,3,2,present,8,5,1,11101100,16,16,15
LongNoteHead,3,2,present,8,5,1,11111000,13,13,17
LongNoteHead,3,2,present,8,5,2,10111100,2,2,2
LongNoteHead,3,2,present,8,5,2,11101100,2,2,1
LongNoteHead,3,2,present,8,5,2,11111000,5,5,0
LongNoteHead,3,2,present,8,5,3,11101100,5,5,0
LongNoteHead,3,2,present,8,5,3,11111000,3,3,1
LongNoteHead,3,2,present,8,5,4,11101100,1,1,0
LongNoteHead,3,2,present,8,5,4,11111000,4,4,0
LongNoteHead,3,2,present,8,6,0,10111110,2,2,2
LongNoteHead,3,2,present,8,6,0,11111100,9,9,16
LongNoteHead,3,2,present,8,6,1,10111110,2,2,0
LongNoteHead,3,2,present,8,6,1,11111100,17,17,25
LongNoteHead,3,2,present,8,6,2,11111100,3,3,4
LongNoteHead,3,2,present,8,6,3,10111110,1,1,0
LongNoteHead,3,2,present,8,6,4,11111100,1,1,0
LongNoteHead,3,2,present,8,6,5,10111110,2,2,0
LongNoteHead,3,2,present,8,7,0,11111110,8,8,12
LongNoteHead,3,2,present,8,7,1,11111110,1,1,1
LongNoteHead,3,2,present,8,7,4,11111110,4,4,0
LongNoteHead,3,2,present,8,7,5,11111110,2,2,1
LongNoteHead,3,2,present,8,8,4,11111111,2,2,0
LongNoteHead,3,2,present,8,8,5,11111111,7,7,0
LongNoteHead,3,2,present,8,8,6,11111111,21,21,0
LongNoteHead,3,2,present,8,8,7,11111111,12,12,0
LongNoteHead,3,2,present,9,1,0,10000000,57,54,0
LongNoteHead,3,2,present,9,2,0,10001000,18,17,13
LongNoteHead,3,2,present,9,2,0,10100000,17,15,12
LongNoteHead,3,2,present,9,2,0,11000000,53,51,28
LongNoteHead,3,2,present,9,2,1,10001000,5,5,0
LongNoteHead,3,2,present,9,2,1,10100000,1,1,0
LongNoteHead,3,2,present,9,2,1,11000000,31,31,0
LongNoteHead,3,2,present,9,3,0,10001100,5,5,5
LongNoteHead,3,2,present,9,3,0,10101000,7,6,9
LongNoteHead,3,2,present,9,3,0,10110000,11,10,17
LongNoteHead,3,2,present,9,3,0,11001000,13,12,17
LongNoteHead,3,2,present,9,3,0,11100000,21,19,20
LongNoteHead,3,2,present,9,3,1,10101000,2,2,1
LongNoteHead,3,2,present,9,3,1,10110000,2,2,0
LongNoteHead,3,2,present,9,3,1,11001000,14,14,5
LongNoteHead,3,2,present,9,3,1,11100000,13,13,7
LongNoteHead,3,2,present,9,3,2,10001100,1,1,0
LongNoteHead,3,2,present,9,3,2,11001000,4,4,0
LongNoteHead,3,2,present,9,3,2,11100000,2,2,0
LongNoteHead,3,2,present,9,4,0,10101100,9,9,10
LongNoteHead,3,2,present,9,4,0,10111000,2,2,3
LongNoteHead,3,2,present,9,4,0,11001100,7,7,9
LongNoteHead,3,2,present,9,4,0,11101000,13,12,15
LongNoteHead,3,2,present,9,4,0,11110000,5,5,11
LongNoteHead,3,2,present,9,4,1,10101100,1,1,0
LongNoteHead,3,2,present,9,4,1,10111000,3,3,1
LongNoteHead,3,2,present,9,4,1,11001100,5,5,5
LongNoteHead,3,2,present,9,4,1,11101000,12,12,5
LongNoteHead,3,2,present,9,4,1,11110000,2,2,4
LongNoteHead,3,2,present,9,4,2,10101100,1,1,1
LongNoteHead,3,2,present,9,4,2,11001100,3,3,0
LongNoteHead,3,2,present,9,4,2,11101000,17,17,8
LongNoteHead,3,2,present,9,4,2,11110000,2,2,0
LongNoteHead,3,2,present,9,4,3,10101100,1,1,0
LongNoteHead,3,2,present,9,4,3,11001100,2,2,0
LongNoteHead,3,2,present,9,4,3,11101000,5,5,0
LongNoteHead,3,2,present,9,4,3,11110000,2,2,0
LongNoteHead,3,2,present,9,5,0,10111100,2,2,3
LongNoteHead,3,2,present,9,5,0,11101100,14,14,26
LongNoteHead,3,2,present,9,5,0,11111000,2,1,4
LongNoteHead,3,2,present,9,5,1,11101100,5,5,4
LongNoteHead,3,2,present,9,5,1,11111000,7,7,8
LongNoteHead,3,2,present,9,5,2,11101100,1,1,0
LongNoteHead,3,2,present,9,5,2,11111000,8,8,0
LongNoteHead,3,2,present,9,5,3,11111000,11,11,0
LongNoteHead,3,2,present,9,5,4,11111000,1,1,0
LongNoteHead,3,2,present,9,6,0,10111110,3,3,10
LongNoteHead,3,2,present,9,6,0,11111100,5,5,17
LongNoteHead,3,2,present,9,6,1,11111100,4,4,4
LongNoteHead,3,2,present,9,6,2,11111100,2,2,1
LongNoteHead,3,2,present,9,6,3,11111100,1,1,0
LongNoteHead,3,2,present,9,7,0,11111110,2,2,0
LongNoteHead,3,2,present,9,7,1,11111110,6,6,10
LongNoteHead,3,2,present,9,7,4,11111110,1,1,0
LongNoteHead,3,2,present,9,7,5,11111110,1,1,0
LongNoteHead,3,2,present,9,8,4,11111111,2,2,0
LongNoteHead,3,2,present,9,8,5,11111111,31,31,0
LongNoteHead,3,2,present,9,8,6,11111111,7,7,0
LongNoteHead,3,2,present,9,8,7,11111111,10,10,0
LongNoteHead,4,3,absent,0,0,0,00000000,13,0,0
LongNoteHead,4,3,absent,1,1,0,10000000,22,0,22
LongNoteHead,4,3,absent,1,1,1,10000000,3,0,0
LongNoteHead,4,3,absent,1,2,0,10001000,1,0,2
LongNoteHead,4,3,absent,1,2,0,11000000,4,0,8
LongNoteHead,4,3,absent,1,2,2,10001000,1,0,0
LongNoteHead,4,3,absent,1,2,2,11000000,2,0,0
LongNoteHead,4,3,absent,1,3,0,11001000,1,0,3
LongNoteHead,4,3,absent,1,3,0,11100000,1,0,3
LongNoteHead,4,3,absent,1,4,4,11101000,5,0,0
LongNoteHead,4,3,absent,1,4,4,11110000,3,0,0
LongNoteHead,4,3,absent,1,5,5,11111000,9,0,0
LongNoteHead,4,3,absent,1,6,6,11111100,4,0,0
LongNoteHead,4,3,absent,1,8,8,11111111,39,0,0
LongNoteHead,4,3,absent,2,1,0,10000000,12,6,0
LongNoteHead,4,3,absent,2,2,0,11000000,13,7,9
LongNoteHead,4,3,absent,2,2,1,11000000,4,4,0
LongNoteHead,4,3,absent,2,3,0,11100000,2,0,2
LongNoteHead,4,3,absent,2,3,2,11001000,1,1,0
LongNoteHead,4,3,absent,2,3,2,11100000,3,3,0
LongNoteHead,4,3,absent,2,4,2,11101000,2,2,0
LongNoteHead,4,3,absent,2,6,4,11111100,4,4,0
LongNoteHead,4,3,absent,2,8,6,11111111,18,18,0
LongNoteHead,4,3,absent,3,1,0,10000000,10,6,0
LongNoteHead,4,3,absent,3,2,0,10001000,1,0,1
LongNoteHead,4,3,absent,3,2,0,10100000,2,1,2
LongNoteHead,4,3,absent,3,2,0,11000000,31,27,9
LongNoteHead,4,3,absent,3,3,0,11001000,4,3,4
LongNoteHead,4,3,absent,3,3,0,11100000,3,1,5
LongNoteHead,4,3,absent,3,3,1,11001000,4,4,0
LongNoteHead,4,3,absent,3,3,1,11100000,5,5,0
LongNoteHead,4,3,absent,3,3,2,11100000,2,2,0
LongNoteHead,4,3,absent,3,4,0,11001100,1,1,1
LongNoteHead,4,3,absent,3,4,0,11101000,1,0,2
LongNoteHead,4,3,absent,3,4,0,11110000,1,0,1
LongNoteHead,4,3,absent,4,1,0,10000000,4,2,0
LongNoteHead,4,3,absent,4,2,0,10001000,1,1,1
LongNoteHead,4,3,absent,4,2,0,11000000,69,64,11
LongNoteHead,4,3,absent,4,2,1,10001000,2,2,0
LongNoteHead,4,3,absent,4,2,1,11000000,14,14,0
LongNoteHead,4,3,absent,4,3,0,11001000,9,7,10
LongNoteHead,4,3,absent,4,3,0,11100000,7,5,8
LongNoteHead,4,3,absent,4,3,1,11001000,7,7,1
LongNoteHead,4,3,absent,4,3,1,11100000,2,2,1
LongNoteHead,4,3,absent,4,4,0,11001100,3,3,6
LongNoteHead,4,3,absent,4,4,0,11101000,5,3,9
LongNoteHead,4,3,absent,4,4,0,11110000,3,1,4
LongNoteHead,4,3,absent,4,4,1,11001100,1,1,2
LongNoteHead,4,3,absent,4,4,1,11101000,1,1,1
LongNoteHead,4,3,absent,4,4,2,11001100,3,3,1
LongNoteHead,4,3,absent,4,4,2,11110000,1,1,0
LongNoteHead,4,3,absent,4,5,0,11101100,1,0,0
LongNoteHead,4,3,absent,4,5,0,11111000,1,1,3
LongNoteHead,4,3,absent,4,5,3,11111000,3,3,0
LongNoteHead,4,3,absent,4,6,4,11111100,1,1,0
LongNoteHead,4,3,absent,5,1,0,10000000,3,3,0
LongNoteHead,4,3,absent,5,2,0,11000000,32,31,5
LongNoteHead,4,3,absent,5,3,0,11001000,5,4,4
LongNoteHead,4,3,absent,5,3,0,11100000,1,1,1
LongNoteHead,4,3,absent,5,3,1,11001000,2,2,0
LongNoteHead,4,3,absent,5,3,1,11100000,2,2,0
LongNoteHead,4,3,absent,5,4,0,11001100,2,2,3
LongNoteHead,4,3,absent,5,4,0,11101000,2,2,2
LongNoteHead,4,3,absent,5,4,0,11110000,1,1,2
LongNoteHead,4,3,absent,5,4,1,11101000,1,1,0
LongNoteHead,4,3,absent,5,5,1,11111000,1,1,2
LongNoteHead,4,3,absent,5,5,2,11101100,2,2,0
LongNoteHead,4,3,absent,6,2,0,11000000,8,8,2
LongNoteHead,4,3,absent,6,3,0,11001000,4,4,2
LongNoteHead,4,3,absent,6,3,0,11100000,3,2,0
LongNoteHead,4,3,absent,6,3,1,11001000,4,4,0
LongNoteHead,4,3,absent,6,3,1,11100000,2,2,0
LongNoteHead,4,3,absent,6,3,2,11100000,3,3,0
LongNoteHead,4,3,absent,6,4,0,11001100,2,2,1
LongNoteHead,4,3,absent,6,4,0,11101000,2,1,0
LongNoteHead,4,3,absent,6,4,1,11101000,2,2,2
LongNoteHead,4,3,absent,6,4,2,11001100,2,2,0
LongNoteHead,4,3,absent,6,4,2,11110000,3,3,0
LongNoteHead,4,3,absent,6,5,0,11101100,3,3,5
LongNoteHead,4,3,absent,6,5,1,11101100,2,2,2
LongNoteHead,4,3,absent,6,5,2,11111000,1,1,0
LongNoteHead,4,3,absent,6,5,3,11111000,8,8,0
LongNoteHead,4,3,absent,6,6,2,11111100,1,1,0
LongNoteHead,4,3,absent,6,6,4,11111100,2,2,0
LongNoteHead,4,3,absent,6,8,5,11111111,2,2,0
LongNoteHead,4,3,absent,7,2,0,11000000,2,2,0
LongNoteHead,4,3,absent,7,3,0,11001000,1,1,0
LongNoteHead,4,3,absent,7,3,0,11100000,2,1,2
LongNoteHead,4,3,absent,7,4,0,11101000,4,2,2
LongNoteHead,4,3,absent,7,5,0,11111000,1,1,2
LongNoteHead,4,3,absent,8,3,0,11001000,1,1,1
LongNoteHead,4,3,absent,8,3,0,11100000,1,1,1
LongNoteHead,4,3,absent,8,4,1,11101000,4,4,2
LongNoteHead,4,3,absent,8,5,2,11101100,2,2,0
LongNoteHead,4,3,present,0,0,0,00000000,72,0,0
LongNoteHead,4,3,present,1,1,0,10000000,121,0,121
LongNoteHead,4,3,present,1,1,1,10000000,20,0,0
LongNoteHead,4,3,present,1,2,0,10001000,1,0,2
LongNoteHead,4,3,present,1,2,0,10100000,3,0,6
LongNoteHead,4,3,present,1,2,0,11000000,9,0,18
LongNoteHead,4,3,present,1,2,2,11000000,10,0,0
LongNoteHead,4,3,present,1,3,0,10001100,1,0,3
LongNoteHead,4,3,present,1,3,0,10110000,5,0,15
LongNoteHead,4,3,present,1,3,0,11001000,1,0,3
LongNoteHead,4,3,present,1,3,3,10001100,3,0,0
LongNoteHead,4,3,present,1,3,3,11001000,2,0,0
LongNoteHead,4,3,present,1,4,0,11001100,1,0,4
LongNoteHead,4,3,present,1,4,0,11101000,1,0,4
LongNoteHead,4,3,present,1,4,4,11001100,1,0,0
LongNoteHead,4,3,present,1,4,4,11101000,4,0,0
LongNoteHead,4,3,present,1,4,4,11110000,2,0,0
LongNoteHead,4,3,present,1,5,5,11101100,2,0,0
LongNoteHead,4,3,present,1,5,5,11111000,1,0,0
LongNoteHead,4,3,present,1,6,6,11111100,1,0,0
LongNoteHead,4,3,present,1,8,8,11111111,2,0,0
LongNoteHead,4,3,present,2,1,0,10000000,136,45,0
LongNoteHead,4,3,present,2,2,0,10001000,3,2,3
LongNoteHead,4,3,present,2,2,0,10100000,9,1,9
LongNoteHead,4,3,present,2,2,0,11000000,20,6,19
LongNoteHead,4,3,present,2,2,1,10001000,5,5,0
LongNoteHead,4,3,present,2,2,1,11000000,17,17,0
LongNoteHead,4,3,present,2,3,0,10001100,3,2,6
LongNoteHead,4,3,present,2,3,0,10101000,1,0,2
LongNoteHead,4,3,present,2,3,0,10110000,3,1,6
LongNoteHead,4,3,present,2,3,0,11100000,2,0,4
LongNoteHead,4,3,present,2,3,1,10101000,1,1,0
LongNoteHead,4,3,present,2,3,1,11001000,1,1,1
LongNoteHead,4,3,present,2,3,2,10001100,5,5,0
LongNoteHead,4,3,present,2,3,2,10110000,4,4,0
LongNoteHead,4,3,present,2,3,2,11001000,3,3,0
LongNoteHead,4,3,present,2,4,0,10111000,2,0,6
LongNoteHead,4,3,present,2,4,1,10111000,2,2,2
LongNoteHead,4,3,present,2,4,1,11001100,1,1,0
LongNoteHead,4,3,present,2,4,2,10101100,1,1,1
LongNoteHead,4,3,present,2,4,2,11101000,3,3,0
LongNoteHead,4,3,present,2,4,3,10101100,5,5,0
LongNoteHead,4,3,present,2,4,3,11001100,1,1,0
LongNoteHead,4,3,present,2,4,3,11101000,4,4,0
LongNoteHead,4,3,present,2,5,3,11101100,4,4,1
LongNoteHead,4,3,present,2,5,4,11101100,2,2,0
LongNoteHead,4,3,present,2,6,0,10111110,1,0,5
LongNoteHead,4,3,present,2,6,3,10111110,1,1,0
LongNoteHead,4,3,present,2,6,3,11111100,4,4,1
LongNoteHead,4,3,present,2,7,4,11111110,3,3,0
LongNoteHead,4,3,present,2,8,7,11111111,6,6,0
LongNoteHead,4,3,present,3,1,0,10000000,116,56,0
LongNoteHead,4,3,present,3,2,0,10001000,13,6,12
LongNoteHead,4,3,present,3,2,0,10100000,13,10,13
LongNoteHead,4,3,present,3,2,0,11000000,25,13,19
LongNoteHead,4,3,present,3,2,1,11000000,11,11,0
LongNoteHead,4,3,present,3,3,0,10001100,6,3,12
LongNoteHead,4,3,present,3,3,0,10101000,3,1,6
LongNoteHead,4,3,present,3,3,0,10110000,3,3,5
LongNoteHead,4,3,present,3,3,0,11100000,3,1,5
LongNoteHead,4,3,present,3,3,1,11001000,5,5,4
LongNoteHead,4,3,present,3,3,1,11100000,2,2,2
LongNoteHead,4,3,present,3,3,2,10001100,3,3,0
LongNoteHead,4,3,present,3,3,2,11001000,2,2,0
LongNoteHead,4,3,present,3,4,0,10101100,1,0,3
LongNoteHead,4,3,present,3,4,0,11001100,1,1,1
LongNoteHead,4,3,present,3,4,0,11101000,3,3,2
LongNoteHead,4,3,present,3,4,0,11110000,3,2,9
LongNoteHead,4,3,present,3,4,1,10111000,1,1,1
LongNoteHead,4,3,present,3,4,1,11001100,2,2,1
LongNoteHead,4,3,present,3,4,1,11101000,2,2,2
LongNoteHead,4,3,present,3,4,1,11110000,1,1,2
LongNoteHead,4,3,present,3,4,2,10101100,1,1,1
LongNoteHead,4,3,present,3,4,2,11001100,2,2,2
LongNoteHead,4,3,present,3,4,2,11101000,3,3,1
LongNoteHead,4,3,present,3,4,3,11101000,12,12,0
LongNoteHead,4,3,present,3,4,3,11110000,1,1,0
LongNoteHead,4,3,present,3,5,0,11111000,1,1,3
LongNoteHead,4,3,present,3,5,2,11101100,3,3,1
LongNoteHead,4,3,present,3,5,2,11111000,2,2,3
LongNoteHead,4,3,present,3,5,4,11101100,4,4,0
LongNoteHead,4,3,present,3,5,4,11111000,2,2,0
LongNoteHead,4,3,present,3,6,3,11111100,1,1,0
LongNoteHead,4,3,present,3,6,5,11111100,2,2,0
LongNoteHead,4,3,present,3,7,0,11111110,2,1,12
LongNoteHead,4,3,present,3,8,5,11111111,2,2,0
LongNoteHead,4,3,present,3,8,7,11111111,4,4,0
LongNoteHead,4,3,present,4,1,0,10000000,136,99,0
LongNoteHead,4,3,present,4,2,0,10001000,7,4,7
LongNoteHead,4,3,present,4,2,0,10100000,9,8,9
LongNoteHead,4,3,present,4,2,0,11000000,47,39,34
LongNoteHead,4,3,present,4,2,1,10001000,1,1,0
LongNoteHead,4,3,present,4,2,1,10100000,1,1,0
LongNoteHead,4,3,present,4,2,1,11000000,23,23,0
LongNoteHead,4,3,present,4,3,0,10001100,8,8,16
LongNoteHead,4,3,present,4,3,0,10110000,9,7,12
LongNoteHead,4,3,present,4,3,0,11001000,9,4,14
LongNoteHead,4,3,present,4,3,0,11100000,7,6,10
LongNoteHead,4,3,present,4,3,1,10001100,1,1,0
LongNoteHead,4,3,present,4,3,1,10101000,1,1,0
LongNoteHead,4,3,present,4,3,1,10110000,1,1,0
LongNoteHead,4,3,present,4,3,1,11001000,7,7,3
LongNoteHead,4,3,present,4,3,1,11100000,2,2,2
LongNoteHead,4,3,present,4,3,2,10001100,3,3,0
LongNoteHead,4,3,present,4,3,2,10101000,1,1,0
LongNoteHead,4,3,present,4,3,2,10110000,4,4,0
LongNoteHead,4,3,present,4,3,2,11001000,7,7,0
LongNoteHead,4,3,present,4,3,2,11100000,2,2,0
LongNoteHead,4,3,present,4,4,0,10101100,1,0,1
LongNoteHead,4,3,present,4,4,0,11001100,4,3,11
LongNoteHead,4,3,present,4,4,0,11101000,5,3,8
LongNoteHead,4,3,present,4,4,0,11110000,6,5,17
LongNoteHead,4,3,present,4,4,1,10101100,4,4,4
LongNoteHead,4,3,present,4,4,1,11001100,4,4,0
LongNoteHead,4,3,present,4,4,1,11101000,1,1,1
LongNoteHead,4,3,present,4,4,2,10101100,3,3,3
LongNoteHead,4,3,present,4,4,2,11001100,4,4,4
LongNoteHead,4,3,present,4,4,2,11101000,3,3,1
LongNoteHead,4,3,present,4,4,2,11110000,2,2,2
LongNoteHead,4,3,present,4,4,3,11001100,5,5,0
LongNoteHead,4,3,present,4,4,3,11101000,2,2,0
LongNoteHead,4,3,present,4,4,3,11110000,5,5,0
LongNoteHead,4,3,present,4,5,0,11101100,1,1,0
LongNoteHead,4,3,present,4,5,1,11101100,2,2,2
LongNoteHead,4,3,present,4,5,2,11101100,3,3,2
LongNoteHead,4,3,present,4,5,2,11111000,1,1,1
LongNoteHead,4,3,present,4,5,3,11101100,2,2,0
LongNoteHead,4,3,present,4,5,3,11111000,5,5,2
LongNoteHead,4,3,present,4,5,4,11101100,2,2,0
LongNoteHead,4,3,present,4,5,4,11111000,2,2,0
LongNoteHead,4,3,present,4,6,0,10111110,4,4,8
LongNoteHead,4,3,present,4,6,0,11111100,1,1,5
LongNoteHead,4,3,present,4,6,2,11111100,1,1,0
LongNoteHead,4,3,present,4,6,3,11111100,3,3,0
LongNoteHead,4,3,present,4,6,4,11111100,5,5,0
LongNoteHead,4,3,present,4,6,5,11111100,1,1,0
LongNoteHead,4,3,present,4,7,3,11111110,1,1,0
LongNoteHead,4,3,present,4,7,4,11111110,3,3,0
LongNoteHead,4,3,present,4,8,5,11111111,2,2,0
LongNoteHead,4,3,present,4,8,6,11111111,4,4,0
LongNoteHead,4,3,present,4,8,7,11111111,12,12,0
LongNoteHead,4,3,present,5,1,0,10000000,47,36,0
LongNoteHead,4,3,present,5,2,0,10001000,7,4,7
LongNoteHead,4,3,present,5,2,0,10100000,6,4,4
LongNoteHead,4,3,present,5,2,0,11000000,12,10,9
LongNoteHead,4,3,present,5,2,1,10001000,2,2,0
LongNoteHead,4,3,present,5,2,1,10100000,2,2,0
LongNoteHead,4,3,present,5,2,1,11000000,5,5,0
LongNoteHead,4,3,present,5,3,0,10001100,8,7,9
LongNoteHead,4,3,present,5,3,0,10101000,2,2,1
LongNoteHead,4,3,present,5,3,0,10110000,4,4,7
LongNoteHead,4,3,present,5,3,0,11001000,5,2,5
LongNoteHead,4,3,present,5,3,0,11100000,7,5,12
LongNoteHead,4,3,present,5,3,1,11001000,5,5,2
LongNoteHead,4,3,present,5,3,1,11100000,1,1,0
LongNoteHead,4,3,present,5,3,2,10101000,4,4,0
LongNoteHead,4,3,present,5,3,2,10110000,2,2,0
LongNoteHead,4,3,present,5,3,2,11001000,6,6,0
LongNoteHead,4,3,present,5,4,0,10101100,1,0,1
LongNoteHead,4,3,present,5,4,0,11001100,1,1,3
LongNoteHead,4,3,present,5,4,0,11101000,3,3,3
LongNoteHead,4,3,present,5,4,0,11110000,4,3,10
LongNoteHead,4,3,present,5,4,1,10101100,1,1,0
LongNoteHead,4,3,present,5,4,1,10111000,1,1,1
LongNoteHead,4,3,present,5,4,1,11001100,2,2,2
LongNoteHead,4,3,present,5,4,1,11101000,3,3,2
LongNoteHead,4,3,present,5,4,1,11110000,1,1,1
LongNoteHead,4,3,present,5,4,2,10101100,3,3,0
LongNoteHead,4,3,present,5,4,2,11001100,1,1,0
LongNoteHead,4,3,present,5,4,2,11101000,2,2,0
LongNoteHead,4,3,present,5,4,3,11001100,1,1,0
LongNoteHead,4,3,present,5,4,3,11101000,4,4,0
LongNoteHead,4,3,present,5,4,3,11110000,1,1,0
LongNoteHead,4,3,present,5,5,0,10111100,1,1,2
LongNoteHead,4,3,present,5,5,0,11101100,1,1,4
LongNoteHead,4,3,present,5,5,1,11111000,1,1,2
LongNoteHead,4,3,present,5,5,2,10111100,1,1,1
LongNoteHead,4,3,present,5,5,2,11101100,3,3,2
LongNoteHead,4,3,present,5,5,2,11111000,1,1,0
LongNoteHead,4,3,present,5,5,3,11101100,2,2,0
LongNoteHead,4,3,present,5,5,4,11111000,2,2,0
LongNoteHead,4,3,present,5,6,0,11111100,1,1,2
LongNoteHead,4,3,present,5,6,2,11111100,1,1,1
LongNoteHead,4,3,present,5,6,3,10111110,1,1,0
LongNoteHead,4,3,present,5,6,3,11111100,5,5,3
LongNoteHead,4,3,present,5,7,4,11111110,1,1,0
LongNoteHead,4,3,present,5,8,4,11111111,2,2,0
LongNoteHead,4,3,present,5,8,5,11111111,4,4,0
LongNoteHead,4,3,present,5,8,7,11111111,2,2,0
LongNoteHead,4,3,present,6,1,0,10000000,19,14,0
LongNoteHead,4,3,present,6,2,0,10001000,3,3,2
LongNoteHead,4,3,present,6,2,0,10100000,4,3,4
LongNoteHead,4,3,present,6,2,0,11000000,13,11,10
LongNoteHead,4,3,present,6,2,1,10001000,1,1,0
LongNoteHead,4,3,present,6,2,1,11000000,1,1,0
LongNoteHead,4,3,present,6,3,0,10001100,5,5,3
LongNoteHead,4,3,present,6,3,0,10101000,2,2,1
LongNoteHead,4,3,present,6,3,0,10110000,2,2,1
LongNoteHead,4,3,present,6,3,0,11001000,4,3,4
LongNoteHead,4,3,present,6,3,0,11100000,2,1,4
LongNoteHead,4,3,present,6,3,1,11001000,5,5,3
LongNoteHead,4,3,present,6,3,1,11100000,2,2,0
LongNoteHead,4,3,present,6,3,2,11001000,4,4,0
LongNoteHead,4,3,present,6,3,2,11100000,3,3,0
LongNoteHead,4,3,present,6,4,0,10101100,2,2,3
LongNoteHead,4,3,present,6,4,0,11001100,2,2,3
LongNoteHead,4,3,present,6,4,0,11110000,1,1,2
LongNoteHead,4,3,present,6,4,1,11001100,1,1,2
LongNoteHead,4,3,present,6,4,1,11101000,2,2,1
LongNoteHead,4,3,present,6,4,2,11101000,2,2,2
LongNoteHead,4,3,present,6,4,2,11110000,2,2,1
LongNoteHead,4,3,present,6,4,3,11001100,5,5,0
LongNoteHead,4,3,present,6,5,1,10111100,1,1,1
LongNoteHead,4,3,present,6,5,1,11101100,1,1,2
LongNoteHead,4,3,present,6,5,2,11101100,2,2,0
LongNoteHead,4,3,present,6,5,2,11111000,1,1,0
LongNoteHead,4,3,present,6,5,3,11101100,1,1,0
LongNoteHead,4,3,present,6,5,4,11111000,4,4,0
LongNoteHead,4,3,present,6,6,0,10111110,2,2,6
LongNoteHead,4,3,present,6,6,0,11111100,2,2,7
LongNoteHead,4,3,present,6,6,3,11111100,3,3,1
LongNoteHead,4,3,present,6,7,3,11111110,1,1,0
LongNoteHead,4,3,present,6,7,4,11111110,1,1,0
LongNoteHead,4,3,present,6,8,4,11111111,2,2,0
LongNoteHead,4,3,present,6,8,7,11111111,6,6,0
LongNoteHead,4,3,present,7,1,0,10000000,2,2,0
LongNoteHead,4,3,present,7,2,0,10001000,2,2,1
LongNoteHead,4,3,present,7,2,0,10100000,1,0,1
LongNoteHead,4,3,present,7,2,0,11000000,1,1,1
LongNoteHead,4,3,present,7,2,1,10001000,1,1,0
LongNoteHead,4,3,present,7,3,1,11001000,2,2,2
LongNoteHead,4,3,present,7,3,2,11001000,1,1,0
LongNoteHead,4,3,present,7,4,2,11110000,1,1,0
LongNoteHead,4,3,present,7,5,3,11111000,1,1,0
LongNoteHead,4,3,present,8,2,0,10001000,1,1,0
LongNoteHead,4,3,present,8,2,0,11000000,1,1,0
LongNoteHead,4,3,present,8,3,0,10101000,1,1,2
LongNoteHead,4,3,present,8,3,0,11001000,1,1,1
LongNoteHead,4,3,present,8,3,0,11100000,1,1,1
LongNoteHead,4,3,present,8,4,1,11101000,2,2,0
LongNoteHead,4,3,present,8,4,2,11110000,1,1,0
LongNoteHead,4,3,present,8,5,1,11101100,1,1,2
LongNoteHead,4,3,present,8,5,2,11111000,1,1,0
LongNoteHead,5,4,absent,0,0,0,00000000,45,0,0
LongNoteHead,5,4,absent,1,1,0,10000000,11,0,11
LongNoteHead,5,4,absent,1,1,1,10000000,14,0,0
LongNoteHead,5,4,absent,1,2,0,11000000,11,0,22
LongNoteHead,5,4,absent,1,2,2,10001000,2,0,0
LongNoteHead,5,4,absent,1,2,2,11000000,8,0,0
LongNoteHead,5,4,absent,1,3,0,11100000,1,0,3
LongNoteHead,5,4,absent,1,4,0,11110000,2,0,8
LongNoteHead,5,4,absent,1,4,4,11101000,2,0,0
LongNoteHead,5,4,absent,2,1,0,10000000,8,5,0
LongNoteHead,5,4,absent,2,2,0,11000000,5,4,5
LongNoteHead,5,4,absent,2,2,1,11000000,7,7,0
LongNoteHead,5,4,absent,2,3,0,11100000,4,0,7
LongNoteHead,5,4,absent,2,3,2,10101000,1,1,0
LongNoteHead,5,4,absent,2,3,2,11001000,1,1,0
LongNoteHead,5,4,absent,2,4,0,11101000,1,0,2
LongNoteHead,5,4,absent,2,4,2,11101000,1,1,0
LongNoteHead,5,4,absent,2,5,2,11101100,1,1,1
LongNoteHead,5,4,absent,3,1,0,10000000,2,0,0
LongNoteHead,5,4,absent,3,2,0,11000000,10,8,3
LongNoteHead,5,4,absent,3,3,1,11001000,2,2,0
LongNoteHead,5,4,absent,3,3,2,10001100,1,1,0
LongNoteHead,5,4,absent,3,3,2,10101000,1,1,0
LongNoteHead,5,4,absent,3,4,0,11101000,1,1,2
LongNoteHead,5,4,absent,3,4,2,11001100,2,2,2
LongNoteHead,5,4,absent,3,4,2,11101000,6,6,0
LongNoteHead,5,4,absent,3,5,0,11101100,1,0,4
LongNoteHead,5,4,absent,4,1,0,10000000,1,0,0
LongNoteHead,5,4,absent,4,2,0,11000000,1,1,0
LongNoteHead,5,4,absent,4,2,1,11000000,1,1,0
LongNoteHead,5,4,absent,4,3,0,11001000,1,1,1
LongNoteHead,5,4,absent,4,3,1,10101000,1,1,0
LongNoteHead,5,4,absent,4,3,1,11001000,1,1,0
LongNoteHead,5,4,absent,4,3,2,11001000,1,1,0
LongNoteHead,5,4,absent,4,4,0,11101000,1,1,1
LongNoteHead,5,4,absent,4,4,2,11001100,2,2,1
LongNoteHead,5,4,absent,5,2,0,11000000,2,2,2
LongNoteHead,5,4,absent,5,3,0,11001000,1,0,1
LongNoteHead,5,4,absent,6,2,0,11000000,1,1,0
LongNoteHead,5,4,present,0,0,0,00000000,119,0,0
LongNoteHead,5,4,present,1,1,0,10000000,64,0,64
LongNoteHead,5,4,present,1,1,1,10000000,20,0,0
LongNoteHead,5,4,present,1,2,0,10100000,1,0,2
LongNoteHead,5,4,present,1,2,0,11000000,7,0,14
LongNoteHead,5,4,present,1,2,2,10001000,2,0,0
LongNoteHead,5,4,present,1,2,2,11000000,6,0,0
LongNoteHead,5,4,present,1,3,0,10001100,1,0,3
LongNoteHead,5,4,present,1,4,0,11110000,1,0,4
LongNoteHead,5,4,present,1,4,4,11101000,1,0,0
LongNoteHead,5,4,present,1,4,4,11110000,2,0,0
LongNoteHead,5,4,present,1,5,5,11111000,3,0,0
LongNoteHead,5,4,present,1,8,8,11111111,12,0,0
LongNoteHead,5,4,present,2,1,0,10000000,32,13,0
LongNoteHead,5,4,present,2,2,0,10001000,2,1,2
LongNoteHead,5,4,present,2,2,0,10100000,2,0,2
LongNoteHead,5,4,present,2,2,0,11000000,2,0,2
LongNoteHead,5,4,present,2,2,1,11000000,9,9,0
LongNoteHead,5,4,present,2,3,2,10101000,1,1,0
LongNoteHead,5,4,present,2,4,2,11101000,1,1,1
LongNoteHead,5,4,present,2,4,3,11101000,3,3,0
LongNoteHead,5,4,present,2,4,3,11110000,2,2,0
LongNoteHead,5,4,present,2,5,3,11101100,1,1,0
LongNoteHead,5,4,present,2,5,4,11101100,1,1,0
LongNoteHead,5,4,present,2,5,4,11111000,3,3,0
LongNoteHead,5,4,present,2,8,6,11111111,2,2,0
LongNoteHead,5,4,present,2,8,7,11111111,16,16,0
LongNoteHead,5,4,present,3,1,0,10000000,14,6,0
LongNoteHead,5,4,present,3,2,0,10001000,2,1,1
LongNoteHead,5,4,present,3,2,0,11000000,5,3,3
LongNoteHead,5,4,present,3,2,1,11000000,6,6,0
LongNoteHead,5,4,present,3,3,0,10001100,1,0,2
LongNoteHead,5,4,present,3,3,0,11001000,1,0,2
LongNoteHead,5,4,present,3,3,1,11100000,1,1,1
LongNoteHead,5,4,present,3,3,2,10101000,1,1,0
LongNoteHead,5,4,present,3,3,2,11001000,2,2,0
LongNoteHead,5,4,present,3,4,3,11001100,3,3,0
LongNoteHead,5,4,present,3,4,3,11110000,6,6,0
LongNoteHead,5,4,present,3,5,3,11101100,1,1,0
LongNoteHead,5,4,present,3,5,4,11111000,1,1,0
LongNoteHead,5,4,present,3,8,6,11111111,2,2,0
LongNoteHead,5,4,present,3,8,7,11111111,2,2,0
LongNoteHead,5,4,present,4,1,0,10000000,4,3,0
LongNoteHead,5,4,present,4,2,0,11000000,9,7,3
LongNoteHead,5,4,present,4,2,1,11000000,3,3,0
LongNoteHead,5,4,present,4,3,0,10001100,1,0,2
LongNoteHead,5,4,present,4,3,1,10101000,1,1,0
LongNoteHead,5,4,present,4,3,1,11100000,1,1,1
LongNoteHead,5,4,present,4,3,2,11001000,2,2,0
LongNoteHead,5,4,present,4,4,0,10111000,1,1,1
LongNoteHead,5,4,present,4,4,3,11001100,2,2,0
LongNoteHead,5,4,present,4,6,3,11111100,1,1,1
LongNoteHead,5,4,present,4,8,5,11111111,2,2,0
LongNoteHead,5,4,present,4,8,6,11111111,2,2,0
LongNoteHead,5,4,present,5,1,0,10000000,1,1,0
LongNoteHead,5,4,present,5,2,0,11000000,2,2,0
LongNoteHead,5,4,present,5,5,2,11111000,1,1,0
LongNoteHead,5,4,present,5,8,5,11111111,2,2,0
LongNoteHead,5,4,present,6,3,0,11100000,3,3,3
LongNoteHead,5,4,present,6,4,0,11101000,1,1,2
LongNoteHead,6,5,absent,0,0,0,00000000,17,0,0
LongNoteHead,6,5,absent,1,1,1,10000000,3,0,0
LongNoteHead,6,5,absent,1,2,0,11000000,2,0,4
LongNoteHead,6,5,absent,1,2,2,11000000,12,0,0
LongNoteHead,6,5,absent,1,3,0,11100000,2,0,6
LongNoteHead,6,5,absent,1,4,4,11101000,8,0,0
LongNoteHead,6,5,absent,2,1,0,10000000,1,1,0
LongNoteHead,6,5,absent,2,2,0,11000000,2,2,2
LongNoteHead,6,5,present,0,0,0,00000000,25,0,0
LongNoteHead,6,5,present,1,1,0,10000000,1,0,1
LongNoteHead,6,5,present,1,2,2,11000000,6,0,0
LongNoteHead,6,5,present,1,8,8,11111111,8,0,0
LongNoteHead,6,5,present,2,2,1,11000000,6,6,0
LongNoteHead,7,6,absent,0,0,0,00000000,7,0,0
LongNoteHead,7,6,absent,1,2,0,11000000,5,0,10
LongNoteHead,7,6,absent,2,2,0,11000000,1,1,0
LongNoteHead,7,6,absent,2,3,1,11001000,1,1,0
LongNoteHead,7,6,absent,2,4,0,11001100,3,3,3
LongNoteHead,7,6,absent,2,4,0,11101000,1,1,1
LongNoteHead,7,6,absent,2,4,1,11101000,1,1,1
TapHead,2,1,absent,0,0,0,00000000,6,0,0
TapHead,2,1,absent,1,3,3,10001100,1,0,0
TapHead,2,1,absent,10,2,0,11000000,9,8,0
TapHead,2,1,absent,10,3,0,11001000,3,2,1
TapHead,2,1,absent,10,3,0,11100000,4,4,1
TapHead,2,1,absent,10,3,1,11001000,2,2,0
TapHead,2,1,absent,10,3,1,11100000,1,1,0
TapHead,2,1,absent,10,4,0,11001100,4,4,6
TapHead,2,1,absent,10,4,0,11110000,10,10,6
TapHead,2,1,absent,10,4,1,11001100,1,1,0
TapHead,2,1,absent,10,4,1,11101000,3,3,0
TapHead,2,1,absent,10,4,2,11101000,1,1,0
TapHead,2,1,absent,10,4,2,11110000,1,1,0
TapHead,2,1,absent,10,5,0,11101100,6,6,8
TapHead,2,1,absent,10,5,0,11111000,4,4,0
TapHead,2,1,absent,10,5,1,11101100,7,7,8
TapHead,2,1,absent,10,5,1,11111000,2,2,3
TapHead,2,1,absent,10,5,2,11111000,1,1,1
TapHead,2,1,absent,10,5,3,11101100,1,1,0
TapHead,2,1,absent,10,6,0,11111100,11,11,14
TapHead,2,1,absent,10,6,1,11111100,3,3,0
TapHead,2,1,absent,10,6,2,11111100,6,6,7
TapHead,2,1,absent,10,7,0,11111110,1,1,2
TapHead,2,1,absent,10,7,3,11111110,1,1,0
TapHead,2,1,absent,10,7,5,11111110,1,1,0
TapHead,2,1,absent,10,8,0,11111111,5,5,10
TapHead,2,1,absent,10,8,2,11111111,8,8,0
TapHead,2,1,absent,11,2,0,11000000,4,3,0
TapHead,2,1,absent,11,3,0,11001000,2,2,2
TapHead,2,1,absent,11,3,0,11100000,2,1,2
TapHead,2,1,absent,11,4,0,11001100,4,3,8
TapHead,2,1,absent,11,4,0,11110000,1,1,2
TapHead,2,1,absent,11,4,2,11110000,1,1,0
TapHead,2,1,absent,11,5,0,11101100,1,1,1
TapHead,2,1,absent,11,6,0,11111100,1,1,4
TapHead,2,1,absent,11,6,2,11111100,1,1,2
TapHead,2,1,absent,11,8,4,11111111,2,2,0
TapHead,2,1,absent,12,1,0,10000000,1,1,0
TapHead,2,1,absent,12,2,0,11000000,71,71,1
TapHead,2,1,absent,12,3,0,11001000,61,61,15
TapHead,2,1,absent,12,3,0,11100000,64,64,23
TapHead,2,1,absent,12,3,1,11001000,12,12,0
TapHead,2,1,absent,12,3,1,11100000,21,21,0
TapHead,2,1,absent,12,4,0,11001100,17,17,19
TapHead,2,1,absent,12,4,0,11101000,254,254,118
TapHead,2,1,absent,12,4,0,11110000,15,15,18
TapHead,2,1,absent,12,4,1,11001100,1,1,0
TapHead,2,1,absent,12,4,1,11101000,56,56,23
TapHead,2,1,absent,12,4,2,11001100,5,5,0
TapHead,2,1,absent,12,4,2,11101000,11,11,0
TapHead,2,1,absent,12,4,2,11110000,6,6,0
TapHead,2,1,absent,12,5,0,11101100,57,57,40
TapHead,2,1,absent,12,5,0,11111000,43,43,38
TapHead,2,1,absent,12,5,1,11101100,30,30,11
TapHead,2,1,absent,12,5,1,11111000,34,34,8
TapHead,2,1,absent,12,5,2,11101100,8,8,1
TapHead,2,1,absent,12,5,2,11111000,12,12,2
TapHead,2,1,absent,12,5,3,11101100,4,4,0
TapHead,2,1,absent,12,5,3,11111000,1,1,0
TapHead,2,1,absent,12,6,0,11111100,99,99,78
TapHead,2,1,absent,12,6,1,11111100,28,28,16
TapHead,2,1,absent,12,6,2,11111100,20,20,10
TapHead,2,1,absent,12,6,3,11111100,4,4,0
TapHead,2,1,absent,12,6,4,11111100,4,4,0
TapHead,2,1,absent,12,7,0,11111110,4,4,7
TapHead,2,1,absent,12,8,0,11111111,23,23,43
TapHead,2,1,absent,12,8,2,11111111,6,6,0
TapHead,2,1,absent,12,8,3,11111111,4,4,0
TapHead,2,1,absent,12,8,4,11111111,6,6,0
TapHead,2,1,absent,12,8,5,11111111,2,2,0
TapHead,2,1,absent,12,8,6,11111111,4,4,0
TapHead,2,1,absent,3,3,1,11001000,1,1,0
TapHead,2,1,absent,3,3,1,11100000,2,2,0
TapHead,2,1,absent,3,4,0,11001100,3,3,0
TapHead,2,1,absent,3,4,0,11101000,14,14,1
TapHead,2,1,absent,3,4,1,11001100,2,2,0
TapHead,2,1,absent,3,4,1,11101000,4,4,0
TapHead,2,1,absent,3,4,2,11101000,4,4,0
TapHead,2,1,absent,3,5,0,11101100,41,41,12
TapHead,2,1,absent,3,5,0,11111000,51,51,16
TapHead,2,1,absent,3,5,1,11101100,29,29,4
TapHead,2,1,absent,3,5,1,11111000,30,30,3
TapHead,2,1,absent,3,5,2,11101100,10,10,0
TapHead,2,1,absent,3,5,2,11111000,5,5,0
TapHead,2,1,absent,3,5,3,11101100,1,1,0
TapHead,2,1,absent,3,5,3,11111000,5,5,0
TapHead,2,1,absent,3,6,0,11111100,119,119,68
TapHead,2,1,absent,3,6,1,11111100,98,98,29
TapHead,2,1,absent,3,6,2,11111100,28,28,1
TapHead,2,1,absent,3,6,3,11111100,2,2,0
TapHead,2,1,absent,3,6,4,11111100,1,1,0
TapHead,2,1,absent,3,8,0,11111111,28,28,60
TapHead,2,1,absent,3,8,2,11111111,94,94,0
TapHead,2,1,absent,3,8,3,11111111,54,54,0
TapHead,2,1,absent,3,8,4,11111111,28,28,0
TapHead,2,1,absent,5,3,0,11001000,1,0,1
TapHead,2,1,absent,6,2,0,11000000,67,67,0
TapHead,2,1,absent,6,3,0,11001000,58,58,24
TapHead,2,1,absent,6,3,0,11100000,40,40,17
TapHead,2,1,absent,6,3,1,11001000,29,29,0
TapHead,2,1,absent,6,3,1,11100000,10,10,0
TapHead,2,1,absent,6,4,0,11001100,110,110,74
TapHead,2,1,absent,6,4,0,11101000,138,138,66
TapHead,2,1,absent,6,4,0,11110000,110,110,73
TapHead,2,1,absent,6,4,1,11001100,15,15,0
TapHead,2,1,absent,6,4,1,11101000,45,45,16
TapHead,2,1,absent,6,4,1,11110000,17,17,0
TapHead,2,1,absent,6,4,2,11001100,34,34,0
TapHead,2,1,absent,6,4,2,11101000,17,17,0
TapHead,2,1,absent,6,4,2,11110000,28,28,0
TapHead,2,1,absent,6,5,0,11101100,169,169,125
TapHead,2,1,absent,6,5,0,11111000,167,167,128
TapHead,2,1,absent,6,5,1,11101100,70,70,35
TapHead,2,1,absent,6,5,1,11111000,63,63,18
TapHead,2,1,absent,6,5,2,11101100,43,43,12
TapHead,2,1,absent,6,5,2,11111000,44,44,14
TapHead,2,1,absent,6,5,3,11101100,21,21,0
TapHead,2,1,absent,6,5,3,11111000,16,16,0
TapHead,2,1,absent,6,6,0,11111100,590,590,523
TapHead,2,1,absent,6,6,1,11111100,104,104,48
TapHead,2,1,absent,6,6,2,11111100,177,177,75
TapHead,2,1,absent,6,6,3,11111100,20,20,0
TapHead,2,1,absent,6,6,4,11111100,32,32,0
TapHead,2,1,absent,6,7,0,11111110,12,12,9
TapHead,2,1,absent,6,8,0,11111111,147,147,250
TapHead,2,1,absent,6,8,1,11111111,5,5,0
TapHead,2,1,absent,6,8,2,11111111,197,197,0
TapHead,2,1,absent,6,8,3,11111111,69,69,0
TapHead,2,1,absent,6,8,4,11111111,120,120,0
TapHead,2,1,absent,6,8,5,11111111,37,37,0
TapHead,2,1,absent,6,8,6,11111111,36,36,0
TapHead,2,1,absent,7,2,0,11000000,6,4,0
TapHead,2,1,absent,7,3,0,11001000,3,3,0
TapHead,2,1,absent,7,3,0,11100000,3,3,2
TapHead,2,1,absent,7,3,1,11001000,1,1,0
TapHead,2,1,absent,7,4,0,11001100,24,24,10
TapHead,2,1,absent,7,4,0,11101000,6,6,0
TapHead,2,1,absent,7,4,0,11110000,10,10,4
TapHead,2,1,absent,7,4,2,11001100,2,2,0
TapHead,2,1,absent,7,4,2,11110000,1,1,0
TapHead,2,1,absent,7,5,0,11101100,10,10,6
TapHead,2,1,absent,7,5,0,11111000,9,9,5
TapHead,2,1,absent,7,5,1,11101100,2,2,0
TapHead,2,1,absent,7,5,1,11111000,2,2,0
TapHead,2,1,absent,7,5,2,11101100,1,1,1
TapHead,2,1,absent,7,5,2,11111000,1,1,0
TapHead,2,1,absent,7,5,3,11111000,1,1,0
TapHead,2,1,absent,7,6,0,11111100,148,148,91
TapHead,2,1,absent,7,6,1,11111100,3,3,0
TapHead,2,1,absent,7,6,2,11111100,41,41,17
TapHead,2,1,absent,7,6,3,11111100,1,1,0
TapHead,2,1,absent,7,6,4,11111100,4,4,0
TapHead,2,1,absent,7,8,0,11111111,23,23,35
TapHead,2,1,absent,7,8,2,11111111,54,54,0
TapHead,2,1,absent,7,8,4,11111111,26,26,0
TapHead,2,1,absent,7,8,5,11111111,2,2,0
TapHead,2,1,absent,8,2,0,11000000,37,37,0
TapHead,2,1,absent,8,3,0,11001000,22,21,10
TapHead,2,1,absent,8,3,0,11100000,26,26,12
TapHead,2,1,absent,8,3,1,11001000,9,9,0
TapHead,2,1,absent,8,3,1,11100000,4,4,0
TapHead,2,1,absent,8,4,0,11001100,58,57,28
TapHead,2,1,absent,8,4,0,11101000,76,76,27
TapHead,2,1,absent,8,4,0,11110000,38,38,18
TapHead,2,1,absent,8,4,1,11001100,5,5,0
TapHead,2,1,absent,8,4,1,11101000,42,42,8
TapHead,2,1,absent,8,4,1,11110000,6,6,0
TapHead,2,1,absent,8,4,2,11001100,21,21,0
TapHead,2,1,absent,8,4,2,11101000,4,4,0
TapHead,2,1,absent,8,4,2,11110000,12,12,0
TapHead,2,1,absent,8,5,0,11101100,74,74,47
TapHead,2,1,absent,8,5,0,11111000,62,62,51
TapHead,2,1,absent,8,5,1,11101100,31,31,10
TapHead,2,1,absent,8,5,1,11111000,34,34,5
TapHead,2,1,absent,8,5,2,11101100,21,21,2
TapHead,2,1,absent,8,5,2,11111000,13,13,1
TapHead,2,1,absent,8,5,3,11101100,8,8,0
TapHead,2,1,absent,8,5,3,11111000,14,14,0
TapHead,2,1,absent,8,6,0,11111100,240,240,186
TapHead,2,1,absent,8,6,1,11111100,45,45,20
TapHead,2,1,absent,8,6,2,11111100,61,61,33
TapHead,2,1,absent,8,6,3,11111100,7,7,0
TapHead,2,1,absent,8,6,4,11111100,8,8,0
TapHead,2,1,absent,8,8,0,11111111,101,101,141
TapHead,2,1,absent,8,8,2,11111111,116,116,0
TapHead,2,1,absent,8,8,3,11111111,30,30,0
TapHead,2,1,absent,8,8,4,11111111,103,103,0
TapHead,2,1,absent,8,8,5,11111111,27,27,0
TapHead,2,1,absent,8,8,6,11111111,60,60,0
TapHead,2,1,absent,9,2,0,11000000,20,20,0
TapHead,2,1,absent,9,3,0,11001000,19,19,9
TapHead,2,1,absent,9,3,0,11100000,29,29,16
TapHead,2,1,absent,9,3,1,11001000,6,6,0
TapHead,2,1,absent,9,3,1,11100000,10,10,0
TapHead,2,1,absent,9,4,0,11001100,37,37,27
TapHead,2,1,absent,9,4,0,11101000,47,47,18
TapHead,2,1,absent,9,4,0,11110000,30,30,12
TapHead,2,1,absent,9,4,1,11001100,4,4,0
TapHead,2,1,absent,9,4,1,11101000,15,15,4
TapHead,2,1,absent,9,4,1,11110000,7,7,0
TapHead,2,1,absent,9,4,2,11001100,11,11,0
TapHead,2,1,absent,9,4,2,11101000,5,5,0
TapHead,2,1,absent,9,4,2,11110000,11,11,0
TapHead,2,1,absent,9,5,0,11101100,37,37,21
TapHead,2,1,absent,9,5,0,11111000,44,44,30
TapHead,2,1,absent,9,5,1,11101100,25,25,9
TapHead,2,1,absent,9,5,1,11111000,33,33,9
TapHead,2,1,absent,9,5,2,11101100,12,12,4
TapHead,2,1,absent,9,5,2,11111000,21,21,2
TapHead,2,1,absent,9,5,3,11101100,14,14,0
TapHead,2,1,absent,9,5,3,11111000,14,14,0
TapHead,2,1,absent,9,6,0,11111100,87,87,70
TapHead,2,1,absent,9,6,1,11111100,29,29,16
TapHead,2,1,absent,9,6,2,11111100,42,42,13
TapHead,2,1,absent,9,6,3,11111100,7,7,0
TapHead,2,1,absent,9,6,4,11111100,9,9,0
TapHead,2,1,absent,9,7,0,11111110,2,2,7
TapHead,2,1,absent,9,7,2,11111110,1,1,0
TapHead,2,1,absent,9,7,5,11111110,1,1,0
TapHead,2,1,absent,9,8,0,11111111,93,93,115
TapHead,2,1,absent,9,8,1,11111111,3,3,0
TapHead,2,1,absent,9,8,2,11111111,52,52,0
TapHead,2,1,absent,9,8,3,11111111,49,49,0
TapHead,2,1,absent,9,8,4,11111111,109,109,0
TapHead,2,1,absent,9,8,5,11111111,47,47,0
TapHead,2,1,absent,9,8,6,11111111,46,46,0
TapHead,2,1,present,0,0,0,00000000,3,0,0
TapHead,2,1,present,1,1,0,10000000,2,0,2
TapHead,2,1,present,1,2,0,10001000,2,0,4
TapHead,2,1,present,1,3,3,10001100,1,0,0
TapHead,2,1,present,10,1,0,10000000,5,5,0
TapHead,2,1,present,10,2,0,10100000,1,1,0
TapHead,2,1,present,10,2,0,11000000,5,5,0
TapHead,2,1,present,10,3,0,10001100,2,2,4
TapHead,2,1,present,10,3,0,11001000,3,2,1
TapHead,2,1,present,10,3,1,10001100,1,1,0
TapHead,2,1,present,10,4,0,10111000,1,1,2
TapHead,2,1,present,10,4,0,11001100,3,2,7
TapHead,2,1,present,10,4,0,11110000,2,2,0
TapHead,2,1,present,10,4,2,11001100,2,2,1
TapHead,2,1,present,10,5,0,11111000,1,1,4
TapHead,2,1,present,10,5,1,11111000,2,2,0
TapHead,2,1,present,10,5,2,11101100,1,1,1
TapHead,2,1,present,10,5,2,11111000,1,1,0
TapHead,2,1,present,10,6,0,11111100,2,2,2
TapHead,2,1,present,10,6,1,11111100,2,2,3
TapHead,2,1,present,10,7,0,11111110,1,1,2
TapHead,2,1,present,10,7,3,11111110,1,1,0
TapHead,2,1,present,10,7,5,11111110,1,1,1
TapHead,2,1,present,10,8,4,11111111,2,2,0
TapHead,2,1,present,11,1,0,10000000,11,9,0
TapHead,2,1,present,11,2,0,10001000,1,0,1
TapHead,2,1,present,11,2,0,11000000,18,14,12
TapHead,2,1,present,11,3,0,10101000,1,0,0
TapHead,2,1,present,11,3,0,10110000,2,0,2
TapHead,2,1,present,11,3,0,11001000,9,8,10
TapHead,2,1,present,11,3,0,11100000,5,4,4
TapHead,2,1,present,11,4,0,11001100,2,2,3
TapHead,2,1,present,11,4,0,11101000,6,6,8
TapHead,2,1,present,11,4,0,11110000,3,1,5
TapHead,2,1,present,11,4,1,11110000,1,1,0
TapHead,2,1,present,11,5,0,10111100,1,1,0
TapHead,2,1,present,11,5,0,11101100,2,2,7
TapHead,2,1,present,11,5,1,10111100,1,1,0
TapHead,2,1,present,11,6,0,11111100,1,1,3
TapHead,2,1,present,12,1,0,10000000,76,76,0
TapHead,2,1,present,12,2,0,10001000,19,19,11
TapHead,2,1,present,12,2,0,10100000,18,18,14
TapHead,2,1,present,12,2,0,11000000,284,284,77
TapHead,2,1,present,12,2,1,10001000,9,9,0
TapHead,2,1,present,12,2,1,10100000,6,6,0
TapHead,2,1,present,12,2,1,11000000,49,49,0
TapHead,2,1,present,12,3,0,10001100,6,6,6
TapHead,2,1,present,12,3,0,10101000,13,13,8
TapHead,2,1,present,12,3,0,10110000,5,5,8
TapHead,2,1,present,12,3,0,11001000,112,112,98
TapHead,2,1,present,12,3,0,11100000,133,133,75
TapHead,2,1,present,12,3,1,10001100,2,2,0
TapHead,2,1,present,12,3,1,10101000,3,3,0
TapHead,2,1,present,12,3,1,11001000,39,39,12
TapHead,2,1,present,12,3,1,11100000,64,64,12
TapHead,2,1,present,12,3,2,10001100,3,3,0
TapHead,2,1,present,12,3,2,10101000,2,2,0
TapHead,2,1,present,12,3,2,10110000,1,1,0
TapHead,2,1,present,12,3,2,11001000,12,12,0
TapHead,2,1,present,12,3,2,11100000,10,10,0
TapHead,2,1,present,12,4,0,10101100,8,8,10
TapHead,2,1,present,12,4,0,10111000,5,5,5
TapHead,2,1,present,12,4,0,11001100,49,49,64
TapHead,2,1,present,12,4,0,11101000,133,133,124
TapHead,2,1,present,12,4,0,11110000,36,36,56
TapHead,2,1,present,12,4,1,10101100,1,1,0
TapHead,2,1,present,12,4,1,10111000,5,5,5
TapHead,2,1,present,12,4,1,11001100,19,19,4
TapHead,2,1,present,12,4,1,11101000,78,78,29
TapHead,2,1,present,12,4,1,11110000,11,11,6
TapHead,2,1,present,12,4,2,11001100,22,22,0
TapHead,2,1,present,12,4,2,11101000,30,30,3
TapHead,2,1,present,12,4,2,11110000,21,21,3
TapHead,2,1,present,12,4,3,11001100,8,8,0
TapHead,2,1,present,12,4,3,11101000,5,5,0
TapHead,2,1,present,12,4,3,11110000,5,5,0
TapHead,2,1,present,12,5,0,10111100,7,7,15
TapHead,2,1,present,12,5,0,11101100,47,47,55
TapHead,2,1,present,12,5,0,11111000,62,62,89
TapHead,2,1,present,12,5,1,11101100,29,29,14
TapHead,2,1,present,12,5,1,11111000,20,20,16
TapHead,2,1,present,12,5,2,10111100,1,1,0
TapHead,2,1,present,12,5,2,11101100,48,48,14
TapHead,2,1,present,12,5,2,11111000,17,17,5
TapHead,2,1,present,12,5,3,11101100,15,15,1
TapHead,2,1,present,12,5,3,11111000,13,13,0
TapHead,2,1,present,12,5,4,11101100,2,2,0
TapHead,2,1,present,12,5,4,11111000,2,2,0
TapHead,2,1,present,12,6,0,10111110,1,1,2
TapHead,2,1,present,12,6,0,11111100,16,16,27
TapHead,2,1,present,12,6,1,11111100,14,14,10
TapHead,2,1,present,12,6,2,11111100,17,17,12
TapHead,2,1,present,12,6,3,11111100,12,12,0
TapHead,2,1,present,12,6,4,10111110,1,1,0
TapHead,2,1,present,12,6,4,11111100,3,3,0
TapHead,2,1,present,12,6,5,10111110,1,1,0
TapHead,2,1,present,12,7,0,11111110,8,8,14
TapHead,2,1,present,12,7,3,11111110,4,4,1
TapHead,2,1,present,12,7,4,11111110,5,5,2
TapHead,2,1,present,12,7,5,11111110,7,7,1
TapHead,2,1,present,12,8,0,11111111,10,10,21
TapHead,2,1,present,12,8,2,11111111,4,4,0
TapHead,2,1,present,12,8,3,11111111,4,4,0
TapHead,2,1,present,12,8,4,11111111,6,6,0
TapHead,2,1,present,12,8,5,11111111,8,8,0
TapHead,2,1,present,12,8,6,11111111,5,5,0
TapHead,2,1,present,12,8,7,11111111,2,2,0
TapHead,2,1,present,2,5,4,11111000,2,2,0
TapHead,2,1,present,5,5,0,11101100,1,0,2
TapHead,2,1,present,5,6,0,11111100,1,0,0
TapHead,2,1,present,5,7,0,11111110,1,0,1
TapHead,2,1,present,6,2,0,11000000,12,12,1
TapHead,2,1,present,6,2,1,11000000,1,1,0
TapHead,2,1,present,6,3,0,11001000,5,5,4
TapHead,2,1,present,6,3,0,11100000,3,3,2
TapHead,2,1,present,6,3,1,11001000,3,3,0
TapHead,2,1,present,6,4,0,11001100,6,6,3
TapHead,2,1,present,6,4,0,11101000,4,4,2
TapHead,2,1,present,6,4,0,11110000,7,7,4
TapHead,2,1,present,6,4,1,11101000,3,3,1
TapHead,2,1,present,6,4,1,11110000,2,2,1
TapHead,2,1,present,6,4,2,11001100,2,2,0
TapHead,2,1,present,6,4,2,11110000,3,3,1
TapHead,2,1,present,6,4,3,11110000,1,1,0
TapHead,2,1,present,6,5,0,10111100,3,3,0
TapHead,2,1,present,6,5,0,11101100,12,12,14
TapHead,2,1,present,6,5,0,11111000,5,5,5
TapHead,2,1,present,6,5,1,11101100,6,6,2
TapHead,2,1,present,6,5,1,11111000,3,3,2
TapHead,2,1,present,6,5,2,11101100,4,4,3
TapHead,2,1,present,6,5,2,11111000,1,1,1
TapHead,2,1,present,6,5,4,11101100,1,1,0
TapHead,2,1,present,6,6,0,10111110,4,4,3
TapHead,2,1,present,6,6,0,11111100,26,26,27
TapHead,2,1,present,6,6,1,11111100,5,5,5
TapHead,2,1,present,6,6,2,11111100,9,9,4
TapHead,2,1,present,6,6,3,11111100,2,2,2
TapHead,2,1,present,6,6,4,11111100,1,1,0
TapHead,2,1,present,6,7,0,11111110,24,24,19
TapHead,2,1,present,6,7,2,11111110,2,2,0
TapHead,2,1,present,6,7,4,11111110,1,1,0
TapHead,2,1,present,6,8,0,11111111,7,7,14
TapHead,2,1,present,6,8,1,11111111,4,4,0
TapHead,2,1,present,6,8,2,11111111,5,5,0
TapHead,2,1,present,6,8,3,11111111,5,5,0
TapHead,2,1,present,6,8,4,11111111,6,6,0
TapHead,2,1,present,6,8,5,11111111,6,6,0
TapHead,2,1,present,6,8,6,11111111,4,4,0
TapHead,2,1,present,7,1,0,10000000,1,1,0
TapHead,2,1,present,7,2,0,10001000,1,0,1
TapHead,2,1,present,7,2,0,11000000,2,1,2
TapHead,2,1,present,7,3,0,10001100,1,0,1
TapHead,2,1,present,7,3,0,10110000,1,1,2
TapHead,2,1,present,7,3,0,11100000,1,0,2
TapHead,2,1,present,7,4,0,11001100,1,0,3
TapHead,2,1,present,8,1,0,10000000,4,3,0
TapHead,2,1,present,8,2,0,10001000,2,2,1
TapHead,2,1,present,8,2,0,11000000,4,3,2
TapHead,2,1,present,8,3,0,10001100,1,1,2
TapHead,2,1,present,8,3,0,11001000,1,0,1
TapHead,2,1,present,8,3,1,11001000,2,2,1
TapHead,2,1,present,8,3,2,11100000,1,1,0
TapHead,2,1,present,8,4,0,11001100,2,2,4
TapHead,2,1,present,8,4,0,11101000,1,0,3
TapHead,2,1,present,8,4,0,11110000,1,0,2
TapHead,2,1,present,8,4,2,11101000,1,1,1
TapHead,2,1,present,8,5,0,11101100,1,1,4
TapHead,2,1,present,9,1,0,10000000,8,8,0
TapHead,2,1,present,9,2,0,10001000,4,4,4
TapHead,2,1,present,9,2,0,11000000,8,7,1
TapHead,2,1,present,9,2,1,11000000,1,1,0
TapHead,2,1,present,9,3,0,10001100,2,2,1
TapHead,2,1,present,9,3,0,11001000,5,4,2
TapHead,2,1,present,9,3,0,11100000,1,1,1
TapHead,2,1,present,9,3,1,11100000,5,5,0
TapHead,2,1,present,9,3,2,10001100,1,1,0
TapHead,2,1,present,9,4,0,11001100,4,4,6
TapHead,2,1,present,9,4,0,11110000,6,6,9
TapHead,2,1,present,9,4,1,10111000,1,1,0
TapHead,2,1,present,9,4,1,11001100,5,5,1
TapHead,2,1,present,9,4,1,11101000,2,2,2
TapHead,2,1,present,9,4,1,11110000,2,2,0
TapHead,2,1,present,9,4,2,11110000,5,5,1
TapHead,2,1,present,9,5,0,11111000,3,3,1
TapHead,2,1,present,9,5,1,11101100,1,1,1
TapHead,2,1,present,9,5,1,11111000,1,1,0
TapHead,2,1,present,9,5,3,11111000,1,1,0
TapHead,2,1,present,9,6,0,11111100,4,4,8
TapHead,2,1,present,9,6,1,11111100,3,3,2
TapHead,2,1,present,9,6,2,11111100,1,1,0
TapHead,2,1,present,9,6,3,11111100,1,1,1
TapHead,2,1,present,9,6,5,10111110,1,1,0
TapHead,2,1,present,9,7,0,11111110,4,4,8
TapHead,2,1,present,9,7,1,11111110,1,1,2
TapHead,2,1,present,9,7,2,11111110,1,1,0
TapHead,2,1,present,9,7,4,11111110,1,1,0
TapHead,2,1,present,9,7,5,11111110,1,1,0
TapHead,2,1,present,9,8,2,11111111,2,2,0
TapHead,2,1,present,9,8,6,11111111,2,2,0
TapHead,3,2,absent,0,0,0,00000000,10,0,0
TapHead,3,2,absent,1,1,0,10000000,4,0,4
TapHead,3,2,absent,1,1,1,10000000,1,0,0
TapHead,3,2,absent,1,2,0,11000000,2,0,4
TapHead,3,2,absent,1,2,2,11000000,2,0,0
TapHead,3,2,absent,10,2,0,11000000,22,22,0
TapHead,3,2,absent,10,3,0,10101000,1,1,2
TapHead,3,2,absent,10,3,0,11001000,25,25,12
TapHead,3,2,absent,10,3,0,11100000,15,15,4
TapHead,3,2,absent,10,3,1,11001000,3,3,0
TapHead,3,2,absent,10,3,1,11100000,4,4,0
TapHead,3,2,absent,10,4,0,11001100,2,2,1
TapHead,3,2,absent,10,4,0,11101000,50,50,21
TapHead,3,2,absent,10,4,0,11110000,5,5,6
TapHead,3,2,absent,10,4,1,11001100,1,1,0
TapHead,3,2,absent,10,4,1,11101000,9,9,0
TapHead,3,2,absent,10,4,1,11110000,2,2,0
TapHead,3,2,absent,10,4,2,11001100,2,2,0
TapHead,3,2,absent,10,4,2,11101000,5,5,0
TapHead,3,2,absent,10,4,2,11110000,2,2,0
TapHead,3,2,absent,10,5,0,11101100,9,9,8
TapHead,3,2,absent,10,5,0,11111000,13,13,13
TapHead,3,2,absent,10,5,1,11101100,2,2,1
TapHead,3,2,absent,10,5,1,11111000,6,6,4
TapHead,3,2,absent,10,5,2,11101100,5,5,1
TapHead,3,2,absent,10,5,2,11111000,3,3,0
TapHead,3,2,absent,10,5,3,11101100,2,2,0
TapHead,3,2,absent,10,5,3,11111000,2,2,0
TapHead,3,2,absent,10,6,0,11111100,3,3,4
TapHead,3,2,absent,10,6,1,11111100,1,1,1
TapHead,3,2,absent,10,6,2,11111100,1,1,1
TapHead,3,2,absent,10,6,3,11111100,2,2,0
TapHead,3,2,absent,10,8,3,11111111,2,2,0
TapHead,3,2,absent,10,8,4,11111111,2,2,0
TapHead,3,2,absent,10,8,5,11111111,2,2,0
TapHead,3,2,absent,2,1,0,10000000,6,0,0
TapHead,3,2,absent,2,2,0,11000000,11,6,3
TapHead,3,2,absent,2,3,0,11001000,6,6,2
TapHead,3,2,absent,2,3,0,11100000,1,1,0
TapHead,3,2,absent,2,3,1,11001000,2,2,0
TapHead,3,2,absent,2,3,1,11100000,2,2,0
TapHead,3,2,absent,2,4,0,11001100,7,7,12
TapHead,3,2,absent,2,4,0,11101000,7,7,5
TapHead,3,2,absent,2,4,0,11110000,7,7,3
TapHead,3,2,absent,2,4,1,11001100,1,1,0
TapHead,3,2,absent,2,4,1,11101000,8,8,0
TapHead,3,2,absent,2,4,1,11110000,1,1,0
TapHead,3,2,absent,2,4,2,11001100,5,5,0
TapHead,3,2,absent,2,4,2,11110000,2,2,0
TapHead,3,2,absent,2,5,0,11101100,10,10,14
TapHead,3,2,absent,2,5,0,11111000,10,10,14
TapHead,3,2,absent,2,5,1,11101100,11,11,5
TapHead,3,2,absent,2,5,1,11111000,13,13,2
TapHead,3,2,absent,2,5,2,11101100,9,9,0
TapHead,3,2,absent,2,5,2,11111000,17,17,3
TapHead,3,2,absent,2,5,3,11101100,3,3,0
TapHead,3,2,absent,2,5,3,11111000,3,3,0
TapHead,3,2,absent,2,6,0,11111100,13,12,18
TapHead,3,2,absent,2,6,1,11111100,16,16,13
TapHead,3,2,absent,2,6,2,11111100,15,15,4
TapHead,3,2,absent,2,6,3,11111100,3,3,0
TapHead,3,2,absent,2,8,0,11111111,12,12,42
TapHead,3,2,absent,2,8,3,11111111,4,4,0
TapHead,3,2,absent,2,8,4,11111111,10,10,0
TapHead,3,2,absent,2,8,5,11111111,33,33,0
TapHead,3,2,absent,2,8,6,11111111,4,4,0
TapHead,3,2,absent,3,1,0,10000000,2,0,0
TapHead,3,2,absent,3,2,0,11000000,27,22,0
TapHead,3,2,absent,3,3,0,11001000,1,1,0
TapHead,3,2,absent,3,3,0,11100000,2,1,2
TapHead,3,2,absent,3,3,1,11001000,11,11,0
TapHead,3,2,absent,3,3,1,11100000,5,5,0
TapHead,3,2,absent,3,4,0,11001100,3,2,5
TapHead,3,2,absent,3,4,0,11110000,3,3,4
TapHead,3,2,absent,3,4,1,11101000,1,1,1
TapHead,3,2,absent,3,4,1,11110000,1,1,0
TapHead,3,2,absent,3,4,2,11001100,10,10,0
TapHead,3,2,absent,3,4,2,11110000,3,3,0
TapHead,3,2,absent,3,5,0,11101100,1,0,1
TapHead,3,2,absent,3,5,0,11111000,3,0,8
TapHead,3,2,absent,3,5,2,11101100,5,5,2
TapHead,3,2,absent,3,5,3,11101100,2,2,0
TapHead,3,2,absent,3,5,3,11111000,3,3,0
TapHead,3,2,absent,3,6,0,11111100,1,0,4
TapHead,3,2,absent,3,6,2,11111100,3,3,5
TapHead,3,2,absent,3,6,3,11111100,1,1,0
TapHead,3,2,absent,3,6,4,11111100,7,7,0
TapHead,3,2,absent,3,8,0,11111111,1,0,3
TapHead,3,2,absent,3,8,5,11111111,4,4,0
TapHead,3,2,absent,3,8,6,11111111,2,2,0
TapHead,3,2,absent,4,1,0,10000000,10,6,0
TapHead,3,2,absent,4,2,0,11000000,57,49,0
TapHead,3,2,absent,4,2,1,10001000,1,1,0
TapHead,3,2,absent,4,3,0,11001000,13,12,12
TapHead,3,2,absent,4,3,0,11100000,20,17,15
TapHead,3,2,absent,4,3,1,11001000,14,14,1
TapHead,3,2,absent,4,3,1,11100000,11,11,0
TapHead,3,2,absent,4,4,0,11001100,19,17,18
TapHead,3,2,absent,4,4,0,11101000,30,27,21
TapHead,3,2,absent,4,4,0,11110000,22,20,19
TapHead,3,2,absent,4,4,1,11001100,3,3,0
TapHead,3,2,absent,4,4,1,11101000,12,12,2
TapHead,3,2,absent,4,4,1,11110000,5,5,0
TapHead,3,2,absent,4,4,2,11001100,9,9,0
TapHead,3,2,absent,4,4,2,11101000,3,3,0
TapHead,3,2,absent,4,4,2,11110000,5,5,0
TapHead,3,2,absent,4,5,0,11101100,12,10,13
TapHead,3,2,absent,4,5,0,11111000,12,11,17
TapHead,3,2,absent,4,5,1,11101100,8,8,4
TapHead,3,2,absent,4,5,1,11111000,7,7,1
TapHead,3,2,absent,4,5,2,11101100,10,10,2
TapHead,3,2,absent,4,5,2,11111000,12,12,3
TapHead,3,2,absent,4,5,3,11101100,9,9,0
TapHead,3,2,absent,4,5,3,11111000,5,5,0
TapHead,3,2,absent,4,6,0,11111100,40,39,65
TapHead,3,2,absent,4,6,1,11111100,2,2,3
TapHead,3,2,absent,4,6,2,11111100,23,23,14
TapHead,3,2,absent,4,6,3,11111100,5,5,0
TapHead,3,2,absent,4,6,4,11111100,7,7,0
TapHead,3,2,absent,4,8,0,11111111,14,14,21
TapHead,3,2,absent,4,8,2,11111111,7,7,0
TapHead,3,2,absent,4,8,3,11111111,4,4,0
TapHead,3,2,absent,4,8,4,11111111,28,28,0
TapHead,3,2,absent,4,8,5,11111111,13,13,0
TapHead,3,2,absent,4,8,6,11111111,11,11,0
TapHead,3,2,absent,5,1,0,10000000,3,1,0
TapHead,3,2,absent,5,2,0,10001000,1,0,1
TapHead,3,2,absent,5,2,0,11000000,234,226,3
TapHead,3,2,absent,5,2,1,11000000,2,2,0
TapHead,3,2,absent,5,3,0,10001100,1,0,2
TapHead,3,2,absent,5,3,0,11001000,171,170,65
TapHead,3,2,absent,5,3,0,11100000,176,174,83
TapHead,3,2,absent,5,3,1,11001000,51,51,1
TapHead,3,2,absent,5,3,1,11100000,65,65,0
TapHead,3,2,absent,5,4,0,11001100,238,235,145
TapHead,3,2,absent,5,4,0,11101000,262,261,131
TapHead,3,2,absent,5,4,0,11110000,279,278,154
TapHead,3,2,absent,5,4,1,11001100,33,33,0
TapHead,3,2,absent,5,4,1,11101000,112,112,31
TapHead,3,2,absent,5,4,1,11110000,50,50,0
TapHead,3,2,absent,5,4,2,11001100,83,83,0
TapHead,3,2,absent,5,4,2,11101000,36,36,0
TapHead,3,2,absent,5,4,2,11110000,53,53,0
TapHead,3,2,absent,5,5,0,11101100,276,276,258
TapHead,3,2,absent,5,5,0,11111000,293,293,258
TapHead,3,2,absent,5,5,1,11101100,102,102,49
TapHead,3,2,absent,5,5,1,11111000,158,158,74
TapHead,3,2,absent,5,5,2,11101100,64,64,13
TapHead,3,2,absent,5,5,2,11111000,61,61,11
TapHead,3,2,absent,5,5,3,11101100,28,28,0
TapHead,3,2,absent,5,5,3,11111000,33,33,0
TapHead,3,2,absent,5,6,0,11111100,721,721,636
TapHead,3,2,absent,5,6,1,11111100,103,103,44
TapHead,3,2,absent,5,6,2,11111100,286,286,109
TapHead,3,2,absent,5,6,3,11111100,30,30,0
TapHead,3,2,absent,5,6,4,11111100,40,40,0
TapHead,3,2,absent,5,8,0,11111111,325,325,483
TapHead,3,2,absent,5,8,2,11111111,223,223,0
TapHead,3,2,absent,5,8,3,11111111,71,71,0
TapHead,3,2,absent,5,8,4,11111111,226,226,0
TapHead,3,2,absent,5,8,5,11111111,19,19,0
TapHead,3,2,absent,5,8,6,11111111,62,62,0
TapHead,3,2,absent,6,1,0,10000000,2,0,0
TapHead,3,2,absent,6,2,0,10100000,1,0,1
TapHead,3,2,absent,6,2,0,11000000,68,65,3
TapHead,3,2,absent,6,3,0,11001000,34,34,15
TapHead,3,2,absent,6,3,0,11100000,32,31,15
TapHead,3,2,absent,6,3,1,11001000,10,10,0
TapHead,3,2,absent,6,3,1,11100000,17,17,0
TapHead,3,2,absent,6,4,0,11001100,36,34,35
TapHead,3,2,absent,6,4,0,11101000,41,41,20
TapHead,3,2,absent,6,4,0,11110000,21,21,19
TapHead,3,2,absent,6,4,1,11001100,5,5,0
TapHead,3,2,absent,6,4,1,11101000,27,27,9
TapHead,3,2,absent,6,4,1,11110000,10,10,0
TapHead,3,2,absent,6,4,2,11001100,17,17,0
TapHead,3,2,absent,6,4,2,11101000,6,6,0
TapHead,3,2,absent,6,4,2,11110000,9,9,0
TapHead,3,2,absent,6,5,0,11101100,32,31,38
TapHead,3,2,absent,6,5,0,11111000,30,29,50
TapHead,3,2,absent,6,5,1,11101100,29,29,14
TapHead,3,2,absent,6,5,1,11111000,35,35,11
TapHead,3,2,absent,6,5,2,11101100,20,20,4
TapHead,3,2,absent,6,5,2,11111000,8,8,4
TapHead,3,2,absent,6,5,3,11101100,11,11,0
TapHead,3,2,absent,6,5,3,11111000,10,10,0
TapHead,3,2,absent,6,6,0,11111100,34,34,58
TapHead,3,2,absent,6,6,1,11111100,22,22,15
TapHead,3,2,absent,6,6,2,11111100,28,28,19
TapHead,3,2,absent,6,6,3,11111100,5,5,0
TapHead,3,2,absent,6,6,4,11111100,4,4,0
TapHead,3,2,absent,6,8,0,11111111,12,12,37
TapHead,3,2,absent,6,8,2,11111111,12,12,0
TapHead,3,2,absent,6,8,3,11111111,7,7,0
TapHead,3,2,absent,6,8,4,11111111,22,22,0
TapHead,3,2,absent,6,8,5,11111111,13,13,0
TapHead,3,2,absent,6,8,6,11111111,38,38,0
TapHead,3,2,absent,7,1,0,10000000,5,1,0
TapHead,3,2,absent,7,2,0,10001000,1,0,0
TapHead,3,2,absent,7,2,0,11000000,60,48,5
TapHead,3,2,absent,7,3,0,10101000,1,0,1
TapHead,3,2,absent,7,3,0,11001000,28,25,16
TapHead,3,2,absent,7,3,0,11100000,37,36,15
TapHead,3,2,absent,7,3,1,11001000,6,6,0
TapHead,3,2,absent,7,3,1,11100000,16,16,1
TapHead,3,2,absent,7,4,0,10111000,1,1,2
TapHead,3,2,absent,7,4,0,11001100,14,11,14
TapHead,3,2,absent,7,4,0,11101000,21,21,16
TapHead,3,2,absent,7,4,0,11110000,21,19,23
TapHead,3,2,absent,7,4,1,11001100,10,10,0
TapHead,3,2,absent,7,4,1,11101000,10,10,4
TapHead,3,2,absent,7,4,1,11110000,5,5,0
TapHead,3,2,absent,7,4,2,11001100,2,2,0
TapHead,3,2,absent,7,4,2,11101000,3,3,0
TapHead,3,2,absent,7,4,2,11110000,6,6,0
TapHead,3,2,absent,7,5,0,11101100,11,10,14
TapHead,3,2,absent,7,5,0,11111000,10,10,9
TapHead,3,2,absent,7,5,1,11101100,7,7,2
TapHead,3,2,absent,7,5,1,11111000,3,3,1
TapHead,3,2,absent,7,5,2,11101100,8,8,0
TapHead,3,2,absent,7,5,2,11111000,3,3,0
TapHead,3,2,absent,7,5,3,11101100,7,7,0
TapHead,3,2,absent,7,5,3,11111000,10,10,0
TapHead,3,2,absent,7,6,0,11111100,14,9,26
TapHead,3,2,absent,7,6,1,11111100,9,9,6
TapHead,3,2,absent,7,6,2,11111100,5,5,3
TapHead,3,2,absent,7,6,3,11111100,1,1,0
TapHead,3,2,absent,7,6,4,11111100,4,4,0
TapHead,3,2,absent,7,8,0,11111111,12,12,27
TapHead,3,2,absent,7,8,2,11111111,14,14,0
TapHead,3,2,absent,7,8,3,11111111,14,14,0
TapHead,3,2,absent,7,8,4,11111111,21,21,0
TapHead,3,2,absent,7,8,5,11111111,13,13,0
TapHead,3,2,absent,7,8,6,11111111,33,33,0
TapHead,3,2,absent,8,1,0,10000000,3,2,0
TapHead,3,2,absent,8,2,0,10001000,1,1,0
TapHead,3,2,absent,8,2,0,11000000,92,88,3
TapHead,3,2,absent,8,3,0,11001000,41,40,26
TapHead,3,2,absent,8,3,0,11100000,36,34,19
TapHead,3,2,absent,8,3,1,11001000,6,6,0
TapHead,3,2,absent,8,3,1,11100000,15,15,0
TapHead,3,2,absent,8,4,0,11001100,21,21,15
TapHead,3,2,absent,8,4,0,11101000,54,53,37
TapHead,3,2,absent,8,4,0,11110000,26,26,22
TapHead,3,2,absent,8,4,1,11101000,30,30,17
TapHead,3,2,absent,8,4,1,11110000,6,6,0
TapHead,3,2,absent,8,4,2,11001100,16,16,0
TapHead,3,2,absent,8,4,2,11101000,8,8,0
TapHead,3,2,absent,8,4,2,11110000,18,18,0
TapHead,3,2,absent,8,5,0,11101100,23,23,16
TapHead,3,2,absent,8,5,0,11111000,19,19,24
TapHead,3,2,absent,8,5,1,11101100,5,5,0
TapHead,3,2,absent,8,5,1,11111000,9,9,2
TapHead,3,2,absent,8,5,2,11101100,11,11,5
TapHead,3,2,absent,8,5,2,11111000,11,11,4
TapHead,3,2,absent,8,5,3,11101100,6,6,0
TapHead,3,2,absent,8,5,3,11111000,16,16,0
TapHead,3,2,absent,8,6,0,11111100,25,25,38
TapHead,3,2,absent,8,6,1,11111100,2,2,2
TapHead,3,2,absent,8,6,2,11111100,13,13,6
TapHead,3,2,absent,8,6,3,11111100,1,1,0
TapHead,3,2,absent,8,6,4,11111100,6,6,0
TapHead,3,2,absent,8,7,0,11111110,2,2,4
TapHead,3,2,absent,8,8,0,11111111,6,6,14
TapHead,3,2,absent,8,8,2,11111111,14,14,0
TapHead,3,2,absent,8,8,3,11111111,20,20,0
TapHead,3,2,absent,8,8,4,11111111,23,23,0
TapHead,3,2,absent,8,8,5,11111111,34,34,0
TapHead,3,2,absent,8,8,6,11111111,34,34,0
TapHead,3,2,absent,9,1,0,10000000,2,1,0
TapHead,3,2,absent,9,2,0,10001000,1,1,0
TapHead,3,2,absent,9,2,0,11000000,22,21,1
TapHead,3,2,absent,9,3,0,11001000,12,12,3
TapHead,3,2,absent,9,3,0,11100000,7,7,4
TapHead,3,2,absent,9,3,1,11100000,3,3,0
TapHead,3,2,absent,9,4,0,11101000,17,17,14
TapHead,3,2,absent,9,4,0,11110000,1,1,1
TapHead,3,2,absent,9,4,1,11101000,8,8,5
TapHead,3,2,absent,9,5,0,11101100,3,3,4
TapHead,3,2,absent,9,5,0,11111000,2,2,2
TapHead,3,2,absent,9,5,1,11101100,2,2,1
TapHead,3,2,absent,9,5,1,11111000,2,2,2
TapHead,3,2,absent,9,5,2,11101100,3,3,0
TapHead,3,2,absent,9,5,2,11111000,2,2,0
TapHead,3,2,absent,9,6,1,11111100,1,1,2
TapHead,3,2,present,0,0,0,00000000,21,0,0
TapHead,3,2,present,1,1,0,10000000,15,0,15
TapHead,3,2,present,1,1,1,10000000,4,0,0
TapHead,3,2,present,1,2,0,10001000,1,0,2
TapHead,3,2,present,1,2,0,11000000,6,0,12
TapHead,3,2,present,1,2,2,11000000,2,0,0
TapHead,3,2,present,1,3,0,10001100,1,0,3
TapHead,3,2,present,1,3,0,11100000,3,0,9
TapHead,3,2,present,1,3,3,11001000,2,0,0
TapHead,3,2,present,10,1,0,10000000,18,18,0
TapHead,3,2,present,10,2,0,10001000,9,9,7
TapHead,3,2,present,10,2,0,10100000,5,5,1
TapHead,3,2,present,10,2,0,11000000,25,25,10
TapHead,3,2,present,10,2,1,10001000,2,2,0
TapHead,3,2,present,10,2,1,10100000,1,1,0
TapHead,3,2,present,10,2,1,11000000,3,3,0
TapHead,3,2,present,10,3,0,10001100,4,4,7
TapHead,3,2,present,10,3,0,10101000,4,4,4
TapHead,3,2,present,10,3,0,10110000,4,4,6
TapHead,3,2,present,10,3,0,11001000,10,10,9
TapHead,3,2,present,10,3,0,11100000,12,12,10
TapHead,3,2,present,10,3,1,10101000,1,1,1
TapHead,3,2,present,10,3,1,11100000,4,4,1
TapHead,3,2,present,10,3,2,10110000,1,1,0
TapHead,3,2,present,10,4,0,10101100,4,4,7
TapHead,3,2,present,10,4,0,10111000,3,3,8
TapHead,3,2,present,10,4,0,11001100,5,5,11
TapHead,3,2,present,10,4,0,11101000,20,20,12
TapHead,3,2,present,10,4,0,11110000,6,6,12
TapHead,3,2,present,10,4,1,11001100,1,1,2
TapHead,3,2,present,10,4,1,11101000,4,4,1
TapHead,3,2,present,10,4,2,11001100,3,3,1
TapHead,3,2,present,10,4,2,11101000,2,2,0
TapHead,3,2,present,10,4,2,11110000,3,3,0
TapHead,3,2,present,10,5,0,10111100,1,1,2
TapHead,3,2,present,10,5,0,11101100,7,7,13
TapHead,3,2,present,10,5,0,11111000,11,11,19
TapHead,3,2,present,10,5,1,11101100,2,2,1
TapHead,3,2,present,10,5,1,11111000,2,2,2
TapHead,3,2,present,10,5,2,11101100,1,1,0
TapHead,3,2,present,10,5,2,11111000,5,5,1
TapHead,3,2,present,10,5,3,11111000,2,2,0
TapHead,3,2,present,10,5,4,11111000,4,4,0
TapHead,3,2,present,10,6,0,11111100,3,3,9
TapHead,3,2,present,10,6,2,11111100,2,2,0
TapHead,3,2,present,10,7,5,11111110,1,1,0
TapHead,3,2,present,10,8,3,11111111,2,2,0
TapHead,3,2,present,10,8,4,11111111,2,2,0
TapHead,3,2,present,10,8,5,11111111,4,4,0
TapHead,3,2,present,10,8,6,11111111,8,8,0
TapHead,3,2,present,10,8,7,11111111,2,2,0
TapHead,3,2,present,2,1,0,10000000,32,6,0
TapHead,3,2,present,2,2,0,10001000,1,0,1
TapHead,3,2,present,2,2,0,10100000,2,1,2
TapHead,3,2,present,2,2,0,11000000,2,0,2
TapHead,3,2,present,2,2,1,10001000,1,1,0
TapHead,3,2,present,2,2,1,11000000,3,3,0
TapHead,3,2,present,2,3,0,10001100,1,1,1
TapHead,3,2,present,2,3,2,11001000,1,1,0
TapHead,3,2,present,2,4,0,11110000,2,0,6
TapHead,3,2,present,2,4,2,11001100,1,1,1
TapHead,3,2,present,2,4,3,10101100,2,2,0
TapHead,3,2,present,2,4,3,11001100,1,1,0
TapHead,3,2,present,2,4,3,11110000,2,2,0
TapHead,3,2,present,3,1,0,10000000,22,9,0
TapHead,3,2,present,3,2,0,10001000,1,1,1
TapHead,3,2,present,3,2,0,10100000,1,0,1
TapHead,3,2,present,3,2,0,11000000,13,3,12
TapHead,3,2,present,3,2,1,10001000,1,1,0
TapHead,3,2,present,3,3,0,10110000,1,1,0
TapHead,3,2,present,3,3,0,11001000,1,1,2
TapHead,3,2,present,3,3,1,11001000,1,1,0
TapHead,3,2,present,3,3,1,11100000,1,1,0
TapHead,3,2,present,3,3,2,10001100,1,1,0
TapHead,3,2,present,3,3,2,11100000,1,1,0
TapHead,3,2,present,3,4,3,10101100,3,3,0
TapHead,3,2,present,3,6,2,11111100,1,1,2
TapHead,3,2,present,3,8,7,11111111,4,4,0
TapHead,3,2,present,4,1,0,10000000,33,11,0
TapHead,3,2,present,4,2,0,10001000,5,0,5
TapHead,3,2,present,4,2,0,10100000,6,2,4
TapHead,3,2,present,4,2,0,11000000,8,5,5
TapHead,3,2,present,4,2,1,10001000,2,2,0
TapHead,3,2,present,4,2,1,11000000,5,5,0
TapHead,3,2,present,4,3,0,10001100,2,1,2
TapHead,3,2,present,4,3,0,10101000,1,0,1
TapHead,3,2,present,4,3,0,10110000,1,0,2
TapHead,3,2,present,4,3,0,11001000,3,2,3
TapHead,3,2,present,4,3,0,11100000,1,0,1
TapHead,3,2,present,4,3,1,10110000,2,2,0
TapHead,3,2,present,4,3,1,11001000,3,3,2
TapHead,3,2,present,4,3,1,11100000,1,1,0
TapHead,3,2,present,4,3,2,10110000,3,3,0
TapHead,3,2,present,4,3,2,11001000,2,2,0
TapHead,3,2,present,4,3,2,11100000,3,3,0
TapHead,3,2,present,4,4,0,11101000,1,1,0
TapHead,3,2,present,4,4,0,11110000,4,3,9
TapHead,3,2,present,4,4,1,10101100,1,1,1
TapHead,3,2,present,4,4,1,11101000,1,1,2
TapHead,3,2,present,4,4,2,11110000,1,1,1
TapHead,3,2,present,4,4,3,10101100,1,1,0
TapHead,3,2,present,4,4,3,11110000,2,2,0
TapHead,3,2,present,4,6,0,11111100,4,4,8
TapHead,3,2,present,4,6,1,11111100,1,1,2
TapHead,3,2,present,4,8,5,11111111,2,2,0
TapHead,3,2,present,4,8,7,11111111,4,4,0
TapHead,3,2,present,5,1,0,10000000,42,22,0
TapHead,3,2,present,5,2,0,10001000,4,2,2
TapHead,3,2,present,5,2,0,10100000,11,9,8
TapHead,3,2,present,5,2,0,11000000,16,10,9
TapHead,3,2,present,5,2,1,10001000,4,4,0
TapHead,3,2,present,5,2,1,10100000,2,2,0
TapHead,3,2,present,5,2,1,11000000,10,10,0
TapHead,3,2,present,5,3,0,10001100,6,5,2
TapHead,3,2,present,5,3,0,10101000,1,0,2
TapHead,3,2,present,5,3,0,10110000,2,2,3
TapHead,3,2,present,5,3,0,11001000,1,1,2
TapHead,3,2,present,5,3,0,11100000,2,1,3
TapHead,3,2,present,5,3,1,10001100,1,1,0
TapHead,3,2,present,5,3,1,10101000,1,1,1
TapHead,3,2,present,5,3,1,11001000,3,3,1
TapHead,3,2,present,5,3,1,11100000,3,3,0
TapHead,3,2,present,5,3,2,10001100,1,1,0
TapHead,3,2,present,5,3,2,10110000,1,1,0
TapHead,3,2,present,5,3,2,11001000,2,2,0
TapHead,3,2,present,5,3,2,11100000,3,3,0
TapHead,3,2,present,5,4,0,10101100,2,2,2
TapHead,3,2,present,5,4,0,10111000,1,1,3
TapHead,3,2,present,5,4,0,11001100,2,0,6
TapHead,3,2,present,5,4,0,11101000,3,3,7
TapHead,3,2,present,5,4,0,11110000,1,1,3
TapHead,3,2,present,5,4,1,11101000,4,4,1
TapHead,3,2,present,5,4,2,10101100,1,1,0
TapHead,3,2,present,5,4,2,11101000,6,6,1
TapHead,3,2,present,5,4,2,11110000,1,1,0
TapHead,3,2,present,5,4,3,11110000,3,3,0
TapHead,3,2,present,5,5,0,10111100,2,1,1
TapHead,3,2,present,5,5,0,11101100,1,1,2
TapHead,3,2,present,5,5,0,11111000,1,1,2
TapHead,3,2,present,5,5,1,10111100,1,1,0
TapHead,3,2,present,5,5,2,11101100,1,1,2
TapHead,3,2,present,5,5,3,11101100,1,1,1
TapHead,3,2,present,5,5,3,11111000,2,2,0
TapHead,3,2,present,5,6,0,10111110,1,0,3
TapHead,3,2,present,5,6,0,11111100,1,0,5
TapHead,3,2,present,6,1,0,10000000,30,18,0
TapHead,3,2,present,6,2,0,10001000,8,8,3
TapHead,3,2,present,6,2,0,10100000,5,4,5
TapHead,3,2,present,6,2,0,11000000,14,6,13
TapHead,3,2,present,6,2,1,10001000,2,2,0
TapHead,3,2,present,6,2,1,10100000,1,1,0
TapHead,3,2,present,6,2,1,11000000,6,6,0
TapHead,3,2,present,6,3,0,10001100,5,2,6
TapHead,3,2,present,6,3,0,10101000,2,1,2
TapHead,3,2,present,6,3,0,10110000,1,1,1
TapHead,3,2,present,6,3,0,11001000,3,2,4
TapHead,3,2,present,6,3,0,11100000,6,5,3
TapHead,3,2,present,6,3,1,10101000,1,1,1
TapHead,3,2,present,6,3,1,11001000,2,2,0
TapHead,3,2,present,6,3,1,11100000,4,4,2
TapHead,3,2,present,6,3,2,10001100,1,1,0
TapHead,3,2,present,6,3,2,11100000,2,2,0
TapHead,3,2,present,6,4,0,10101100,2,0,4
TapHead,3,2,present,6,4,0,10111000,1,1,3
TapHead,3,2,present,6,4,0,11001100,1,1,2
TapHead,3,2,present,6,4,0,11101000,3,3,9
TapHead,3,2,present,6,4,0,11110000,1,1,3
TapHead,3,2,present,6,4,1,10101100,1,1,2
TapHead,3,2,present,6,4,1,10111000,1,1,1
TapHead,3,2,present,6,4,1,11101000,3,3,3
TapHead,3,2,present,6,4,2,11001100,1,1,0
TapHead,3,2,present,6,4,2,11101000,6,6,0
TapHead,3,2,present,6,4,3,11101000,2,2,0
TapHead,3,2,present,6,5,0,10111100,1,1,2
TapHead,3,2,present,6,5,0,11101100,1,0,2
TapHead,3,2,present,6,5,0,11111000,2,1,6
TapHead,3,2,present,6,5,3,11101100,2,2,1
TapHead,3,2,present,6,5,3,11111000,4,4,0
TapHead,3,2,present,6,5,4,11101100,2,2,0
TapHead,3,2,present,6,6,0,11111100,2,0,6
TapHead,3,2,present,6,8,0,11111111,1,0,5
TapHead,3,2,present,6,8,6,11111111,2,2,0
TapHead,3,2,present,6,8,7,11111111,2,2,0
TapHead,3,2,present,7,1,0,10000000,57,36,0
TapHead,3,2,present,7,2,0,10001000,20,15,13
TapHead,3,2,present,7,2,0,10100000,14,9,11
TapHead,3,2,present,7,2,0,11000000,26,17,21
TapHead,3,2,present,7,2,1,10001000,2,2,0
TapHead,3,2,present,7,2,1,10100000,2,2,0
TapHead,3,2,present,7,2,1,11000000,11,11,0
TapHead,3,2,present,7,3,0,10001100,8,6,10
TapHead,3,2,present,7,3,0,10101000,6,6,7
TapHead,3,2,present,7,3,0,10110000,2,1,3
TapHead,3,2,present,7,3,0,11001000,10,8,10
TapHead,3,2,present,7,3,0,11100000,11,4,18
TapHead,3,2,present,7,3,1,10001100,1,1,0
TapHead,3,2,present,7,3,1,10101000,3,3,2
TapHead,3,2,present,7,3,1,11001000,4,4,3
TapHead,3,2,present,7,3,1,11100000,4,4,0
TapHead,3,2,present,7,3,2,11001000,2,2,0
TapHead,3,2,present,7,3,2,11100000,1,1,0
TapHead,3,2,present,7,4,0,10101100,2,2,2
TapHead,3,2,present,7,4,0,10111000,5,4,14
TapHead,3,2,present,7,4,0,11001100,4,4,6
TapHead,3,2,present,7,4,0,11101000,9,7,18
TapHead,3,2,present,7,4,0,11110000,3,2,5
TapHead,3,2,present,7,4,1,11001100,2,2,3
TapHead,3,2,present,7,4,1,11101000,4,4,2
TapHead,3,2,present,7,4,1,11110000,2,2,1
TapHead,3,2,present,7,4,2,10101100,1,1,0
TapHead,3,2,present,7,4,2,11001100,1,1,0
TapHead,3,2,present,7,4,2,11101000,2,2,0
TapHead,3,2,present,7,4,2,11110000,4,4,0
TapHead,3,2,present,7,4,3,11101000,6,6,0
TapHead,3,2,present,7,4,3,11110000,5,5,0
TapHead,3,2,present,7,5,0,10111100,2,1,4
TapHead,3,2,present,7,5,0,11101100,3,2,6
TapHead,3,2,present,7,5,0,11111000,1,0,2
TapHead,3,2,present,7,5,1,11101100,4,4,2
TapHead,3,2,present,7,5,1,11111000,2,2,0
TapHead,3,2,present,7,5,2,11101100,3,3,0
TapHead,3,2,present,7,5,2,11111000,2,2,0
TapHead,3,2,present,7,5,3,11111000,5,5,0
TapHead,3,2,present,7,6,0,10111110,4,0,13
TapHead,3,2,present,7,6,2,11111100,2,2,1
TapHead,3,2,present,7,6,3,11111100,2,2,2
TapHead,3,2,present,7,8,0,11111111,1,1,3
TapHead,3,2,present,7,8,4,11111111,4,4,0
TapHead,3,2,present,7,8,5,11111111,2,2,0
TapHead,3,2,present,7,8,6,11111111,4,4,0
TapHead,3,2,present,8,1,0,10000000,58,51,0
TapHead,3,2,present,8,2,0,10001000,14,8,8
TapHead,3,2,present,8,2,0,10100000,23,17,15
TapHead,3,2,present,8,2,0,11000000,34,28,14
TapHead,3,2,present,8,2,1,10001000,4,4,0
TapHead,3,2,present,8,2,1,10100000,3,3,0
TapHead,3,2,present,8,2,1,11000000,9,9,0
TapHead,3,2,present,8,3,0,10001100,6,4,8
TapHead,3,2,present,8,3,0,10101000,9,8,8
TapHead,3,2,present,8,3,0,11001000,18,15,24
TapHead,3,2,present,8,3,0,11100000,19,15,24
TapHead,3,2,present,8,3,1,10001100,3,3,0
TapHead,3,2,present,8,3,1,10101000,1,1,1
TapHead,3,2,present,8,3,1,11001000,7,7,3
TapHead,3,2,present,8,3,1,11100000,9,9,2
TapHead,3,2,present,8,3,2,10001100,1,1,0
TapHead,3,2,present,8,3,2,11001000,5,5,0
TapHead,3,2,present,8,3,2,11100000,6,6,0
TapHead,3,2,present,8,4,0,10101100,1,1,3
TapHead,3,2,present,8,4,0,10111000,1,0,2
TapHead,3,2,present,8,4,0,11001100,4,3,8
TapHead,3,2,present,8,4,0,11101000,11,10,10
TapHead,3,2,present,8,4,0,11110000,5,3,11
TapHead,3,2,present,8,4,1,11001100,2,2,1
TapHead,3,2,present,8,4,1,11101000,6,6,6
TapHead,3,2,present,8,4,2,10111000,1,1,1
TapHead,3,2,present,8,4,2,11101000,14,14,3
TapHead,3,2,present,8,4,3,11101000,1,1,0
TapHead,3,2,present,8,4,3,11110000,3,3,0
TapHead,3,2,present,8,5,0,10111100,2,1,6
TapHead,3,2,present,8,5,0,11101100,5,5,12
TapHead,3,2,present,8,5,0,11111000,3,3,7
TapHead,3,2,present,8,5,1,10111100,1,1,1
TapHead,3,2,present,8,5,1,11101100,5,5,5
TapHead,3,2,present,8,5,1,11111000,1,1,2
TapHead,3,2,present,8,5,2,11101100,6,6,4
TapHead,3,2,present,8,5,3,11111000,3,3,1
TapHead,3,2,present,8,5,4,11101100,1,1,0
TapHead,3,2,present,8,5,4,11111000,4,4,0
TapHead,3,2,present,8,6,0,11111100,2,1,5
TapHead,3,2,present,8,6,1,11111100,1,1,2
TapHead,3,2,present,8,6,3,11111100,1,1,0
TapHead,3,2,present,8,6,5,10111110,1,1,0
TapHead,3,2,present,8,6,5,11111100,1,1,0
TapHead,3,2,present,8,7,0,11111110,1,1,5
TapHead,3,2,present,8,8,0,11111111,1,1,3
TapHead,3,2,present,8,8,6,11111111,6,6,0
TapHead,3,2,present,8,8,7,11111111,10,10,0
TapHead,3,2,present,9,1,0,10000000,31,25,0
TapHead,3,2,present,9,2,0,10001000,12,9,9
TapHead,3,2,present,9,2,0,10100000,8,8,5
TapHead,3,2,present,9,2,0,11000000,36,28,25
TapHead,3,2,present,9,2,1,10001000,1,1,0
TapHead,3,2,present,9,2,1,10100000,1,1,0
TapHead,3,2,present,9,2,1,11000000,4,4,0
TapHead,3,2,present,9,3,0,10001100,7,5,9
TapHead,3,2,present,9,3,0,10101000,3,2,4
TapHead,3,2,present,9,3,0,10110000,5,5,7
TapHead,3,2,present,9,3,0,11001000,13,11,18
TapHead,3,2,present,9,3,0,11100000,13,11,14
TapHead,3,2,present,9,3,1,10101000,1,1,1
TapHead,3,2,present,9,3,1,11001000,7,7,0
TapHead,3,2,present,9,3,1,11100000,3,3,1
TapHead,3,2,present,9,3,2,10110000,1,1,0
TapHead,3,2,present,9,3,2,11001000,2,2,0
TapHead,3,2,present,9,3,2,11100000,6,6,0
TapHead,3,2,present,9,4,0,10101100,2,2,5
TapHead,3,2,present,9,4,0,10111000,3,2,5
TapHead,3,2,present,9,4,0,11001100,4,3,5
TapHead,3,2,present,9,4,0,11101000,9,8,13
TapHead,3,2,present,9,4,0,11110000,2,2,5
TapHead,3,2,present,9,4,1,11101000,1,1,1
TapHead,3,2,present,9,4,1,11110000,2,2,3
TapHead,3,2,present,9,4,2,11101000,9,9,0
TapHead,3,2,present,9,4,2,11110000,1,1,0
TapHead,3,2,present,9,4,3,11101000,4,4,0
TapHead,3,2,present,9,5,0,11101100,6,6,13
TapHead,3,2,present,9,5,0,11111000,2,2,3
TapHead,3,2,present,9,5,1,11101100,3,3,6
TapHead,3,2,present,9,5,1,11111000,1,1,1
TapHead,3,2,present,9,5,2,11101100,2,2,0
TapHead,3,2,present,9,5,3,11101100,1,1,1
TapHead,3,2,present,9,5,4,11101100,1,1,0
TapHead,3,2,present,9,5,4,11111000,3,3,0
TapHead,3,2,present,9,6,0,11111100,2,1,6
TapHead,3,2,present,9,6,2,11111100,3,3,5
TapHead,4,3,absent,0,0,0,00000000,57,0,0
TapHead,4,3,absent,1,1,0,10000000,26,0,26
TapHead,4,3,absent,1,1,1,10000000,7,0,0
TapHead,4,3,absent,1,2,0,11000000,70,0,140
TapHead,4,3,absent,1,2,2,11000000,22,0,0
TapHead,4,3,absent,1,3,0,11001000,5,0,15
TapHead,4,3,absent,1,3,0,11100000,2,0,6
TapHead,4,3,absent,1,3,3,11001000,11,0,0
TapHead,4,3,absent,1,3,3,11100000,7,0,0
TapHead,4,3,absent,1,4,0,11001100,1,0,4
TapHead,4,3,absent,1,4,0,11110000,2,0,8
TapHead,4,3,absent,1,4,4,11001100,12,0,0
TapHead,4,3,absent,1,4,4,11101000,4,0,0
TapHead,4,3,absent,1,4,4,11110000,8,0,0
TapHead,4,3,absent,1,5,5,11101100,16,0,0
TapHead,4,3,absent,1,5,5,11111000,25,0,0
TapHead,4,3,absent,1,6,6,11111100,5,0,0
TapHead,4,3,absent,1,8,8,11111111,42,0,0
TapHead,4,3,absent,2,1,0,10000000,22,6,0
TapHead,4,3,absent,2,2,0,10100000,3,2,3
TapHead,4,3,absent,2,2,0,11000000,84,66,11
TapHead,4,3,absent,2,2,1,11000000,2,2,0
TapHead,4,3,absent,2,3,0,10001100,1,1,2
TapHead,4,3,absent,2,3,0,10110000,1,0,2
TapHead,4,3,absent,2,3,0,11001000,5,3,7
TapHead,4,3,absent,2,3,0,11100000,7,6,4
TapHead,4,3,absent,2,3,1,11001000,9,9,0
TapHead,4,3,absent,2,3,1,11100000,22,22,0
TapHead,4,3,absent,2,3,2,11001000,4,4,0
TapHead,4,3,absent,2,4,0,11001100,5,5,8
TapHead,4,3,absent,2,4,0,11101000,1,1,1
TapHead,4,3,absent,2,4,0,11110000,7,5,8
TapHead,4,3,absent,2,4,1,11001100,1,1,0
TapHead,4,3,absent,2,4,1,11101000,2,2,0
TapHead,4,3,absent,2,4,1,11110000,1,1,0
TapHead,4,3,absent,2,4,2,11001100,1,1,0
TapHead,4,3,absent,2,4,2,11101000,8,8,0
TapHead,4,3,absent,2,4,2,11110000,20,20,0
TapHead,4,3,absent,2,4,3,11101000,2,2,0
TapHead,4,3,absent,2,5,0,11101100,1,1,0
TapHead,4,3,absent,2,5,0,11111000,1,1,2
TapHead,4,3,absent,2,5,1,11101100,2,2,1
TapHead,4,3,absent,2,5,1,11111000,3,3,3
TapHead,4,3,absent,2,5,2,11101100,1,1,0
TapHead,4,3,absent,2,5,2,11111000,5,5,1
TapHead,4,3,absent,2,5,3,11101100,7,7,2
TapHead,4,3,absent,2,5,3,11111000,13,13,0
TapHead,4,3,absent,2,5,4,11101100,2,2,0
TapHead,4,3,absent,2,6,0,11111100,1,1,3
TapHead,4,3,absent,2,6,2,11111100,1,1,2
TapHead,4,3,absent,2,6,3,11111100,1,1,0
TapHead,4,3,absent,2,6,4,11111100,2,2,0
TapHead,4,3,absent,2,8,0,11111111,2,2,8
TapHead,4,3,absent,2,8,6,11111111,19,19,0
TapHead,4,3,absent,2,8,7,11111111,2,2,0
TapHead,4,3,absent,3,1,0,10000000,13,4,0
TapHead,4,3,absent,3,2,0,10100000,1,1,1
TapHead,4,3,absent,3,2,0,11000000,95,76,7
TapHead,4,3,absent,3,2,1,11000000,8,8,0
TapHead,4,3,absent,3,3,0,11001000,13,6,10
TapHead,4,3,absent,3,3,0,11100000,26,21,13
TapHead,4,3,absent,3,3,1,11001000,13,13,2
TapHead,4,3,absent,3,3,1,11100000,25,25,0
TapHead,4,3,absent,3,3,2,11001000,3,3,0
TapHead,4,3,absent,3,4,0,11001100,11,8,14
TapHead,4,3,absent,3,4,0,11101000,17,12,26
TapHead,4,3,absent,3,4,0,11110000,14,13,8
TapHead,4,3,absent,3,4,1,11001100,6,6,0
TapHead,4,3,absent,3,4,1,11101000,7,7,4
TapHead,4,3,absent,3,4,1,11110000,12,12,0
TapHead,4,3,absent,3,4,2,11001100,20,20,0
TapHead,4,3,absent,3,4,2,11101000,17,17,1
TapHead,4,3,absent,3,4,2,11110000,14,14,0
TapHead,4,3,absent,3,5,0,11101100,10,8,15
TapHead,4,3,absent,3,5,0,11111000,5,5,5
TapHead,4,3,absent,3,5,1,11101100,11,11,6
TapHead,4,3,absent,3,5,1,11111000,8,8,6
TapHead,4,3,absent,3,5,2,11101100,5,5,2
TapHead,4,3,absent,3,5,2,11111000,13,13,1
TapHead,4,3,absent,3,5,3,11101100,5,5,0
TapHead,4,3,absent,3,5,3,11111000,16,16,0
TapHead,4,3,absent,3,6,0,11111100,9,7,15
TapHead,4,3,absent,3,6,1,11111100,5,5,4
TapHead,4,3,absent,3,6,2,11111100,12,12,13
TapHead,4,3,absent,3,6,3,11111100,4,4,0
TapHead,4,3,absent,3,6,4,11111100,9,9,0
TapHead,4,3,absent,3,8,0,11111111,16,14,40
TapHead,4,3,absent,3,8,5,11111111,14,14,0
TapHead,4,3,absent,3,8,6,11111111,14,14,0
TapHead,4,3,absent,4,1,0,10000000,6,3,0
TapHead,4,3,absent,4,2,0,11000000,307,298,4
TapHead,4,3,absent,4,2,1,10001000,1,1,0
TapHead,4,3,absent,4,2,1,11000000,4,4,0
TapHead,4,3,absent,4,3,0,11001000,105,100,50
TapHead,4,3,absent,4,3,0,11100000,126,124,76
TapHead,4,3,absent,4,3,1,11001000,58,58,0
TapHead,4,3,absent,4,3,1,11100000,66,66,0
TapHead,4,3,absent,4,4,0,11001100,198,198,82
TapHead,4,3,absent,4,4,0,11101000,112,109,61
TapHead,4,3,absent,4,4,0,11110000,211,209,130
TapHead,4,3,absent,4,4,1,11001100,21,21,0
TapHead,4,3,absent,4,4,1,11101000,78,78,22
TapHead,4,3,absent,4,4,1,11110000,37,37,0
TapHead,4,3,absent,4,4,2,11001100,64,64,0
TapHead,4,3,absent,4,4,2,11101000,32,32,0
TapHead,4,3,absent,4,4,2,11110000,91,91,0
TapHead,4,3,absent,4,5,0,11101100,217,217,121
TapHead,4,3,absent,4,5,0,11111000,186,186,129
TapHead,4,3,absent,4,5,1,11101100,128,128,40
TapHead,4,3,absent,4,5,1,11111000,83,83,52
TapHead,4,3,absent,4,5,2,11101100,49,49,7
TapHead,4,3,absent,4,5,2,11111000,66,66,22
TapHead,4,3,absent,4,5,3,11101100,16,16,0
TapHead,4,3,absent,4,5,3,11111000,20,20,0
TapHead,4,3,absent,4,6,0,11111100,958,957,726
TapHead,4,3,absent,4,6,1,11111100,130,130,53
TapHead,4,3,absent,4,6,2,11111100,343,343,164
TapHead,4,3,absent,4,6,3,11111100,33,33,0
TapHead,4,3,absent,4,6,4,11111100,39,39,0
TapHead,4,3,absent,4,8,0,11111111,730,730,779
TapHead,4,3,absent,4,8,2,11111111,656,656,0
TapHead,4,3,absent,4,8,3,11111111,83,83,0
TapHead,4,3,absent,4,8,4,11111111,380,380,0
TapHead,4,3,absent,4,8,5,11111111,23,23,0
TapHead,4,3,absent,4,8,6,11111111,53,53,0
TapHead,4,3,absent,5,1,0,10000000,1,1,0
TapHead,4,3,absent,5,2,0,11000000,66,59,4
TapHead,4,3,absent,5,3,0,11001000,20,19,13
TapHead,4,3,absent,5,3,0,11100000,26,26,18
TapHead,4,3,absent,5,3,1,11001000,10,10,2
TapHead,4,3,absent,5,3,1,11100000,18,18,0
TapHead,4,3,absent,5,3,2,11001000,2,2,0
TapHead,4,3,absent,5,4,0,11001100,11,10,11
TapHead,4,3,absent,5,4,0,11101000,19,18,12
TapHead,4,3,absent,5,4,0,11110000,7,7,6
TapHead,4,3,absent,5,4,1,11001100,2,2,0
TapHead,4,3,absent,5,4,1,11101000,19,19,7
TapHead,4,3,absent,5,4,1,11110000,1,1,0
TapHead,4,3,absent,5,4,2,11001100,8,8,0
TapHead,4,3,absent,5,4,2,11101000,12,12,0
TapHead,4,3,absent,5,4,2,11110000,2,2,0
TapHead,4,3,absent,5,5,0,11101100,9,9,8
TapHead,4,3,absent,5,5,0,11111000,7,6,9
TapHead,4,3,absent,5,5,1,11101100,3,3,1
TapHead,4,3,absent,5,5,1,11111000,7,7,4
TapHead,4,3,absent,5,5,2,11101100,8,8,5
TapHead,4,3,absent,5,5,2,11111000,3,3,1
TapHead,4,3,absent,5,5,3,11101100,5,5,0
TapHead,4,3,absent,5,5,3,11111000,4,4,0
TapHead,4,3,absent,5,6,0,11111100,9,9,15
TapHead,4,3,absent,5,6,1,11111100,3,3,1
TapHead,4,3,absent,5,6,2,11111100,6,6,5
TapHead,4,3,absent,5,6,3,11111100,1,1,0
TapHead,4,3,absent,5,6,4,11111100,1,1,0
TapHead,4,3,absent,5,8,6,11111111,2,2,0
TapHead,4,3,absent,6,1,0,10000000,2,1,0
TapHead,4,3,absent,6,2,0,11000000,20,18,0
TapHead,4,3,absent,6,3,0,11001000,9,9,4
TapHead,4,3,absent,6,3,0,11100000,11,11,7
TapHead,4,3,absent,6,3,1,11001000,3,3,0
TapHead,4,3,absent,6,3,1,11100000,2,2,0
TapHead,4,3,absent,6,4,0,11101000,20,20,9
TapHead,4,3,absent,6,4,0,11110000,4,4,6
TapHead,4,3,absent,6,4,1,11001100,2,2,0
TapHead,4,3,absent,6,4,1,11101000,7,7,5
TapHead,4,3,absent,6,4,1,11110000,2,2,0
TapHead,4,3,absent,6,4,2,11001100,1,1,0
TapHead,4,3,absent,6,4,2,11101000,2,2,0
TapHead,4,3,absent,6,4,2,11110000,1,1,0
TapHead,4,3,absent,6,5,0,11111000,5,5,7
TapHead,4,3,absent,6,5,1,11101100,5,5,5
TapHead,4,3,absent,6,5,1,11111000,3,3,2
TapHead,4,3,absent,6,5,2,11111000,2,2,0
TapHead,4,3,absent,6,5,3,11111000,1,1,0
TapHead,4,3,absent,6,6,1,11111100,2,2,2
TapHead,4,3,absent,6,6,2,11111100,1,1,0
TapHead,4,3,absent,6,6,3,11111100,1,1,0
TapHead,4,3,absent,7,2,0,11000000,3,3,0
TapHead,4,3,absent,7,3,0,11001000,2,2,1
TapHead,4,3,absent,7,3,0,11100000,1,1,0
TapHead,4,3,absent,7,3,1,11001000,1,1,0
TapHead,4,3,absent,7,3,1,11100000,2,2,0
TapHead,4,3,absent,7,4,0,11101000,3,3,3
TapHead,4,3,absent,7,4,0,11110000,1,1,1
TapHead,4,3,absent,7,8,5,11111111,2,2,0
TapHead,4,3,absent,8,2,0,11000000,5,5,0
TapHead,4,3,absent,8,3,0,11001000,1,1,0
TapHead,4,3,absent,8,3,0,11100000,11,11,3
TapHead,4,3,absent,8,3,1,11001000,1,1,0
TapHead,4,3,absent,8,3,1,11100000,2,2,0
TapHead,4,3,absent,8,4,0,11101000,11,11,3
TapHead,4,3,absent,8,4,1,11001100,1,1,0
TapHead,4,3,absent,8,4,1,11101000,7,7,0
TapHead,4,3,absent,8,4,1,11110000,1,1,0
TapHead,4,3,absent,8,4,2,11101000,1,1,0
TapHead,4,3,absent,8,5,0,11101100,4,4,7
TapHead,4,3,absent,8,5,1,11101100,3,3,2
TapHead,4,3,absent,8,5,1,11111000,1,1,1
TapHead,4,3,absent,8,5,2,11101100,2,2,1
TapHead,4,3,absent,8,5,2,11111000,2,2,0
TapHead,4,3,absent,8,6,1,11111100,1,1,2
TapHead,4,3,absent,8,6,2,11111100,1,1,0
TapHead,4,3,absent,8,8,0,11111111,2,2,10
TapHead,4,3,present,0,0,0,00000000,63,0,0
TapHead,4,3,present,1,1,0,10000000,109,0,109
TapHead,4,3,present,1,1,1,10000000,27,0,0
TapHead,4,3,present,1,2,0,10001000,1,0,2
TapHead,4,3,present,1,2,0,10100000,1,0,2
TapHead,4,3,present,1,2,0,11000000,7,0,14
TapHead,4,3,present,1,2,2,11000000,6,0,0
TapHead,4,3,present,1,3,0,10001100,3,0,9
TapHead,4,3,present,1,3,0,10110000,1,0,3
TapHead,4,3,present,1,3,0,11100000,2,0,6
TapHead,4,3,present,1,3,3,10001100,4,0,0
TapHead,4,3,present,1,3,3,11001000,8,0,0
TapHead,4,3,present,1,4,0,11101000,1,0,4
TapHead,4,3,present,1,4,4,11001100,2,0,0
TapHead,4,3,present,1,4,4,11101000,8,0,0
TapHead,4,3,present,1,4,4,11110000,6,0,0
TapHead,4,3,present,1,5,5,11101100,2,0,0
TapHead,4,3,present,1,8,8,11111111,4,0,0
TapHead,4,3,present,2,1,0,10000000,121,40,0
TapHead,4,3,present,2,2,0,10001000,6,1,5
TapHead,4,3,present,2,2,0,10100000,9,2,8
TapHead,4,3,present,2,2,0,11000000,19,3,18
TapHead,4,3,present,2,2,1,10001000,1,1,0
TapHead,4,3,present,2,2,1,10100000,2,2,0
TapHead,4,3,present,2,2,1,11000000,9,9,0
TapHead,4,3,present,2,3,0,10001100,1,1,2
TapHead,4,3,present,2,3,0,10101000,1,0,2
TapHead,4,3,present,2,3,0,10110000,3,1,6
TapHead,4,3,present,2,3,0,11001000,1,1,2
TapHead,4,3,present,2,3,0,11100000,4,4,3
TapHead,4,3,present,2,3,1,10101000,1,1,0
TapHead,4,3,present,2,3,1,11001000,3,3,1
TapHead,4,3,present,2,3,1,11100000,1,1,1
TapHead,4,3,present,2,3,2,10001100,5,5,0
TapHead,4,3,present,2,3,2,11001000,5,5,0
TapHead,4,3,present,2,3,2,11100000,2,2,0
TapHead,4,3,present,2,4,0,11110000,2,0,6
TapHead,4,3,present,2,4,2,11001100,1,1,1
TapHead,4,3,present,2,4,2,11101000,2,2,0
TapHead,4,3,present,2,4,3,10101100,4,4,0
TapHead,4,3,present,2,4,3,11001100,2,2,0
TapHead,4,3,present,2,4,3,11101000,5,5,0
TapHead,4,3,present,2,4,3,11110000,1,1,0
TapHead,4,3,present,2,5,2,11101100,2,2,1
TapHead,4,3,present,2,5,3,11111000,1,1,1
TapHead,4,3,present,2,5,4,11101100,3,3,0
TapHead,4,3,present,2,5,4,11111000,1,1,0
TapHead,4,3,present,2,6,2,11111100,2,2,3
TapHead,4,3,present,2,6,4,11111100,2,2,0
TapHead,4,3,present,2,6,5,11111100,1,1,0
TapHead,4,3,present,2,7,4,11111110,2,2,0
TapHead,4,3,present,2,8,7,11111111,4,4,0
TapHead,4,3,present,3,1,0,10000000,94,38,0
TapHead,4,3,present,3,2,0,10001000,3,1,2
TapHead,4,3,present,3,2,0,10100000,8,2,7
TapHead,4,3,present,3,2,0,11000000,24,16,20
TapHead,4,3,present,3,2,1,10001000,1,1,0
TapHead,4,3,present,3,2,1,10100000,2,2,0
TapHead,4,3,present,3,2,1,11000000,5,5,0
TapHead,4,3,present,3,3,0,10001100,3,0,6
TapHead,4,3,present,3,3,0,10101000,7,1,13
TapHead,4,3,present,3,3,0,10110000,3,1,6
TapHead,4,3,present,3,3,0,11001000,1,0,2
TapHead,4,3,present,3,3,0,11100000,1,0,1
TapHead,4,3,present,3,3,1,11001000,3,3,0
TapHead,4,3,present,3,3,2,10001100,1,1,0
TapHead,4,3,present,3,3,2,11001000,4,4,0
TapHead,4,3,present,3,3,2,11100000,2,2,0
TapHead,4,3,present,3,4,0,11001100,1,0,3
TapHead,4,3,present,3,4,0,11101000,1,0,3
TapHead,4,3,present,3,4,0,11110000,2,1,5
TapHead,4,3,present,3,4,1,11001100,2,2,4
TapHead,4,3,present,3,4,1,11110000,3,3,0
TapHead,4,3,present,3,4,2,11001100,1,1,1
TapHead,4,3,present,3,4,2,11101000,4,4,0
TapHead,4,3,present,3,4,2,11110000,2,2,0
TapHead,4,3,present,3,4,3,10101100,1,1,0
TapHead,4,3,present,3,4,3,11001100,2,2,0
TapHead,4,3,present,3,4,3,11101000,4,4,0
TapHead,4,3,present,3,4,3,11110000,2,2,0
TapHead,4,3,present,3,5,0,10111100,1,0,3
TapHead,4,3,present,3,5,1,11111000,2,2,3
TapHead,4,3,present,3,5,3,11111000,1,1,0
TapHead,4,3,present,3,5,4,11101100,1,1,0
TapHead,4,3,present,3,5,4,11111000,3,3,0
TapHead,4,3,present,3,6,0,10111110,1,0,5
TapHead,4,3,present,3,6,2,11111100,1,1,1
TapHead,4,3,present,3,6,4,11111100,2,2,0
TapHead,4,3,present,3,6,5,11111100,1,1,0
TapHead,4,3,present,3,7,6,11111110,2,2,0
TapHead,4,3,present,3,8,4,11111111,2,2,0
TapHead,4,3,present,3,8,6,11111111,2,2,0
TapHead,4,3,present,4,1,0,10000000,25,8,0
TapHead,4,3,present,4,2,0,10001000,10,5,6
TapHead,4,3,present,4,2,0,10100000,6,3,6
TapHead,4,3,present,4,2,0,11000000,12,8,8
TapHead,4,3,present,4,2,1,10001000,1,1,0
TapHead,4,3,present,4,2,1,11000000,10,10,0
TapHead,4,3,present,4,3,0,10001100,1,0,2
TapHead,4,3,present,4,3,0,10101000,1,0,1
TapHead,4,3,present,4,3,0,10110000,2,1,4
TapHead,4,3,present,4,3,0,11001000,4,1,5
TapHead,4,3,present,4,3,0,11100000,2,2,3
TapHead,4,3,present,4,3,1,10101000,1,1,1
TapHead,4,3,present,4,3,1,11001000,2,2,0
TapHead,4,3,present,4,3,1,11100000,1,1,1
TapHead,4,3,present,4,3,2,10001100,2,2,0
TapHead,4,3,present,4,3,2,11001000,4,4,0
TapHead,4,3,present,4,4,0,11001100,2,0,5
TapHead,4,3,present,4,4,0,11101000,2,1,6
TapHead,4,3,present,4,4,0,11110000,3,3,2
TapHead,4,3,present,4,4,1,10101100,1,1,0
TapHead,4,3,present,4,4,1,11101000,2,2,0
TapHead,4,3,present,4,4,1,11110000,1,1,0
TapHead,4,3,present,4,4,2,10101100,3,3,2
TapHead,4,3,present,4,4,2,11001100,2,2,0
TapHead,4,3,present,4,4,2,11110000,1,1,0
TapHead,4,3,present,4,4,3,11110000,1,1,0
TapHead,4,3,present,4,5,0,11101100,1,0,4
TapHead,4,3,present,4,5,0,11111000,1,1,0
TapHead,4,3,present,4,5,1,11101100,1,1,0
TapHead,4,3,present,4,5,1,11111000,1,1,1
TapHead,4,3,present,4,5,2,11101100,3,3,2
TapHead,4,3,present,4,5,2,11111000,3,3,0
TapHead,4,3,present,4,5,3,11111000,1,1,1
TapHead,4,3,present,4,5,4,11111000,2,2,0
TapHead,4,3,present,4,6,1,11111100,4,4,2
TapHead,4,3,present,4,6,2,11111100,5,5,2
TapHead,4,3,present,4,6,3,11111100,2,2,0
TapHead,4,3,present,4,7,2,11111110,2,2,1
TapHead,4,3,present,4,7,3,11111110,2,2,0
TapHead,4,3,present,4,8,6,11111111,2,2,0
TapHead,4,3,present,4,8,7,11111111,2,2,0
TapHead,4,3,present,5,1,0,10000000,20,11,0
TapHead,4,3,present,5,2,0,10001000,4,4,4
TapHead,4,3,present,5,2,0,10100000,4,3,3
TapHead,4,3,present,5,2,0,11000000,16,11,10
TapHead,4,3,present,5,2,1,10001000,1,1,0
TapHead,4,3,present,5,2,1,11000000,2,2,0
TapHead,4,3,present,5,3,0,10001100,2,2,2
TapHead,4,3,present,5,3,0,10101000,1,1,1
TapHead,4,3,present,5,3,0,10110000,1,0,2
TapHead,4,3,present,5,3,0,11001000,3,2,5
TapHead,4,3,present,5,3,0,11100000,7,6,8
TapHead,4,3,present,5,3,1,10001100,2,2,0
TapHead,4,3,present,5,3,1,10101000,1,1,0
TapHead,4,3,present,5,3,1,11001000,3,3,2
TapHead,4,3,present,5,3,1,11100000,2,2,0
TapHead,4,3,present,5,3,2,10001100,1,1,0
TapHead,4,3,present,5,3,2,11001000,4,4,0
TapHead,4,3,present,5,4,0,10101100,1,1,3
TapHead,4,3,present,5,4,0,11001100,3,2,5
TapHead,4,3,present,5,4,0,11101000,1,1,2
TapHead,4,3,present,5,4,1,11001100,1,1,0
TapHead,4,3,present,5,4,2,11001100,3,3,1
TapHead,4,3,present,5,4,2,11110000,2,2,0
TapHead,4,3,present,5,4,3,11101000,6,6,0
TapHead,4,3,present,5,5,0,11111000,1,1,0
TapHead,4,3,present,5,5,1,11101100,2,2,2
TapHead,4,3,present,5,5,2,11101100,3,3,1
TapHead,4,3,present,5,5,2,11111000,1,1,0
TapHead,4,3,present,5,5,3,11101100,1,1,0
TapHead,4,3,present,5,5,3,11111000,1,1,0
TapHead,4,3,present,5,6,0,11111100,1,1,5
TapHead,4,3,present,5,6,1,11111100,6,6,4
TapHead,4,3,present,5,6,3,11111100,3,3,0
TapHead,4,3,present,5,7,4,11111110,4,4,1
TapHead,4,3,present,6,1,0,10000000,10,9,0
TapHead,4,3,present,6,2,0,10100000,2,2,0
TapHead,4,3,present,6,2,0,11000000,3,1,2
TapHead,4,3,present,6,3,0,10101000,1,1,0
TapHead,4,3,present,6,3,0,11001000,4,2,4
TapHead,4,3,present,6,3,0,11100000,1,1,1
TapHead,4,3,present,6,3,1,11001000,3,3,0
TapHead,4,3,present,6,3,1,11100000,1,1,0
TapHead,4,3,present,6,3,2,10001100,1,1,0
TapHead,4,3,present,6,3,2,10101000,1,1,0
TapHead,4,3,present,6,3,2,11001000,4,4,0
TapHead,4,3,present,6,4,0,10101100,1,1,2
TapHead,4,3,present,6,4,0,11110000,1,1,1
TapHead,4,3,present,6,4,1,11101000,1,1,1
TapHead,4,3,present,6,4,2,11001100,1,1,1
TapHead,4,3,present,6,4,3,11101000,2,2,0
TapHead,4,3,present,6,5,0,11111000,2,2,4
TapHead,4,3,present,6,5,2,11101100,1,1,0
TapHead,4,3,present,6,5,2,11111000,2,2,0
TapHead,4,3,present,6,5,3,11101100,1,1,0
TapHead,4,3,present,6,5,4,11101100,1,1,0
TapHead,4,3,present,6,6,2,11111100,1,1,1
TapHead,4,3,present,7,1,0,10000000,1,1,0
TapHead,4,3,present,7,2,1,10001000,1,1,0
TapHead,4,3,present,7,3,0,11100000,1,1,2
TapHead,4,3,present,7,3,1,10101000,1,1,0
TapHead,4,3,present,7,4,0,11101000,1,1,3
TapHead,4,3,present,7,4,1,11101000,1,1,1
TapHead,4,3,present,7,4,3,11101000,4,4,0
TapHead,4,3,present,8,5,1,11101100,1,1,1
TapHead,5,4,absent,0,0,0,00000000,80,0,0
TapHead,5,4,absent,1,1,0,10000000,10,0,10
TapHead,5,4,absent,1,2,0,10001000,1,0,2
TapHead,5,4,absent,1,2,0,10100000,1,0,2
TapHead,5,4,absent,1,2,0,11000000,34,0,68
TapHead,5,4,absent,1,2,2,10001000,1,0,0
TapHead,5,4,absent,1,2,2,11000000,35,0,0
TapHead,5,4,absent,1,3,0,11001000,2,0,6
TapHead,5,4,absent,1,3,3,11001000,4,0,0
TapHead,5,4,absent,1,3,3,11100000,5,0,0
TapHead,5,4,absent,1,4,0,11001100,2,0,8
TapHead,5,4,absent,1,4,4,11001100,13,0,0
TapHead,5,4,absent,1,4,4,11101000,10,0,0
TapHead,5,4,absent,1,4,4,11110000,3,0,0
TapHead,5,4,absent,1,5,5,11101100,3,0,0
TapHead,5,4,absent,1,5,5,11111000,2,0,0
TapHead,5,4,absent,1,6,6,11111100,4,0,0
TapHead,5,4,absent,1,8,8,11111111,22,0,0
TapHead,5,4,absent,2,1,0,10000000,3,2,0
TapHead,5,4,absent,2,2,0,10100000,1,0,1
TapHead,5,4,absent,2,2,0,11000000,74,53,4
TapHead,5,4,absent,2,2,1,11000000,6,6,0
TapHead,5,4,absent,2,3,0,11001000,9,4,7
TapHead,5,4,absent,2,3,0,11100000,8,5,8
TapHead,5,4,absent,2,3,1,11001000,7,7,0
TapHead,5,4,absent,2,3,1,11100000,12,12,0
TapHead,5,4,absent,2,4,0,11001100,3,2,5
TapHead,5,4,absent,2,4,0,11101000,5,1,12
TapHead,5,4,absent,2,4,0,11110000,6,2,8
TapHead,5,4,absent,2,4,1,11001100,2,2,0
TapHead,5,4,absent,2,4,1,11101000,10,10,1
TapHead,5,4,absent,2,4,1,11110000,2,2,0
TapHead,5,4,absent,2,4,2,11001100,32,32,0
TapHead,5,4,absent,2,4,2,11101000,26,26,0
TapHead,5,4,absent,2,4,2,11110000,4,4,0
TapHead,5,4,absent,2,5,0,11101100,1,0,3
TapHead,5,4,absent,2,5,1,11101100,4,4,6
TapHead,5,4,absent,2,5,1,11111000,4,4,5
TapHead,5,4,absent,2,5,2,11101100,3,3,0
TapHead,5,4,absent,2,5,2,11111000,3,3,1
TapHead,5,4,absent,2,5,3,11101100,10,10,0
TapHead,5,4,absent,2,5,3,11111000,7,7,0
TapHead,5,4,absent,2,6,0,11111100,2,1,6
TapHead,5,4,absent,2,6,1,11111100,2,2,1
TapHead,5,4,absent,2,6,2,11111100,13,13,21
TapHead,5,4,absent,2,6,3,11111100,6,6,0
TapHead,5,4,absent,2,6,4,11111100,7,7,0
TapHead,5,4,absent,2,8,0,11111111,2,2,8
TapHead,5,4,absent,2,8,4,11111111,2,2,0
TapHead,5,4,absent,2,8,5,11111111,10,10,0
TapHead,5,4,absent,2,8,6,11111111,25,25,0
TapHead,5,4,absent,3,1,0,10000000,1,0,0
TapHead,5,4,absent,3,2,0,11000000,179,177,3
TapHead,5,4,absent,3,2,1,11000000,2,2,0
TapHead,5,4,absent,3,3,0,11001000,28,28,11
TapHead,5,4,absent,3,3,0,11100000,31,29,18
TapHead,5,4,absent,3,3,1,11001000,30,30,0
TapHead,5,4,absent,3,3,1,11100000,35,35,0
TapHead,5,4,absent,3,4,0,11001100,31,31,33
TapHead,5,4,absent,3,4,0,11101000,46,46,23
TapHead,5,4,absent,3,4,0,11110000,49,49,18
TapHead,5,4,absent,3,4,1,11001100,9,9,0
TapHead,5,4,absent,3,4,1,11101000,54,54,15
TapHead,5,4,absent,3,4,1,11110000,22,22,0
TapHead,5,4,absent,3,4,2,11001100,28,28,0
TapHead,5,4,absent,3,4,2,11101000,27,27,0
TapHead,5,4,absent,3,4,2,11110000,32,32,0
TapHead,5,4,absent,3,5,0,11101100,46,46,56
TapHead,5,4,absent,3,5,0,11111000,43,43,37
TapHead,5,4,absent,3,5,1,11101100,23,23,12
TapHead,5,4,absent,3,5,1,11111000,36,36,13
TapHead,5,4,absent,3,5,2,11101100,35,35,7
TapHead,5,4,absent,3,5,2,11111000,34,34,6
TapHead,5,4,absent,3,5,3,11101100,21,21,0
TapHead,5,4,absent,3,5,3,11111000,15,15,0
TapHead,5,4,absent,3,6,0,11111100,73,73,105
TapHead,5,4,absent,3,6,1,11111100,28,28,20
TapHead,5,4,absent,3,6,2,11111100,79,79,38
TapHead,5,4,absent,3,6,3,11111100,24,24,0
TapHead,5,4,absent,3,6,4,11111100,25,25,0
TapHead,5,4,absent,3,8,0,11111111,6,6,23
TapHead,5,4,absent,3,8,2,11111111,38,38,0
TapHead,5,4,absent,3,8,3,11111111,38,38,0
TapHead,5,4,absent,3,8,4,11111111,65,65,0
TapHead,5,4,absent,3,8,5,11111111,16,16,0
TapHead,5,4,absent,3,8,6,11111111,44,44,0
TapHead,5,4,absent,4,2,0,11000000,12,12,0
TapHead,5,4,absent,4,3,0,10110000,1,0,2
TapHead,5,4,absent,4,3,0,11100000,3,3,2
TapHead,5,4,absent,4,3,1,11001000,1,1,0
TapHead,5,4,absent,4,3,1,11100000,4,4,0
TapHead,5,4,absent,4,4,0,11101000,1,1,0
TapHead,5,4,absent,4,4,0,11110000,1,1,3
TapHead,5,4,absent,4,4,1,11101000,3,3,1
TapHead,5,4,absent,4,4,2,11001100,1,1,0
TapHead,5,4,absent,4,4,2,11101000,2,2,0
TapHead,5,4,absent,4,4,2,11110000,1,1,0
TapHead,5,4,absent,4,5,0,11101100,1,1,0
TapHead,5,4,absent,4,5,0,11111000,1,1,3
TapHead,5,4,absent,4,5,1,11111000,1,1,0
TapHead,5,4,absent,4,5,3,11101100,1,1,0
TapHead,5,4,absent,4,5,3,11111000,1,1,0
TapHead,5,4,absent,4,6,0,11111100,1,1,2
TapHead,5,4,absent,4,6,1,11111100,1,1,0
TapHead,5,4,absent,4,6,4,11111100,1,1,0
TapHead,5,4,absent,5,2,0,11000000,1,0,0
TapHead,5,4,present,0,0,0,00000000,116,0,0
TapHead,5,4,present,1,1,0,10000000,43,0,43
TapHead,5,4,present,1,1,1,10000000,6,0,0
TapHead,5,4,present,1,2,0,10001000,1,0,2
TapHead,5,4,present,1,2,0,10100000,1,0,2
TapHead,5,4,present,1,2,0,11000000,7,0,14
TapHead,5,4,present,1,2,2,10001000,1,0,0
TapHead,5,4,present,1,4,0,11110000,1,0,4
TapHead,5,4,present,2,1,0,10000000,18,4,0
TapHead,5,4,present,2,2,0,10001000,1,1,0
TapHead,5,4,present,2,2,0,11000000,3,0,3
TapHead,5,4,present,2,3,0,10001100,2,0,4
TapHead,5,4,present,2,3,2,10001100,2,2,0
TapHead,5,4,present,2,8,7,11111111,2,2,0
TapHead,5,4,present,3,1,0,10000000,13,6,0
TapHead,5,4,present,3,2,0,10001000,1,0,1
TapHead,5,4,present,3,2,0,10100000,2,2,2
TapHead,5,4,present,3,2,0,11000000,2,0,2
TapHead,5,4,present,3,3,0,10001100,3,2,2
TapHead,5,4,present,3,3,0,10101000,1,0,2
TapHead,5,4,present,3,3,0,10110000,2,0,4
TapHead,5,4,present,3,3,0,11001000,1,0,1
TapHead,5,4,present,3,3,2,10001100,1,1,0
TapHead,5,4,present,3,4,3,11101000,1,1,0
TapHead,5,4,present,3,5,4,11101100,1,1,0
TapHead,5,4,present,3,5,4,11111000,1,1,0
TapHead,5,4,present,3,8,7,11111111,6,6,0
TapHead,5,4,present,4,1,0,10000000,4,3,0
TapHead,5,4,present,4,2,0,10001000,1,1,0
TapHead,5,4,present,4,2,0,11000000,4,1,4
TapHead,5,4,present,4,3,0,10110000,1,0,2
TapHead,5,4,present,4,3,0,11001000,1,1,2
TapHead,5,4,present,4,3,1,10101000,1,1,0
TapHead,5,4,present,4,5,0,10111100,1,0,4
TapHead,5,4,present,4,6,1,11111100,1,1,1
TapHead,5,4,present,4,8,4,11111111,2,2,0
TapHead,5,4,present,5,1,0,10000000,1,0,0
TapHead,5,4,present,5,2,0,11000000,1,0,0
TapHead,6,5,absent,0,0,0,00000000,19,0,0
TapHead,6,5,absent,1,1,0,10000000,1,0,1
TapHead,6,5,absent,1,2,0,11000000,41,0,82
TapHead,6,5,absent,1,2,2,11000000,12,0,0
TapHead,6,5,absent,1,3,3,11001000,1,0,0
TapHead,6,5,absent,1,4,0,11001100,2,0,8
TapHead,6,5,absent,1,4,4,11001100,2,0,0
TapHead,6,5,absent,1,4,4,11101000,4,0,0
TapHead,6,5,absent,2,2,0,11000000,40,40,0
TapHead,6,5,absent,2,3,1,11001000,10,10,0
TapHead,6,5,absent,2,4,0,11001100,1,1,1
TapHead,6,5,absent,2,4,0,11110000,2,2,4
TapHead,6,5,absent,2,4,2,11001100,10,10,0
TapHead,6,5,absent,2,4,2,11110000,12,12,0
TapHead,6,5,absent,2,5,2,11111000,1,1,0
TapHead,6,5,absent,2,5,3,11111000,5,5,0
TapHead,6,5,absent,2,6,2,11111100,2,2,0
TapHead,6,5,absent,2,6,4,11111100,10,10,0
TapHead,6,5,present,0,0,0,00000000,37,0,0
TapHead,6,5,present,1,1,0,10000000,3,0,3
TapHead,6,5,present,1,8,8,11111111,4,0,0
TapHead,7,6,absent,0,0,0,00000000,29,0,0
TapHead,7,6,absent,1,2,0,11000000,1,0,2
TapHead,7,6,absent,1,2,2,11000000,9,0,0
TapHead,7,6,absent,1,3,3,11001000,34,0,0
TapHead,7,6,absent,1,3,3,11100000,2,0,0
TapHead,7,6,absent,1,4,4,11001100,7,0,0
TapHead,7,6,absent,1,4,4,11110000,9,0,0
TapHead,7,6,absent,1,5,5,11101100,7,0,0
TapHead,7,6,absent,1,5,5,11111000,9,0,0
TapHead,7,6,absent,2,2,0,11000000,10,10,0
TapHead,7,6,absent,2,3,0,11100000,2,2,1
TapHead,7,6,absent,2,3,1,11001000,8,8,0
TapHead,7,6,absent,2,3,1,11100000,4,4,0
TapHead,7,6,absent,2,4,0,11001100,1,1,1
TapHead,7,6,absent,2,4,1,11110000,1,1,0
TapHead,7,6,absent,2,4,2,11110000,3,3,0
TapHead,7,6,absent,2,5,2,11111000,1,1,0
TapHead,7,6,absent,2,5,3,11111000,3,3,0
TapHead,7,6,absent,2,6,2,11111100,2,2,3
