disposition,previous_ms,next_ms,previous_exact_file_beat,next_exact_file_beat,has_spacing_divergence,count,charts_present,families_present,keymodes_present
Reconstructed,1,44,0.00283333333333333522222222,0.12466666666666674977777778,true,1,1,1,"7"
Reconstructed,1,44,0.00283333333333333522222223,0.12466666666666674977777777,true,1,1,1,"7"
Reconstructed,1,117,0.00283333333333333522222222,0.33150000000000022100000000,true,5,1,1,"7"
Reconstructed,1,117,0.00283333333333333522222223,0.33150000000000022100000000,true,3,1,1,"7"
Reconstructed,1,117,0.00283333333333333522222222,0.33150000000000022100000000,false,5,1,1,"7"
Reconstructed,14,29,0.04106666666666665571555556,0.08506666666666664398222222,false,2,1,1,"7"
Reconstructed,15,44,0.04250000000000002833333334,0.12466666666666674977777777,true,9,1,1,"7"
Reconstructed,15,44,0.04250000000000002833333333,0.12466666666666674977777778,true,18,1,1,"7"
Reconstructed,15,44,0.04250000000000002833333334,0.12466666666666674977777778,true,3,1,1,"7"
Reconstructed,15,45,0.04250000000000002833333334,0.12750000000000008500000000,true,3,1,1,"7"
Reconstructed,15,45,0.04250000000000002833333333,0.12750000000000008500000000,true,2,1,1,"7"
Reconstructed,16,44,0.04533333333333336355555555,0.12466666666666674977777778,true,2,1,1,"7"
Reconstructed,16,44,0.04533333333333336355555556,0.12466666666666674977777777,true,2,1,1,"7"
Reconstructed,16,44,0.04533333333333336355555556,0.12466666666666674977777778,true,1,1,1,"7"
Reconstructed,21,21,0.06159999999999998357333334,0.06159999999999998357333333,true,1,1,1,"7"
Reconstructed,21,22,0.06159999999999998357333333,0.06453333333333331612444445,true,1,1,1,"7"
Reconstructed,21,43,0.06159999999999998357333333,0.12613333333333329969777778,true,1,1,1,"7"
Reconstructed,22,22,0.0623333333333333748888889,0.0623333333333333748888888,true,1,1,1,"7"
Reconstructed,22,22,0.0623333333333333748888888,0.0623333333333333748888889,true,2,1,1,"7"
Reconstructed,22,22,0.0623333333333333748888889,0.0623333333333333748888889,true,1,1,1,"7"
Reconstructed,22,42,0.06453333333333331612444445,0.12319999999999996714666666,true,1,1,1,"7"
Reconstructed,22,132,0.0623333333333333748888889,0.3740000000000002493333334,true,1,1,1,"7"
Reconstructed,22,132,0.0623333333333333748888889,0.3740000000000002493333333,true,1,1,1,"7"
Reconstructed,22,133,0.0623333333333333748888889,0.3768333333333335845555556,true,1,1,1,"7"
Reconstructed,22,133,0.0623333333333333748888889,0.3768333333333335845555555,true,1,1,1,"7"
Reconstructed,22,155,0.0623333333333333748888889,0.4391666666666669594444445,true,2,1,1,"7"
Reconstructed,22,155,0.0623333333333333748888889,0.4391666666666669594444444,true,1,1,1,"7"
Reconstructed,23,154,0.0651666666666667101111111,0.4363333333333336242222222,true,1,1,1,"7"
Reconstructed,27,84,0.081000000000000081,0.252000000000000252,true,9,1,1,"4"
Reconstructed,28,28,0.06206666666666669149333333,0.06206666666666669149333334,true,2,1,1,"7"
Reconstructed,28,29,0.06206666666666669149333333,0.06428333333333335904666667,true,1,1,1,"7"
Reconstructed,28,83,0.084000000000000084,0.249000000000000249,true,14,1,1,"4"
Reconstructed,28,83,0.084000000000000084,0.249000000000000249,false,4,1,1,"4"
Reconstructed,28,85,0.06206666666666669149333333,0.18841666666666674203333334,true,1,1,1,"7"
Reconstructed,28,85,0.06206666666666669149333333,0.18841666666666674203333333,true,1,1,1,"7"
Reconstructed,28,197,0.06206666666666669149333333,0.43668333333333350800666667,true,1,1,1,"7"
Reconstructed,29,45,0.08216666666666672144444444,0.12750000000000008500000000,true,1,1,1,"7"
Reconstructed,29,85,0.08506666666666664398222222,0.24933333333333326684444444,false,2,1,1,"7"
Reconstructed,29,197,0.06428333333333335904666666,0.43668333333333350800666667,true,1,1,1,"7"
Reconstructed,30,44,0.08500000000000005666666667,0.12466666666666674977777777,true,2,1,1,"7"
Reconstructed,30,44,0.08500000000000005666666666,0.12466666666666674977777778,true,5,1,1,"7"
Reconstructed,30,44,0.08500000000000005666666667,0.12466666666666674977777778,true,4,1,1,"7"
Reconstructed,30,44,0.08500000000000005666666667,0.12466666666666674977777778,false,6,1,1,"7"
Reconstructed,30,60,0.0824999999999999175,0.1649999999999998350,true,3,1,1,"10"
Reconstructed,30,61,0.08249999999999991750,0.16774999999999983225,true,6,1,1,"10"
Reconstructed,30,61,0.0824999999999999175,0.16774999999999983225,false,2,1,1,"10"
Reconstructed,30,151,0.0824999999999999175,0.41524999999999958475,true,2,1,1,"10"
Reconstructed,30,152,0.08249999999999991750,0.41799999999999958200,false,5,1,1,"10"
Reconstructed,30,152,0.08249999999999991750,0.41799999999999958200,true,2,1,1,"10"
Reconstructed,31,60,0.08524999999999991475,0.164999999999999835,true,2,1,1,"10"
Reconstructed,31,151,0.08524999999999991475,0.41524999999999958475,true,5,1,1,"10"
Reconstructed,33,65,0.084150000000000008415,0.165750000000000016575,true,1,1,1,"7"
Reconstructed,34,34,0.124666666666666542,0.124666666666666542,true,6,1,1,"7"
Reconstructed,34,34,0.124666666666666542,0.124666666666666542,false,2,1,1,"7"
Reconstructed,34,35,0.1235333333333333951,0.12716666666666673025,true,2,1,1,"7"
Reconstructed,34,35,0.124666666666666542,0.128333333333333205,true,2,1,1,"7"
Reconstructed,35,34,0.12716666666666673025,0.1235333333333333951,true,1,1,1,"7"
Reconstructed,37,75,0.08201666666666669947333334,0.16625000000000006650000000,true,1,1,1,"7"
Reconstructed,38,75,0.08423333333333336702666667,0.16625000000000006650000000,true,1,1,1,"7"
Reconstructed,41,42,0.123000000000000123,0.126000000000000126,true,5,1,1,"4"
Reconstructed,41,84,0.123000000000000123,0.252000000000000252,true,4,1,1,"4"
Reconstructed,42,14,0.12319999999999996714666667,0.04106666666666665571555556,false,2,1,1,"7"
Reconstructed,42,41,0.126000000000000126,0.123000000000000123,true,3,1,1,"4"
Reconstructed,42,42,0.126000000000000126,0.126000000000000126,true,3,1,1,"4"
Reconstructed,42,43,0.12319999999999996714666666,0.12613333333333329969777778,true,7,1,1,"7"
Reconstructed,42,43,0.12319999999999996714666667,0.12613333333333329969777778,false,2,1,1,"7"
Reconstructed,42,43,0.12319999999999996714666667,0.12613333333333329969777778,true,14,1,1,"7"
Reconstructed,42,43,0.12319999999999996714666667,0.12613333333333329969777777,true,6,1,1,"7"
Reconstructed,42,83,0.126000000000000126,0.249000000000000249,false,5,1,1,"4"
Reconstructed,42,83,0.126000000000000126,0.249000000000000249,true,4,1,1,"4"
Reconstructed,42,85,0.12319999999999996714666667,0.24933333333333326684444444,true,2,1,1,"7"
Reconstructed,42,85,0.12319999999999996714666666,0.24933333333333326684444445,true,1,1,1,"7"
Reconstructed,42,86,0.12319999999999996714666666,0.25226666666666659939555556,true,2,1,1,"7"
Reconstructed,42,86,0.12319999999999996714666667,0.25226666666666659939555555,true,2,1,1,"7"
Reconstructed,42,128,0.12319999999999996714666667,0.37546666666666656654222222,true,2,1,1,"7"
Reconstructed,42,128,0.12319999999999996714666666,0.37546666666666656654222223,true,1,1,1,"7"
Reconstructed,43,1,0.12183333333333341455555556,0.00283333333333333522222222,true,1,1,1,"7"
Reconstructed,43,42,0.12613333333333329969777778,0.12319999999999996714666667,true,13,1,1,"7"
Reconstructed,43,42,0.12613333333333329969777778,0.12319999999999996714666666,true,12,1,1,"7"
Reconstructed,43,42,0.12613333333333329969777778,0.12319999999999996714666667,false,2,1,1,"7"
Reconstructed,43,42,0.12613333333333329969777777,0.12319999999999996714666667,true,6,1,1,"7"
Reconstructed,43,43,0.12613333333333329969777778,0.12613333333333329969777778,true,7,1,1,"7"
Reconstructed,43,43,0.12613333333333329969777777,0.12613333333333329969777778,true,3,1,1,"7"
Reconstructed,43,43,0.12613333333333329969777778,0.12613333333333329969777777,true,2,1,1,"7"
Reconstructed,43,85,0.12613333333333329969777778,0.24933333333333326684444444,false,4,1,1,"7"
Reconstructed,43,85,0.12613333333333329969777778,0.24933333333333326684444444,true,6,1,1,"7"
Reconstructed,43,85,0.12613333333333329969777777,0.24933333333333326684444445,true,1,1,1,"7"
Reconstructed,43,128,0.12613333333333329969777778,0.37546666666666656654222222,true,1,1,1,"7"
Reconstructed,44,1,0.12466666666666674977777777,0.00283333333333333522222223,true,1,1,1,"7"
Reconstructed,44,14,0.12466666666666674977777778,0.03966666666666669311111111,false,2,1,1,"7"
Reconstructed,44,14,0.12466666666666674977777777,0.03966666666666669311111111,true,1,1,1,"7"
Reconstructed,44,14,0.12466666666666674977777778,0.03966666666666669311111111,true,1,1,1,"7"
Reconstructed,44,29,0.12466666666666674977777777,0.08216666666666672144444445,true,1,1,1,"7"
Reconstructed,44,29,0.12466666666666674977777778,0.08216666666666672144444445,true,2,1,1,"7"
Reconstructed,44,43,0.12466666666666674977777778,0.12183333333333341455555555,true,1,1,1,"7"
Reconstructed,44,44,0.12466666666666674977777778,0.12466666666666674977777778,true,55,1,1,"7"
Reconstructed,44,44,0.12466666666666674977777777,0.12466666666666674977777778,true,43,1,1,"7"
Reconstructed,44,44,0.12466666666666674977777778,0.12466666666666674977777778,false,30,1,1,"7"
Reconstructed,44,44,0.12466666666666674977777778,0.12466666666666674977777777,true,41,1,1,"7"
Reconstructed,44,44,0.12466666666666674977777778,0.12466666666666674977777777,false,2,1,1,"7"
Reconstructed,44,44,0.1246666666666667497777778,0.1246666666666667497777778,true,19,1,1,"7"
Reconstructed,44,44,0.1246666666666667497777778,0.1246666666666667497777777,true,9,1,1,"7"
Reconstructed,44,44,0.1246666666666667497777778,0.1246666666666667497777778,false,6,1,1,"7"
Reconstructed,44,44,0.1246666666666667497777777,0.1246666666666667497777778,true,4,1,1,"7"
Reconstructed,44,44,0.1246666666666667497777778,0.1246666666666667497777777,false,2,1,1,"7"
Reconstructed,44,44,0.1246666666666667497777777,0.1246666666666667497777778,false,4,1,1,"7"
Reconstructed,44,45,0.12466666666666674977777778,0.12750000000000008500000000,true,20,1,1,"7"
Reconstructed,44,45,0.12466666666666674977777778,0.12750000000000008500000000,false,2,1,1,"7"
Reconstructed,44,45,0.12466666666666674977777777,0.12750000000000008500000000,true,3,1,1,"7"
Reconstructed,44,45,0.1246666666666667497777778,0.1275000000000000850000000,true,3,1,1,"7"
Reconstructed,44,45,0.1246666666666667497777778,0.1275000000000000850000000,false,2,1,1,"7"
Reconstructed,44,45,0.1246666666666667497777777,0.1275000000000000850000000,true,2,1,1,"7"
Reconstructed,44,58,0.12466666666666674977777777,0.16433333333333344288888889,true,3,1,1,"7"
Reconstructed,44,58,0.12466666666666674977777778,0.16433333333333344288888889,true,3,1,1,"7"
Reconstructed,44,59,0.12466666666666674977777778,0.16716666666666677811111111,true,3,1,1,"7"
Reconstructed,44,59,0.12466666666666674977777777,0.16716666666666677811111112,true,1,1,1,"7"
Reconstructed,44,88,0.12466666666666674977777777,0.24933333333333349955555556,true,1,1,1,"7"
Reconstructed,44,88,0.12466666666666674977777778,0.24933333333333349955555556,true,1,1,1,"7"
Reconstructed,44,88,0.12466666666666674977777778,0.24933333333333349955555556,false,2,1,1,"7"
Reconstructed,44,88,0.12466666666666674977777778,0.24933333333333349955555555,true,1,1,1,"7"
Reconstructed,44,117,0.12466666666666674977777778,0.33150000000000022100000000,false,2,1,1,"7"
Reconstructed,44,132,0.1246666666666667497777777,0.3740000000000002493333334,true,3,1,1,"7"
Reconstructed,44,132,0.1246666666666667497777778,0.3740000000000002493333333,true,2,1,1,"7"
Reconstructed,44,132,0.1246666666666667497777778,0.3740000000000002493333334,true,1,1,1,"7"
Reconstructed,44,133,0.1246666666666667497777778,0.3768333333333335845555555,false,4,1,1,"7"
Reconstructed,44,133,0.1246666666666667497777778,0.3768333333333335845555556,true,2,1,1,"7"
Reconstructed,44,133,0.1246666666666667497777778,0.3768333333333335845555555,true,3,1,1,"7"
Reconstructed,44,177,0.1246666666666667497777778,0.5015000000000003343333334,true,2,1,1,"7"
Reconstructed,44,177,0.1246666666666667497777778,0.5015000000000003343333333,false,2,1,1,"7"
Reconstructed,44,177,0.1246666666666667497777778,0.5015000000000003343333333,true,1,1,1,"7"
Reconstructed,45,43,0.12750000000000008500000000,0.12183333333333341455555556,true,1,1,1,"7"
Reconstructed,45,44,0.12750000000000008500000000,0.12466666666666674977777778,true,16,1,1,"7"
Reconstructed,45,44,0.12750000000000008500000000,0.12466666666666674977777777,true,6,1,1,"7"
Reconstructed,45,44,0.12750000000000008500000000,0.12466666666666674977777778,false,1,1,1,"7"
Reconstructed,45,44,0.1275000000000000850000000,0.1246666666666667497777777,true,1,1,1,"7"
Reconstructed,45,44,0.1275000000000000850000000,0.1246666666666667497777778,true,6,1,1,"7"
Reconstructed,45,45,0.12374999999999987625,0.12374999999999987625,true,1,1,1,"10"
Reconstructed,45,46,0.12374999999999987625,0.1264999999999998735,true,2,1,1,"10"
Reconstructed,45,46,0.12374999999999987625,0.12649999999999987350,false,4,1,1,"10"
Reconstructed,45,46,0.12300000000000012300000000,0.12573333333333345906666666,true,1,1,1,"7"
Reconstructed,45,58,0.12750000000000008500000000,0.16433333333333344288888889,true,1,1,1,"7"
Reconstructed,45,91,0.164999999999999835,0.333666666666666333,true,2,1,1,"7"
Reconstructed,45,132,0.1275000000000000850000000,0.3740000000000002493333334,true,1,1,1,"7"
Reconstructed,45,136,0.12374999999999987625,0.37399999999999962600,true,4,1,1,"10"
Reconstructed,45,137,0.12374999999999987625,0.37674999999999962325,true,6,1,1,"10"
Reconstructed,46,45,0.12649999999999987350,0.12374999999999987625,true,1,1,1,"10"
Reconstructed,46,45,0.12573333333333345906666666,0.12300000000000012300000000,true,1,1,1,"7"
Reconstructed,46,46,0.12573333333333345906666667,0.12573333333333345906666666,true,1,1,1,"7"
Reconstructed,46,46,0.12573333333333345906666666,0.12573333333333345906666667,true,1,1,1,"7"
Reconstructed,46,46,0.12573333333333345906666667,0.12573333333333345906666667,true,1,1,1,"7"
Reconstructed,46,136,0.12649999999999987350,0.37399999999999962600,false,4,1,1,"10"
Reconstructed,46,136,0.1264999999999998735,0.3739999999999996260,true,4,1,1,"10"
Reconstructed,49,49,0.124950000000000012495,0.124950000000000012495,false,6,2,2,"7"
Reconstructed,49,49,0.124950000000000012495,0.124950000000000012495,true,2,2,2,"7"
Reconstructed,49,196,0.124950000000000012495,0.49980000000000004998,true,1,1,1,"7"
Reconstructed,55,28,0.165000000000000165,0.084000000000000084,true,9,1,1,"4"
Reconstructed,55,56,0.165000000000000165,0.168000000000000168,true,36,1,1,"4"
Reconstructed,56,27,0.168000000000000168,0.081000000000000081,true,9,1,1,"4"
Reconstructed,56,28,0.168000000000000168,0.084000000000000084,true,9,1,1,"4"
Reconstructed,56,55,0.168000000000000168,0.165000000000000165,true,36,1,1,"4"
Reconstructed,56,56,0.168000000000000168,0.168000000000000168,true,9,1,1,"4"
Reconstructed,56,56,0.124133333333333382986666667,0.124133333333333382986666667,true,2,1,1,"7"
Reconstructed,56,56,0.124133333333333382986666666,0.124133333333333382986666667,true,3,1,1,"7"
Reconstructed,56,57,0.124133333333333382986666667,0.126350000000000050540000000,true,4,1,1,"7"
Reconstructed,56,57,0.124133333333333382986666666,0.126350000000000050540000000,true,1,1,1,"7"
Reconstructed,56,57,0.124133333333333382986666667,0.126350000000000050540000000,false,2,1,1,"7"
Reconstructed,56,57,0.12413333333333338298666667,0.12635000000000005054000000,true,1,1,1,"7"
Reconstructed,56,57,0.164266666666666622862222222,0.167199999999999955413333333,true,1,1,1,"4"
Reconstructed,56,57,0.16426666666666662286222222,0.16719999999999995541333334,true,6,1,1,"4"
Reconstructed,56,57,0.16426666666666662286222222,0.16719999999999995541333333,true,5,1,1,"4"
Reconstructed,56,57,0.16426666666666662286222223,0.16719999999999995541333333,true,6,1,1,"4"
Reconstructed,57,28,0.12635000000000005054000000,0.06206666666666669149333334,true,1,1,1,"7"
Reconstructed,57,56,0.126350000000000050540000000,0.124133333333333382986666666,true,4,1,1,"7"
Reconstructed,57,56,0.126350000000000050540000000,0.124133333333333382986666667,true,3,1,1,"7"
Reconstructed,57,56,0.12635000000000005054,0.12413333333333338298666667,true,1,1,1,"7"
Reconstructed,57,56,0.167199999999999955413333334,0.164266666666666622862222222,true,1,1,1,"4"
Reconstructed,57,56,0.167199999999999955413333333,0.164266666666666622862222222,true,1,1,1,"4"
Reconstructed,57,56,0.16719999999999995541333334,0.16426666666666662286222222,true,8,1,1,"4"
Reconstructed,57,56,0.16719999999999995541333333,0.16426666666666662286222222,true,7,1,1,"4"
Reconstructed,57,56,0.16719999999999995541333333,0.16426666666666662286222223,true,2,1,1,"4"
Reconstructed,57,57,0.167199999999999955413333333,0.167199999999999955413333333,true,1,1,1,"4"
Reconstructed,57,57,0.167199999999999955413333334,0.167199999999999955413333333,true,1,1,1,"4"
Reconstructed,57,57,0.16719999999999995541333333,0.16719999999999995541333334,true,14,1,1,"4"
Reconstructed,57,57,0.16719999999999995541333333,0.16719999999999995541333333,true,10,1,1,"4"
Reconstructed,57,57,0.16719999999999995541333334,0.16719999999999995541333333,true,20,1,1,"4"
Reconstructed,58,59,0.1643333333333334428888889,0.1671666666666667781111111,true,1,1,1,"7"
Reconstructed,58,74,0.16433333333333344288888889,0.20966666666666680644444445,true,2,1,1,"7"
Reconstructed,58,74,0.16433333333333344288888889,0.20966666666666680644444444,true,2,1,1,"7"
Reconstructed,58,74,0.16433333333333344288888889,0.20966666666666680644444445,false,2,1,1,"7"
Reconstructed,59,58,0.1671666666666667781111111,0.1643333333333334428888889,true,1,1,1,"7"
Reconstructed,59,59,0.16716666666666677811111111,0.16716666666666677811111111,true,1,1,1,"7"
Reconstructed,59,59,0.1671666666666667781111111,0.1671666666666667781111112,true,2,1,1,"7"
Reconstructed,59,59,0.1671666666666667781111111,0.1671666666666667781111111,true,4,1,1,"7"
Reconstructed,59,59,0.1671666666666667781111112,0.1671666666666667781111111,true,1,1,1,"7"
Reconstructed,60,30,0.164999999999999835,0.0824999999999999175,true,2,1,1,"10"
Reconstructed,60,31,0.16499999999999983500,0.08524999999999991475,false,9,1,1,"10"
Reconstructed,60,31,0.16499999999999983500,0.08524999999999991475,true,9,1,1,"10"
Reconstructed,60,61,0.16499999999999983500,0.16774999999999983225,false,10,1,1,"10"
Reconstructed,60,61,0.16499999999999983500,0.16774999999999983225,true,38,1,1,"10"
Reconstructed,60,91,0.16499999999999983500,0.25024999999999974975,false,3,1,1,"10"
Reconstructed,60,182,0.164999999999999835,0.5004999999999994995,false,6,1,1,"10"
Reconstructed,60,182,0.164999999999999835,0.5004999999999994995,true,3,1,1,"10"
Reconstructed,61,30,0.16774999999999983225,0.08249999999999991750,true,10,1,1,"10"
Reconstructed,61,30,0.16774999999999983225,0.08249999999999991750,false,13,1,1,"10"
Reconstructed,61,60,0.16774999999999983225,0.164999999999999835,false,16,1,1,"10"
Reconstructed,61,60,0.16774999999999983225,0.16499999999999983500,true,23,1,1,"10"
Reconstructed,61,61,0.16774999999999983225,0.16774999999999983225,true,21,1,1,"10"
Reconstructed,61,61,0.16774999999999983225,0.16774999999999983225,false,2,1,1,"10"
Reconstructed,61,181,0.16774999999999983225,0.49774999999999950225,true,2,1,1,"10"
Reconstructed,61,182,0.16774999999999983225,0.5004999999999994995,false,3,1,1,"10"
Reconstructed,61,182,0.16774999999999983225,0.5004999999999994995,true,4,1,1,"10"
Reconstructed,66,32,0.16830000000000001683,0.08160000000000000816,true,1,1,1,"7"
Reconstructed,66,33,0.168300000000000016830,0.084150000000000008415,true,1,1,1,"7"
Reconstructed,68,68,0.249333333333333084,0.249333333333333084,true,109,1,1,"7"
Reconstructed,68,68,0.249333333333333084,0.249333333333333084,false,128,1,1,"7"
Reconstructed,68,69,0.24706666666666679020,0.25070000000000012535,true,14,1,1,"7"
Reconstructed,68,69,0.2470666666666667902,0.25070000000000012535,false,2,1,1,"7"
Reconstructed,68,69,0.249333333333333084,0.252999999999999747,true,50,1,1,"7"
Reconstructed,68,69,0.249333333333333084,0.252999999999999747,false,2,1,1,"7"
Reconstructed,68,136,0.249333333333333084,0.498666666666666168,false,2,1,1,"7"
Reconstructed,68,136,0.249333333333333084,0.498666666666666168,true,3,1,1,"7"
Reconstructed,68,137,0.249333333333333084,0.502333333333332831,true,2,1,1,"7"
Reconstructed,68,138,0.24706666666666679020,0.50140000000000025070,true,1,1,1,"7"
Reconstructed,69,68,0.25070000000000012535,0.2470666666666667902,false,4,1,1,"7"
Reconstructed,69,68,0.25070000000000012535,0.24706666666666679020,true,13,1,1,"7"
Reconstructed,69,68,0.252999999999999747,0.249333333333333084,true,52,1,1,"7"
Reconstructed,69,68,0.252999999999999747,0.249333333333333084,false,6,1,1,"7"
Reconstructed,69,69,0.25070000000000012535,0.25070000000000012535,true,32,1,1,"7"
Reconstructed,69,69,0.25070000000000012535,0.25070000000000012535,false,26,1,1,"7"
Reconstructed,69,115,0.25070000000000012535,0.41783333333333354225,true,1,1,1,"7"
Reconstructed,69,136,0.252999999999999747,0.498666666666666168,true,3,1,1,"7"
Reconstructed,69,137,0.25070000000000012535,0.49776666666666691555,true,1,1,1,"7"
Reconstructed,69,138,0.25070000000000012535,0.50140000000000025070,true,1,1,1,"7"
Reconstructed,73,44,0.20683333333333347122222222,0.12466666666666674977777778,true,1,1,1,"7"
Reconstructed,74,43,0.20966666666666680644444444,0.12183333333333341455555556,true,1,1,1,"7"
Reconstructed,74,43,0.20966666666666680644444445,0.12183333333333341455555555,true,1,1,1,"7"
Reconstructed,74,44,0.20966666666666680644444445,0.12466666666666674977777778,false,2,1,1,"7"
Reconstructed,74,44,0.20966666666666680644444445,0.12466666666666674977777778,true,2,1,1,"7"
Reconstructed,74,44,0.20966666666666680644444445,0.12466666666666674977777777,true,1,1,1,"7"
Reconstructed,74,44,0.20966666666666680644444444,0.12466666666666674977777778,true,1,1,1,"7"
Reconstructed,75,37,0.16625000000000006650,0.08201666666666669947333333,true,1,1,1,"7"
Reconstructed,75,38,0.16625000000000006650000000,0.08423333333333336702666667,true,1,1,1,"7"
Reconstructed,75,75,0.16625000000000006650,0.16625000000000006650,true,2,1,1,"7"
Reconstructed,75,76,0.1662500000000000665,0.16846666666666673405333333,true,1,1,1,"7"
Reconstructed,76,75,0.16846666666666673405333334,0.16625000000000006650000000,true,1,1,1,"7"
Reconstructed,82,82,0.2487333333333330846,0.2487333333333330846,true,3,1,1,"7"
Reconstructed,82,83,0.2487333333333330846,0.2517666666666664149,true,18,1,1,"7"
Reconstructed,82,83,0.2487333333333330846,0.2517666666666664149,false,4,1,1,"7"
Reconstructed,82,165,0.2487333333333330846,0.5004999999999994995,true,2,1,1,"7"
Reconstructed,83,42,0.249000000000000249,0.126000000000000126,true,6,1,1,"4"
Reconstructed,83,56,0.249000000000000249,0.168000000000000168,true,12,1,1,"4"
Reconstructed,83,56,0.249000000000000249,0.168000000000000168,false,3,1,1,"4"
Reconstructed,83,82,0.2517666666666664149,0.2487333333333330846,true,18,1,1,"7"
Reconstructed,83,83,0.249000000000000249,0.249000000000000249,true,228,1,1,"4"
Reconstructed,83,83,0.249000000000000249,0.249000000000000249,false,59,1,1,"4"
Reconstructed,83,84,0.249000000000000249,0.252000000000000252,true,233,1,1,"4"
Reconstructed,83,84,0.249000000000000249,0.252000000000000252,false,61,1,1,"4"
Reconstructed,83,125,0.249000000000000249,0.375000000000000375,true,1,1,1,"4"
Reconstructed,83,167,0.249000000000000249,0.501000000000000501,true,41,1,1,"4"
Reconstructed,83,167,0.249000000000000249,0.501000000000000501,false,12,1,1,"4"
Reconstructed,84,28,0.18620000000000007448,0.06206666666666669149333333,true,1,1,1,"7"
Reconstructed,84,41,0.252000000000000252,0.123000000000000123,true,5,1,1,"4"
Reconstructed,84,55,0.252000000000000252,0.165000000000000165,true,6,1,1,"4"
Reconstructed,84,55,0.252000000000000252,0.165000000000000165,false,3,1,1,"4"
Reconstructed,84,83,0.252000000000000252,0.249000000000000249,true,222,1,1,"4"
Reconstructed,84,83,0.252000000000000252,0.249000000000000249,false,62,1,1,"4"
Reconstructed,84,166,0.252000000000000252,0.498000000000000498,true,24,1,1,"4"
Reconstructed,84,166,0.252000000000000252,0.498000000000000498,false,7,1,1,"4"
Reconstructed,85,28,0.18841666666666674203333334,0.06206666666666669149333333,true,3,1,1,"7"
Reconstructed,85,28,0.18841666666666674203333333,0.06206666666666669149333334,true,2,1,1,"7"
Reconstructed,85,42,0.24933333333333326684444445,0.12319999999999996714666666,true,1,1,1,"7"
Reconstructed,85,42,0.24933333333333326684444444,0.12319999999999996714666667,true,4,1,1,"7"
Reconstructed,85,43,0.24933333333333326684444444,0.12613333333333329969777778,true,7,1,1,"7"
Reconstructed,85,43,0.24933333333333326684444445,0.12613333333333329969777778,true,5,1,1,"7"
Reconstructed,85,43,0.24933333333333326684444445,0.12613333333333329969777777,true,2,1,1,"7"
Reconstructed,85,43,0.24933333333333326684444444,0.12613333333333329969777778,false,6,1,1,"7"
Reconstructed,85,85,0.24933333333333326684444444,0.24933333333333326684444445,true,33,2,2,"4;7"
Reconstructed,85,85,0.24933333333333326684444445,0.24933333333333326684444444,true,25,2,2,"4;7"
Reconstructed,85,85,0.249333333333333266844444444,0.249333333333333266844444445,true,2,1,1,"7"
Reconstructed,85,85,0.249333333333333266844444445,0.249333333333333266844444444,true,1,1,1,"7"
Reconstructed,85,85,0.24933333333333326684444444,0.24933333333333326684444444,true,6,1,1,"7"
Reconstructed,85,85,0.24933333333333326684444445,0.24933333333333326684444444,false,2,1,1,"7"
Reconstructed,85,85,0.24933333333333326684444444,0.24933333333333326684444445,false,7,1,1,"7"
Reconstructed,85,86,0.24933333333333326684444444,0.25226666666666659939555556,true,17,2,2,"4;7"
Reconstructed,85,86,0.24933333333333326684444445,0.25226666666666659939555555,true,16,2,2,"4;7"
Reconstructed,85,86,0.2493333333333332668444444444,0.2522666666666665993955555556,true,1,1,1,"7"
Reconstructed,85,86,0.249333333333333266844444445,0.252266666666666599395555555,true,1,1,1,"7"
Reconstructed,85,86,0.24933333333333326684444444,0.25226666666666659939555556,false,3,1,1,"7"
Reconstructed,85,170,0.24933333333333326684444445,0.49866666666666653368888889,true,1,1,1,"4"
Reconstructed,85,170,0.24933333333333326684444444,0.49866666666666653368888889,true,1,1,1,"4"
Reconstructed,85,171,0.24933333333333326684444444,0.50159999999999986624000000,true,2,1,1,"7"
Reconstructed,86,42,0.25226666666666659939555555,0.12319999999999996714666667,true,4,1,1,"7"
Reconstructed,86,42,0.25226666666666659939555556,0.12319999999999996714666666,true,1,1,1,"7"
Reconstructed,86,42,0.25226666666666659939555556,0.12319999999999996714666667,true,3,1,1,"7"
Reconstructed,86,42,0.25226666666666659939555555,0.12319999999999996714666667,false,2,1,1,"7"
Reconstructed,86,56,0.25226666666666659939555556,0.16426666666666662286222222,true,2,1,1,"4"
Reconstructed,86,56,0.25226666666666659939555555,0.16426666666666662286222223,true,2,1,1,"4"
Reconstructed,86,85,0.252266666666666599395555556,0.249333333333333266844444444,true,1,1,1,"4"
Reconstructed,86,85,0.25226666666666659939555555,0.24933333333333326684444445,true,7,2,2,"4;7"
Reconstructed,86,85,0.25226666666666659939555556,0.24933333333333326684444444,true,27,2,2,"4;7"
Reconstructed,86,85,0.252266666666666599395555555,0.249333333333333266844444445,false,2,1,1,"7"
Reconstructed,86,85,0.252266666666666599395555555,0.249333333333333266844444445,true,1,1,1,"7"
Reconstructed,86,85,0.25226666666666659939555556,0.24933333333333326684444444,false,2,1,1,"7"
Reconstructed,88,44,0.24933333333333349955555556,0.12466666666666674977777777,true,1,1,1,"7"
Reconstructed,88,44,0.24933333333333349955555555,0.12466666666666674977777778,true,1,1,1,"7"
Reconstructed,88,45,0.24933333333333349955555556,0.12750000000000008500000000,true,1,1,1,"7"
Reconstructed,88,88,0.24933333333333349955555556,0.24933333333333349955555555,false,2,1,1,"7"
Reconstructed,88,88,0.24933333333333349955555556,0.24933333333333349955555555,true,2,1,1,"7"
Reconstructed,88,88,0.24933333333333349955555555,0.24933333333333349955555556,false,2,1,1,"7"
Reconstructed,88,88,0.2493333333333334995555555,0.2493333333333334995555556,true,6,1,1,"7"
Reconstructed,88,88,0.2493333333333334995555556,0.2493333333333334995555555,false,2,1,1,"7"
Reconstructed,88,88,0.2493333333333334995555555,0.2493333333333334995555556,false,2,1,1,"7"
Reconstructed,88,88,0.2493333333333334995555556,0.2493333333333334995555555,true,2,1,1,"7"
Reconstructed,88,89,0.24933333333333349955555556,0.25216666666666683477777777,true,2,1,1,"7"
Reconstructed,88,89,0.24933333333333349955555556,0.25216666666666683477777778,true,3,1,1,"7"
Reconstructed,88,89,0.24933333333333349955555555,0.25216666666666683477777778,true,1,1,1,"7"
Reconstructed,88,89,0.2493333333333334995555555,0.2521666666666668347777778,true,2,1,1,"7"
Reconstructed,88,265,0.224400000000000022440,0.675750000000000067575,true,1,1,1,"7"
Reconstructed,89,44,0.25216666666666683477777778,0.12466666666666674977777778,true,1,1,1,"7"
Reconstructed,89,88,0.25216666666666683477777778,0.24933333333333349955555556,true,1,1,1,"7"
Reconstructed,89,88,0.25216666666666683477777778,0.24933333333333349955555555,true,2,1,1,"7"
Reconstructed,89,88,0.25216666666666683477777777,0.24933333333333349955555556,true,1,1,1,"7"
Reconstructed,89,88,0.2521666666666668347777778,0.2493333333333334995555555,true,4,1,1,"7"
Reconstructed,89,88,0.2521666666666668347777778,0.2493333333333334995555556,true,1,1,1,"7"
Reconstructed,89,88,0.2521666666666668347777777,0.2493333333333334995555556,true,1,1,1,"7"
Reconstructed,89,264,0.226950000000000022695,0.673200000000000067320,true,1,1,1,"7"
Reconstructed,90,91,0.2474999999999997525,0.25024999999999974975,true,29,1,1,"10"
Reconstructed,90,182,0.2474999999999997525,0.5004999999999994995,true,1,1,1,"10"
Reconstructed,90,182,0.2474999999999997525,0.5004999999999994995,false,2,1,1,"10"
Reconstructed,91,90,0.25024999999999974975,0.2474999999999997525,true,32,1,1,"10"
Reconstructed,91,90,0.25024999999999974975,0.2474999999999997525,false,2,1,1,"10"
Reconstructed,91,91,0.25024999999999974975,0.25024999999999974975,true,66,1,1,"10"
Reconstructed,91,91,0.25024999999999974975,0.25024999999999974975,false,224,1,1,"10"
Reconstructed,91,91,0.24873333333333358206666667,0.24873333333333358206666666,true,1,1,1,"7"
Reconstructed,91,92,0.248733333333333582066666667,0.251466666666666918133333333,true,3,1,1,"7"
Reconstructed,91,92,0.248733333333333582066666667,0.251466666666666918133333333,false,2,1,1,"7"
Reconstructed,91,92,0.248733333333333582066666666,0.251466666666666918133333334,true,1,1,1,"7"
Reconstructed,91,92,0.24873333333333358206666667,0.25146666666666691813333333,true,22,1,1,"7"
Reconstructed,91,92,0.24873333333333358206666667,0.25146666666666691813333333,false,8,1,1,"7"
Reconstructed,91,92,0.24873333333333358206666666,0.25146666666666691813333334,true,10,1,1,"7"
Reconstructed,91,92,0.24873333333333358206666666,0.25146666666666691813333334,false,2,1,1,"7"
Reconstructed,91,181,0.25024999999999974975,0.49774999999999950225,true,4,1,1,"10"
Reconstructed,91,182,0.25024999999999974975,0.50049999999999949950,true,5,1,1,"10"
Reconstructed,91,182,0.25024999999999974975,0.50049999999999949950,false,4,1,1,"10"
Reconstructed,92,91,0.251466666666666918133333333,0.248733333333333582066666667,true,3,1,1,"7"
Reconstructed,92,91,0.251466666666666918133333334,0.248733333333333582066666666,true,1,1,1,"7"
Reconstructed,92,91,0.25146666666666691813333333,0.24873333333333358206666667,true,20,1,1,"7"
Reconstructed,92,91,0.25146666666666691813333334,0.24873333333333358206666666,true,12,1,1,"7"
Reconstructed,92,91,0.25146666666666691813333333,0.24873333333333358206666667,false,2,1,1,"7"
Reconstructed,92,92,0.33426666666666683380,0.33426666666666683380,true,1,1,1,"7"
Reconstructed,92,183,0.25146666666666691813333334,0.50020000000000050020000000,true,1,1,1,"7"
Reconstructed,98,98,0.249900000000000024990,0.249900000000000024990,false,266,2,2,"7"
Reconstructed,98,98,0.249900000000000024990,0.249900000000000024990,true,56,2,2,"7"
Reconstructed,98,99,0.249900000000000024990,0.252450000000000025245,false,2,1,1,"7"
Reconstructed,98,99,0.24990000000000002499,0.252450000000000025245,true,12,1,1,"7"
Reconstructed,98,196,0.249900000000000024990,0.499800000000000049980,false,6,1,1,"7"
Reconstructed,99,98,0.252450000000000025245,0.249900000000000024990,true,18,1,1,"7"
Reconstructed,112,113,0.2482666666666667659733333334,0.2504833333333334335266666666,true,1,1,1,"7"
Reconstructed,112,113,0.248266666666666765973333333,0.250483333333333433526666667,true,2,1,1,"7"
Reconstructed,112,113,0.248266666666666765973333334,0.250483333333333433526666666,true,2,1,1,"7"
Reconstructed,113,84,0.25048333333333343352666667,0.18620000000000007448,true,1,1,1,"7"
Reconstructed,113,112,0.2504833333333334335266666667,0.2482666666666667659733333333,true,1,1,1,"7"
Reconstructed,113,112,0.250483333333333433526666666,0.248266666666666765973333334,true,3,1,1,"7"
Reconstructed,113,112,0.250483333333333433526666667,0.248266666666666765973333333,true,3,1,1,"7"
Reconstructed,113,113,0.2504833333333334335266666667,0.2504833333333334335266666666,true,4,1,1,"7"
Reconstructed,113,113,0.250483333333333433526666667,0.250483333333333433526666666,true,4,1,1,"7"
Reconstructed,113,113,0.250483333333333433526666667,0.250483333333333433526666667,true,5,1,1,"7"
Reconstructed,113,113,0.250483333333333433526666666,0.250483333333333433526666667,true,4,1,1,"7"
Reconstructed,113,113,0.25048333333333343352666667,0.25048333333333343352666666,true,1,1,1,"7"
Reconstructed,113,113,0.25048333333333343352666666,0.25048333333333343352666667,true,1,1,1,"7"
Reconstructed,117,15,0.33150000000000022100000000,0.04250000000000002833333334,true,1,1,1,"7"
Reconstructed,117,15,0.33150000000000022100000000,0.04250000000000002833333333,false,2,1,1,"7"
Reconstructed,117,15,0.33150000000000022100000000,0.04250000000000002833333333,true,1,1,1,"7"
Reconstructed,118,15,0.33433333333333355622222222,0.04250000000000002833333334,true,1,1,1,"7"
Reconstructed,118,15,0.33433333333333355622222223,0.04250000000000002833333333,true,1,1,1,"7"
Reconstructed,132,22,0.3740000000000002493333334,0.0623333333333333748888888,true,2,1,1,"7"
Reconstructed,132,22,0.3740000000000002493333333,0.0623333333333333748888889,true,1,1,1,"7"
Reconstructed,132,44,0.37400000000000024933333333,0.12466666666666674977777778,true,1,1,1,"7"
Reconstructed,132,44,0.3740000000000002493333333,0.1246666666666667497777778,true,5,1,1,"7"
Reconstructed,132,44,0.3740000000000002493333334,0.1246666666666667497777778,true,2,1,1,"7"
Reconstructed,132,44,0.3740000000000002493333333,0.1246666666666667497777778,false,2,1,1,"7"
Reconstructed,132,44,0.3740000000000002493333334,0.1246666666666667497777777,false,2,1,1,"7"
Reconstructed,132,44,0.3740000000000002493333334,0.1246666666666667497777777,true,3,1,1,"7"
Reconstructed,133,22,0.3768333333333335845555556,0.0623333333333333748888889,true,1,1,1,"7"
Reconstructed,133,44,0.3768333333333335845555555,0.1246666666666667497777778,false,4,1,1,"7"
Reconstructed,133,44,0.3768333333333335845555556,0.1246666666666667497777777,true,2,1,1,"7"
Reconstructed,133,44,0.3768333333333335845555555,0.1246666666666667497777778,true,4,1,1,"7"
Reconstructed,136,68,0.498666666666666168,0.249333333333333084,true,5,1,1,"7"
Reconstructed,136,68,0.498666666666666168,0.249333333333333084,false,2,1,1,"7"
Reconstructed,136,69,0.498666666666666168,0.252999999999999747,true,4,1,1,"7"
Reconstructed,136,136,0.498666666666666168,0.498666666666666168,true,3,1,1,"7"
Reconstructed,136,137,0.498666666666666168,0.502333333333332831,true,5,1,1,"7"
Reconstructed,136,137,0.498666666666666168,0.502333333333332831,false,2,1,1,"7"
Reconstructed,137,68,0.502333333333332831,0.249333333333333084,false,2,1,1,"7"
Reconstructed,137,68,0.502333333333332831,0.249333333333333084,true,3,1,1,"7"
Reconstructed,137,136,0.502333333333332831,0.498666666666666168,true,7,1,1,"7"
Reconstructed,137,136,0.502333333333332831,0.498666666666666168,false,2,1,1,"7"
Reconstructed,137,138,0.49776666666666691555,0.50140000000000025070,true,11,1,1,"7"
Reconstructed,138,137,0.5014000000000002507,0.49776666666666691555,true,10,1,1,"7"
Reconstructed,138,138,0.5014000000000002507,0.5014000000000002507,true,5,1,1,"7"
Reconstructed,151,182,0.41524999999999958475,0.50049999999999949950,true,2,1,1,"10"
Reconstructed,152,181,0.41799999999999958200,0.49774999999999950225,true,1,1,1,"10"
Reconstructed,152,182,0.41799999999999958200,0.50049999999999949950,false,2,1,1,"10"
Reconstructed,154,22,0.4363333333333336242222222,0.0623333333333333748888889,true,4,1,1,"7"
Reconstructed,154,23,0.4363333333333336242222222,0.0651666666666667101111111,true,1,1,1,"7"
Reconstructed,154,23,0.4363333333333336242222222,0.0651666666666667101111112,true,1,1,1,"7"
Reconstructed,155,22,0.4391666666666669594444445,0.0623333333333333748888889,true,1,1,1,"7"
Reconstructed,164,165,0.4974666666666661692,0.5004999999999994995,true,2,1,1,"7"
Reconstructed,164,330,0.4974666666666661692,1.0009999999999989990,true,1,1,1,"7"
Reconstructed,165,82,0.5004999999999994995,0.2487333333333330846,true,2,1,1,"7"
Reconstructed,165,164,0.5004999999999994995,0.4974666666666661692,true,2,1,1,"7"
Reconstructed,165,165,0.5004999999999994995,0.5004999999999994995,true,6,1,1,"7"
Reconstructed,165,165,0.5004999999999994995,0.5004999999999994995,false,10,1,1,"7"
Reconstructed,165,330,0.5004999999999994995,1.0009999999999989990,false,2,1,1,"7"
Reconstructed,166,84,0.498000000000000498,0.252000000000000252,true,24,1,1,"4"
Reconstructed,166,84,0.498000000000000498,0.252000000000000252,false,4,1,1,"4"
Reconstructed,166,167,0.498000000000000498,0.501000000000000501,true,3,1,1,"4"
Reconstructed,166,334,0.498000000000000498,1.002000000000001002,false,2,1,1,"4"
Reconstructed,167,83,0.501000000000000501,0.249000000000000249,true,44,1,1,"4"
Reconstructed,167,83,0.501000000000000501,0.249000000000000249,false,19,1,1,"4"
Reconstructed,167,166,0.501000000000000501,0.498000000000000498,true,2,1,1,"4"
Reconstructed,167,167,0.501000000000000501,0.501000000000000501,true,1,1,1,"4"
Reconstructed,170,49,0.49866666666666653368888889,0.14373333333333329500444445,true,2,1,1,"4"
Reconstructed,170,49,0.49866666666666653368888889,0.14373333333333329500444444,true,2,1,1,"4"
Reconstructed,170,170,0.498666666666666533688888889,0.498666666666666533688888888,true,1,1,1,"4"
Reconstructed,170,170,0.49866666666666653368888889,0.49866666666666653368888889,true,1,1,1,"4"
Reconstructed,170,170,0.49866666666666653368888889,0.49866666666666653368888888,true,1,1,1,"4"
Reconstructed,170,171,0.498666666666666533688888889,0.501599999999999866240000000,true,4,1,1,"4"
Reconstructed,170,171,0.498666666666666533688888889,0.50159999999999986624,false,2,1,1,"4"
Reconstructed,170,171,0.49866666666666653368888889,0.50159999999999986624000000,true,11,2,2,"4;7"
Reconstructed,170,171,0.49866666666666653368888889,0.50159999999999986624000000,false,4,2,2,"4;7"
Reconstructed,170,171,0.49866666666666653368888888,0.50159999999999986624000000,true,6,2,2,"4;7"
Reconstructed,171,42,0.50159999999999986624,0.12319999999999996714666667,false,2,1,1,"7"
Reconstructed,171,42,0.50159999999999986624000000,0.12319999999999996714666666,true,1,1,1,"7"
Reconstructed,171,42,0.50159999999999986624000000,0.12319999999999996714666667,true,1,1,1,"7"
Reconstructed,171,170,0.501599999999999866240000000,0.498666666666666533688888889,true,2,1,1,"4"
Reconstructed,171,170,0.501599999999999866240000000,0.498666666666666533688888889,false,2,1,1,"4"
Reconstructed,171,170,0.50159999999999986624000000,0.49866666666666653368888889,false,4,1,1,"4"
Reconstructed,171,170,0.50159999999999986624000000,0.49866666666666653368888889,true,12,2,2,"4;7"
Reconstructed,176,88,0.4986666666666669991111111,0.2493333333333334995555555,true,1,1,1,"7"
Reconstructed,176,177,0.4986666666666669991111112,0.5015000000000003343333333,true,1,1,1,"7"
Reconstructed,176,177,0.4986666666666669991111111,0.5015000000000003343333334,true,2,1,1,"7"
Reconstructed,176,177,0.4986666666666669991111111,0.5015000000000003343333333,true,1,1,1,"7"
Reconstructed,177,88,0.5015000000000003343333334,0.2493333333333334995555555,true,1,1,1,"7"
Reconstructed,177,132,0.5015000000000003343333334,0.3740000000000002493333333,true,3,1,1,"7"
Reconstructed,177,132,0.5015000000000003343333333,0.3740000000000002493333334,true,3,1,1,"7"
Reconstructed,177,176,0.50150000000000033433333334,0.49866666666666699911111111,true,1,1,1,"7"
Reconstructed,177,176,0.5015000000000003343333333,0.4986666666666669991111112,true,1,1,1,"7"
Reconstructed,177,176,0.5015000000000003343333333,0.4986666666666669991111111,true,2,1,1,"7"
Reconstructed,177,176,0.5015000000000003343333334,0.4986666666666669991111111,true,1,1,1,"7"
Reconstructed,177,177,0.50150000000000033433333334,0.50150000000000033433333333,true,1,1,1,"7"
Reconstructed,181,61,0.49774999999999950225,0.16774999999999983225,true,5,1,1,"10"
Reconstructed,181,91,0.49774999999999950225,0.25024999999999974975,true,4,1,1,"10"
Reconstructed,181,91,0.49774999999999950225,0.25024999999999974975,false,2,1,1,"10"
Reconstructed,181,182,0.49774999999999950225,0.50049999999999949950,true,9,1,1,"10"
Reconstructed,181,182,0.49774999999999950225,0.50049999999999949950,false,2,1,1,"10"
Reconstructed,182,60,0.50049999999999949950,0.16499999999999983500,false,4,1,1,"10"
Reconstructed,182,60,0.5004999999999994995,0.1649999999999998350,true,9,1,1,"10"
Reconstructed,182,61,0.5004999999999994995,0.16774999999999983225,false,2,1,1,"10"
Reconstructed,182,61,0.5004999999999994995,0.16774999999999983225,true,6,1,1,"10"
Reconstructed,182,90,0.5004999999999994995,0.2474999999999997525,true,2,1,1,"10"
Reconstructed,182,91,0.50049999999999949950,0.25024999999999974975,false,7,1,1,"10"
Reconstructed,182,91,0.50049999999999949950,0.25024999999999974975,true,7,1,1,"10"
Reconstructed,182,181,0.5004999999999994995,0.49774999999999950225,true,10,1,1,"10"
Reconstructed,182,181,0.5004999999999994995,0.49774999999999950225,false,4,1,1,"10"
Reconstructed,182,182,0.50049999999999949950,0.50049999999999949950,false,32,1,1,"10"
Reconstructed,182,182,0.5004999999999994995,0.5004999999999994995,true,15,1,1,"10"
Reconstructed,182,363,0.50049999999999949950,0.99824999999999900175,false,2,1,1,"10"
Reconstructed,183,183,0.50020000000000050020000000,0.50020000000000050020000000,false,5,1,1,"7"
Reconstructed,196,98,0.49980000000000004998,0.24990000000000002499,true,1,1,1,"7"
Reconstructed,196,196,0.499800000000000049980,0.499800000000000049980,false,6,1,1,"7"
Reconstructed,196,196,0.499800000000000049980,0.499800000000000049980,true,1,1,1,"7"
Reconstructed,196,294,0.49980000000000004998,0.74970000000000007497,false,4,1,1,"7"
Reconstructed,196,294,0.499800000000000049980,0.749700000000000074970,true,4,1,1,"7"
Reconstructed,196,295,0.49980000000000004998,0.752250000000000075225,true,1,1,1,"7"
Reconstructed,196,392,0.499800000000000049980,0.999600000000000099960,true,1,1,1,"7"
Reconstructed,197,28,0.43668333333333350800666667,0.06206666666666669149333333,true,1,1,1,"7"
Reconstructed,197,29,0.43668333333333350800666667,0.06428333333333335904666666,true,1,1,1,"7"
Reconstructed,197,29,0.43668333333333350800666667,0.06428333333333335904666667,true,1,1,1,"7"
Reconstructed,197,196,0.502350000000000050235,0.49980000000000004998,true,1,1,1,"7"
Reconstructed,198,28,0.43890000000000017556,0.06206666666666669149333333,true,1,1,1,"7"
Reconstructed,205,68,0.751666666666665915,0.249333333333333084,true,1,1,1,"7"
Reconstructed,206,206,0.7484666666666670409,0.7484666666666670409,true,1,1,1,"7"
Reconstructed,206,207,0.74846666666666704090,0.75210000000000037605,true,1,1,1,"7"
Reconstructed,272,273,0.997333333333332336,1.000999999999998999,true,1,1,1,"7"
Reconstructed,273,136,1.000999999999998999,0.498666666666666168,true,1,1,1,"7"
Reconstructed,294,98,0.749700000000000074970,0.249900000000000024990,true,2,1,1,"7"
Reconstructed,294,196,0.74970000000000007497,0.49980000000000004998,true,3,1,1,"7"
Reconstructed,294,196,0.749700000000000074970,0.499800000000000049980,false,2,1,1,"7"
Reconstructed,294,294,0.749700000000000074970,0.749700000000000074970,true,2,1,1,"7"
Reconstructed,295,98,0.752250000000000075225,0.249900000000000024990,true,2,1,1,"7"
Reconstructed,295,196,0.752250000000000075225,0.499800000000000049980,true,1,1,1,"7"
Reconstructed,334,83,1.002000000000001002,0.249000000000000249,false,2,1,1,"4"
Reconstructed,353,88,1.0001666666666673334444444,0.2493333333333334995555556,true,1,1,1,"7"
Reconstructed,354,176,1.00300000000000066866666666,0.49866666666666699911111111,true,1,1,1,"7"
Reconstructed,363,364,0.99824999999999900175,1.0009999999999989990,false,2,1,1,"10"
Reconstructed,364,182,1.0009999999999989990,0.5004999999999994995,false,2,1,1,"10"
Reconstructed,392,197,0.999600000000000099960,0.502350000000000050235,true,1,1,1,"7"
Reconstructed,409,136,1.499666666666665167,0.498666666666666168,true,1,1,1,"7"
Ambiguous,1,43,0.0028333333333333352222223,0.1218333333333334145555555,true,1,1,1,"7"
Ambiguous,1,88,0.0028333333333333352222222,0.2493333333333334995555556,true,1,1,1,"7"
Ambiguous,14,30,0.03966666666666669311111111,0.08500000000000005666666666,true,3,1,1,"7"
Ambiguous,14,30,0.03966666666666669311111111,0.08500000000000005666666667,true,11,1,1,"7"
Ambiguous,14,30,0.03966666666666669311111112,0.08500000000000005666666666,true,1,1,1,"7"
Ambiguous,15,29,0.04250000000000002833333333,0.08216666666666672144444445,true,1,1,1,"7"
Ambiguous,15,29,0.04250000000000002833333334,0.08216666666666672144444444,true,1,1,1,"7"
Ambiguous,15,30,0.04250000000000002833333333,0.08500000000000005666666667,true,3,1,1,"7"
Ambiguous,15,44,0.04250000000000002833333334,0.12466666666666674977777777,true,1,1,1,"7"
Ambiguous,15,44,0.04250000000000002833333333,0.12466666666666674977777778,true,1,1,1,"7"
Ambiguous,18,52,0.05100000000000003400000000,0.14733333333333343155555556,true,1,1,1,"7"
Ambiguous,20,21,0.0606666666666666060,0.0636999999999999363,true,1,1,1,"7"
Ambiguous,28,28,0.062066666666666691493333334,0.062066666666666691493333333,true,1,1,1,"7"
Ambiguous,28,28,0.062066666666666691493333333,0.062066666666666691493333333,true,1,1,1,"7"
Ambiguous,28,28,0.062066666666666691493333333,0.062066666666666691493333334,true,1,1,1,"7"
Ambiguous,28,28,0.06206666666666669149333334,0.06206666666666669149333333,true,1,1,1,"7"
Ambiguous,28,29,0.06206666666666669149333333,0.06428333333333335904666667,true,1,1,1,"7"
Ambiguous,28,56,0.06206666666666669149333333,0.12413333333333338298666667,true,1,1,1,"7"
Ambiguous,28,57,0.06206666666666669149333333,0.12635000000000005054000000,true,1,1,1,"7"
Ambiguous,28,57,0.06206666666666669149333334,0.12635000000000005054000000,true,1,1,1,"7"
Ambiguous,28,113,0.062066666666666691493333334,0.250483333333333433526666666,true,1,1,1,"7"
Ambiguous,29,15,0.08216666666666672144444445,0.04250000000000002833333333,true,3,1,1,"7"
Ambiguous,29,84,0.06428333333333335904666666,0.18620000000000007448000000,true,1,1,1,"7"
Ambiguous,30,29,0.0850000000000000566666667,0.0821666666666667214444444,true,1,1,1,"7"
Ambiguous,30,30,0.08249999999999991750,0.08249999999999991750,true,19,1,1,"10"
Ambiguous,30,31,0.08249999999999991750,0.08524999999999991475,true,17,1,1,"10"
Ambiguous,30,60,0.0824999999999999175,0.1649999999999998350,true,5,1,1,"10"
Ambiguous,30,61,0.08249999999999991750,0.16774999999999983225,true,10,1,1,"10"
Ambiguous,30,151,0.0824999999999999175,0.41524999999999958475,true,2,1,1,"10"
Ambiguous,30,152,0.0824999999999999175,0.417999999999999582,true,4,1,1,"10"
Ambiguous,31,30,0.08524999999999991475,0.0824999999999999175,true,31,1,1,"10"
Ambiguous,31,60,0.08524999999999991475,0.164999999999999835,true,6,1,1,"10"
Ambiguous,31,151,0.08524999999999991475,0.41524999999999958475,true,1,1,1,"10"
Ambiguous,34,34,0.1235333333333333951,0.1235333333333333951,true,8,1,1,"7"
Ambiguous,34,34,0.124666666666666542,0.124666666666666542,true,125,1,1,"7"
Ambiguous,34,34,0.124666666666666542,0.124666666666666542,false,6,1,1,"7"
Ambiguous,34,35,0.12353333333333339510,0.12716666666666673025,true,18,1,1,"7"
Ambiguous,34,35,0.124666666666666542,0.128333333333333205,true,10,1,1,"7"
Ambiguous,34,46,0.124666666666666542,0.168666666666666498,true,1,1,1,"7"
Ambiguous,34,68,0.124666666666666542,0.249333333333333084,true,12,1,1,"7"
Ambiguous,34,69,0.124666666666666542,0.252999999999999747,true,5,1,1,"7"
Ambiguous,35,34,0.12716666666666673025,0.12353333333333339510,true,20,1,1,"7"
Ambiguous,35,34,0.128333333333333205,0.124666666666666542,true,12,1,1,"7"
Ambiguous,35,45,0.128333333333333205,0.164999999999999835,true,1,1,1,"7"
Ambiguous,35,68,0.12716666666666673025,0.24706666666666679020,true,1,1,1,"7"
Ambiguous,35,68,0.128333333333333205,0.249333333333333084,true,2,1,1,"7"
Ambiguous,36,88,0.10200000000000006800000000,0.24933333333333349955555555,true,1,1,1,"7"
Ambiguous,37,38,0.08201666666666669947333333,0.08423333333333336702666667,true,7,1,1,"7"
Ambiguous,37,38,0.08201666666666669947333334,0.08423333333333336702666666,true,1,1,1,"7"
Ambiguous,38,37,0.08423333333333336702666667,0.08201666666666669947333333,true,4,1,1,"7"
Ambiguous,38,37,0.08423333333333336702666666,0.08201666666666669947333334,true,2,1,1,"7"
Ambiguous,38,38,0.08423333333333336702666667,0.08423333333333336702666666,true,2,1,1,"7"
Ambiguous,38,38,0.08423333333333336702666667,0.08423333333333336702666667,true,1,1,1,"7"
Ambiguous,38,75,0.08423333333333336702666667,0.16625000000000006650000000,true,2,1,1,"7"
Ambiguous,38,75,0.08423333333333336702666666,0.16625000000000006650000000,true,1,1,1,"7"
Ambiguous,41,42,0.123000000000000123,0.126000000000000126,true,1,1,1,"4"
Ambiguous,42,21,0.12319999999999996714666667,0.06159999999999998357333333,true,1,1,1,"7"
Ambiguous,42,41,0.126000000000000126,0.123000000000000123,true,1,1,1,"4"
Ambiguous,42,85,0.12319999999999996714666666,0.24933333333333326684444445,true,1,1,1,"7"
Ambiguous,42,86,0.12319999999999996714666667,0.25226666666666659939555555,true,1,1,1,"7"
Ambiguous,43,1,0.12183333333333341455555556,0.00283333333333333522222222,true,7,1,1,"7"
Ambiguous,43,1,0.12183333333333341455555555,0.00283333333333333522222223,true,3,1,1,"7"
Ambiguous,43,1,0.12183333333333341455555555,0.00283333333333333522222222,true,1,1,1,"7"
Ambiguous,43,1,0.1218333333333334145555555,0.0028333333333333352222223,true,1,1,1,"7"
Ambiguous,43,21,0.12613333333333329969777777,0.06159999999999998357333334,true,1,1,1,"7"
Ambiguous,43,44,0.1218333333333334145555555,0.1246666666666667497777778,true,1,1,1,"7"
Ambiguous,43,85,0.126133333333333299697777778,0.249333333333333266844444444,true,1,1,1,"7"
Ambiguous,43,85,0.126133333333333299697777778,0.249333333333333266844444445,true,1,1,1,"7"
Ambiguous,44,1,0.12466666666666674977777778,0.00283333333333333522222222,true,5,1,1,"7"
Ambiguous,44,44,0.12466666666666674977777778,0.12466666666666674977777778,true,43,1,1,"7"
Ambiguous,44,44,0.12466666666666674977777778,0.12466666666666674977777777,true,16,1,1,"7"
Ambiguous,44,44,0.12466666666666674977777777,0.12466666666666674977777778,true,20,1,1,"7"
Ambiguous,44,44,0.12466666666666674977777778,0.12466666666666674977777778,false,2,1,1,"7"
Ambiguous,44,44,0.1246666666666667497777778,0.1246666666666667497777778,true,114,1,1,"7"
Ambiguous,44,44,0.1246666666666667497777778,0.1246666666666667497777778,false,6,1,1,"7"
Ambiguous,44,44,0.1246666666666667497777778,0.1246666666666667497777777,true,55,1,1,"7"
Ambiguous,44,44,0.1246666666666667497777777,0.1246666666666667497777778,true,51,1,1,"7"
Ambiguous,44,45,0.12466666666666674977777778,0.12750000000000008500000000,true,10,1,1,"7"
Ambiguous,44,45,0.1246666666666667497777778,0.1275000000000000850000000,true,33,1,1,"7"
Ambiguous,44,45,0.1246666666666667497777777,0.1275000000000000850000000,true,6,1,1,"7"
Ambiguous,44,58,0.12466666666666674977777777,0.16433333333333344288888889,true,1,1,1,"7"
Ambiguous,44,58,0.12466666666666674977777778,0.16433333333333344288888889,true,1,1,1,"7"
Ambiguous,44,59,0.12466666666666674977777778,0.16716666666666677811111111,true,5,1,1,"7"
Ambiguous,44,59,0.12466666666666674977777777,0.16716666666666677811111111,true,1,1,1,"7"
Ambiguous,44,71,0.12466666666666674977777778,0.20116666666666680077777778,true,1,1,1,"7"
Ambiguous,44,88,0.12466666666666674977777778,0.24933333333333349955555555,true,1,1,1,"7"
Ambiguous,44,88,0.12466666666666674977777778,0.24933333333333349955555556,true,2,1,1,"7"
Ambiguous,44,88,0.1246666666666667497777778,0.2493333333333334995555556,true,2,1,1,"7"
Ambiguous,44,88,0.1246666666666667497777778,0.2493333333333334995555555,true,1,1,1,"7"
Ambiguous,44,89,0.12466666666666674977777778,0.25216666666666683477777778,true,1,1,1,"7"
Ambiguous,44,89,0.1246666666666667497777778,0.2521666666666668347777778,true,2,1,1,"7"
Ambiguous,44,117,0.12466666666666674977777778,0.33150000000000022100000000,true,5,1,1,"7"
Ambiguous,44,117,0.12466666666666674977777777,0.33150000000000022100000000,true,4,1,1,"7"
Ambiguous,44,118,0.12466666666666674977777778,0.33433333333333355622222222,true,7,1,1,"7"
Ambiguous,44,118,0.12466666666666674977777777,0.33433333333333355622222223,true,2,1,1,"7"
Ambiguous,45,34,0.164999999999999835,0.124666666666666542,true,2,1,1,"7"
Ambiguous,45,35,0.164999999999999835,0.128333333333333205,true,1,1,1,"7"
Ambiguous,45,44,0.12750000000000008500000000,0.12466666666666674977777777,true,3,1,1,"7"
Ambiguous,45,44,0.12750000000000008500000000,0.12466666666666674977777778,true,4,1,1,"7"
Ambiguous,45,44,0.1275000000000000850000000,0.1246666666666667497777778,true,26,1,1,"7"
Ambiguous,45,44,0.1275000000000000850000000,0.1246666666666667497777777,true,9,1,1,"7"
Ambiguous,45,45,0.164999999999999835,0.164999999999999835,true,1,1,1,"7"
Ambiguous,45,46,0.12374999999999987625,0.12649999999999987350,true,2,1,1,"10"
Ambiguous,45,46,0.16350000000000008175,0.16713333333333341690,true,2,1,1,"7"
Ambiguous,45,46,0.1230000000000001230,0.125733333333333459066666667,true,1,1,1,"7"
Ambiguous,45,46,0.1230000000000001230,0.12573333333333345906666667,true,8,1,1,"7"
Ambiguous,45,46,0.164999999999999835,0.168666666666666498,true,13,1,1,"7"
Ambiguous,45,58,0.12750000000000008500000000,0.16433333333333344288888889,true,3,1,1,"7"
Ambiguous,45,66,0.12750000000000008500000000,0.18700000000000012466666667,true,1,1,1,"7"
Ambiguous,45,68,0.164999999999999835,0.249333333333333084,true,2,1,1,"7"
Ambiguous,45,69,0.164999999999999835,0.252999999999999747,true,1,1,1,"7"
Ambiguous,45,88,0.12750000000000008500000000,0.24933333333333349955555555,true,2,1,1,"7"
Ambiguous,45,91,0.12374999999999987625,0.25024999999999974975,true,1,1,1,"10"
Ambiguous,45,91,0.164999999999999835,0.333666666666666333,true,1,1,1,"7"
Ambiguous,45,92,0.12300000000000012300000000,0.25146666666666691813333334,true,1,1,1,"7"
Ambiguous,45,136,0.12374999999999987625,0.3739999999999996260,true,2,1,1,"10"
Ambiguous,45,137,0.12374999999999987625,0.37674999999999962325,true,3,1,1,"10"
Ambiguous,46,34,0.168666666666666498,0.124666666666666542,true,2,1,1,"7"
Ambiguous,46,45,0.1264999999999998735,0.12374999999999987625,true,5,1,1,"10"
Ambiguous,46,45,0.1671333333333334169,0.16350000000000008175,true,3,1,1,"7"
Ambiguous,46,45,0.125733333333333459066666667,0.1230000000000001230,true,1,1,1,"7"
Ambiguous,46,45,0.12573333333333345906666667,0.12300000000000012300000000,true,6,1,1,"7"
Ambiguous,46,45,0.12573333333333345906666666,0.12300000000000012300000000,true,5,1,1,"7"
Ambiguous,46,45,0.168666666666666498,0.164999999999999835,true,12,1,1,"7"
Ambiguous,46,46,0.16713333333333341690,0.16713333333333341690,true,10,1,1,"7"
Ambiguous,46,46,0.125733333333333459066666666,0.125733333333333459066666667,true,2,1,1,"7"
Ambiguous,46,46,0.12573333333333345906666666,0.12573333333333345906666667,true,1,1,1,"7"
Ambiguous,46,46,0.12573333333333345906666667,0.12573333333333345906666667,true,4,1,1,"7"
Ambiguous,46,46,0.12573333333333345906666667,0.12573333333333345906666666,true,5,1,1,"7"
Ambiguous,46,68,0.168666666666666498,0.249333333333333084,true,1,1,1,"7"
Ambiguous,46,69,0.1671333333333334169,0.25070000000000012535,true,1,1,1,"7"
Ambiguous,46,90,0.1264999999999998735,0.2474999999999997525,true,2,1,1,"10"
Ambiguous,46,91,0.125733333333333459066666667,0.248733333333333582066666667,true,1,1,1,"7"
Ambiguous,46,91,0.12573333333333345906666666,0.24873333333333358206666667,true,1,1,1,"7"
Ambiguous,46,91,0.168666666666666498,0.333666666666666333,true,1,1,1,"7"
Ambiguous,46,92,0.12573333333333345906666667,0.25146666666666691813333333,true,1,1,1,"7"
Ambiguous,46,136,0.1264999999999998735,0.3739999999999996260,true,7,1,1,"10"
Ambiguous,46,182,0.12573333333333345906666666,0.49746666666666716413333334,true,1,1,1,"7"
Ambiguous,48,49,0.14079999999999996245333333,0.14373333333333329500444445,true,5,1,1,"4"
Ambiguous,48,49,0.14079999999999996245333334,0.14373333333333329500444444,true,2,1,1,"4"
Ambiguous,48,49,0.14079999999999996245333333,0.14373333333333329500444444,true,1,1,1,"4"
Ambiguous,49,48,0.14373333333333329500444444,0.14079999999999996245333333,true,3,1,1,"4"
Ambiguous,49,48,0.14373333333333329500444444,0.14079999999999996245333334,true,2,1,1,"4"
Ambiguous,49,48,0.14373333333333329500444445,0.14079999999999996245333333,true,3,1,1,"4"
Ambiguous,49,49,0.124950000000000012495,0.124950000000000012495,true,56,2,2,"7"
Ambiguous,49,49,0.14373333333333329500444445,0.14373333333333329500444444,true,5,1,1,"4"
Ambiguous,49,49,0.14373333333333329500444444,0.14373333333333329500444445,true,3,1,1,"4"
Ambiguous,49,50,0.124950000000000012495,0.12750000000000001275,true,2,2,2,"7"
Ambiguous,49,57,0.14373333333333329500444444,0.16719999999999995541333333,true,2,1,1,"4"
Ambiguous,49,57,0.14373333333333329500444445,0.16719999999999995541333333,true,2,1,1,"4"
Ambiguous,49,98,0.124950000000000012495,0.249900000000000024990,true,8,2,2,"7"
Ambiguous,49,99,0.124950000000000012495,0.252450000000000025245,true,1,1,1,"7"
Ambiguous,49,148,0.124950000000000012495,0.37740000000000003774,true,1,1,1,"7"
Ambiguous,49,196,0.124950000000000012495,0.49980000000000004998,true,1,1,1,"7"
Ambiguous,49,294,0.124950000000000012495,0.74970000000000007497,true,1,1,1,"7"
Ambiguous,50,49,0.12750000000000001275,0.124950000000000012495,true,2,1,1,"7"
Ambiguous,56,29,0.12413333333333338298666667,0.06428333333333335904666666,true,1,1,1,"7"
Ambiguous,56,56,0.124133333333333382986666666,0.124133333333333382986666667,true,1,1,1,"7"
Ambiguous,56,56,0.12413333333333338298666666,0.12413333333333338298666667,true,1,1,1,"7"
Ambiguous,56,57,0.124133333333333382986666667,0.126350000000000050540000000,true,1,1,1,"7"
Ambiguous,56,57,0.164266666666666622862222222,0.167199999999999955413333333,true,5,1,1,"4"
Ambiguous,56,57,0.164266666666666622862222222,0.167199999999999955413333334,true,3,1,1,"4"
Ambiguous,56,57,0.164266666666666622862222223,0.167199999999999955413333333,true,2,1,1,"4"
Ambiguous,56,57,0.16426666666666662286222222,0.16719999999999995541333333,true,76,1,1,"4"
Ambiguous,56,57,0.16426666666666662286222222,0.16719999999999995541333334,true,56,1,1,"4"
Ambiguous,56,57,0.16426666666666662286222223,0.16719999999999995541333333,true,32,1,1,"4"
Ambiguous,56,85,0.12413333333333338298666667,0.18841666666666674203333333,true,3,1,1,"7"
Ambiguous,56,86,0.164266666666666622862222222,0.252266666666666599395555556,true,1,1,1,"4"
Ambiguous,56,86,0.16426666666666662286222223,0.25226666666666659939555555,true,2,1,1,"4"
Ambiguous,56,86,0.16426666666666662286222222,0.25226666666666659939555556,true,12,1,1,"4"
Ambiguous,56,86,0.16426666666666662286222222,0.25226666666666659939555555,true,1,1,1,"4"
Ambiguous,56,171,0.164266666666666622862222223,0.501599999999999866240000000,true,1,1,1,"4"
Ambiguous,56,171,0.16426666666666662286222222,0.50159999999999986624000000,true,9,1,1,"4"
Ambiguous,57,56,0.126350000000000050540000000,0.124133333333333382986666667,true,1,1,1,"7"
Ambiguous,57,56,0.126350000000000050540000000,0.124133333333333382986666666,true,1,1,1,"7"
Ambiguous,57,56,0.167199999999999955413333333,0.164266666666666622862222222,true,5,1,1,"4"
Ambiguous,57,56,0.167199999999999955413333334,0.164266666666666622862222222,true,2,1,1,"4"
Ambiguous,57,56,0.167199999999999955413333333,0.164266666666666622862222223,true,3,1,1,"4"
Ambiguous,57,56,0.16719999999999995541333334,0.16426666666666662286222222,true,58,1,1,"4"
Ambiguous,57,56,0.16719999999999995541333333,0.16426666666666662286222222,true,77,1,1,"4"
Ambiguous,57,56,0.16719999999999995541333333,0.16426666666666662286222223,true,28,1,1,"4"
Ambiguous,57,57,0.167199999999999955413333333,0.167199999999999955413333333,true,13,1,1,"4"
Ambiguous,57,57,0.167199999999999955413333333,0.167199999999999955413333334,true,12,1,1,"4"
Ambiguous,57,57,0.167199999999999955413333334,0.167199999999999955413333333,true,12,1,1,"4"
Ambiguous,57,57,0.16719999999999995541333334,0.16719999999999995541333333,true,174,1,1,"4"
Ambiguous,57,57,0.16719999999999995541333333,0.16719999999999995541333333,true,176,1,1,"4"
Ambiguous,57,57,0.16719999999999995541333333,0.16719999999999995541333334,true,181,1,1,"4"
Ambiguous,57,84,0.12635000000000005054000000,0.18620000000000007448000000,true,2,1,1,"7"
Ambiguous,57,85,0.167199999999999955413333333,0.249333333333333266844444445,true,1,1,1,"4"
Ambiguous,57,85,0.16719999999999995541333333,0.24933333333333326684444445,true,25,1,1,"4"
Ambiguous,57,85,0.16719999999999995541333334,0.24933333333333326684444444,true,13,1,1,"4"
Ambiguous,57,85,0.16719999999999995541333333,0.24933333333333326684444444,true,9,1,1,"4"
Ambiguous,57,170,0.167199999999999955413333334,0.498666666666666533688888889,true,1,1,1,"4"
Ambiguous,57,170,0.16719999999999995541333334,0.49866666666666653368888889,true,2,1,1,"4"
Ambiguous,57,170,0.16719999999999995541333333,0.49866666666666653368888889,true,9,1,1,"4"
Ambiguous,57,170,0.16719999999999995541333334,0.49866666666666653368888888,true,5,1,1,"4"
Ambiguous,57,171,0.16719999999999995541333334,0.50159999999999986624000000,true,6,1,1,"4"
Ambiguous,57,171,0.16719999999999995541333333,0.50159999999999986624000000,true,8,1,1,"4"
Ambiguous,57,225,0.126350000000000050540000000,0.498750000000000199500000000,true,1,1,1,"7"
Ambiguous,58,59,0.16433333333333344288888889,0.16716666666666677811111111,true,2,1,1,"7"
Ambiguous,58,59,0.1643333333333334428888889,0.1671666666666667781111111,true,3,1,1,"7"
Ambiguous,58,74,0.16433333333333344288888889,0.20966666666666680644444445,true,4,1,1,"7"
Ambiguous,58,74,0.16433333333333344288888888,0.20966666666666680644444445,true,1,1,1,"7"
Ambiguous,58,74,0.16433333333333344288888889,0.20966666666666680644444444,true,4,1,1,"7"
Ambiguous,59,44,0.16716666666666677811111111,0.12466666666666674977777778,true,1,1,1,"7"
Ambiguous,59,44,0.1671666666666667781111111,0.1246666666666667497777778,true,2,1,1,"7"
Ambiguous,59,58,0.16716666666666677811111111,0.16433333333333344288888889,true,2,1,1,"7"
Ambiguous,59,58,0.16716666666666677811111112,0.16433333333333344288888888,true,1,1,1,"7"
Ambiguous,59,58,0.1671666666666667781111111,0.1643333333333334428888889,true,2,1,1,"7"
Ambiguous,59,59,0.16716666666666677811111111,0.16716666666666677811111111,true,5,1,1,"7"
Ambiguous,59,59,0.16716666666666677811111111,0.16716666666666677811111112,true,1,1,1,"7"
Ambiguous,59,59,0.1671666666666667781111112,0.1671666666666667781111111,true,1,1,1,"7"
Ambiguous,59,59,0.1671666666666667781111111,0.1671666666666667781111111,true,5,1,1,"7"
Ambiguous,59,60,0.16520000000000006608000000,0.16800000000000006720000000,true,1,1,1,"7"
Ambiguous,59,73,0.16716666666666677811111111,0.20683333333333347122222222,true,1,1,1,"7"
Ambiguous,59,74,0.16716666666666677811111111,0.20966666666666680644444444,true,4,1,1,"7"
Ambiguous,59,74,0.16716666666666677811111111,0.20966666666666680644444445,true,2,1,1,"7"
Ambiguous,60,31,0.16499999999999983500,0.08524999999999991475,true,6,1,1,"10"
Ambiguous,60,46,0.164999999999999835,0.1264999999999998735,true,8,1,1,"10"
Ambiguous,60,59,0.16800000000000006720000000,0.16520000000000006608000000,true,8,1,1,"7"
Ambiguous,60,61,0.1649999999999998350,0.16774999999999983225,true,58,1,1,"10"
Ambiguous,60,91,0.16499999999999983500,0.25024999999999974975,true,10,1,1,"10"
Ambiguous,60,121,0.164999999999999835,0.33274999999999966725,true,2,1,1,"10"
Ambiguous,60,122,0.16499999999999983500,0.33549999999999966450,true,2,1,1,"10"
Ambiguous,60,152,0.16499999999999983500,0.41799999999999958200,true,2,1,1,"10"
Ambiguous,60,182,0.16499999999999983500,0.50049999999999949950,true,2,1,1,"10"
Ambiguous,60,212,0.1649999999999998350,0.5829999999999994170,true,3,1,1,"10"
Ambiguous,60,213,0.16499999999999983500,0.58574999999999941425,true,2,1,1,"10"
Ambiguous,61,30,0.16774999999999983225,0.08249999999999991750,true,9,1,1,"10"
Ambiguous,61,45,0.16774999999999983225,0.12374999999999987625,true,16,1,1,"10"
Ambiguous,61,46,0.16774999999999983225,0.1264999999999998735,true,3,1,1,"10"
Ambiguous,61,60,0.16774999999999983225,0.1649999999999998350,true,59,1,1,"10"
Ambiguous,61,61,0.16774999999999983225,0.16774999999999983225,true,42,1,1,"10"
Ambiguous,61,90,0.16774999999999983225,0.2474999999999997525,true,7,1,1,"10"
Ambiguous,61,91,0.16774999999999983225,0.25024999999999974975,true,26,1,1,"10"
Ambiguous,61,121,0.16774999999999983225,0.33274999999999966725,true,3,1,1,"10"
Ambiguous,61,151,0.16774999999999983225,0.41524999999999958475,true,1,1,1,"10"
Ambiguous,61,152,0.16774999999999983225,0.41799999999999958200,true,1,1,1,"10"
Ambiguous,61,181,0.16774999999999983225,0.49774999999999950225,true,2,1,1,"10"
Ambiguous,61,182,0.16774999999999983225,0.50049999999999949950,true,1,1,1,"10"
Ambiguous,61,212,0.16774999999999983225,0.5829999999999994170,true,7,1,1,"10"
Ambiguous,68,34,0.249333333333333084,0.124666666666666542,true,9,1,1,"7"
Ambiguous,68,35,0.249333333333333084,0.128333333333333205,true,1,1,1,"7"
Ambiguous,68,45,0.249333333333333084,0.164999999999999835,true,3,1,1,"7"
Ambiguous,68,46,0.24706666666666679020,0.16713333333333341690,true,1,1,1,"7"
Ambiguous,68,46,0.249333333333333084,0.168666666666666498,true,5,1,1,"7"
Ambiguous,68,68,0.16660000000000018326000000,0.16660000000000018326000000,true,1,1,1,"7"
Ambiguous,68,68,0.249333333333333084,0.249333333333333084,true,503,1,1,"7"
Ambiguous,68,68,0.249333333333333084,0.249333333333333084,false,23,1,1,"7"
Ambiguous,68,69,0.24706666666666679020,0.25070000000000012535,true,51,1,1,"7"
Ambiguous,68,69,0.249333333333333084,0.252999999999999747,true,150,1,1,"7"
Ambiguous,68,136,0.249333333333333084,0.498666666666666168,true,17,1,1,"7"
Ambiguous,68,137,0.249333333333333084,0.502333333333332831,true,15,1,1,"7"
Ambiguous,68,138,0.24706666666666679020,0.50140000000000025070,true,2,1,1,"7"
Ambiguous,68,272,0.249333333333333084,0.997333333333332336,true,2,1,1,"7"
Ambiguous,68,273,0.249333333333333084,1.000999999999998999,true,7,1,1,"7"
Ambiguous,69,34,0.252999999999999747,0.124666666666666542,true,6,1,1,"7"
Ambiguous,69,45,0.252999999999999747,0.164999999999999835,true,1,1,1,"7"
Ambiguous,69,68,0.25070000000000012535,0.24706666666666679020,true,44,1,1,"7"
Ambiguous,69,68,0.252999999999999747,0.249333333333333084,true,139,1,1,"7"
Ambiguous,69,69,0.16674999999999994441666667,0.16674999999999994441666667,true,1,1,1,"7"
Ambiguous,69,69,0.25070000000000012535,0.25070000000000012535,true,147,1,1,"7"
Ambiguous,69,69,0.25070000000000012535,0.25070000000000012535,false,6,1,1,"7"
Ambiguous,69,104,0.16674999999999994441666667,0.25133333333333324955555555,true,1,1,1,"7"
Ambiguous,69,136,0.252999999999999747,0.498666666666666168,true,4,1,1,"7"
Ambiguous,69,137,0.25070000000000012535,0.49776666666666691555,true,2,1,1,"7"
Ambiguous,69,138,0.16674999999999994441666667,0.33349999999999988883333333,true,1,1,1,"7"
Ambiguous,69,138,0.25070000000000012535,0.50140000000000025070,true,2,1,1,"7"
Ambiguous,69,272,0.252999999999999747,0.997333333333332336,true,4,1,1,"7"
Ambiguous,69,275,0.25070000000000012535,0.99916666666666716625,true,1,1,1,"7"
Ambiguous,71,105,0.16803333333333318770444445,0.24849999999999978463333333,true,1,1,1,"7"
Ambiguous,71,137,0.16803333333333318770444445,0.33108333333333322297222222,true,1,1,1,"7"
Ambiguous,75,37,0.16625000000000006650000000,0.08201666666666669947333333,true,1,1,1,"7"
Ambiguous,75,75,0.16625000000000006650,0.16625000000000006650,true,3,1,1,"7"
Ambiguous,75,76,0.16625000000000006650000000,0.16846666666666673405333334,true,1,1,1,"7"
Ambiguous,75,76,0.16625000000000006650000000,0.16846666666666673405333333,true,1,1,1,"7"
Ambiguous,82,82,0.2487333333333330846,0.2487333333333330846,true,12,1,1,"7"
Ambiguous,82,83,0.2487333333333330846,0.2517666666666664149,true,30,1,1,"7"
Ambiguous,82,83,0.2487333333333330846,0.2517666666666664149,false,2,1,1,"7"
Ambiguous,82,165,0.2487333333333330846,0.5004999999999994995,true,6,1,1,"7"
Ambiguous,83,82,0.2517666666666664149,0.2487333333333330846,true,40,1,1,"7"
Ambiguous,83,83,0.249000000000000249,0.249000000000000249,true,5,1,1,"4"
Ambiguous,83,84,0.249000000000000249,0.252000000000000252,true,2,1,1,"4"
Ambiguous,83,164,0.2517666666666664149,0.4974666666666661692,true,5,1,1,"7"
Ambiguous,83,165,0.2517666666666664149,0.5004999999999994995,true,1,1,1,"7"
Ambiguous,84,57,0.18620000000000007448000000,0.12635000000000005054000000,true,1,1,1,"7"
Ambiguous,84,83,0.252000000000000252,0.249000000000000249,true,4,1,1,"4"
Ambiguous,84,85,0.18620000000000007448000000,0.18841666666666674203333334,true,3,1,1,"7"
Ambiguous,84,85,0.18620000000000007448000000,0.18841666666666674203333333,true,3,1,1,"7"
Ambiguous,84,113,0.18620000000000007448000000,0.25048333333333343352666666,true,2,1,1,"7"
Ambiguous,85,28,0.18841666666666674203333333,0.06206666666666669149333333,true,1,1,1,"7"
Ambiguous,85,43,0.24933333333333326684444444,0.12613333333333329969777778,true,2,1,1,"7"
Ambiguous,85,43,0.24933333333333326684444445,0.12613333333333329969777778,true,2,1,1,"7"
Ambiguous,85,56,0.18841666666666674203333333,0.12413333333333338298666667,true,1,1,1,"7"
Ambiguous,85,57,0.249333333333333266844444444,0.167199999999999955413333334,true,1,1,1,"4"
Ambiguous,85,57,0.24933333333333326684444444,0.16719999999999995541333334,true,14,1,1,"4"
Ambiguous,85,57,0.24933333333333326684444445,0.16719999999999995541333333,true,17,1,1,"4"
Ambiguous,85,57,0.24933333333333326684444444,0.16719999999999995541333333,true,10,1,1,"4"
Ambiguous,85,59,0.23374999999999976625000000,0.16520000000000006608000000,true,1,1,1,"7"
Ambiguous,85,84,0.18841666666666674203333334,0.18620000000000007448000000,true,3,1,1,"7"
Ambiguous,85,84,0.18841666666666674203333333,0.18620000000000007448,true,1,1,1,"7"
Ambiguous,85,85,0.18841666666666674203333334,0.18841666666666674203333333,true,1,1,1,"7"
Ambiguous,85,85,0.249333333333333266844444445,0.249333333333333266844444444,true,9,2,2,"4;7"
Ambiguous,85,85,0.249333333333333266844444444,0.249333333333333266844444445,true,6,2,2,"4;7"
Ambiguous,85,85,0.24933333333333326684444444,0.24933333333333326684444445,true,34,2,2,"4;7"
Ambiguous,85,85,0.24933333333333326684444445,0.24933333333333326684444444,true,29,2,2,"4;7"
Ambiguous,85,85,0.24933333333333326684444444,0.24933333333333326684444444,true,11,2,2,"4;7"
Ambiguous,85,85,0.249333333333333266844444444,0.249333333333333266844444444,true,2,1,1,"7"
Ambiguous,85,86,0.249333333333333266844444445,0.252266666666666599395555555,true,2,2,2,"4;7"
Ambiguous,85,86,0.249333333333333266844444444,0.252266666666666599395555557,true,2,2,2,"4;7"
Ambiguous,85,86,0.24933333333333326684444445,0.25226666666666659939555555,true,17,2,2,"4;7"
Ambiguous,85,86,0.24933333333333326684444444,0.25226666666666659939555556,true,18,2,2,"4;7"
Ambiguous,85,86,0.249333333333333266844444444,0.252266666666666599395555556,true,4,1,1,"7"
Ambiguous,85,171,0.24933333333333326684444445,0.50159999999999986624000000,true,2,1,1,"4"
Ambiguous,85,171,0.24933333333333326684444444,0.50159999999999986624000000,true,2,1,1,"4"
Ambiguous,86,42,0.252266666666666599395555556,0.123199999999999967146666667,true,1,1,1,"7"
Ambiguous,86,56,0.25226666666666659939555555,0.16426666666666662286222223,true,6,1,1,"4"
Ambiguous,86,56,0.25226666666666659939555555,0.16426666666666662286222222,true,5,1,1,"4"
Ambiguous,86,56,0.25226666666666659939555556,0.16426666666666662286222222,true,7,1,1,"4"
Ambiguous,86,57,0.25226666666666659939555556,0.16719999999999995541333333,true,4,1,1,"4"
Ambiguous,86,57,0.25226666666666659939555555,0.16719999999999995541333334,true,4,1,1,"4"
Ambiguous,86,85,0.252266666666666599395555555,0.249333333333333266844444445,true,3,2,2,"4;7"
Ambiguous,86,85,0.252266666666666599395555557,0.24933333333333326684444444,true,1,1,1,"4"
Ambiguous,86,85,0.25226666666666659939555555,0.24933333333333326684444445,true,17,2,2,"4;7"
Ambiguous,86,85,0.25226666666666659939555556,0.24933333333333326684444444,true,17,2,2,"4;7"
Ambiguous,86,85,0.252266666666666599395555556,0.249333333333333266844444444,true,2,1,1,"7"
Ambiguous,86,170,0.25226666666666659939555556,0.49866666666666653368888889,true,1,1,1,"4"
Ambiguous,86,170,0.25226666666666659939555555,0.49866666666666653368888889,true,1,1,1,"4"
Ambiguous,88,1,0.24933333333333349955555556,0.00283333333333333522222222,true,1,1,1,"7"
Ambiguous,88,1,0.2493333333333334995555556,0.0028333333333333352222222,true,2,1,1,"7"
Ambiguous,88,1,0.2493333333333334995555555,0.0028333333333333352222223,true,1,1,1,"7"
Ambiguous,88,44,0.24933333333333349955555555,0.12466666666666674977777778,true,1,1,1,"7"
Ambiguous,88,44,0.24933333333333349955555556,0.12466666666666674977777778,true,1,1,1,"7"
Ambiguous,88,44,0.2493333333333334995555555,0.1246666666666667497777778,true,1,1,1,"7"
Ambiguous,88,45,0.24933333333333349955555555,0.12750000000000008500000000,true,1,1,1,"7"
Ambiguous,88,45,0.24933333333333349955555556,0.12750000000000008500000000,true,1,1,1,"7"
Ambiguous,88,45,0.2493333333333334995555555,0.1275000000000000850000000,true,1,1,1,"7"
Ambiguous,88,59,0.2493333333333334995555556,0.1671666666666667781111111,true,1,1,1,"7"
Ambiguous,88,88,0.24933333333333349955555556,0.24933333333333349955555555,true,5,1,1,"7"
Ambiguous,88,88,0.24933333333333349955555555,0.24933333333333349955555556,true,3,1,1,"7"
Ambiguous,88,88,0.2493333333333334995555556,0.2493333333333334995555556,true,3,1,1,"7"
Ambiguous,88,88,0.2493333333333334995555555,0.2493333333333334995555556,true,11,1,1,"7"
Ambiguous,88,88,0.2493333333333334995555556,0.2493333333333334995555555,true,14,1,1,"7"
Ambiguous,88,89,0.24933333333333349955555555,0.25216666666666683477777778,true,2,1,1,"7"
Ambiguous,88,89,0.24933333333333349955555560,0.2521666666666668347777777,true,3,1,1,"7"
Ambiguous,88,89,0.2493333333333334995555555,0.2521666666666668347777778,true,4,1,1,"7"
Ambiguous,88,89,0.2493333333333334995555556,0.2521666666666668347777778,true,6,1,1,"7"
Ambiguous,88,176,0.24933333333333349955555556,0.49866666666666699911111111,true,2,1,1,"7"
Ambiguous,89,44,0.25216666666666683477777778,0.12466666666666674977777778,true,1,1,1,"7"
Ambiguous,89,44,0.2521666666666668347777778,0.1246666666666667497777777,true,1,1,1,"7"
Ambiguous,89,44,0.2521666666666668347777777,0.1246666666666667497777778,true,1,1,1,"7"
Ambiguous,89,58,0.2521666666666668347777778,0.1643333333333334428888889,true,1,1,1,"7"
Ambiguous,89,88,0.25216666666666683477777778,0.24933333333333349955555555,true,1,1,1,"7"
Ambiguous,89,88,0.25216666666666683477777778,0.24933333333333349955555556,true,1,1,1,"7"
Ambiguous,89,88,0.2521666666666668347777777,0.2493333333333334995555556,true,4,1,1,"7"
Ambiguous,89,88,0.2521666666666668347777778,0.2493333333333334995555555,true,4,1,1,"7"
Ambiguous,89,88,0.2521666666666668347777778,0.2493333333333334995555556,true,2,1,1,"7"
Ambiguous,90,61,0.2474999999999997525,0.16774999999999983225,true,6,1,1,"10"
Ambiguous,90,91,0.2474999999999997525,0.25024999999999974975,true,60,1,1,"10"
Ambiguous,91,45,0.25024999999999974975,0.12374999999999987625,true,2,1,1,"10"
Ambiguous,91,45,0.333666666666666333,0.164999999999999835,true,2,1,1,"7"
Ambiguous,91,46,0.24873333333333358206666666,0.12573333333333345906666667,true,1,1,1,"7"
Ambiguous,91,60,0.25024999999999974975,0.164999999999999835,true,18,1,1,"10"
Ambiguous,91,61,0.25024999999999974975,0.16774999999999983225,false,3,1,1,"10"
Ambiguous,91,61,0.25024999999999974975,0.16774999999999983225,true,10,1,1,"10"
Ambiguous,91,68,0.333666666666666333,0.249333333333333084,true,2,1,1,"7"
Ambiguous,91,90,0.25024999999999974975,0.2474999999999997525,true,57,1,1,"10"
Ambiguous,91,91,0.25024999999999974975,0.25024999999999974975,true,469,1,1,"10"
Ambiguous,91,91,0.25024999999999974975,0.25024999999999974975,false,50,1,1,"10"
Ambiguous,91,91,0.248733333333333582066666667,0.248733333333333582066666666,true,3,1,1,"7"
Ambiguous,91,91,0.248733333333333582066666666,0.248733333333333582066666667,true,3,1,1,"7"
Ambiguous,91,91,0.248733333333333582066666667,0.248733333333333582066666667,true,3,1,1,"7"
Ambiguous,91,91,0.24873333333333358206666666,0.24873333333333358206666667,true,10,1,1,"7"
Ambiguous,91,91,0.24873333333333358206666667,0.24873333333333358206666666,true,8,1,1,"7"
Ambiguous,91,91,0.24873333333333358206666667,0.24873333333333358206666667,true,10,1,1,"7"
Ambiguous,91,92,0.33063333333333349865,0.33426666666666683380,true,1,1,1,"7"
Ambiguous,91,92,0.248733333333333582066666667,0.251466666666666918133333333,true,27,1,1,"7"
Ambiguous,91,92,0.248733333333333582066666666,0.251466666666666918133333334,true,16,1,1,"7"
Ambiguous,91,92,0.24873333333333358206666666,0.25146666666666691813333334,true,63,1,1,"7"
Ambiguous,91,92,0.24873333333333358206666667,0.25146666666666691813333333,true,118,1,1,"7"
Ambiguous,91,92,0.24873333333333358206666667,0.25146666666666691813333333,false,5,1,1,"7"
Ambiguous,91,181,0.25024999999999974975,0.49774999999999950225,true,2,1,1,"10"
Ambiguous,91,182,0.25024999999999974975,0.50049999999999949950,true,19,1,1,"10"
Ambiguous,91,183,0.248733333333333582066666666,0.500200000000000500200000000,true,1,1,1,"7"
Ambiguous,91,183,0.24873333333333358206666667,0.5002000000000005002,true,1,1,1,"7"
Ambiguous,91,364,0.25024999999999974975,1.000999999999998999,true,3,1,1,"10"
Ambiguous,92,45,0.25146666666666691813333334,0.12300000000000012300000000,true,1,1,1,"7"
Ambiguous,92,45,0.25146666666666691813333333,0.1230000000000001230,true,1,1,1,"7"
Ambiguous,92,91,0.251466666666666918133333334,0.248733333333333582066666666,true,17,1,1,"7"
Ambiguous,92,91,0.251466666666666918133333333,0.248733333333333582066666667,true,24,1,1,"7"
Ambiguous,92,91,0.251466666666666918133333333,0.24873333333333358206666667,true,1,1,1,"7"
Ambiguous,92,91,0.25146666666666691813333333,0.24873333333333358206666667,true,104,1,1,"7"
Ambiguous,92,91,0.25146666666666691813333334,0.24873333333333358206666666,true,70,1,1,"7"
Ambiguous,92,91,0.25146666666666691813333333,0.24873333333333358206666667,false,3,1,1,"7"
Ambiguous,92,92,0.33426666666666683380,0.33426666666666683380,true,2,1,1,"7"
Ambiguous,92,182,0.25146666666666691813333333,0.49746666666666716413333333,true,1,1,1,"7"
Ambiguous,92,183,0.25146666666666691813333333,0.50020000000000050020000000,true,2,1,1,"7"
Ambiguous,93,93,0.24955000000000009982000000,0.24955000000000009982000000,true,2,1,1,"7"
Ambiguous,94,93,0.25223333333333343422666667,0.24955000000000009982000000,true,1,1,1,"7"
Ambiguous,95,95,0.25016666666666664998888889,0.25016666666666664998888889,true,1,1,1,"7"
Ambiguous,96,94,0.24959999999999975040000000,0.24753333333333331683111111,true,1,1,1,"7"
Ambiguous,96,96,0.24959999999999975040000000,0.24959999999999975040000000,true,2,1,1,"7"
Ambiguous,96,97,0.24959999999999975040000000,0.25219999999999974780000000,true,1,1,1,"7"
Ambiguous,97,97,0.24896666666666641770000000,0.24896666666666641770000000,true,1,1,1,"7"
Ambiguous,97,98,0.24896666666666641770000000,0.25153333333333308180000000,true,2,1,1,"7"
Ambiguous,98,49,0.249900000000000024990,0.124950000000000012495,true,11,2,2,"7"
Ambiguous,98,97,0.25153333333333308180000000,0.24896666666666641770000000,true,1,1,1,"7"
Ambiguous,98,98,0.24990000000000002499,0.24990000000000002499,true,335,2,2,"7"
Ambiguous,98,98,0.249900000000000024990,0.249900000000000024990,false,164,1,1,"7"
Ambiguous,98,99,0.24990000000000002499,0.252450000000000025245,true,23,1,1,"7"
Ambiguous,98,196,0.249900000000000024990,0.499800000000000049980,true,9,2,2,"7"
Ambiguous,98,197,0.249900000000000024990,0.502350000000000050235,true,1,1,1,"7"
Ambiguous,98,294,0.249900000000000024990,0.749700000000000074970,true,12,1,1,"7"
Ambiguous,98,295,0.249900000000000024990,0.752250000000000075225,true,2,1,1,"7"
Ambiguous,99,97,0.24915000000000027821750000,0.24896666666666641770000000,true,1,1,1,"7"
Ambiguous,99,98,0.252450000000000025245,0.249900000000000024990,true,24,1,1,"7"
Ambiguous,99,100,0.24915000000000027821750000,0.25166666666666694769444444,true,1,1,1,"7"
Ambiguous,100,99,0.25166666666666694769444445,0.24915000000000027821750000,true,1,1,1,"7"
Ambiguous,102,51,0.24990000000000027489000000,0.12495000000000013744500000,true,1,1,1,"7"
Ambiguous,102,136,0.24990000000000027489000000,0.33320000000000036652000000,true,1,1,1,"7"
Ambiguous,105,36,0.24849999999999978463333333,0.08519999999999992616000000,true,1,1,1,"7"
Ambiguous,106,105,0.25086666666666644924888889,0.24849999999999978463333334,true,1,1,1,"7"
Ambiguous,112,57,0.248266666666666765973333334,0.126350000000000050540000000,true,1,1,1,"7"
Ambiguous,112,113,0.24826666666666676597333333,0.25048333333333343352666667,true,1,1,1,"7"
Ambiguous,113,28,0.25048333333333343352666666,0.06206666666666669149333334,true,1,1,1,"7"
Ambiguous,113,56,0.250483333333333433526666667,0.124133333333333382986666666,true,1,1,1,"7"
Ambiguous,113,57,0.250483333333333433526666666,0.126350000000000050540000000,true,1,1,1,"7"
Ambiguous,113,85,0.25048333333333343352666666,0.18841666666666674203333334,true,1,1,1,"7"
Ambiguous,115,91,0.41783333333333354225,0.33063333333333349865,true,1,1,1,"7"
Ambiguous,117,15,0.33150000000000022100000000,0.04250000000000002833333333,true,6,1,1,"7"
Ambiguous,117,15,0.33150000000000022100000000,0.04250000000000002833333334,true,5,1,1,"7"
Ambiguous,121,61,0.33274999999999966725,0.16774999999999983225,true,3,1,1,"10"
Ambiguous,122,60,0.33549999999999966450,0.16499999999999983500,true,1,1,1,"10"
Ambiguous,122,91,0.33549999999999966450,0.25024999999999974975,true,1,1,1,"10"
Ambiguous,122,123,0.311100000000000031110,0.313650000000000031365,true,1,1,1,"7"
Ambiguous,123,122,0.313650000000000031365,0.311100000000000031110,true,1,1,1,"7"
Ambiguous,128,42,0.37546666666666656654222222,0.12319999999999996714666667,true,1,1,1,"7"
Ambiguous,136,60,0.373999999999999626,0.164999999999999835,true,4,1,1,"10"
Ambiguous,136,61,0.3739999999999996260,0.16774999999999983225,true,22,1,1,"10"
Ambiguous,136,68,0.498666666666666168,0.249333333333333084,true,6,1,1,"7"
Ambiguous,136,68,0.498666666666666168,0.249333333333333084,false,3,1,1,"7"
Ambiguous,136,69,0.498666666666666168,0.252999999999999747,true,3,1,1,"7"
Ambiguous,136,136,0.498666666666666168,0.498666666666666168,true,17,1,1,"7"
Ambiguous,136,137,0.498666666666666168,0.502333333333332831,true,28,1,1,"7"
Ambiguous,136,273,0.498666666666666168,1.000999999999998999,true,4,1,1,"7"
Ambiguous,137,60,0.37674999999999962325,0.1649999999999998350,true,10,1,1,"10"
Ambiguous,137,68,0.502333333333332831,0.249333333333333084,true,5,1,1,"7"
Ambiguous,137,69,0.49776666666666691555,0.25070000000000012535,true,2,1,1,"7"
Ambiguous,137,136,0.502333333333332831,0.498666666666666168,true,28,1,1,"7"
Ambiguous,137,138,0.49776666666666691555,0.5014000000000002507,true,12,1,1,"7"
Ambiguous,137,272,0.502333333333332831,0.997333333333332336,true,2,1,1,"7"
Ambiguous,137,273,0.502333333333332831,1.000999999999998999,true,2,1,1,"7"
Ambiguous,137,275,0.49776666666666691555,0.99916666666666716625,true,1,1,1,"7"
Ambiguous,137,409,0.502333333333332831,1.499666666666665167,true,2,1,1,"7"
Ambiguous,138,34,0.50140000000000025070,0.12353333333333339510,true,1,1,1,"7"
Ambiguous,138,68,0.5014000000000002507,0.2470666666666667902,true,1,1,1,"7"
Ambiguous,138,69,0.50140000000000025070,0.25070000000000012535,true,4,1,1,"7"
Ambiguous,138,137,0.5014000000000002507,0.49776666666666691555,true,15,1,1,"7"
Ambiguous,138,138,0.5014000000000002507,0.5014000000000002507,true,8,1,1,"7"
Ambiguous,138,275,0.5014000000000002507,0.99916666666666716625,true,1,1,1,"7"
Ambiguous,147,123,0.374850000000000037485,0.313650000000000031365,true,1,1,1,"7"
Ambiguous,147,196,0.374850000000000037485,0.499800000000000049980,true,1,1,1,"7"
Ambiguous,148,196,0.37740000000000003774,0.49980000000000004998,true,1,1,1,"7"
Ambiguous,151,46,0.41524999999999958475,0.12649999999999987350,true,7,1,1,"10"
Ambiguous,151,61,0.41524999999999958475,0.16774999999999983225,true,4,1,1,"10"
Ambiguous,151,91,0.41524999999999958475,0.25024999999999974975,true,1,1,1,"10"
Ambiguous,152,45,0.417999999999999582,0.12374999999999987625,true,5,1,1,"10"
Ambiguous,152,60,0.41799999999999958200,0.16499999999999983500,true,6,1,1,"10"
Ambiguous,152,90,0.417999999999999582,0.2474999999999997525,true,1,1,1,"10"
Ambiguous,152,91,0.41799999999999958200,0.25024999999999974975,true,2,1,1,"10"
Ambiguous,153,102,0.37485000000000041233500000,0.24990000000000027489000000,true,1,1,1,"7"
Ambiguous,164,83,0.4974666666666661692,0.2517666666666664149,true,1,1,1,"7"
Ambiguous,164,165,0.4974666666666661692,0.5004999999999994995,true,1,1,1,"7"
Ambiguous,165,82,0.5004999999999994995,0.2487333333333330846,true,4,1,1,"7"
Ambiguous,165,83,0.5004999999999994995,0.2517666666666664149,true,1,1,1,"7"
Ambiguous,165,164,0.5004999999999994995,0.4974666666666661692,true,5,1,1,"7"
Ambiguous,165,165,0.5004999999999994995,0.5004999999999994995,true,10,1,1,"7"
Ambiguous,169,28,0.37461666666666681651333333,0.06206666666666669149333333,true,1,1,1,"7"
Ambiguous,169,84,0.37461666666666681651333333,0.18620000000000007448,true,1,1,1,"7"
Ambiguous,170,57,0.498666666666666533688888889,0.167199999999999955413333333,true,1,1,1,"4"
Ambiguous,170,57,0.49866666666666653368888889,0.16719999999999995541333333,true,6,1,1,"4"
Ambiguous,170,57,0.49866666666666653368888888,0.16719999999999995541333334,true,3,1,1,"4"
Ambiguous,170,57,0.49866666666666653368888889,0.16719999999999995541333334,true,4,1,1,"4"
Ambiguous,170,85,0.49866666666666653368888889,0.24933333333333326684444444,true,4,1,1,"4"
Ambiguous,170,85,0.49866666666666653368888888,0.24933333333333326684444445,true,1,1,1,"4"
Ambiguous,170,85,0.49866666666666653368888889,0.24933333333333326684444445,true,1,1,1,"4"
Ambiguous,170,86,0.49866666666666653368888889,0.25226666666666659939555555,true,2,1,1,"4"
Ambiguous,170,86,0.49866666666666653368888889,0.25226666666666659939555556,true,1,1,1,"4"
Ambiguous,170,86,0.49866666666666653368888888,0.25226666666666659939555556,true,1,1,1,"4"
Ambiguous,170,170,0.4986666666666665336888888889,0.4986666666666665336888888889,true,2,1,1,"4"
Ambiguous,170,170,0.498666666666666533688888889,0.498666666666666533688888888,true,3,1,1,"4"
Ambiguous,170,170,0.498666666666666533688888889,0.498666666666666533688888889,true,4,1,1,"4"
Ambiguous,170,170,0.49866666666666653368888889,0.49866666666666653368888888,true,3,1,1,"4"
Ambiguous,170,170,0.49866666666666653368888889,0.49866666666666653368888889,true,6,1,1,"4"
Ambiguous,170,171,0.4986666666666665336888888889,0.5015999999999998662400000000,true,6,1,1,"4"
Ambiguous,170,171,0.4986666666666665336888888888,0.5015999999999998662400000000,true,1,1,1,"4"
Ambiguous,170,171,0.498666666666666533688888889,0.501599999999999866240000000,true,30,1,1,"4"
Ambiguous,170,171,0.498666666666666533688888888,0.501599999999999866240000000,true,6,1,1,"4"
Ambiguous,170,171,0.49866666666666653368888889,0.50159999999999986624000000,true,21,2,2,"4;7"
Ambiguous,170,171,0.49866666666666653368888888,0.50159999999999986624000000,true,5,1,1,"4"
Ambiguous,171,42,0.50159999999999986624000000,0.12319999999999996714666666,true,1,1,1,"7"
Ambiguous,171,56,0.501599999999999866240000000,0.164266666666666622862222222,true,1,1,1,"4"
Ambiguous,171,56,0.50159999999999986624000000,0.16426666666666662286222222,true,1,1,1,"4"
Ambiguous,171,56,0.50159999999999986624000000,0.16426666666666662286222223,true,2,1,1,"4"
Ambiguous,171,57,0.50159999999999986624000000,0.16719999999999995541333333,true,4,1,1,"4"
Ambiguous,171,57,0.50159999999999986624000000,0.16719999999999995541333334,true,4,1,1,"4"
Ambiguous,171,85,0.50159999999999986624000000,0.24933333333333326684444444,true,3,1,1,"4"
Ambiguous,171,85,0.50159999999999986624000000,0.24933333333333326684444445,true,1,1,1,"4"
Ambiguous,171,170,0.5015999999999998662400000000,0.4986666666666665336888888889,true,5,1,1,"4"
Ambiguous,171,170,0.5015999999999998662400000000,0.4986666666666665336888888888,true,1,1,1,"4"
Ambiguous,171,170,0.501599999999999866240000000,0.498666666666666533688888889,true,34,1,1,"4"
Ambiguous,171,170,0.501599999999999866240000000,0.498666666666666533688888888,true,3,1,1,"4"
Ambiguous,171,170,0.50159999999999986624000000,0.49866666666666653368888889,true,28,1,1,"4"
Ambiguous,171,170,0.50159999999999986624000000,0.49866666666666653368888888,true,4,2,2,"4;7"
Ambiguous,176,45,0.49866666666666699911111111,0.12750000000000008500000000,true,1,1,1,"7"
Ambiguous,176,177,0.49866666666666699911111111,0.50150000000000033433333333,true,2,1,1,"7"
Ambiguous,176,177,0.49866666666666699911111111,0.50150000000000033433333334,true,3,1,1,"7"
Ambiguous,177,176,0.50150000000000033433333333,0.49866666666666699911111111,true,2,1,1,"7"
Ambiguous,177,177,0.50150000000000033433333334,0.50150000000000033433333333,true,1,1,1,"7"
Ambiguous,182,90,0.5004999999999994995,0.2474999999999997525,true,1,1,1,"10"
Ambiguous,182,91,0.5004999999999994995,0.25024999999999974975,true,3,1,1,"10"
Ambiguous,182,181,0.5004999999999994995,0.49774999999999950225,true,1,1,1,"10"
Ambiguous,182,182,0.50049999999999949950,0.50049999999999949950,true,2,1,1,"10"
Ambiguous,182,182,0.50049999999999949950,0.50049999999999949950,false,2,1,1,"10"
Ambiguous,183,91,0.50020000000000050020000000,0.24873333333333358206666666,true,2,1,1,"7"
Ambiguous,183,91,0.50020000000000050020000000,0.24873333333333358206666667,true,2,1,1,"7"
Ambiguous,183,92,0.5002000000000005002,0.25146666666666691813333333,true,1,1,1,"7"
Ambiguous,183,183,0.50020000000000050020000000,0.50020000000000050020000000,true,8,1,1,"7"
Ambiguous,183,365,0.50020000000000050020000000,0.99766666666666766433333333,true,1,1,1,"7"
Ambiguous,183,366,0.50020000000000050020000000,1.00040000000000100040000000,true,1,1,1,"7"
Ambiguous,183,732,0.5002000000000005002,2.0008000000000020008,true,1,1,1,"7"
Ambiguous,196,49,0.499800000000000049980,0.124950000000000012495,true,4,1,1,"7"
Ambiguous,196,98,0.499800000000000049980,0.249900000000000024990,true,9,2,2,"7"
Ambiguous,196,196,0.49980000000000004998,0.49980000000000004998,true,13,2,2,"7"
Ambiguous,196,197,0.49980000000000004998,0.502350000000000050235,true,1,1,1,"7"
Ambiguous,196,294,0.499800000000000049980,0.749700000000000074970,true,15,1,1,"7"
Ambiguous,196,295,0.499800000000000049980,0.752250000000000075225,true,2,1,1,"7"
Ambiguous,197,49,0.502350000000000050235,0.124950000000000012495,true,1,1,1,"7"
Ambiguous,197,294,0.502350000000000050235,0.749700000000000074970,true,1,1,1,"7"
Ambiguous,204,68,0.747999999999999252,0.249333333333333084,true,1,1,1,"7"
Ambiguous,204,69,0.747999999999999252,0.252999999999999747,true,1,1,1,"7"
Ambiguous,204,137,0.747999999999999252,0.502333333333332831,true,1,1,1,"7"
Ambiguous,205,68,0.751666666666665915,0.249333333333333084,true,4,1,1,"7"
Ambiguous,212,60,0.5829999999999994170,0.1649999999999998350,true,4,1,1,"10"
Ambiguous,212,61,0.5829999999999994170,0.16774999999999983225,true,5,1,1,"10"
Ambiguous,212,91,0.58299999999999941700,0.25024999999999974975,true,1,1,1,"10"
Ambiguous,213,60,0.58574999999999941425,0.164999999999999835,true,2,1,1,"10"
Ambiguous,225,28,0.49875000000000019950000000,0.06206666666666669149333333,true,1,1,1,"7"
Ambiguous,242,61,0.6654999999999993345,0.16774999999999983225,true,3,1,1,"10"
Ambiguous,243,60,0.66824999999999933175,0.16499999999999983500,true,3,1,1,"10"
Ambiguous,245,49,0.624750000000000062475,0.124950000000000012495,true,1,1,1,"7"
Ambiguous,272,137,0.997333333333332336,0.502333333333332831,true,1,1,1,"7"
Ambiguous,272,205,0.997333333333332336,0.751666666666665915,true,1,1,1,"7"
Ambiguous,272,273,0.997333333333332336,1.000999999999998999,true,2,1,1,"7"
Ambiguous,272,955,0.997333333333332336,3.501666666666663165,true,1,1,1,"7"
Ambiguous,273,136,1.000999999999998999,0.498666666666666168,true,3,1,1,"7"
Ambiguous,273,137,1.000999999999998999,0.502333333333332831,true,1,1,1,"7"
Ambiguous,273,204,1.000999999999998999,0.747999999999999252,true,1,1,1,"7"
Ambiguous,273,205,1.000999999999998999,0.751666666666665915,true,2,1,1,"7"
Ambiguous,273,272,1.000999999999998999,0.997333333333332336,true,1,1,1,"7"
Ambiguous,273,273,1.000999999999998999,1.000999999999998999,true,4,1,1,"7"
Ambiguous,273,954,1.000999999999998999,3.497999999999996502,true,1,1,1,"7"
Ambiguous,273,955,1.000999999999998999,3.501666666666663165,true,2,1,1,"7"
Ambiguous,275,138,0.99916666666666716625,0.50140000000000025070,true,1,1,1,"7"
Ambiguous,294,98,0.74970000000000007497,0.24990000000000002499,true,1,1,1,"7"
Ambiguous,294,196,0.74970000000000007497,0.49980000000000004998,true,12,1,1,"7"
Ambiguous,294,197,0.74970000000000007497,0.502350000000000050235,true,1,1,1,"7"
Ambiguous,294,294,0.74970000000000007497,0.74970000000000007497,true,11,1,1,"7"
Ambiguous,294,295,0.74970000000000007497,0.752250000000000075225,true,3,1,1,"7"
Ambiguous,295,196,0.752250000000000075225,0.499800000000000049980,true,4,1,1,"7"
Ambiguous,295,294,0.752250000000000075225,0.749700000000000074970,true,1,1,1,"7"
Ambiguous,330,82,1.0009999999999989990,0.2487333333333330846,true,1,1,1,"7"
Ambiguous,330,164,1.0009999999999989990,0.4974666666666661692,true,1,1,1,"7"
Ambiguous,363,182,0.99824999999999900175,0.5004999999999994995,true,1,1,1,"10"
Ambiguous,364,60,1.0009999999999989990,0.1649999999999998350,true,1,1,1,"10"
Ambiguous,365,183,0.99766666666666766433333334,0.50020000000000050020000000,true,1,1,1,"7"
Ambiguous,365,366,0.99766666666666766433333333,1.0004000000000010004,true,1,1,1,"7"
Ambiguous,365,366,0.99766666666666766433333334,1.00040000000000100040000000,true,1,1,1,"7"
Ambiguous,366,183,1.0004000000000010004,0.5002000000000005002,true,3,1,1,"7"
Ambiguous,366,365,1.00040000000000100040000000,0.99766666666666766433333334,true,1,1,1,"7"
Ambiguous,366,366,1.00040000000000100040000000,1.00040000000000100040000000,true,3,1,1,"7"
Ambiguous,366,732,1.00040000000000100040000000,2.00080000000000200080000000,true,1,1,1,"7"
Ambiguous,393,196,1.002150000000000100215,0.49980000000000004998,true,1,1,1,"7"
Ambiguous,423,28,0.937650000000000375060000000,0.062066666666666691493333333,true,1,1,1,"7"
Ambiguous,454,91,1.24849999999999875150,0.25024999999999974975,true,1,1,1,"10"
Ambiguous,545,136,1.998333333333331335,0.498666666666666168,true,1,1,1,"7"
Ambiguous,545,205,1.998333333333331335,0.751666666666665915,true,1,1,1,"7"
Ambiguous,732,92,2.00080000000000200080000000,0.25146666666666691813333333,true,1,1,1,"7"
Ambiguous,732,183,2.0008000000000020008,0.5002000000000005002,true,1,1,1,"7"
Ambiguous,819,136,3.002999999999996997,0.498666666666666168,true,1,1,1,"7"
Ambiguous,1235,59,3.4991666666666689994444444,0.1671666666666667781111112,true,1,1,1,"7"
Mismatch,14,30,0.03966666666666669311111111,0.08500000000000005666666666,true,1,1,1,"7"
Mismatch,14,30,0.03966666666666669311111112,0.08500000000000005666666666,true,2,1,1,"7"
Mismatch,15,29,0.04250000000000002833333334,0.08216666666666672144444444,true,1,1,1,"7"
Mismatch,15,30,0.04250000000000002833333334,0.08500000000000005666666666,true,1,1,1,"7"
Mismatch,15,51,0.04250000000000002833333334,0.14450000000000009633333333,true,1,1,1,"7"
Mismatch,21,42,0.06159999999999998357333334,0.12319999999999996714666666,true,1,1,1,"7"
Mismatch,22,44,0.0623333333333333748888889,0.1246666666666667497777778,true,1,1,1,"7"
Mismatch,22,66,0.0623333333333333748888889,0.1870000000000001246666666,true,1,1,1,"7"
Mismatch,22,88,0.0623333333333333748888889,0.2493333333333334995555555,true,1,1,1,"7"
Mismatch,22,133,0.0623333333333333748888888,0.3768333333333335845555556,true,1,1,1,"7"
Mismatch,22,149,0.06453333333333331612444445,0.43706666666666655011555555,true,1,1,1,"7"
Mismatch,22,155,0.0623333333333333748888889,0.4391666666666669594444444,true,1,1,1,"7"
Mismatch,28,29,0.06206666666666669149333333,0.06428333333333335904666667,true,1,1,1,"7"
Mismatch,28,56,0.06206666666666669149333333,0.12413333333333338298666667,true,1,1,1,"7"
Mismatch,29,15,0.08216666666666672144444445,0.04250000000000002833333333,true,1,1,1,"7"
Mismatch,29,112,0.06428333333333335904666667,0.24826666666666676597333333,true,1,1,1,"7"
Mismatch,30,29,0.08500000000000005666666667,0.08216666666666672144444444,true,1,1,1,"7"
Mismatch,30,60,0.0824999999999999175,0.1649999999999998350,true,1,1,1,"10"
Mismatch,30,151,0.0824999999999999175,0.41524999999999958475,true,1,1,1,"10"
Mismatch,34,34,0.124666666666666542,0.124666666666666542,true,29,1,1,"7"
Mismatch,34,34,0.124666666666666542,0.124666666666666542,false,2,1,1,"7"
Mismatch,34,35,0.12353333333333339510,0.12716666666666673025,true,3,1,1,"7"
Mismatch,34,35,0.124666666666666542,0.128333333333333205,true,6,1,1,"7"
Mismatch,34,68,0.124666666666666542,0.249333333333333084,true,2,1,1,"7"
Mismatch,34,138,0.12353333333333339510,0.50140000000000025070,true,2,1,1,"7"
Mismatch,35,34,0.12716666666666673025,0.1235333333333333951,true,1,1,1,"7"
Mismatch,35,34,0.128333333333333205,0.124666666666666542,true,3,1,1,"7"
Mismatch,35,68,0.128333333333333205,0.249333333333333084,true,1,1,1,"7"
Mismatch,35,137,0.12716666666666673025,0.49776666666666691555,true,1,1,1,"7"
Mismatch,37,75,0.08201666666666669947333333,0.16625000000000006650000000,true,1,1,1,"7"
Mismatch,38,37,0.08423333333333336702666666,0.08201666666666669947333334,true,1,1,1,"7"
Mismatch,42,21,0.12319999999999996714666666,0.06159999999999998357333334,true,1,1,1,"7"
Mismatch,42,22,0.12319999999999996714666667,0.06453333333333331612444444,true,2,1,1,"7"
Mismatch,43,1,0.12183333333333341455555555,0.00283333333333333522222223,true,1,1,1,"7"
Mismatch,43,1,0.12183333333333341455555555,0.00283333333333333522222222,true,2,1,1,"7"
Mismatch,43,21,0.12613333333333329969777778,0.06159999999999998357333333,true,2,1,1,"7"
Mismatch,43,42,0.12613333333333329969777778,0.12319999999999996714666667,true,1,1,1,"7"
Mismatch,43,43,0.12613333333333329969777778,0.12613333333333329969777778,true,1,1,1,"7"
Mismatch,43,85,0.126133333333333299697777777,0.249333333333333266844444445,true,1,1,1,"7"
Mismatch,43,85,0.12613333333333329969777778,0.24933333333333326684444445,true,1,1,1,"7"
Mismatch,43,85,0.12613333333333329969777778,0.24933333333333326684444444,true,1,1,1,"7"
Mismatch,44,22,0.1246666666666667497777778,0.0623333333333333748888888,true,1,1,1,"7"
Mismatch,44,44,0.12466666666666674977777777,0.12466666666666674977777778,true,5,1,1,"7"
Mismatch,44,44,0.12466666666666674977777778,0.12466666666666674977777778,true,7,1,1,"7"
Mismatch,44,44,0.12466666666666674977777778,0.12466666666666674977777777,true,3,1,1,"7"
Mismatch,44,44,0.12466666666666674977777778,0.12466666666666674977777778,false,1,1,1,"7"
Mismatch,44,44,0.12466666666666674977777777,0.12466666666666674977777778,false,2,1,1,"7"
Mismatch,44,44,0.1246666666666667497777778,0.1246666666666667497777778,true,15,1,1,"7"
Mismatch,44,44,0.1246666666666667497777777,0.1246666666666667497777778,true,7,1,1,"7"
Mismatch,44,44,0.1246666666666667497777778,0.1246666666666667497777778,false,4,1,1,"7"
Mismatch,44,44,0.1246666666666667497777778,0.1246666666666667497777777,true,4,1,1,"7"
Mismatch,44,44,0.1246666666666667497777777,0.1246666666666667497777778,false,2,1,1,"7"
Mismatch,44,45,0.12466666666666674977777777,0.12750000000000008500000000,true,1,1,1,"7"
Mismatch,44,45,0.12466666666666674977777778,0.12750000000000008500000000,true,1,1,1,"7"
Mismatch,44,45,0.1246666666666667497777778,0.1275000000000000850000000,true,2,1,1,"7"
Mismatch,44,45,0.1246666666666667497777777,0.1275000000000000850000000,true,1,1,1,"7"
Mismatch,44,58,0.12466666666666674977777778,0.16433333333333344288888888,true,1,1,1,"7"
Mismatch,44,58,0.12466666666666674977777777,0.16433333333333344288888889,true,1,1,1,"7"
Mismatch,44,58,0.12466666666666674977777778,0.16433333333333344288888889,true,2,1,1,"7"
Mismatch,44,59,0.12466666666666674977777778,0.16716666666666677811111111,true,1,1,1,"7"
Mismatch,44,88,0.12466666666666674977777778,0.24933333333333349955555555,true,3,1,1,"7"
Mismatch,44,88,0.12466666666666674977777777,0.24933333333333349955555556,true,1,1,1,"7"
Mismatch,44,89,0.12466666666666674977777777,0.25216666666666683477777778,true,1,1,1,"7"
Mismatch,44,89,0.1246666666666667497777777,0.2521666666666668347777778,true,1,1,1,"7"
Mismatch,44,117,0.12466666666666674977777778,0.33150000000000022100000000,true,4,1,1,"7"
Mismatch,45,44,0.12750000000000008500000000,0.12466666666666674977777778,true,1,1,1,"7"
Mismatch,45,44,0.12750000000000008500000000,0.12466666666666674977777777,true,1,1,1,"7"
Mismatch,45,44,0.1275000000000000850000000,0.1246666666666667497777777,true,1,1,1,"7"
Mismatch,45,44,0.1275000000000000850000000,0.1246666666666667497777778,true,4,1,1,"7"
Mismatch,45,45,0.164999999999999835,0.164999999999999835,true,1,1,1,"7"
Mismatch,45,46,0.12374999999999987625,0.1264999999999998735,true,1,1,1,"10"
Mismatch,45,46,0.16350000000000008175,0.1671333333333334169,true,1,1,1,"7"
Mismatch,45,46,0.123000000000000123000000000,0.125733333333333459066666666,true,1,1,1,"7"
Mismatch,45,46,0.1230000000000001230,0.12573333333333345906666667,false,2,1,1,"7"
Mismatch,45,46,0.12300000000000012300000000,0.12573333333333345906666667,true,1,1,1,"7"
Mismatch,45,46,0.12300000000000012300000000,0.12573333333333345906666666,true,1,1,1,"7"
Mismatch,45,46,0.164999999999999835,0.168666666666666498,true,4,1,1,"7"
Mismatch,45,58,0.12750000000000008500000000,0.16433333333333344288888889,true,1,1,1,"7"
Mismatch,45,137,0.12374999999999987625,0.37674999999999962325,true,1,1,1,"10"
Mismatch,46,45,0.1264999999999998735,0.12374999999999987625,true,1,1,1,"10"
Mismatch,46,45,0.12573333333333345906666667,0.1230000000000001230,true,3,1,1,"7"
Mismatch,46,45,0.168666666666666498,0.164999999999999835,true,2,1,1,"7"
Mismatch,46,46,0.16713333333333341690,0.16713333333333341690,true,2,1,1,"7"
Mismatch,46,46,0.12573333333333345906666667,0.12573333333333345906666667,true,3,1,1,"7"
Mismatch,46,46,0.12573333333333345906666666,0.12573333333333345906666667,true,2,1,1,"7"
Mismatch,46,46,0.12573333333333345906666667,0.12573333333333345906666666,true,4,1,1,"7"
Mismatch,46,92,0.12573333333333345906666667,0.25146666666666691813333333,true,1,1,1,"7"
Mismatch,46,136,0.1264999999999998735,0.3739999999999996260,true,1,1,1,"10"
Mismatch,49,49,0.124950000000000012495,0.124950000000000012495,true,9,2,2,"7"
Mismatch,49,49,0.124950000000000012495,0.124950000000000012495,false,12,1,1,"7"
Mismatch,49,50,0.124950000000000012495,0.12750000000000001275,true,1,1,1,"7"
Mismatch,49,196,0.124950000000000012495,0.499800000000000049980,true,1,1,1,"7"
Mismatch,52,36,0.14733333333333343155555556,0.10200000000000006800000000,true,1,1,1,"7"
Mismatch,56,57,0.124133333333333382986666666,0.126350000000000050540000000,true,1,1,1,"7"
Mismatch,57,56,0.12635000000000005054,0.12413333333333338298666667,true,1,1,1,"7"
Mismatch,57,56,0.12635000000000005054000000,0.12413333333333338298666667,false,2,1,1,"7"
Mismatch,57,112,0.126350000000000050540000000,0.248266666666666765973333334,true,1,1,1,"7"
Mismatch,57,170,0.16719999999999995541333334,0.49866666666666653368888889,true,1,1,1,"4"
Mismatch,58,59,0.16433333333333344288888888,0.16716666666666677811111112,true,1,1,1,"7"
Mismatch,58,74,0.16433333333333344288888889,0.20966666666666680644444445,true,1,1,1,"7"
Mismatch,58,88,0.16240000000000006496000000,0.24933333333333349955555556,true,1,1,1,"7"
Mismatch,59,44,0.1671666666666667781111111,0.1246666666666667497777778,true,1,1,1,"7"
Mismatch,59,58,0.1671666666666667781111111,0.1643333333333334428888889,true,1,1,1,"7"
Mismatch,59,59,0.1671666666666667781111112,0.1671666666666667781111111,true,2,1,1,"7"
Mismatch,59,59,0.1671666666666667781111111,0.1671666666666667781111111,true,5,1,1,"7"
Mismatch,59,60,0.16520000000000006608000000,0.16800000000000006720000000,true,2,1,1,"7"
Mismatch,59,88,0.1671666666666667781111111,0.2493333333333334995555556,true,2,1,1,"7"
Mismatch,59,88,0.1671666666666667781111112,0.2493333333333334995555555,true,1,1,1,"7"
Mismatch,60,31,0.16499999999999983500,0.08524999999999991475,true,2,1,1,"10"
Mismatch,60,60,0.16800000000000006720000000,0.16800000000000006720000000,true,1,1,1,"7"
Mismatch,60,61,0.16499999999999983500,0.16774999999999983225,true,6,1,1,"10"
Mismatch,60,182,0.1649999999999998350,0.5004999999999994995,true,3,1,1,"10"
Mismatch,61,30,0.16774999999999983225,0.08249999999999991750,true,1,1,1,"10"
Mismatch,61,60,0.16774999999999983225,0.164999999999999835,false,2,1,1,"10"
Mismatch,61,60,0.16774999999999983225,0.16499999999999983500,true,3,1,1,"10"
Mismatch,61,61,0.16774999999999983225,0.16774999999999983225,true,1,1,1,"10"
Mismatch,61,181,0.16774999999999983225,0.49774999999999950225,true,2,1,1,"10"
Mismatch,61,242,0.16774999999999983225,0.6654999999999993345,true,2,1,1,"10"
Mismatch,63,95,0.16589999999999998894000000,0.25016666666666664998888888,true,1,1,1,"7"
Mismatch,68,35,0.249333333333333084,0.128333333333333205,true,1,1,1,"7"
Mismatch,68,68,0.249333333333333084,0.249333333333333084,true,67,1,1,"7"
Mismatch,68,68,0.249333333333333084,0.249333333333333084,false,45,1,1,"7"
Mismatch,68,69,0.24706666666666679020,0.25070000000000012535,true,6,1,1,"7"
Mismatch,68,69,0.24706666666666679020,0.25070000000000012535,false,2,1,1,"7"
Mismatch,68,69,0.249333333333333084,0.252999999999999747,true,21,1,1,"7"
Mismatch,68,69,0.249333333333333084,0.252999999999999747,false,6,1,1,"7"
Mismatch,68,136,0.249333333333333084,0.498666666666666168,true,10,1,1,"7"
Mismatch,68,137,0.249333333333333084,0.502333333333332831,true,8,1,1,"7"
Mismatch,68,137,0.249333333333333084,0.502333333333332831,false,2,1,1,"7"
Mismatch,68,272,0.249333333333333084,0.997333333333332336,true,1,1,1,"7"
Mismatch,68,273,0.249333333333333084,1.000999999999998999,true,2,1,1,"7"
Mismatch,69,46,0.25070000000000012535,0.1671333333333334169,true,1,1,1,"7"
Mismatch,69,68,0.25070000000000012535,0.2470666666666667902,false,4,1,1,"7"
Mismatch,69,68,0.25070000000000012535,0.24706666666666679020,true,10,1,1,"7"
Mismatch,69,68,0.252999999999999747,0.249333333333333084,true,31,1,1,"7"
Mismatch,69,68,0.252999999999999747,0.249333333333333084,false,2,1,1,"7"
Mismatch,69,69,0.25070000000000012535,0.25070000000000012535,true,20,1,1,"7"
Mismatch,69,69,0.25070000000000012535,0.25070000000000012535,false,19,1,1,"7"
Mismatch,69,136,0.252999999999999747,0.498666666666666168,true,5,1,1,"7"
Mismatch,69,137,0.25070000000000012535,0.49776666666666691555,false,4,1,1,"7"
Mismatch,69,137,0.25070000000000012535,0.49776666666666691555,true,1,1,1,"7"
Mismatch,69,138,0.25070000000000012535,0.5014000000000002507,true,2,1,1,"7"
Mismatch,71,18,0.20116666666666680077777778,0.05100000000000003400000000,true,1,1,1,"7"
Mismatch,75,38,0.16625000000000006650,0.08423333333333336702666667,true,1,1,1,"7"
Mismatch,75,38,0.16625000000000006650000000,0.08423333333333336702666666,true,1,1,1,"7"
Mismatch,75,75,0.16625000000000006650000000,0.16625000000000006650000000,true,1,1,1,"7"
Mismatch,76,37,0.16846666666666673405333333,0.08201666666666669947333333,true,1,1,1,"7"
Mismatch,76,75,0.16846666666666673405333333,0.16625000000000006650000000,true,1,1,1,"7"
Mismatch,82,82,0.2487333333333330846,0.2487333333333330846,true,3,1,1,"7"
Mismatch,82,83,0.2487333333333330846,0.2517666666666664149,false,5,1,1,"7"
Mismatch,82,83,0.2487333333333330846,0.2517666666666664149,true,7,1,1,"7"
Mismatch,82,165,0.2487333333333330846,0.5004999999999994995,true,4,1,1,"7"
Mismatch,83,82,0.2517666666666664149,0.2487333333333330846,true,12,1,1,"7"
Mismatch,83,83,0.249000000000000249,0.249000000000000249,true,4,1,1,"4"
Mismatch,83,84,0.249000000000000249,0.252000000000000252,true,1,1,1,"4"
Mismatch,83,164,0.2517666666666664149,0.4974666666666661692,true,1,1,1,"7"
Mismatch,83,165,0.2517666666666664149,0.5004999999999994995,true,3,1,1,"7"
Mismatch,83,167,0.249000000000000249,0.501000000000000501,true,1,1,1,"4"
Mismatch,84,41,0.252000000000000252,0.123000000000000123,true,1,1,1,"4"
Mismatch,84,83,0.252000000000000252,0.249000000000000249,true,1,1,1,"4"
Mismatch,84,85,0.18620000000000007448000000,0.18841666666666674203333334,true,1,1,1,"7"
Mismatch,84,85,0.18620000000000007448000000,0.18841666666666674203333333,true,1,1,1,"7"
Mismatch,85,28,0.18841666666666674203333334,0.06206666666666669149333333,true,1,1,1,"7"
Mismatch,85,28,0.18841666666666674203333333,0.06206666666666669149333333,true,1,1,1,"7"
Mismatch,85,42,0.249333333333333266844444444,0.123199999999999967146666667,true,1,1,1,"7"
Mismatch,85,42,0.24933333333333326684444445,0.12319999999999996714666666,true,1,1,1,"7"
Mismatch,85,42,0.24933333333333326684444444,0.12319999999999996714666667,false,2,1,1,"7"
Mismatch,85,43,0.249333333333333266844444445,0.126133333333333299697777778,true,1,1,1,"7"
Mismatch,85,43,0.249333333333333266844444445,0.126133333333333299697777777,true,1,1,1,"7"
Mismatch,85,43,0.24933333333333326684444445,0.12613333333333329969777778,true,2,1,1,"7"
Mismatch,85,43,0.24933333333333326684444444,0.12613333333333329969777778,false,4,1,1,"7"
Mismatch,85,43,0.24933333333333326684444444,0.12613333333333329969777778,true,2,1,1,"7"
Mismatch,85,43,0.24933333333333326684444445,0.12613333333333329969777777,true,1,1,1,"7"
Mismatch,85,84,0.18841666666666674203333333,0.18620000000000007448000000,true,1,1,1,"7"
Mismatch,85,85,0.18841666666666674203333333,0.18841666666666674203333334,true,1,1,1,"7"
Mismatch,85,85,0.24933333333333326684444445,0.24933333333333326684444444,true,5,2,2,"4;7"
Mismatch,85,85,0.24933333333333326684444444,0.24933333333333326684444444,true,1,1,1,"7"
Mismatch,85,85,0.24933333333333326684444444,0.24933333333333326684444445,true,2,1,1,"7"
Mismatch,85,85,0.24933333333333326684444444,0.24933333333333326684444445,false,2,1,1,"7"
Mismatch,85,86,0.2493333333333332668444444445,0.2522666666666665993955555555,true,1,1,1,"7"
Mismatch,85,86,0.24933333333333326684444445,0.25226666666666659939555555,true,2,1,1,"7"
Mismatch,85,86,0.24933333333333326684444444,0.25226666666666659939555556,false,2,1,1,"7"
Mismatch,86,42,0.252266666666666599395555556,0.123199999999999967146666666,true,1,1,1,"7"
Mismatch,86,42,0.25226666666666659939555556,0.12319999999999996714666667,true,2,1,1,"7"
Mismatch,86,42,0.25226666666666659939555556,0.12319999999999996714666666,true,1,1,1,"7"
Mismatch,86,42,0.25226666666666659939555555,0.12319999999999996714666667,true,1,1,1,"7"
Mismatch,86,85,0.25226666666666659939555556,0.24933333333333326684444444,true,3,2,2,"4;7"
Mismatch,86,85,0.25226666666666659939555555,0.24933333333333326684444445,true,2,2,2,"4;7"
Mismatch,86,85,0.252266666666666599395555556,0.249333333333333266844444444,true,2,1,1,"7"
Mismatch,88,44,0.24933333333333349955555556,0.12466666666666674977777778,true,1,1,1,"7"
Mismatch,88,44,0.24933333333333349955555555,0.12466666666666674977777778,true,2,1,1,"7"
Mismatch,88,44,0.24933333333333349955555556,0.12466666666666674977777777,true,1,1,1,"7"
Mismatch,88,44,0.2493333333333334995555555,0.1246666666666667497777778,true,2,1,1,"7"
Mismatch,88,45,0.2493333333333334995555556,0.1275000000000000850000000,true,1,1,1,"7"
Mismatch,88,67,0.2493333333333334995555556,0.1898333333333334598888889,true,1,1,1,"7"
Mismatch,88,88,0.24933333333333349955555556,0.24933333333333349955555555,true,2,1,1,"7"
Mismatch,88,88,0.24933333333333349955555555,0.24933333333333349955555556,true,1,1,1,"7"
Mismatch,88,88,0.2493333333333334995555556,0.2493333333333334995555555,true,2,1,1,"7"
Mismatch,88,88,0.2493333333333334995555555,0.2493333333333334995555556,true,6,1,1,"7"
Mismatch,88,88,0.2493333333333334995555556,0.2493333333333334995555556,true,2,1,1,"7"
Mismatch,88,89,0.24933333333333349955555556,0.25216666666666683477777777,true,1,1,1,"7"
Mismatch,88,89,0.24933333333333349955555555,0.25216666666666683477777778,true,1,1,1,"7"
Mismatch,88,89,0.2493333333333334995555555,0.2521666666666668347777778,true,2,1,1,"7"
Mismatch,88,89,0.2493333333333334995555556,0.2521666666666668347777778,true,1,1,1,"7"
Mismatch,88,89,0.2493333333333334995555556,0.2521666666666668347777777,true,4,1,1,"7"
Mismatch,88,176,0.24933333333333349955555555,0.49866666666666699911111111,true,1,1,1,"7"
Mismatch,88,177,0.24933333333333349955555555,0.50150000000000033433333333,true,1,1,1,"7"
Mismatch,88,353,0.2493333333333334995555556,1.0001666666666673334444444,true,1,1,1,"7"
Mismatch,89,44,0.25216666666666683477777777,0.12466666666666674977777778,true,1,1,1,"7"
Mismatch,89,66,0.2521666666666668347777778,0.1870000000000001246666667,true,1,1,1,"7"
Mismatch,89,88,0.25216666666666683477777777,0.24933333333333349955555556,true,1,1,1,"7"
Mismatch,89,88,0.25216666666666683477777778,0.24933333333333349955555555,true,2,1,1,"7"
Mismatch,89,88,0.25216666666666683477777778,0.24933333333333349955555556,true,3,1,1,"7"
Mismatch,89,88,0.2521666666666668347777777,0.2493333333333334995555556,true,2,1,1,"7"
Mismatch,89,88,0.2521666666666668347777778,0.2493333333333334995555556,true,1,1,1,"7"
Mismatch,89,88,0.2521666666666668347777778,0.2493333333333334995555555,true,1,1,1,"7"
Mismatch,89,176,0.25216666666666683477777778,0.49866666666666699911111111,true,2,1,1,"7"
Mismatch,90,91,0.2474999999999997525,0.25024999999999974975,true,4,2,2,"7;10"
Mismatch,90,182,0.2474999999999997525,0.5004999999999994995,true,1,1,1,"10"
Mismatch,91,61,0.25024999999999974975,0.16774999999999983225,false,1,1,1,"10"
Mismatch,91,90,0.25024999999999974975,0.2474999999999997525,true,3,1,1,"10"
Mismatch,91,91,0.25024999999999974975,0.25024999999999974975,true,22,1,1,"10"
Mismatch,91,91,0.25024999999999974975,0.25024999999999974975,false,12,1,1,"10"
Mismatch,91,91,0.248733333333333582066666667,0.248733333333333582066666666,true,2,1,1,"7"
Mismatch,91,91,0.248733333333333582066666666,0.248733333333333582066666667,true,2,1,1,"7"
Mismatch,91,91,0.248733333333333582066666667,0.248733333333333582066666667,true,2,1,1,"7"
Mismatch,91,91,0.24873333333333358206666667,0.24873333333333358206666667,true,3,1,1,"7"
Mismatch,91,91,0.24873333333333358206666667,0.24873333333333358206666666,true,6,1,1,"7"
Mismatch,91,91,0.24873333333333358206666666,0.24873333333333358206666667,true,3,1,1,"7"
Mismatch,91,92,0.248733333333333582066666667,0.251466666666666918133333333,true,12,1,1,"7"
Mismatch,91,92,0.248733333333333582066666666,0.251466666666666918133333334,true,6,1,1,"7"
Mismatch,91,92,0.24873333333333358206666667,0.25146666666666691813333333,true,34,1,1,"7"
Mismatch,91,92,0.24873333333333358206666667,0.25146666666666691813333333,false,9,1,1,"7"
Mismatch,91,92,0.24873333333333358206666666,0.25146666666666691813333334,true,21,1,1,"7"
Mismatch,91,92,0.24873333333333358206666666,0.25146666666666691813333334,false,2,1,1,"7"
Mismatch,91,181,0.25024999999999974975,0.49774999999999950225,true,2,1,1,"10"
Mismatch,91,182,0.25024999999999974975,0.5004999999999994995,true,8,1,1,"10"
Mismatch,91,182,0.25024999999999974975,0.5004999999999994995,false,2,1,1,"10"
Mismatch,91,183,0.248733333333333582066666667,0.5002000000000005002,true,1,1,1,"7"
Mismatch,91,183,0.24873333333333358206666666,0.50020000000000050020000000,true,1,1,1,"7"
Mismatch,92,91,0.251466666666666918133333333,0.248733333333333582066666667,true,16,1,1,"7"
Mismatch,92,91,0.251466666666666918133333334,0.248733333333333582066666666,true,9,1,1,"7"
Mismatch,92,91,0.25146666666666691813333333,0.24873333333333358206666667,true,30,1,1,"7"
Mismatch,92,91,0.25146666666666691813333333,0.24873333333333358206666667,false,12,1,1,"7"
Mismatch,92,91,0.25146666666666691813333334,0.24873333333333358206666666,true,14,1,1,"7"
Mismatch,92,92,0.24993333333333364158444444,0.24993333333333364158444445,true,1,1,1,"7"
Mismatch,92,182,0.25146666666666691813333334,0.49746666666666716413333333,true,2,1,1,"7"
Mismatch,92,183,0.25146666666666691813333333,0.5002000000000005002,true,2,1,1,"7"
Mismatch,92,183,0.25146666666666691813333334,0.50020000000000050020000000,true,1,1,1,"7"
Mismatch,95,95,0.25016666666666664998888889,0.25016666666666664998888889,true,1,1,1,"7"
Mismatch,95,127,0.25016666666666664998888889,0.33443333333333331103777778,true,1,1,1,"7"
Mismatch,97,98,0.24896666666666641770000000,0.25153333333333308180000000,true,1,1,1,"7"
Mismatch,98,98,0.249900000000000024990,0.249900000000000024990,false,146,2,2,"7"
Mismatch,98,98,0.249900000000000024990,0.249900000000000024990,true,32,2,2,"7"
Mismatch,98,99,0.24990000000000002499,0.252450000000000025245,true,4,1,1,"7"
Mismatch,98,123,0.24990000000000002499,0.313650000000000031365,true,1,1,1,"7"
Mismatch,98,196,0.24990000000000002499,0.49980000000000004998,true,3,2,2,"7"
Mismatch,99,98,0.252450000000000025245,0.24990000000000002499,true,8,1,1,"7"
Mismatch,99,99,0.24915000000000027821750000,0.24915000000000027821750000,true,1,1,1,"7"
Mismatch,99,392,0.252450000000000025245,0.99960000000000009996,true,1,1,1,"7"
Mismatch,102,204,0.24990000000000027489000000,0.49980000000000054978000000,true,1,1,1,"7"
Mismatch,103,103,0.24891666666666658369444445,0.24891666666666658369444444,true,1,1,1,"7"
Mismatch,113,56,0.25048333333333343352666666,0.12413333333333338298666667,true,2,1,1,"7"
Mismatch,113,57,0.25048333333333343352666666,0.12635000000000005054000000,true,1,1,1,"7"
Mismatch,113,57,0.25048333333333343352666667,0.12635000000000005054000000,true,1,1,1,"7"
Mismatch,113,85,0.25048333333333343352666667,0.18841666666666674203333333,true,1,1,1,"7"
Mismatch,113,112,0.25048333333333343352666667,0.24826666666666676597333333,true,1,1,1,"7"
Mismatch,113,113,0.250483333333333433526666667,0.250483333333333433526666667,true,1,1,1,"7"
Mismatch,113,113,0.25048333333333343352666666,0.25048333333333343352666667,true,1,1,1,"7"
Mismatch,117,118,0.33150000000000022100000000,0.33433333333333355622222222,true,1,1,1,"7"
Mismatch,121,61,0.33274999999999966725,0.16774999999999983225,true,2,1,1,"10"
Mismatch,122,147,0.311100000000000031110,0.374850000000000037485,true,2,1,1,"7"
Mismatch,123,123,0.313650000000000031365,0.313650000000000031365,true,1,1,1,"7"
Mismatch,123,147,0.313650000000000031365,0.374850000000000037485,true,1,1,1,"7"
Mismatch,125,42,0.375000000000000375,0.126000000000000126,true,1,1,1,"4"
Mismatch,126,93,0.33179999999999997788000000,0.24955000000000009982000000,true,1,1,1,"7"
Mismatch,128,42,0.37546666666666656654222222,0.12319999999999996714666667,true,2,1,1,"7"
Mismatch,128,43,0.37546666666666656654222222,0.12613333333333329969777778,false,2,1,1,"7"
Mismatch,128,85,0.375466666666666566542222222,0.249333333333333266844444444,true,1,1,1,"7"
Mismatch,132,59,0.37400000000000024933333333,0.16716666666666677811111111,true,1,1,1,"7"
Mismatch,136,68,0.498666666666666168,0.249333333333333084,true,11,1,1,"7"
Mismatch,136,69,0.498666666666666168,0.252999999999999747,true,3,1,1,"7"
Mismatch,136,136,0.498666666666666168,0.498666666666666168,true,13,1,1,"7"
Mismatch,136,136,0.498666666666666168,0.498666666666666168,false,2,1,1,"7"
Mismatch,136,137,0.498666666666666168,0.502333333333332831,true,18,1,1,"7"
Mismatch,136,137,0.498666666666666168,0.502333333333332831,false,4,1,1,"7"
Mismatch,136,273,0.498666666666666168,1.000999999999998999,true,1,1,1,"7"
Mismatch,137,35,0.49776666666666691555,0.12716666666666673025,true,1,1,1,"7"
Mismatch,137,68,0.502333333333332831,0.249333333333333084,true,8,1,1,"7"
Mismatch,137,68,0.502333333333332831,0.249333333333333084,false,2,1,1,"7"
Mismatch,137,136,0.502333333333332831,0.498666666666666168,true,23,1,1,"7"
Mismatch,137,138,0.49776666666666691555,0.50140000000000025070,true,6,1,1,"7"
Mismatch,137,276,0.49776666666666691555,1.0028000000000005014,true,1,1,1,"7"
Mismatch,138,34,0.50140000000000025070,0.12353333333333339510,true,2,1,1,"7"
Mismatch,138,69,0.50140000000000025070,0.25070000000000012535,true,2,1,1,"7"
Mismatch,138,137,0.5014000000000002507,0.49776666666666691555,true,6,1,1,"7"
Mismatch,138,137,0.50140000000000025070,0.49776666666666691555,false,2,1,1,"7"
Mismatch,138,138,0.50140000000000025070,0.50140000000000025070,true,4,1,1,"7"
Mismatch,138,275,0.50140000000000025070,0.99916666666666716625,true,1,1,1,"7"
Mismatch,147,122,0.374850000000000037485,0.311100000000000031110,true,1,1,1,"7"
Mismatch,164,165,0.4974666666666661692,0.5004999999999994995,true,3,1,1,"7"
Mismatch,165,82,0.5004999999999994995,0.2487333333333330846,false,2,1,1,"7"
Mismatch,165,82,0.5004999999999994995,0.2487333333333330846,true,3,1,1,"7"
Mismatch,165,164,0.5004999999999994995,0.4974666666666661692,true,2,1,1,"7"
Mismatch,165,165,0.5004999999999994995,0.5004999999999994995,true,9,1,1,"7"
Mismatch,166,167,0.498000000000000498,0.501000000000000501,true,1,1,1,"4"
Mismatch,167,83,0.501000000000000501,0.249000000000000249,true,2,1,1,"4"
Mismatch,167,166,0.501000000000000501,0.498000000000000498,true,1,1,1,"4"
Mismatch,167,167,0.501000000000000501,0.501000000000000501,true,1,1,1,"4"
Mismatch,170,43,0.49866666666666653368888889,0.12613333333333329969777777,true,1,1,1,"7"
Mismatch,170,170,0.498666666666666533688888889,0.498666666666666533688888889,true,1,1,1,"4"
Mismatch,170,170,0.49866666666666653368888889,0.49866666666666653368888888,true,1,1,1,"4"
Mismatch,170,170,0.49866666666666653368888889,0.49866666666666653368888889,true,3,2,2,"4;7"
Mismatch,170,171,0.498666666666666533688888889,0.50159999999999986624,true,4,1,1,"4"
Mismatch,170,171,0.49866666666666653368888889,0.50159999999999986624000000,false,2,1,1,"4"
Mismatch,170,171,0.49866666666666653368888889,0.50159999999999986624000000,true,5,2,2,"4;7"
Mismatch,170,256,0.49866666666666653368888888,0.75093333333333313308444445,true,1,1,1,"7"
Mismatch,171,57,0.50159999999999986624000000,0.16719999999999995541333334,true,1,1,1,"4"
Mismatch,171,57,0.50159999999999986624000000,0.16719999999999995541333333,true,1,1,1,"4"
Mismatch,171,170,0.501599999999999866240000000,0.498666666666666533688888889,true,4,1,1,"4"
Mismatch,171,170,0.50159999999999986624000000,0.49866666666666653368888889,false,6,2,2,"4;7"
Mismatch,171,170,0.50159999999999986624000000,0.49866666666666653368888889,true,2,1,1,"4"
Mismatch,171,255,0.50159999999999986624000000,0.74799999999999980053333333,true,1,1,1,"7"
Mismatch,176,88,0.49866666666666699911111111,0.24933333333333349955555556,true,1,1,1,"7"
Mismatch,176,89,0.49866666666666699911111111,0.25216666666666683477777778,true,2,1,1,"7"
Mismatch,176,176,0.49866666666666699911111111,0.49866666666666699911111111,true,1,1,1,"7"
Mismatch,176,177,0.49866666666666699911111111,0.50150000000000033433333333,true,1,1,1,"7"
Mismatch,177,309,0.50150000000000033433333334,0.87550000000000058366666666,true,1,1,1,"7"
Mismatch,181,46,0.49774999999999950225,0.1264999999999998735,true,1,1,1,"10"
Mismatch,181,61,0.49774999999999950225,0.16774999999999983225,false,2,1,1,"10"
Mismatch,181,91,0.49774999999999950225,0.25024999999999974975,true,1,1,1,"10"
Mismatch,181,182,0.49774999999999950225,0.5004999999999994995,true,2,1,1,"10"
Mismatch,182,45,0.50049999999999949950,0.12374999999999987625,true,1,1,1,"10"
Mismatch,182,60,0.50049999999999949950,0.16499999999999983500,true,4,1,1,"10"
Mismatch,182,61,0.5004999999999994995,0.16774999999999983225,true,3,1,1,"10"
Mismatch,182,61,0.50049999999999949950,0.16774999999999983225,false,2,1,1,"10"
Mismatch,182,91,0.5004999999999994995,0.25024999999999974975,true,7,1,1,"10"
Mismatch,182,92,0.49746666666666716413333333,0.25146666666666691813333333,true,1,1,1,"7"
Mismatch,182,181,0.50049999999999949950,0.49774999999999950225,true,1,1,1,"10"
Mismatch,182,182,0.5004999999999994995,0.5004999999999994995,false,1,1,1,"10"
Mismatch,182,182,0.5004999999999994995,0.5004999999999994995,true,1,1,1,"10"
Mismatch,182,183,0.4974666666666671641333333333,0.5002000000000005002000000000,true,1,1,1,"7"
Mismatch,183,91,0.500200000000000500200000000,0.248733333333333582066666666,true,2,1,1,"7"
Mismatch,183,91,0.500200000000000500200000000,0.248733333333333582066666667,true,1,1,1,"7"
Mismatch,183,91,0.5002000000000005002,0.24873333333333358206666667,true,4,1,1,"7"
Mismatch,183,91,0.50020000000000050020000000,0.24873333333333358206666666,true,2,1,1,"7"
Mismatch,183,92,0.500200000000000500200000000,0.251466666666666918133333333,true,2,1,1,"7"
Mismatch,183,92,0.50020000000000050020000000,0.25146666666666691813333334,true,2,1,1,"7"
Mismatch,183,92,0.50020000000000050020000000,0.25146666666666691813333333,true,2,1,1,"7"
Mismatch,183,183,0.50020000000000050020000000,0.50020000000000050020000000,true,11,1,1,"7"
Mismatch,183,183,0.5002000000000005002,0.5002000000000005002,false,6,1,1,"7"
Mismatch,196,98,0.49980000000000004998,0.24990000000000002499,false,2,1,1,"7"
Mismatch,196,98,0.499800000000000049980,0.249900000000000024990,true,1,1,1,"7"
Mismatch,196,196,0.499800000000000049980,0.499800000000000049980,true,3,2,2,"7"
Mismatch,196,196,0.499800000000000049980,0.499800000000000049980,false,2,1,1,"7"
Mismatch,196,294,0.499800000000000049980,0.749700000000000074970,true,7,2,2,"7"
Mismatch,196,295,0.49980000000000004998,0.752250000000000075225,true,1,1,1,"7"
Mismatch,196,392,0.499800000000000049980,0.999600000000000099960,true,2,1,1,"7"
Mismatch,196,393,0.499800000000000049980,1.002150000000000100215,true,1,1,1,"7"
Mismatch,196,784,0.499800000000000049980,1.999200000000000199920,true,1,1,1,"7"
Mismatch,197,28,0.43668333333333350800666666,0.06206666666666669149333334,true,1,1,1,"7"
Mismatch,197,784,0.502350000000000050235,1.99920000000000019992,true,1,1,1,"7"
Mismatch,198,28,0.43890000000000017556000000,0.06206666666666669149333334,true,1,1,1,"7"
Mismatch,201,99,0.49915000000000032444750000,0.24915000000000027821750000,true,1,1,1,"7"
Mismatch,205,68,0.751666666666665915,0.249333333333333084,true,1,1,1,"7"
Mismatch,205,136,0.751666666666665915,0.498666666666666168,true,1,1,1,"7"
Mismatch,207,102,0.50024999999999983325000000,0.24990000000000027489000000,true,1,1,1,"7"
Mismatch,225,57,0.498750000000000199500000000,0.126350000000000050540000000,true,1,1,1,"7"
Mismatch,226,225,0.50096666666666686705333333,0.49875000000000019950000000,true,1,1,1,"7"
Mismatch,272,137,0.997333333333332336,0.502333333333332831,true,2,1,1,"7"
Mismatch,272,273,0.997333333333332336,1.000999999999998999,true,1,1,1,"7"
Mismatch,273,136,1.000999999999998999,0.498666666666666168,true,2,1,1,"7"
Mismatch,273,204,1.000999999999998999,0.747999999999999252,true,2,1,1,"7"
Mismatch,273,205,1.000999999999998999,0.751666666666665915,true,2,1,1,"7"
Mismatch,273,272,1.000999999999998999,0.997333333333332336,true,2,1,1,"7"
Mismatch,273,273,1.000999999999998999,1.000999999999998999,true,4,1,1,"7"
Mismatch,275,138,0.99916666666666716625,0.5014000000000002507,true,1,1,1,"7"
Mismatch,294,49,0.74970000000000007497,0.124950000000000012495,true,1,1,1,"7"
Mismatch,294,98,0.74970000000000007497,0.24990000000000002499,true,1,1,1,"7"
Mismatch,294,196,0.749700000000000074970,0.499800000000000049980,true,2,1,1,"7"
Mismatch,294,294,0.74970000000000007497,0.74970000000000007497,true,1,1,1,"7"
Mismatch,295,294,0.752250000000000075225,0.74970000000000007497,true,1,1,1,"7"
Mismatch,329,330,0.9979666666666656687,1.0009999999999989990,true,1,1,1,"7"
Mismatch,330,330,1.0009999999999989990,1.0009999999999989990,true,1,1,1,"7"
Mismatch,341,341,1.00026666666666639992888889,1.00026666666666639992888889,true,2,1,1,"7"
Mismatch,364,60,1.000999999999998999,0.164999999999999835,true,1,1,1,"10"
Mismatch,366,183,1.0004000000000010004000000000,0.5002000000000005002000000000,true,1,1,1,"7"
Mismatch,366,366,1.00040000000000100040000000,1.00040000000000100040000000,true,1,1,1,"7"
Mismatch,392,98,0.999600000000000099960,0.249900000000000024990,false,2,1,1,"7"
Mismatch,409,136,1.499666666666665167,0.498666666666666168,true,1,1,1,"7"
Mismatch,413,276,1.50056666666666741695,1.00280000000000050140,true,1,1,1,"7"
Mismatch,732,91,2.00080000000000200080000000,0.24873333333333358206666666,true,1,1,1,"7"
Mismatch,732,183,2.00080000000000200080000000,0.50020000000000050020000000,true,1,1,1,"7"
Mismatch,954,819,3.497999999999996502,3.002999999999996997,true,1,1,1,"7"
Mismatch,955,136,3.501666666666663165,0.498666666666666168,true,1,1,1,"7"
NoContext,1,21,0.00283333333333333522222222,0.05950000000000003966666667,false,1,1,1,"7"
NoContext,1,21,0.00283333333333333522222222,0.05950000000000003966666666,false,1,1,1,"7"
NoContext,1,22,0.00283333333333333522222222,0.06233333333333337488888889,false,1,1,1,"7"
NoContext,1,43,0.00283333333333333522222222,0.12183333333333341455555556,false,1,1,1,"7"
NoContext,1,43,0.00283333333333333522222223,0.12183333333333341455555555,false,1,1,1,"7"
NoContext,1,43,0.00283333333333333522222222,0.12183333333333341455555555,false,1,1,1,"7"
NoContext,1,44,0.00283333333333333522222222,0.12466666666666674977777778,false,3,1,1,"7"
NoContext,1,44,0.00283333333333333522222223,0.12466666666666674977777777,false,1,1,1,"7"
NoContext,1,44,0.0028333333333333352222223,0.1246666666666667497777777,false,1,1,1,"7"
NoContext,1,58,0.00283333333333333522222223,0.16433333333333344288888888,false,1,1,1,"7"
NoContext,1,58,0.00283333333333333522222222,0.16433333333333344288888889,false,1,1,1,"7"
NoContext,1,87,0.00283333333333333522222222,0.24650000000000016433333334,false,1,1,1,"7"
NoContext,1,88,0.0028333333333333352222222,0.2493333333333334995555556,false,1,1,1,"7"
NoContext,1,88,0.0028333333333333352222223,0.2493333333333334995555555,false,1,1,1,"7"
NoContext,1,97,0.002550000000000000255,0.247350000000000024735,false,1,1,1,"7"
NoContext,1,117,0.00283333333333333522222223,0.33150000000000022100000000,false,2,1,1,"7"
NoContext,1,117,0.00283333333333333522222222,0.33150000000000022100000000,false,6,1,1,"7"
NoContext,1,119,0.002550000000000000255,0.303450000000000030345,false,1,1,1,"7"
NoContext,1,195,0.002550000000000000255,0.497250000000000049725,false,1,1,1,"7"
NoContext,2,58,0.00510000000000000051,0.14790000000000001479,false,1,1,1,"7"
NoContext,3,57,0.007650000000000000765,0.145350000000000014535,false,1,1,1,"7"
NoContext,6,65,0.01700000000000001133333333,0.18416666666666678944444445,false,1,1,1,"7"
NoContext,7,59,0.0198333333333333465555555,0.1671666666666667781111111,false,1,1,1,"7"
NoContext,14,28,0.04106666666666665571555556,0.08213333333333331143111111,false,4,1,1,"7"
NoContext,14,29,0.04106666666666665571555556,0.08506666666666664398222222,false,4,1,1,"7"
NoContext,14,30,0.03966666666666669311111111,0.08500000000000005666666667,false,3,1,1,"7"
NoContext,14,30,0.03966666666666669311111111,0.08500000000000005666666666,false,1,1,1,"7"
NoContext,15,22,0.04250000000000002833333333,0.06233333333333337488888889,false,1,1,1,"7"
NoContext,15,28,0.04399999999999998826666667,0.08213333333333331143111111,false,1,1,1,"7"
NoContext,15,29,0.04250000000000002833333333,0.08216666666666672144444445,false,1,1,1,"7"
NoContext,15,30,0.04250000000000002833333333,0.08500000000000005666666667,false,2,1,1,"7"
NoContext,15,44,0.04250000000000002833333334,0.12466666666666674977777778,false,2,1,1,"7"
NoContext,15,44,0.04250000000000002833333333,0.12466666666666674977777778,false,8,1,1,"7"
NoContext,15,44,0.04250000000000002833333334,0.12466666666666674977777777,false,1,1,1,"7"
NoContext,15,45,0.04250000000000002833333333,0.12750000000000008500000000,false,2,1,1,"7"
NoContext,16,43,0.04533333333333336355555556,0.12183333333333341455555555,false,2,1,1,"7"
NoContext,16,44,0.04533333333333336355555556,0.12466666666666674977777778,false,1,1,1,"7"
NoContext,16,44,0.04533333333333336355555555,0.12466666666666674977777778,false,2,1,1,"7"
NoContext,16,49,0.04080000000000000408,0.124950000000000012495,false,5,1,1,"7"
NoContext,16,147,0.04080000000000000408,0.374850000000000037485,false,3,1,1,"7"
NoContext,17,49,0.043350000000000004335,0.124950000000000012495,false,2,1,1,"7"
NoContext,17,147,0.043350000000000004335,0.374850000000000037485,false,2,1,1,"7"
NoContext,18,53,0.05100000000000003400000000,0.15016666666666676677777777,false,1,1,1,"7"
NoContext,18,70,0.05100000000000003400000000,0.19833333333333346555555555,false,1,1,1,"7"
NoContext,21,1,0.05950000000000003966666667,0.00283333333333333522222222,false,1,1,1,"7"
NoContext,21,1,0.0595000000000000396666666,0.0028333333333333352222223,false,1,1,1,"7"
NoContext,21,21,0.06159999999999998357333333,0.06159999999999998357333333,false,2,1,1,"7"
NoContext,21,21,0.06159999999999998357333333,0.06159999999999998357333334,false,3,1,1,"7"
NoContext,21,21,0.06159999999999998357333334,0.06159999999999998357333333,false,1,1,1,"7"
NoContext,21,22,0.05950000000000003966666666,0.06233333333333337488888889,false,1,1,1,"7"
NoContext,21,22,0.05950000000000003966666667,0.06233333333333337488888888,false,1,1,1,"7"
NoContext,21,22,0.06159999999999998357333333,0.06453333333333331612444445,false,1,1,1,"7"
NoContext,21,22,0.06159999999999998357333334,0.06453333333333331612444444,false,3,1,1,"7"
NoContext,21,22,0.06159999999999998357333333,0.06453333333333331612444444,false,1,1,1,"7"
NoContext,21,42,0.06159999999999998357333333,0.12319999999999996714666667,false,3,1,1,"7"
NoContext,21,43,0.06159999999999998357333333,0.12613333333333329969777778,false,5,1,1,"7"
NoContext,21,43,0.06159999999999998357333334,0.12613333333333329969777778,false,3,1,1,"7"
NoContext,21,43,0.06159999999999998357333334,0.12613333333333329969777777,false,3,1,1,"7"
NoContext,21,64,0.06159999999999998357333333,0.18773333333333328327111111,false,2,1,1,"7"
NoContext,21,66,0.05950000000000003966666667,0.18700000000000012466666667,false,1,1,1,"7"
NoContext,21,85,0.06159999999999998357333333,0.24933333333333326684444445,false,1,1,1,"7"
NoContext,21,85,0.06159999999999998357333333,0.24933333333333326684444444,false,1,1,1,"7"
NoContext,21,85,0.06159999999999998357333334,0.24933333333333326684444444,false,1,1,1,"7"
NoContext,21,86,0.06159999999999998357333333,0.25226666666666659939555556,false,1,1,1,"7"
NoContext,21,149,0.06159999999999998357333334,0.43706666666666655011555555,false,1,1,1,"7"
NoContext,21,150,0.06159999999999998357333333,0.43999999999999988266666667,false,1,1,1,"7"
NoContext,21,298,0.06159999999999998357333334,0.87413333333333310023111111,false,1,1,1,"7"
NoContext,21,1236,0.06159999999999998357333333,3.62559999999999903317333333,false,1,1,1,"7"
NoContext,22,15,0.06233333333333337488888888,0.04250000000000002833333334,false,1,1,1,"7"
NoContext,22,21,0.06453333333333331612444445,0.06159999999999998357333333,false,2,1,1,"7"
NoContext,22,21,0.06453333333333331612444444,0.06159999999999998357333334,false,2,1,1,"7"
NoContext,22,21,0.06453333333333331612444444,0.06159999999999998357333333,false,1,1,1,"7"
NoContext,22,22,0.06233333333333337488888889,0.06233333333333337488888889,false,48,1,1,"7"
NoContext,22,22,0.06233333333333337488888889,0.06233333333333337488888888,false,7,1,1,"7"
NoContext,22,22,0.06233333333333337488888888,0.06233333333333337488888889,false,5,1,1,"7"
NoContext,22,22,0.0623333333333333748888889,0.0623333333333333748888889,false,141,1,1,"7"
NoContext,22,22,0.0623333333333333748888889,0.0623333333333333748888888,false,16,1,1,"7"
NoContext,22,22,0.0623333333333333748888888,0.0623333333333333748888889,false,19,1,1,"7"
NoContext,22,23,0.06233333333333337488888889,0.06516666666666671011111111,false,4,1,1,"7"
NoContext,22,23,0.0623333333333333748888889,0.0651666666666667101111111,false,7,1,1,"7"
NoContext,22,23,0.0623333333333333748888888,0.0651666666666667101111112,false,3,1,1,"7"
NoContext,22,42,0.06453333333333331612444444,0.12319999999999996714666667,false,3,1,1,"7"
NoContext,22,44,0.06233333333333337488888889,0.12466666666666674977777777,false,5,1,1,"7"
NoContext,22,44,0.06233333333333337488888889,0.12466666666666674977777778,false,8,1,1,"7"
NoContext,22,44,0.06233333333333337488888888,0.12466666666666674977777778,false,1,1,1,"7"
NoContext,22,44,0.0623333333333333748888889,0.1246666666666667497777778,false,8,1,1,"7"
NoContext,22,44,0.0623333333333333748888888,0.1246666666666667497777778,false,1,1,1,"7"
NoContext,22,45,0.06233333333333337488888889,0.12750000000000008500000000,false,3,1,1,"7"
NoContext,22,58,0.0623333333333333748888889,0.1643333333333334428888889,false,2,1,1,"7"
NoContext,22,59,0.0623333333333333748888889,0.1671666666666667781111111,false,4,1,1,"7"
NoContext,22,59,0.0623333333333333748888888,0.1671666666666667781111112,false,1,1,1,"7"
NoContext,22,63,0.06453333333333331612444444,0.18479999999999995072000000,false,1,1,1,"7"
NoContext,22,64,0.06453333333333331612444444,0.18773333333333328327111111,false,2,1,1,"7"
NoContext,22,64,0.06453333333333331612444445,0.18773333333333328327111111,false,1,1,1,"7"
NoContext,22,64,0.06453333333333331612444444,0.18773333333333328327111112,false,1,1,1,"7"
NoContext,22,66,0.06233333333333337488888889,0.18700000000000012466666667,false,3,1,1,"7"
NoContext,22,66,0.06233333333333337488888888,0.18700000000000012466666667,false,1,1,1,"7"
NoContext,22,66,0.06233333333333337488888889,0.18700000000000012466666666,false,1,1,1,"7"
NoContext,22,66,0.0623333333333333748888889,0.1870000000000001246666667,false,9,1,1,"7"
NoContext,22,66,0.0623333333333333748888888,0.1870000000000001246666667,false,1,1,1,"7"
NoContext,22,66,0.0623333333333333748888889,0.1870000000000001246666666,false,6,1,1,"7"
NoContext,22,67,0.06233333333333337488888889,0.18983333333333345988888889,false,2,1,1,"7"
NoContext,22,67,0.0623333333333333748888889,0.1898333333333334598888889,false,1,1,1,"7"
NoContext,22,85,0.06453333333333331612444444,0.24933333333333326684444445,false,1,1,1,"7"
NoContext,22,88,0.06233333333333337488888889,0.24933333333333349955555555,false,2,1,1,"7"
NoContext,22,88,0.0623333333333333748888888,0.2493333333333334995555556,false,3,1,1,"7"
NoContext,22,88,0.0623333333333333748888889,0.2493333333333334995555555,false,8,1,1,"7"
NoContext,22,88,0.0623333333333333748888889,0.2493333333333334995555556,false,4,1,1,"7"
NoContext,22,89,0.0623333333333333748888889,0.2521666666666668347777777,false,4,1,1,"7"
NoContext,22,89,0.0623333333333333748888889,0.2521666666666668347777778,false,4,1,1,"7"
NoContext,22,89,0.0623333333333333748888888,0.2521666666666668347777778,false,1,1,1,"7"
NoContext,22,110,0.06233333333333337488888888,0.31166666666666687444444445,false,1,1,1,"7"
NoContext,22,110,0.06233333333333337488888889,0.31166666666666687444444444,false,1,1,1,"7"
NoContext,22,110,0.0623333333333333748888889,0.3116666666666668744444444,false,2,1,1,"7"
NoContext,22,110,0.0623333333333333748888889,0.3116666666666668744444445,false,1,1,1,"7"
NoContext,22,111,0.06233333333333337488888889,0.31450000000000020966666667,false,1,1,1,"7"
NoContext,22,111,0.0623333333333333748888889,0.3145000000000002096666666,false,1,1,1,"7"
NoContext,22,111,0.0623333333333333748888889,0.3145000000000002096666667,false,2,1,1,"7"
NoContext,22,132,0.06233333333333337488888889,0.37400000000000024933333333,false,1,1,1,"7"
NoContext,22,132,0.0623333333333333748888889,0.3740000000000002493333333,false,70,1,1,"7"
NoContext,22,132,0.0623333333333333748888888,0.3740000000000002493333334,false,16,1,1,"7"
NoContext,22,132,0.0623333333333333748888889,0.3740000000000002493333334,false,17,1,1,"7"
NoContext,22,133,0.0623333333333333748888889,0.3768333333333335845555556,false,28,1,1,"7"
NoContext,22,133,0.0623333333333333748888888,0.3768333333333335845555556,false,5,1,1,"7"
NoContext,22,133,0.0623333333333333748888889,0.3768333333333335845555555,false,27,1,1,"7"
NoContext,22,154,0.0623333333333333748888889,0.4363333333333336242222222,false,26,1,1,"7"
NoContext,22,154,0.0623333333333333748888889,0.4363333333333336242222223,false,5,1,1,"7"
NoContext,22,154,0.0623333333333333748888888,0.4363333333333336242222223,false,3,1,1,"7"
NoContext,22,155,0.0623333333333333748888889,0.4391666666666669594444445,false,6,1,1,"7"
NoContext,22,155,0.0623333333333333748888889,0.4391666666666669594444444,false,11,1,1,"7"
NoContext,22,155,0.0623333333333333748888888,0.4391666666666669594444445,false,2,1,1,"7"
NoContext,22,176,0.0623333333333333748888889,0.4986666666666669991111111,false,8,1,1,"7"
NoContext,22,177,0.0623333333333333748888889,0.5015000000000003343333333,false,10,1,1,"7"
NoContext,22,177,0.0623333333333333748888889,0.5015000000000003343333334,false,2,1,1,"7"
NoContext,22,309,0.0623333333333333748888889,0.8755000000000005836666667,false,1,1,1,"7"
NoContext,22,5206,0.0623333333333333748888889,14.7503333333333431668888888,false,1,1,1,"7"
NoContext,23,21,0.06516666666666671011111111,0.05950000000000003966666667,false,2,1,1,"7"
NoContext,23,22,0.06516666666666671011111111,0.06233333333333337488888889,false,2,1,1,"7"
NoContext,23,22,0.0651666666666667101111111,0.0623333333333333748888889,false,7,1,1,"7"
NoContext,23,22,0.0651666666666667101111112,0.0623333333333333748888888,false,4,1,1,"7"
NoContext,23,44,0.06516666666666671011111111,0.12466666666666674977777778,false,1,1,1,"7"
NoContext,23,44,0.0651666666666667101111112,0.1246666666666667497777777,false,1,1,1,"7"
NoContext,23,66,0.0651666666666667101111111,0.1870000000000001246666667,false,2,1,1,"7"
NoContext,23,88,0.0651666666666667101111111,0.2493333333333334995555555,false,1,1,1,"7"
NoContext,23,88,0.0651666666666667101111111,0.2493333333333334995555556,false,1,1,1,"7"
NoContext,23,88,0.0651666666666667101111112,0.2493333333333334995555555,false,1,1,1,"7"
NoContext,23,110,0.06516666666666671011111111,0.31166666666666687444444444,false,1,1,1,"7"
NoContext,23,132,0.0651666666666667101111111,0.3740000000000002493333334,false,4,1,1,"7"
NoContext,23,132,0.0651666666666667101111112,0.3740000000000002493333333,false,4,1,1,"7"
NoContext,23,132,0.0651666666666667101111111,0.3740000000000002493333333,false,1,1,1,"7"
NoContext,23,154,0.0651666666666667101111111,0.4363333333333336242222222,false,2,1,1,"7"
NoContext,23,154,0.0651666666666667101111112,0.4363333333333336242222222,false,1,1,1,"7"
NoContext,23,176,0.0651666666666667101111112,0.4986666666666669991111111,false,1,1,1,"7"
NoContext,23,485,0.0651666666666667101111111,1.3741666666666675827777778,false,1,1,1,"7"
NoContext,28,28,0.06206666666666669149333333,0.06206666666666669149333333,false,56,1,1,"7"
NoContext,28,28,0.06206666666666669149333334,0.06206666666666669149333333,false,60,1,1,"7"
NoContext,28,28,0.06206666666666669149333333,0.06206666666666669149333334,false,59,1,1,"7"
NoContext,28,29,0.06206666666666669149333333,0.06428333333333335904666667,false,29,1,1,"7"
NoContext,28,29,0.06206666666666669149333334,0.06428333333333335904666666,false,22,1,1,"7"
NoContext,28,56,0.06206666666666669149333333,0.12413333333333338298666667,false,17,1,1,"7"
NoContext,28,56,0.06206666666666669149333334,0.12413333333333338298666666,false,11,1,1,"7"
NoContext,28,57,0.06206666666666669149333333,0.12635000000000005054,false,21,1,1,"7"
NoContext,28,57,0.06206666666666669149333334,0.12635000000000005054000000,false,13,1,1,"7"
NoContext,28,57,0.08213333333333331143111111,0.16719999999999995541333333,false,2,1,1,"7"
NoContext,28,57,0.08213333333333331143111111,0.16719999999999995541333334,false,1,1,1,"7"
NoContext,28,75,0.06206666666666669149333333,0.16625000000000006650,false,1,1,1,"7"
NoContext,28,82,0.0849333333333332484,0.2487333333333330846,false,1,1,1,"7"
NoContext,28,84,0.06206666666666669149333334,0.18620000000000007448000000,false,9,1,1,"7"
NoContext,28,84,0.06206666666666669149333333,0.18620000000000007448,false,13,1,1,"7"
NoContext,28,85,0.06206666666666669149333334,0.18841666666666674203333333,false,24,1,1,"7"
NoContext,28,85,0.06206666666666669149333333,0.18841666666666674203333333,false,16,1,1,"7"
NoContext,28,85,0.06206666666666669149333333,0.18841666666666674203333334,false,13,1,1,"7"
NoContext,28,85,0.08213333333333331143111111,0.24933333333333326684444444,false,5,1,1,"7"
NoContext,28,86,0.08213333333333331143111111,0.25226666666666659939555555,false,3,1,1,"7"
NoContext,28,112,0.06206666666666669149333333,0.24826666666666676597333333,false,1,1,1,"7"
NoContext,28,112,0.06206666666666669149333333,0.24826666666666676597333334,false,1,1,1,"7"
NoContext,28,113,0.06206666666666669149333333,0.25048333333333343352666667,false,31,1,1,"7"
NoContext,28,113,0.06206666666666669149333334,0.25048333333333343352666666,false,9,1,1,"7"
NoContext,28,141,0.06206666666666669149333333,0.31255000000000012502000000,false,11,1,1,"7"
NoContext,28,141,0.06206666666666669149333334,0.31255000000000012502000000,false,4,1,1,"7"
NoContext,28,169,0.06206666666666669149333333,0.37461666666666681651333333,false,2,1,1,"7"
NoContext,28,169,0.06206666666666669149333333,0.37461666666666681651333334,false,2,1,1,"7"
NoContext,28,169,0.06206666666666669149333334,0.37461666666666681651333333,false,4,1,1,"7"
NoContext,28,170,0.06206666666666669149333333,0.37683333333333348406666667,false,2,1,1,"7"
NoContext,28,170,0.06206666666666669149333334,0.37683333333333348406666666,false,1,1,1,"7"
NoContext,28,197,0.06206666666666669149333334,0.43668333333333350800666666,false,9,1,1,"7"
NoContext,28,197,0.06206666666666669149333333,0.43668333333333350800666667,false,14,1,1,"7"
NoContext,28,198,0.06206666666666669149333333,0.43890000000000017556000000,false,16,1,1,"7"
NoContext,28,198,0.06206666666666669149333334,0.43890000000000017556000000,false,9,1,1,"7"
NoContext,28,225,0.06206666666666669149333334,0.49875000000000019950000000,false,1,1,1,"7"
NoContext,28,423,0.062066666666666691493333333,0.93765000000000037506,false,1,1,1,"7"
NoContext,29,15,0.08216666666666672144444444,0.04250000000000002833333334,false,1,1,1,"7"
NoContext,29,15,0.08216666666666672144444444,0.04250000000000002833333333,false,1,1,1,"7"
NoContext,29,28,0.06428333333333335904666667,0.06206666666666669149333333,false,32,1,1,"7"
NoContext,29,28,0.06428333333333335904666666,0.06206666666666669149333334,false,19,1,1,"7"
NoContext,29,29,0.08216666666666672144444444,0.08216666666666672144444445,false,1,1,1,"7"
NoContext,29,29,0.08216666666666672144444445,0.08216666666666672144444444,false,1,1,1,"7"
NoContext,29,30,0.08216666666666672144444444,0.08500000000000005666666667,false,1,1,1,"7"
NoContext,29,30,0.08216666666666672144444445,0.08500000000000005666666667,false,1,1,1,"7"
NoContext,29,44,0.08216666666666672144444445,0.12466666666666674977777778,false,1,1,1,"7"
NoContext,29,45,0.08216666666666672144444445,0.12750000000000008500000000,false,1,1,1,"7"
NoContext,29,45,0.08216666666666672144444444,0.12750000000000008500000000,false,1,1,1,"7"
NoContext,29,56,0.06428333333333335904666667,0.12413333333333338298666667,false,2,1,1,"7"
NoContext,29,56,0.06428333333333335904666666,0.12413333333333338298666667,false,7,1,1,"7"
NoContext,29,56,0.06428333333333335904666667,0.12413333333333338298666666,false,5,1,1,"7"
NoContext,29,56,0.08506666666666664398222222,0.16426666666666662286222222,false,2,1,1,"7"
NoContext,29,57,0.08506666666666664398222222,0.16719999999999995541333333,false,1,1,1,"7"
NoContext,29,57,0.08506666666666664398222222,0.16719999999999995541333334,false,1,1,1,"7"
NoContext,29,59,0.08216666666666672144444444,0.16716666666666677811111111,false,1,1,1,"7"
NoContext,29,59,0.0821666666666667214444444,0.1671666666666667781111111,false,2,1,1,"7"
NoContext,29,59,0.0821666666666667214444444,0.1671666666666667781111112,false,1,1,1,"7"
NoContext,29,75,0.06428333333333335904666667,0.16625000000000006650000000,false,1,1,1,"7"
NoContext,29,84,0.06428333333333335904666667,0.18620000000000007448,false,6,1,1,"7"
NoContext,29,84,0.06428333333333335904666666,0.18620000000000007448000000,false,9,1,1,"7"
NoContext,29,85,0.08506666666666664398222222,0.24933333333333326684444444,false,4,1,1,"7"
NoContext,29,89,0.08216666666666672144444445,0.25216666666666683477777777,false,1,1,1,"7"
NoContext,29,89,0.08216666666666672144444444,0.25216666666666683477777778,false,1,1,1,"7"
NoContext,29,112,0.06428333333333335904666667,0.24826666666666676597333333,false,7,1,1,"7"
NoContext,29,112,0.06428333333333335904666666,0.24826666666666676597333334,false,3,1,1,"7"
NoContext,29,141,0.06428333333333335904666666,0.31255000000000012502000000,false,2,1,1,"7"
NoContext,29,141,0.06428333333333335904666667,0.31255000000000012502,false,1,1,1,"7"
NoContext,29,169,0.06428333333333335904666667,0.37461666666666681651333333,false,5,1,1,"7"
NoContext,29,169,0.06428333333333335904666666,0.37461666666666681651333334,false,3,1,1,"7"
NoContext,29,197,0.06428333333333335904666667,0.43668333333333350800666666,false,7,1,1,"7"
NoContext,29,197,0.06428333333333335904666667,0.43668333333333350800666667,false,2,1,1,"7"
NoContext,29,197,0.06428333333333335904666666,0.43668333333333350800666667,false,1,1,1,"7"
NoContext,29,225,0.06428333333333335904666667,0.49875000000000019950000000,false,2,1,1,"7"
NoContext,29,225,0.06428333333333335904666666,0.49875000000000019950000000,false,1,1,1,"7"
NoContext,29,423,0.064283333333333359046666667,0.937650000000000375060000000,false,1,1,1,"7"
NoContext,30,29,0.08500000000000005666666667,0.08216666666666672144444444,false,2,1,1,"7"
NoContext,30,29,0.0850000000000000566666667,0.0821666666666667214444444,false,2,1,1,"7"
NoContext,30,43,0.08500000000000005666666667,0.12183333333333341455555555,false,1,1,1,"7"
NoContext,30,44,0.08500000000000005666666667,0.12466666666666674977777778,false,4,1,1,"7"
NoContext,30,44,0.08500000000000005666666666,0.12466666666666674977777778,false,4,1,1,"7"
NoContext,30,44,0.08500000000000005666666667,0.12466666666666674977777777,false,3,1,1,"7"
NoContext,30,61,0.0824999999999999175,0.16774999999999983225,false,3,1,1,"10"
NoContext,30,88,0.0850000000000000566666667,0.2493333333333334995555555,false,1,1,1,"7"
NoContext,30,152,0.08249999999999991750,0.41799999999999958200,false,4,1,1,"10"
NoContext,31,60,0.08524999999999991475,0.164999999999999835,false,1,1,1,"10"
NoContext,31,151,0.08524999999999991475,0.41524999999999958475,false,2,1,1,"10"
NoContext,32,17,0.08160000000000000816,0.043350000000000004335,false,4,1,1,"7"
NoContext,32,66,0.08160000000000000816,0.16830000000000001683,false,70,1,1,"7"
NoContext,32,115,0.08160000000000000816,0.293250000000000029325,false,1,1,1,"7"
NoContext,32,161,0.081600000000000008160,0.410550000000000041055,false,1,1,1,"7"
NoContext,32,164,0.08160000000000000816,0.41820000000000004182,false,9,1,1,"7"
NoContext,33,16,0.084150000000000008415,0.04080000000000000408,false,8,1,1,"7"
NoContext,33,65,0.084150000000000008415,0.165750000000000016575,false,133,1,1,"7"
NoContext,33,66,0.084150000000000008415,0.168300000000000016830,false,8,1,1,"7"
NoContext,33,163,0.084150000000000008415,0.415650000000000041565,false,13,1,1,"7"
NoContext,33,164,0.084150000000000008415,0.418200000000000041820,false,2,1,1,"7"
NoContext,34,34,0.1235333333333333951,0.1235333333333333951,false,5,1,1,"7"
NoContext,34,34,0.124666666666666542,0.124666666666666542,false,29,1,1,"7"
NoContext,34,35,0.12353333333333339510,0.12716666666666673025,false,4,1,1,"7"
NoContext,34,35,0.124666666666666542,0.128333333333333205,false,2,1,1,"7"
NoContext,34,69,0.08216666666666663927777778,0.16674999999999994441666667,false,1,1,1,"7"
NoContext,34,69,0.1235333333333333951,0.25070000000000012535,false,1,1,1,"7"
NoContext,34,102,0.08330000000000009163000000,0.24990000000000027489000000,false,1,1,1,"7"
NoContext,34,138,0.1235333333333333951,0.5014000000000002507,false,7,1,1,"7"
NoContext,35,34,0.12716666666666673025,0.12353333333333339510,false,8,1,1,"7"
NoContext,35,34,0.128333333333333205,0.124666666666666542,false,3,1,1,"7"
NoContext,35,36,0.08166666666666658500000000,0.08399999999999991600000000,false,1,1,1,"7"
NoContext,35,36,0.09916666666666673277777778,0.10200000000000006800000000,false,1,1,1,"7"
NoContext,35,53,0.09916666666666673277777778,0.15016666666666676677777778,false,1,1,1,"7"
NoContext,35,68,0.128333333333333205,0.249333333333333084,false,1,1,1,"7"
NoContext,35,69,0.08458333333333330513888889,0.16674999999999994441666667,false,1,1,1,"7"
NoContext,35,88,0.09916666666666673277777778,0.24933333333333349955555556,false,1,1,1,"7"
NoContext,35,108,0.08166666666666658500000000,0.25199999999999974800000000,false,1,1,1,"7"
NoContext,35,137,0.12716666666666673025,0.49776666666666691555,false,1,1,1,"7"
NoContext,35,138,0.12716666666666673025,0.50140000000000025070,false,1,1,1,"7"
NoContext,35,172,0.12716666666666673025,0.6249333333333336458,false,1,1,1,"7"
NoContext,36,35,0.10200000000000006800000000,0.09916666666666673277777778,false,1,1,1,"7"
NoContext,36,53,0.10200000000000006800000000,0.15016666666666676677777778,false,1,1,1,"7"
NoContext,36,70,0.08519999999999992616000000,0.16566666666666652308888888,false,1,1,1,"7"
NoContext,36,70,0.08519999999999992616000000,0.16566666666666652308888889,false,1,1,1,"7"
NoContext,36,71,0.08399999999999991600000000,0.16566666666666650100000000,false,1,1,1,"7"
NoContext,37,22,0.1048333333333334032222222,0.0623333333333333748888889,false,1,1,1,"7"
NoContext,37,28,0.08201666666666669947333334,0.06206666666666669149333333,false,1,1,1,"7"
NoContext,37,76,0.08201666666666669947333334,0.16846666666666673405333333,false,1,1,1,"7"
NoContext,38,37,0.08423333333333336702666666,0.08201666666666669947333334,false,1,1,1,"7"
NoContext,38,38,0.08423333333333336702666667,0.08423333333333336702666667,false,1,1,1,"7"
NoContext,38,75,0.08423333333333336702666667,0.16625000000000006650000000,false,2,1,1,"7"
NoContext,38,112,0.08423333333333336702666667,0.24826666666666676597333333,false,1,1,1,"7"
NoContext,42,14,0.12319999999999996714666667,0.04106666666666665571555556,false,1,1,1,"7"
NoContext,42,15,0.12319999999999996714666667,0.04399999999999998826666667,false,1,1,1,"7"
NoContext,42,22,0.12319999999999996714666667,0.06453333333333331612444444,false,2,1,1,"7"
NoContext,42,29,0.12319999999999996714666667,0.08506666666666664398222222,false,1,1,1,"7"
NoContext,42,42,0.126000000000000126,0.126000000000000126,false,1,1,1,"4"
NoContext,42,43,0.123199999999999967146666667,0.126133333333333299697777777,false,2,1,1,"7"
NoContext,42,43,0.123199999999999967146666667,0.126133333333333299697777778,false,2,1,1,"7"
NoContext,42,43,0.123199999999999967146666666,0.126133333333333299697777778,false,1,1,1,"7"
NoContext,42,43,0.12319999999999996714666666,0.12613333333333329969777778,false,76,1,1,"7"
NoContext,42,43,0.12319999999999996714666667,0.12613333333333329969777777,false,40,1,1,"7"
NoContext,42,43,0.12319999999999996714666667,0.12613333333333329969777778,false,80,1,1,"7"
NoContext,42,83,0.126000000000000126,0.249000000000000249,false,3,1,1,"4"
NoContext,42,85,0.123199999999999967146666667,0.249333333333333266844444444,false,1,1,1,"7"
NoContext,42,85,0.12319999999999996714666667,0.24933333333333326684444444,false,19,1,1,"7"
NoContext,42,85,0.12319999999999996714666666,0.24933333333333326684444445,false,12,1,1,"7"
NoContext,42,85,0.12319999999999996714666667,0.24933333333333326684444445,false,2,1,1,"7"
NoContext,42,86,0.123199999999999967146666666,0.252266666666666599395555556,false,1,1,1,"7"
NoContext,42,86,0.123199999999999967146666667,0.252266666666666599395555556,false,2,1,1,"7"
NoContext,42,86,0.12319999999999996714666666,0.25226666666666659939555556,false,22,1,1,"7"
NoContext,42,86,0.12319999999999996714666667,0.25226666666666659939555555,false,29,1,1,"7"
NoContext,42,86,0.12319999999999996714666667,0.25226666666666659939555556,false,14,1,1,"7"
NoContext,42,128,0.123199999999999967146666667,0.375466666666666566542222222,false,3,1,1,"7"
NoContext,42,128,0.123199999999999967146666666,0.375466666666666566542222223,false,2,1,1,"7"
NoContext,42,128,0.12319999999999996714666667,0.37546666666666656654222222,false,19,1,1,"7"
NoContext,42,128,0.12319999999999996714666666,0.37546666666666656654222223,false,11,1,1,"7"
NoContext,42,128,0.12319999999999996714666666,0.37546666666666656654222222,false,4,1,1,"7"
NoContext,42,171,0.12319999999999996714666667,0.50159999999999986624,false,1,1,1,"7"
NoContext,42,213,0.12319999999999996714666666,0.62479999999999983338666667,false,2,1,1,"7"
NoContext,42,298,0.12319999999999996714666667,0.87413333333333310023111111,false,1,1,1,"7"
NoContext,42,299,0.12319999999999996714666667,0.87706666666666643278222222,false,6,1,1,"7"
NoContext,42,299,0.12319999999999996714666666,0.87706666666666643278222223,false,1,1,1,"7"
NoContext,42,554,0.12319999999999996714666667,1.62506666666666623331555555,false,2,1,1,"7"
NoContext,42,1172,0.12319999999999996714666666,3.43786666666666574990222223,false,1,1,1,"7"
NoContext,43,1,0.12183333333333341455555555,0.00283333333333333522222223,false,3,1,1,"7"
NoContext,43,1,0.12183333333333341455555555,0.00283333333333333522222222,false,2,1,1,"7"
NoContext,43,1,0.12183333333333341455555556,0.00283333333333333522222222,false,2,1,1,"7"
NoContext,43,14,0.12613333333333329969777778,0.04106666666666665571555556,false,6,1,1,"7"
NoContext,43,14,0.12613333333333329969777777,0.04106666666666665571555556,false,1,1,1,"7"
NoContext,43,21,0.12613333333333329969777778,0.06159999999999998357333333,false,7,1,1,"7"
NoContext,43,21,0.12613333333333329969777777,0.06159999999999998357333334,false,3,1,1,"7"
NoContext,43,28,0.12613333333333329969777778,0.08213333333333331143111111,false,1,1,1,"7"
NoContext,43,42,0.126133333333333299697777778,0.123199999999999967146666666,false,1,1,1,"7"
NoContext,43,42,0.126133333333333299697777777,0.123199999999999967146666667,false,3,1,1,"7"
NoContext,43,42,0.12613333333333329969777778,0.12319999999999996714666666,false,59,1,1,"7"
NoContext,43,42,0.12613333333333329969777778,0.12319999999999996714666667,false,75,1,1,"7"
NoContext,43,42,0.12613333333333329969777777,0.12319999999999996714666667,false,41,1,1,"7"
NoContext,43,43,0.126133333333333299697777778,0.126133333333333299697777778,false,2,1,1,"7"
NoContext,43,43,0.126133333333333299697777778,0.126133333333333299697777777,false,1,1,1,"7"
NoContext,43,43,0.12613333333333329969777778,0.12613333333333329969777778,false,65,1,1,"7"
NoContext,43,43,0.12613333333333329969777778,0.12613333333333329969777777,false,21,1,1,"7"
NoContext,43,43,0.12613333333333329969777777,0.12613333333333329969777778,false,19,1,1,"7"
NoContext,43,44,0.12183333333333341455555555,0.12466666666666674977777778,false,2,1,1,"7"
NoContext,43,45,0.12183333333333341455555556,0.12750000000000008500000000,false,1,1,1,"7"
NoContext,43,85,0.126133333333333299697777778,0.249333333333333266844444444,false,3,1,1,"7"
NoContext,43,85,0.126133333333333299697777777,0.249333333333333266844444445,false,2,1,1,"7"
NoContext,43,85,0.12613333333333329969777778,0.24933333333333326684444444,false,86,1,1,"7"
NoContext,43,85,0.12613333333333329969777777,0.24933333333333326684444445,false,27,1,1,"7"
NoContext,43,85,0.12613333333333329969777778,0.24933333333333326684444445,false,46,1,1,"7"
NoContext,43,118,0.12183333333333341455555556,0.33433333333333355622222222,false,1,1,1,"7"
NoContext,43,127,0.12613333333333329969777778,0.37253333333333323399111111,false,5,1,1,"7"
NoContext,43,127,0.12613333333333329969777777,0.37253333333333323399111111,false,3,1,1,"7"
NoContext,43,128,0.126133333333333299697777778,0.375466666666666566542222222,false,2,1,1,"7"
NoContext,43,128,0.12613333333333329969777778,0.37546666666666656654222222,false,24,1,1,"7"
NoContext,43,128,0.12613333333333329969777777,0.37546666666666656654222223,false,9,1,1,"7"
NoContext,43,170,0.12613333333333329969777778,0.49866666666666653368888889,false,1,1,1,"7"
NoContext,43,213,0.12613333333333329969777778,0.62479999999999983338666667,false,1,1,1,"7"
NoContext,43,298,0.12613333333333329969777777,0.87413333333333310023111112,false,1,1,1,"7"
NoContext,43,298,0.12613333333333329969777778,0.87413333333333310023111111,false,4,1,1,"7"
NoContext,43,469,0.12613333333333329969777778,1.37573333333333296647111111,false,1,1,1,"7"
NoContext,43,639,0.12613333333333329969777778,1.87439999999999950016000000,false,1,1,1,"7"
NoContext,44,1,0.12466666666666674977777778,0.00283333333333333522222222,false,4,1,1,"7"
NoContext,44,1,0.12466666666666674977777777,0.00283333333333333522222223,false,1,1,1,"7"
NoContext,44,14,0.12466666666666674977777778,0.03966666666666669311111111,false,9,1,1,"7"
NoContext,44,14,0.12466666666666674977777777,0.03966666666666669311111112,false,2,1,1,"7"
NoContext,44,14,0.12466666666666674977777777,0.03966666666666669311111111,false,1,1,1,"7"
NoContext,44,15,0.12466666666666674977777778,0.04250000000000002833333333,false,6,1,1,"7"
NoContext,44,15,0.12466666666666674977777777,0.04250000000000002833333334,false,2,1,1,"7"
NoContext,44,15,0.12466666666666674977777778,0.04250000000000002833333334,false,1,1,1,"7"
NoContext,44,22,0.12466666666666674977777777,0.06233333333333337488888889,false,2,1,1,"7"
NoContext,44,22,0.12466666666666674977777778,0.06233333333333337488888889,false,6,1,1,"7"
NoContext,44,22,0.12466666666666674977777778,0.06233333333333337488888888,false,1,1,1,"7"
NoContext,44,22,0.1246666666666667497777778,0.0623333333333333748888889,false,8,1,1,"7"
NoContext,44,22,0.1246666666666667497777777,0.0623333333333333748888889,false,1,1,1,"7"
NoContext,44,22,0.1246666666666667497777778,0.0623333333333333748888888,false,1,1,1,"7"
NoContext,44,23,0.1246666666666667497777778,0.0651666666666667101111111,false,1,1,1,"7"
NoContext,44,29,0.12466666666666674977777777,0.08216666666666672144444445,false,2,1,1,"7"
NoContext,44,29,0.12466666666666674977777778,0.08216666666666672144444444,false,2,1,1,"7"
NoContext,44,43,0.12466666666666674977777778,0.12183333333333341455555555,false,5,1,1,"7"
NoContext,44,43,0.12466666666666674977777778,0.12183333333333341455555556,false,1,1,1,"7"
NoContext,44,43,0.12466666666666674977777777,0.12183333333333341455555556,false,1,1,1,"7"
NoContext,44,44,0.12466666666666674977777778,0.12466666666666674977777778,false,161,1,1,"7"
NoContext,44,44,0.12466666666666674977777778,0.12466666666666674977777777,false,67,1,1,"7"
NoContext,44,44,0.12466666666666674977777777,0.12466666666666674977777778,false,53,1,1,"7"
NoContext,44,44,0.12466666666666674977777777,0.12466666666666674977777778,true,1,1,1,"7"
NoContext,44,44,0.12466666666666674977777778,0.12466666666666674977777777,true,1,1,1,"7"
NoContext,44,44,0.12466666666666674977777778,0.12466666666666674977777778,true,3,1,1,"7"
NoContext,44,44,0.1246666666666667497777778,0.1246666666666667497777778,false,46,1,1,"7"
NoContext,44,44,0.1246666666666667497777777,0.1246666666666667497777778,false,19,1,1,"7"
NoContext,44,44,0.1246666666666667497777778,0.1246666666666667497777777,false,10,1,1,"7"
NoContext,44,45,0.12466666666666674977777777,0.12750000000000008500000000,false,15,1,1,"7"
NoContext,44,45,0.12466666666666674977777778,0.12750000000000008500000000,false,32,1,1,"7"
NoContext,44,45,0.12466666666666674977777778,0.12750000000000008500000000,true,1,1,1,"7"
NoContext,44,45,0.1246666666666667497777777,0.1275000000000000850000000,false,1,1,1,"7"
NoContext,44,45,0.1246666666666667497777778,0.1275000000000000850000000,false,7,1,1,"7"
NoContext,44,58,0.12466666666666674977777778,0.16433333333333344288888888,false,1,1,1,"7"
NoContext,44,58,0.12466666666666674977777778,0.16433333333333344288888889,false,1,1,1,"7"
NoContext,44,66,0.12466666666666674977777778,0.18700000000000012466666667,false,1,1,1,"7"
NoContext,44,73,0.12466666666666674977777778,0.20683333333333347122222222,false,1,1,1,"7"
NoContext,44,86,0.12466666666666674977777778,0.24366666666666682911111111,false,1,1,1,"7"
NoContext,44,88,0.12466666666666674977777778,0.24933333333333349955555555,false,31,1,1,"7"
NoContext,44,88,0.12466666666666674977777777,0.24933333333333349955555556,false,15,1,1,"7"
NoContext,44,88,0.12466666666666674977777778,0.24933333333333349955555556,false,14,1,1,"7"
NoContext,44,88,0.12466666666666674977777778,0.24933333333333349955555555,true,1,1,1,"7"
NoContext,44,88,0.1246666666666667497777778,0.2493333333333334995555555,false,5,1,1,"7"
NoContext,44,88,0.1246666666666667497777778,0.2493333333333334995555556,false,3,1,1,"7"
NoContext,44,89,0.12466666666666674977777777,0.25216666666666683477777778,false,3,1,1,"7"
NoContext,44,89,0.12466666666666674977777778,0.25216666666666683477777778,false,5,1,1,"7"
NoContext,44,89,0.1246666666666667497777777,0.2521666666666668347777778,false,2,1,1,"7"
NoContext,44,89,0.1246666666666667497777778,0.2521666666666668347777778,false,2,1,1,"7"
NoContext,44,117,0.12466666666666674977777778,0.33150000000000022100000000,false,7,1,1,"7"
NoContext,44,117,0.12466666666666674977777777,0.33150000000000022100000000,false,1,1,1,"7"
NoContext,44,118,0.12466666666666674977777777,0.33433333333333355622222223,false,1,1,1,"7"
NoContext,44,118,0.12466666666666674977777778,0.33433333333333355622222222,false,2,1,1,"7"
NoContext,44,132,0.12466666666666674977777778,0.37400000000000024933333333,false,4,1,1,"7"
NoContext,44,132,0.12466666666666674977777777,0.37400000000000024933333334,false,1,1,1,"7"
NoContext,44,132,0.12466666666666674977777778,0.37400000000000024933333334,false,1,1,1,"7"
NoContext,44,132,0.1246666666666667497777778,0.3740000000000002493333333,false,12,1,1,"7"
NoContext,44,132,0.1246666666666667497777777,0.3740000000000002493333334,false,1,1,1,"7"
NoContext,44,133,0.12466666666666674977777778,0.37683333333333358455555556,false,1,1,1,"7"
NoContext,44,133,0.12466666666666674977777778,0.37683333333333358455555555,false,1,1,1,"7"
NoContext,44,133,0.1246666666666667497777778,0.3768333333333335845555555,false,3,1,1,"7"
NoContext,44,176,0.1246666666666667497777778,0.4986666666666669991111111,false,1,1,1,"7"
NoContext,44,177,0.1246666666666667497777778,0.5015000000000003343333333,false,2,1,1,"7"
NoContext,44,177,0.1246666666666667497777777,0.5015000000000003343333334,false,1,1,1,"7"
NoContext,45,14,0.12750000000000008500000000,0.03966666666666669311111112,false,1,1,1,"7"
NoContext,45,14,0.12750000000000008500000000,0.03966666666666669311111111,false,3,1,1,"7"
NoContext,45,22,0.12750000000000008500000000,0.06233333333333337488888889,false,2,1,1,"7"
NoContext,45,43,0.12750000000000008500000000,0.12183333333333341455555555,false,1,1,1,"7"
NoContext,45,43,0.12750000000000008500000000,0.12183333333333341455555556,false,1,1,1,"7"
NoContext,45,43,0.1275000000000000850000000,0.1218333333333334145555555,false,1,1,1,"7"
NoContext,45,44,0.12750000000000008500000000,0.12466666666666674977777778,false,53,1,1,"7"
NoContext,45,44,0.12750000000000008500000000,0.12466666666666674977777777,false,7,1,1,"7"
NoContext,45,44,0.1275000000000000850000000,0.1246666666666667497777778,false,10,1,1,"7"
NoContext,45,44,0.1275000000000000850000000,0.1246666666666667497777777,false,3,1,1,"7"
NoContext,45,45,0.12374999999999987625,0.12374999999999987625,false,1,1,1,"10"
NoContext,45,45,0.164999999999999835,0.164999999999999835,false,2,1,1,"7"
NoContext,45,46,0.12374999999999987625,0.12649999999999987350,false,2,1,1,"10"
NoContext,45,46,0.12300000000000012300000000,0.12573333333333345906666666,false,3,1,1,"7"
NoContext,45,46,0.1230000000000001230,0.12573333333333345906666667,false,5,1,1,"7"
NoContext,45,46,0.164999999999999835,0.168666666666666498,false,5,1,1,"7"
NoContext,45,88,0.12750000000000008500000000,0.24933333333333349955555556,false,6,1,1,"7"
NoContext,45,88,0.12750000000000008500000000,0.24933333333333349955555555,false,3,1,1,"7"
NoContext,45,92,0.12300000000000012300000000,0.25146666666666691813333333,false,1,1,1,"7"
NoContext,45,110,0.12750000000000008500000000,0.31166666666666687444444444,false,1,1,1,"7"
NoContext,45,132,0.1275000000000000850000000,0.3740000000000002493333333,false,1,1,1,"7"
NoContext,45,136,0.12374999999999987625,0.37399999999999962600,false,2,1,1,"10"
NoContext,45,137,0.164999999999999835,0.502333333333332831,false,1,1,1,"7"
NoContext,45,154,0.1275000000000000850000000,0.4363333333333336242222223,false,1,1,1,"7"
NoContext,45,182,0.12374999999999987625,0.5004999999999994995,false,2,1,1,"10"
NoContext,46,45,0.1264999999999998735,0.12374999999999987625,false,1,1,1,"10"
NoContext,46,45,0.125733333333333459066666667,0.123000000000000123000000000,false,1,1,1,"7"
NoContext,46,45,0.12573333333333345906666666,0.12300000000000012300000000,false,2,1,1,"7"
NoContext,46,45,0.12573333333333345906666667,0.12300000000000012300000000,false,2,1,1,"7"
NoContext,46,45,0.168666666666666498,0.164999999999999835,false,10,1,1,"7"
NoContext,46,46,0.16713333333333341690,0.16713333333333341690,false,4,1,1,"7"
NoContext,46,46,0.125733333333333459066666667,0.125733333333333459066666666,false,1,1,1,"7"
NoContext,46,46,0.12573333333333345906666667,0.12573333333333345906666666,false,3,1,1,"7"
NoContext,46,46,0.12573333333333345906666666,0.12573333333333345906666667,false,5,1,1,"7"
NoContext,46,46,0.12573333333333345906666667,0.12573333333333345906666667,false,2,1,1,"7"
NoContext,46,69,0.1671333333333334169,0.25070000000000012535,false,1,1,1,"7"
NoContext,46,136,0.12649999999999987350,0.37399999999999962600,false,2,1,1,"10"
NoContext,46,181,0.12649999999999987350,0.49774999999999950225,false,1,1,1,"10"
NoContext,46,182,0.12649999999999987350,0.50049999999999949950,false,1,1,1,"10"
NoContext,46,183,0.12573333333333345906666667,0.50020000000000050020000000,false,2,1,1,"7"
NoContext,49,32,0.124950000000000012495,0.08160000000000000816,false,1,1,1,"7"
NoContext,49,33,0.124950000000000012495,0.084150000000000008415,false,1,1,1,"7"
NoContext,49,49,0.124950000000000012495,0.124950000000000012495,false,355,2,2,"7"
NoContext,49,50,0.124950000000000012495,0.127500000000000012750,false,6,1,1,"7"
NoContext,49,98,0.124950000000000012495,0.24990000000000002499,false,52,1,1,"7"
NoContext,49,99,0.124950000000000012495,0.252450000000000025245,false,2,1,1,"7"
NoContext,49,147,0.124950000000000012495,0.374850000000000037485,false,4,1,1,"7"
NoContext,49,148,0.124950000000000012495,0.377400000000000037740,false,1,1,1,"7"
NoContext,49,196,0.124950000000000012495,0.499800000000000049980,false,2,1,1,"7"
NoContext,49,245,0.124950000000000012495,0.624750000000000062475,false,1,1,1,"7"
NoContext,49,294,0.124950000000000012495,0.74970000000000007497,false,1,1,1,"7"
NoContext,50,49,0.12750000000000001275,0.124950000000000012495,false,9,1,1,"7"
NoContext,50,98,0.127500000000000012750,0.249900000000000024990,false,1,1,1,"7"
NoContext,51,7,0.1445000000000000963333334,0.0198333333333333465555555,false,1,1,1,"7"
NoContext,51,22,0.14450000000000009633333333,0.06233333333333337488888889,false,1,1,1,"7"
NoContext,51,51,0.12495000000000013744500000,0.12495000000000013744500000,false,1,1,1,"7"
NoContext,51,153,0.12495000000000013744500000,0.37485000000000041233500000,false,1,1,1,"7"
NoContext,51,204,0.12495000000000013744500000,0.49980000000000054978000000,false,1,1,1,"7"
NoContext,52,53,0.12306666666666656000888889,0.12543333333333322462444444,false,1,1,1,"7"
NoContext,52,86,0.1889333333333334278,0.3124666666666668229,false,1,1,1,"7"
NoContext,52,88,0.12306666666666656000888889,0.20826666666666648616888889,false,1,1,1,"7"
NoContext,53,18,0.15016666666666676677777778,0.05100000000000003400000000,false,1,1,1,"7"
NoContext,53,35,0.15016666666666676677777778,0.09916666666666673277777778,false,1,1,1,"7"
NoContext,53,35,0.15016666666666676677777777,0.09916666666666673277777778,false,1,1,1,"7"
NoContext,53,88,0.12543333333333322462444445,0.20826666666666648616888889,false,1,1,1,"7"
NoContext,53,88,0.12543333333333322462444444,0.20826666666666648616888889,false,1,1,1,"7"
NoContext,53,88,0.12543333333333322462444445,0.20826666666666648616888888,false,1,1,1,"7"
NoContext,53,88,0.15016666666666676677777778,0.24933333333333349955555555,false,1,1,1,"7"
NoContext,53,106,0.12543333333333322462444444,0.25086666666666644924888889,false,1,1,1,"7"
NoContext,56,28,0.12413333333333338298666667,0.06206666666666669149333333,false,16,1,1,"7"
NoContext,56,28,0.12413333333333338298666666,0.06206666666666669149333334,false,15,1,1,"7"
NoContext,56,29,0.12413333333333338298666667,0.06428333333333335904666667,false,7,1,1,"7"
NoContext,56,29,0.12413333333333338298666666,0.06428333333333335904666667,false,5,1,1,"7"
NoContext,56,29,0.12413333333333338298666667,0.06428333333333335904666666,false,9,1,1,"7"
NoContext,56,43,0.16426666666666662286222222,0.12613333333333329969777778,false,2,1,1,"7"
NoContext,56,56,0.124133333333333382986666667,0.124133333333333382986666666,false,4,1,1,"7"
NoContext,56,56,0.124133333333333382986666667,0.124133333333333382986666667,false,3,1,1,"7"
NoContext,56,56,0.12413333333333338298666667,0.12413333333333338298666666,false,18,1,1,"7"
NoContext,56,56,0.12413333333333338298666667,0.12413333333333338298666667,false,20,1,1,"7"
NoContext,56,56,0.12413333333333338298666666,0.12413333333333338298666667,false,16,1,1,"7"
NoContext,56,57,0.124133333333333382986666666,0.126350000000000050540000000,false,8,1,1,"7"
NoContext,56,57,0.124133333333333382986666667,0.12635000000000005054,false,9,1,1,"7"
NoContext,56,57,0.12413333333333338298666666,0.12635000000000005054000000,false,29,1,1,"7"
NoContext,56,57,0.12413333333333338298666667,0.12635000000000005054,false,49,1,1,"7"
NoContext,56,85,0.12413333333333338298666666,0.18841666666666674203333334,false,2,1,1,"7"
NoContext,56,113,0.124133333333333382986666667,0.250483333333333433526666667,false,1,1,1,"7"
NoContext,56,113,0.124133333333333382986666666,0.250483333333333433526666667,false,1,1,1,"7"
NoContext,56,113,0.12413333333333338298666667,0.25048333333333343352666667,false,10,1,1,"7"
NoContext,56,113,0.12413333333333338298666666,0.25048333333333343352666667,false,14,1,1,"7"
NoContext,56,113,0.12413333333333338298666667,0.25048333333333343352666666,false,11,1,1,"7"
NoContext,56,169,0.12413333333333338298666667,0.37461666666666681651333333,false,2,1,1,"7"
NoContext,56,226,0.12413333333333338298666667,0.50096666666666686705333333,false,2,1,1,"7"
NoContext,57,28,0.12635000000000005054,0.06206666666666669149333333,false,24,1,1,"7"
NoContext,57,28,0.12635000000000005054000000,0.06206666666666669149333334,false,15,1,1,"7"
NoContext,57,28,0.16719999999999995541333334,0.08213333333333331143111111,false,2,1,1,"7"
NoContext,57,28,0.16719999999999995541333333,0.08213333333333331143111111,false,1,1,1,"7"
NoContext,57,42,0.16719999999999995541333333,0.12319999999999996714666667,false,2,1,1,"7"
NoContext,57,43,0.16719999999999995541333333,0.12613333333333329969777778,false,1,1,1,"7"
NoContext,57,43,0.16719999999999995541333334,0.12613333333333329969777777,false,1,1,1,"7"
NoContext,57,56,0.126350000000000050540000000,0.124133333333333382986666666,false,4,1,1,"7"
NoContext,57,56,0.126350000000000050540000000,0.124133333333333382986666667,false,11,1,1,"7"
NoContext,57,56,0.12635000000000005054000000,0.12413333333333338298666666,false,36,1,1,"7"
NoContext,57,56,0.12635000000000005054,0.12413333333333338298666667,false,45,1,1,"7"
NoContext,57,57,0.16719999999999995541333334,0.16719999999999995541333333,false,1,1,1,"7"
NoContext,57,60,0.145350000000000014535,0.15300000000000001530,false,1,1,1,"7"
NoContext,57,112,0.126350000000000050540000000,0.248266666666666765973333334,false,1,1,1,"7"
NoContext,57,112,0.12635000000000005054,0.24826666666666676597333333,false,6,1,1,"7"
NoContext,57,112,0.12635000000000005054000000,0.24826666666666676597333334,false,2,1,1,"7"
NoContext,57,113,0.12635000000000005054,0.250483333333333433526666667,false,1,1,1,"7"
NoContext,57,113,0.12635000000000005054,0.25048333333333343352666667,false,5,1,1,"7"
NoContext,57,169,0.12635000000000005054000000,0.37461666666666681651333334,false,1,1,1,"7"
NoContext,57,169,0.12635000000000005054000000,0.37461666666666681651333333,false,2,1,1,"7"
NoContext,57,197,0.12635000000000005054,0.43668333333333350800666667,false,1,1,1,"7"
NoContext,57,225,0.12635000000000005054,0.49875000000000019950,false,2,1,1,"7"
NoContext,57,394,0.12635000000000005054,0.873366666666667016013333333,false,1,1,1,"7"
NoContext,58,30,0.1643333333333334428888889,0.0850000000000000566666667,false,1,1,1,"7"
NoContext,58,37,0.1643333333333334428888889,0.1048333333333334032222222,false,1,1,1,"7"
NoContext,58,45,0.1643333333333334428888889,0.1275000000000000850000000,false,1,1,1,"7"
NoContext,58,59,0.16433333333333344288888889,0.16716666666666677811111111,false,4,1,1,"7"
NoContext,58,59,0.1643333333333334428888888,0.1671666666666667781111112,false,4,1,1,"7"
NoContext,58,59,0.1643333333333334428888889,0.1671666666666667781111111,false,29,1,1,"7"
NoContext,58,60,0.14790000000000001479,0.1530000000000000153,false,1,1,1,"7"
NoContext,58,74,0.16433333333333344288888888,0.20966666666666680644444445,false,2,1,1,"7"
NoContext,58,74,0.16433333333333344288888889,0.20966666666666680644444444,false,3,1,1,"7"
NoContext,59,30,0.16716666666666677811111111,0.08500000000000005666666667,false,1,1,1,"7"
NoContext,59,30,0.1671666666666667781111111,0.0850000000000000566666667,false,3,1,1,"7"
NoContext,59,44,0.16716666666666677811111111,0.12466666666666674977777778,false,1,1,1,"7"
NoContext,59,51,0.1671666666666667781111111,0.1445000000000000963333334,false,1,1,1,"7"
NoContext,59,58,0.16716666666666677811111111,0.16433333333333344288888889,false,3,1,1,"7"
NoContext,59,58,0.1671666666666667781111111,0.1643333333333334428888889,false,29,1,1,"7"
NoContext,59,58,0.1671666666666667781111112,0.1643333333333334428888888,false,3,1,1,"7"
NoContext,59,59,0.16716666666666677811111111,0.16716666666666677811111112,false,3,1,1,"7"
NoContext,59,59,0.16716666666666677811111112,0.16716666666666677811111111,false,6,1,1,"7"
NoContext,59,59,0.16716666666666677811111111,0.16716666666666677811111111,false,11,1,1,"7"
NoContext,59,59,0.1671666666666667781111111,0.1671666666666667781111111,false,93,1,1,"7"
NoContext,59,59,0.1671666666666667781111111,0.1671666666666667781111112,false,10,1,1,"7"
NoContext,59,59,0.1671666666666667781111112,0.1671666666666667781111111,false,11,1,1,"7"
NoContext,59,60,0.16520000000000006608000000,0.16800000000000006720000000,false,8,1,1,"7"
NoContext,59,74,0.16716666666666677811111111,0.20966666666666680644444444,false,2,1,1,"7"
NoContext,59,74,0.16716666666666677811111112,0.20966666666666680644444444,false,1,1,1,"7"
NoContext,59,88,0.16716666666666677811111111,0.24933333333333349955555555,false,2,1,1,"7"
NoContext,59,88,0.16716666666666677811111112,0.24933333333333349955555555,false,1,1,1,"7"
NoContext,59,88,0.1671666666666667781111111,0.2493333333333334995555555,false,2,1,1,"7"
NoContext,59,88,0.1671666666666667781111111,0.2493333333333334995555556,false,1,1,1,"7"
NoContext,59,118,0.16716666666666677811111111,0.33433333333333355622222222,false,1,1,1,"7"
NoContext,59,176,0.16716666666666677811111111,0.49866666666666699911111112,false,1,1,1,"7"
NoContext,59,176,0.1671666666666667781111111,0.4986666666666669991111111,false,1,1,1,"7"
NoContext,59,177,0.16716666666666677811111111,0.50150000000000033433333333,false,1,1,1,"7"
NoContext,59,177,0.1671666666666667781111111,0.5015000000000003343333333,false,2,1,1,"7"
NoContext,59,353,0.1671666666666667781111111,1.0001666666666673334444444,false,1,1,1,"7"
NoContext,60,31,0.16499999999999983500,0.08524999999999991475,false,5,1,1,"10"
NoContext,60,58,0.16800000000000006720000000,0.16240000000000006496000000,false,1,1,1,"7"
NoContext,60,59,0.16800000000000006720000000,0.16520000000000006608000000,false,2,1,1,"7"
NoContext,60,60,0.15300000000000001530,0.15300000000000001530,false,6,1,1,"7"
NoContext,60,61,0.16499999999999983500,0.16774999999999983225,false,17,1,1,"10"
NoContext,60,91,0.1649999999999998350,0.25024999999999974975,false,2,1,1,"10"
NoContext,60,157,0.15300000000000001530,0.400350000000000040035,false,2,1,1,"7"
NoContext,60,158,0.15300000000000001530,0.40290000000000004029,false,6,1,1,"7"
NoContext,60,182,0.164999999999999835,0.5004999999999994995,false,3,1,1,"10"
NoContext,60,243,0.1649999999999998350,0.66824999999999933175,false,3,1,1,"10"
NoContext,61,30,0.16774999999999983225,0.0824999999999999175,false,1,1,1,"10"
NoContext,61,60,0.16774999999999983225,0.1649999999999998350,false,15,1,1,"10"
NoContext,61,61,0.16774999999999983225,0.16774999999999983225,false,9,1,1,"10"
NoContext,61,181,0.16774999999999983225,0.49774999999999950225,false,2,1,1,"10"
NoContext,61,182,0.16774999999999983225,0.5004999999999994995,false,3,1,1,"10"
NoContext,61,242,0.16774999999999983225,0.6654999999999993345,false,1,1,1,"10"
NoContext,63,86,0.18479999999999995072000000,0.25226666666666659939555556,false,1,1,1,"7"
NoContext,63,126,0.16589999999999998894000000,0.33179999999999997788000000,false,1,1,1,"7"
NoContext,63,127,0.16589999999999998894000000,0.33443333333333331103777778,false,1,1,1,"7"
NoContext,64,63,0.16853333333333332209777778,0.16589999999999998894000000,false,1,1,1,"7"
NoContext,64,85,0.18773333333333328327111111,0.24933333333333326684444445,false,2,1,1,"7"
NoContext,64,85,0.18773333333333328327111111,0.24933333333333326684444444,false,1,1,1,"7"
NoContext,64,85,0.18773333333333328327111112,0.24933333333333326684444444,false,1,1,1,"7"
NoContext,64,86,0.18773333333333328327111111,0.25226666666666659939555556,false,2,1,1,"7"
NoContext,65,33,0.165750000000000016575,0.084150000000000008415,false,114,1,1,"7"
NoContext,65,49,0.165750000000000016575,0.124950000000000012495,false,1,1,1,"7"
NoContext,65,71,0.18416666666666678944444445,0.20116666666666680077777778,false,1,1,1,"7"
NoContext,65,98,0.165750000000000016575,0.24990000000000002499,false,19,1,1,"7"
NoContext,66,1,0.18700000000000012466666667,0.00283333333333333522222222,false,1,1,1,"7"
NoContext,66,22,0.18700000000000012466666667,0.06233333333333337488888889,false,4,1,1,"7"
NoContext,66,22,0.1870000000000001246666667,0.0623333333333333748888889,false,13,1,1,"7"
NoContext,66,22,0.1870000000000001246666666,0.0623333333333333748888889,false,11,1,1,"7"
NoContext,66,22,0.1870000000000001246666667,0.0623333333333333748888888,false,2,1,1,"7"
NoContext,66,23,0.1870000000000001246666667,0.0651666666666667101111111,false,2,1,1,"7"
NoContext,66,23,0.1870000000000001246666666,0.0651666666666667101111112,false,1,1,1,"7"
NoContext,66,32,0.16830000000000001683,0.08160000000000000816,false,62,1,1,"7"
NoContext,66,33,0.16830000000000001683,0.084150000000000008415,false,7,1,1,"7"
NoContext,66,44,0.18700000000000012466666667,0.12466666666666674977777777,false,1,1,1,"7"
NoContext,66,44,0.18700000000000012466666667,0.12466666666666674977777778,false,1,1,1,"7"
NoContext,66,44,0.1870000000000001246666667,0.1246666666666667497777778,false,1,1,1,"7"
NoContext,66,67,0.1870000000000001246666667,0.1898333333333334598888889,false,1,1,1,"7"
NoContext,66,88,0.18700000000000012466666667,0.24933333333333349955555556,false,1,1,1,"7"
NoContext,66,89,0.18700000000000012466666666,0.25216666666666683477777778,false,1,1,1,"7"
NoContext,66,98,0.168300000000000016830,0.249900000000000024990,false,7,1,1,"7"
NoContext,66,177,0.1870000000000001246666667,0.5015000000000003343333333,false,1,1,1,"7"
NoContext,67,22,0.18983333333333345988888889,0.06233333333333337488888889,false,1,1,1,"7"
NoContext,67,22,0.1898333333333334598888889,0.0623333333333333748888889,false,7,1,1,"7"
NoContext,67,22,0.1898333333333334598888889,0.0623333333333333748888888,false,1,1,1,"7"
NoContext,67,44,0.18983333333333345988888889,0.12466666666666674977777778,false,1,1,1,"7"
NoContext,68,34,0.16660000000000018326000000,0.08330000000000009163000000,false,1,1,1,"7"
NoContext,68,34,0.249333333333333084,0.124666666666666542,false,2,1,1,"7"
NoContext,68,35,0.2470666666666667902,0.12716666666666673025,false,1,1,1,"7"
NoContext,68,68,0.249333333333333084,0.249333333333333084,false,584,1,1,"7"
NoContext,68,69,0.2470666666666667902,0.25070000000000012535,false,70,1,1,"7"
NoContext,68,69,0.249333333333333084,0.252999999999999747,false,186,1,1,"7"
NoContext,68,136,0.249333333333333084,0.498666666666666168,false,25,1,1,"7"
NoContext,68,137,0.249333333333333084,0.502333333333332831,false,23,1,1,"7"
NoContext,68,138,0.2470666666666667902,0.5014000000000002507,false,6,1,1,"7"
NoContext,68,204,0.249333333333333084,0.747999999999999252,false,1,1,1,"7"
NoContext,68,273,0.249333333333333084,1.000999999999998999,false,4,1,1,"7"
NoContext,68,546,0.249333333333333084,2.001999999999997998,false,1,1,1,"7"
NoContext,69,34,0.252999999999999747,0.124666666666666542,false,1,1,1,"7"
NoContext,69,68,0.25070000000000012535,0.2470666666666667902,false,68,1,1,"7"
NoContext,69,68,0.252999999999999747,0.249333333333333084,false,177,1,1,"7"
NoContext,69,69,0.25070000000000012535,0.25070000000000012535,false,223,1,1,"7"
NoContext,69,92,0.25070000000000012535,0.3342666666666668338,false,1,1,1,"7"
NoContext,69,136,0.252999999999999747,0.498666666666666168,false,12,1,1,"7"
NoContext,69,137,0.25070000000000012535,0.49776666666666691555,false,17,1,1,"7"
NoContext,69,138,0.16674999999999994441666667,0.33349999999999988883333333,false,1,1,1,"7"
NoContext,69,138,0.25070000000000012535,0.50140000000000025070,false,12,1,1,"7"
NoContext,69,206,0.25070000000000012535,0.7484666666666670409,false,1,1,1,"7"
NoContext,69,207,0.16674999999999994441666667,0.50024999999999983325000000,false,1,1,1,"7"
NoContext,69,412,0.25070000000000012535,1.49693333333333408180,false,1,1,1,"7"
NoContext,70,6,0.19833333333333346555555556,0.01700000000000001133333333,false,1,1,1,"7"
NoContext,70,36,0.19833333333333346555555555,0.10200000000000006800000000,false,1,1,1,"7"
NoContext,70,53,0.16566666666666652308888888,0.12543333333333322462444445,false,1,1,1,"7"
NoContext,70,53,0.16566666666666652308888889,0.12543333333333322462444444,false,1,1,1,"7"
NoContext,70,53,0.16566666666666652308888889,0.12543333333333322462444445,false,1,1,1,"7"
NoContext,70,59,0.19833333333333346555555555,0.16716666666666677811111112,false,1,1,1,"7"
NoContext,70,71,0.19833333333333346555555556,0.20116666666666680077777777,false,1,1,1,"7"
NoContext,70,88,0.19833333333333346555555556,0.24933333333333349955555555,false,1,1,1,"7"
NoContext,70,177,0.19833333333333346555555555,0.50150000000000033433333333,false,1,1,1,"7"
NoContext,70,212,0.16566666666666652308888889,0.50173333333333289849777777,false,1,1,1,"7"
NoContext,71,18,0.20116666666666680077777778,0.05100000000000003400000000,false,1,1,1,"7"
NoContext,71,70,0.20116666666666680077777777,0.19833333333333346555555556,false,1,1,1,"7"
NoContext,71,70,0.20116666666666680077777778,0.19833333333333346555555555,false,2,1,1,"7"
NoContext,71,70,0.20116666666666680077777778,0.19833333333333346555555556,false,2,1,1,"7"
NoContext,71,71,0.20116666666666680077777777,0.20116666666666680077777778,false,1,1,1,"7"
NoContext,71,72,0.16566666666666650100000000,0.16799999999999983200000000,false,2,1,1,"7"
NoContext,71,215,0.16566666666666650100000000,0.50166666666666616500000000,false,1,1,1,"7"
NoContext,72,35,0.16799999999999983200000000,0.08166666666666658500000000,false,2,1,1,"7"
NoContext,73,15,0.20683333333333347122222222,0.04250000000000002833333333,false,1,1,1,"7"
NoContext,74,43,0.20966666666666680644444444,0.12183333333333341455555556,false,6,1,1,"7"
NoContext,74,43,0.20966666666666680644444445,0.12183333333333341455555555,false,1,1,1,"7"
NoContext,74,44,0.20966666666666680644444445,0.12466666666666674977777778,false,3,1,1,"7"
NoContext,74,44,0.20966666666666680644444444,0.12466666666666674977777778,false,8,1,1,"7"
NoContext,74,44,0.20966666666666680644444445,0.12466666666666674977777777,false,4,1,1,"7"
NoContext,74,196,0.188700000000000018870,0.499800000000000049980,false,1,1,1,"7"
NoContext,75,38,0.16625000000000006650000000,0.08423333333333336702666667,false,2,1,1,"7"
NoContext,75,38,0.16625000000000006650000000,0.08423333333333336702666666,false,1,1,1,"7"
NoContext,75,75,0.16625000000000006650,0.16625000000000006650,false,56,1,1,"7"
NoContext,75,75,0.16625000000000006650000000,0.16625000000000006650000000,true,1,1,1,"7"
NoContext,75,75,0.191250000000000019125,0.191250000000000019125,false,1,1,1,"7"
NoContext,75,76,0.16625000000000006650,0.16846666666666673405333333,false,11,1,1,"7"
NoContext,75,76,0.16625000000000006650000000,0.16846666666666673405333334,false,3,1,1,"7"
NoContext,75,76,0.16625000000000006650000000,0.16846666666666673405333334,true,1,1,1,"7"
NoContext,75,113,0.1662500000000000665,0.25048333333333343352666667,false,1,1,1,"7"
NoContext,75,150,0.191250000000000019125,0.38250000000000003825,false,8,1,1,"7"
NoContext,75,151,0.16625000000000006650,0.33471666666666680055333333,false,1,1,1,"7"
NoContext,75,151,0.16625000000000006650000000,0.33471666666666680055333334,false,1,1,1,"7"
NoContext,75,167,0.191250000000000019125,0.425850000000000042585,false,2,1,1,"7"
NoContext,75,197,0.16625000000000006650,0.43668333333333350800666667,false,1,1,1,"7"
NoContext,75,283,0.191250000000000019125,0.721650000000000072165,false,1,1,1,"7"
NoContext,75,451,0.16625000000000006650,0.99971666666666706655333333,false,1,1,1,"7"
NoContext,76,37,0.16846666666666673405333334,0.08201666666666669947333333,false,1,1,1,"7"
NoContext,76,75,0.16846666666666673405333334,0.16625000000000006650000000,false,4,1,1,"7"
NoContext,76,75,0.16846666666666673405333333,0.16625000000000006650,false,12,1,1,"7"
NoContext,82,82,0.2487333333333330846,0.2487333333333330846,false,19,1,1,"7"
NoContext,82,83,0.2487333333333330846,0.2517666666666664149,false,53,1,1,"7"
NoContext,82,165,0.2487333333333330846,0.5004999999999994995,false,30,1,1,"7"
NoContext,82,247,0.2487333333333330846,0.7492333333333325841,false,2,1,1,"7"
NoContext,82,330,0.2487333333333330846,1.0009999999999989990,false,9,1,1,"7"
NoContext,82,495,0.2487333333333330846,1.5014999999999984985,false,1,1,1,"7"
NoContext,83,42,0.249000000000000249,0.126000000000000126,false,2,1,1,"4"
NoContext,83,82,0.2517666666666664149,0.2487333333333330846,false,55,1,1,"7"
NoContext,83,83,0.249000000000000249,0.249000000000000249,false,116,1,1,"4"
NoContext,83,83,0.249000000000000249,0.249000000000000249,true,2,1,1,"4"
NoContext,83,83,0.211650000000000021165,0.211650000000000021165,false,1,1,1,"7"
NoContext,83,84,0.249000000000000249,0.252000000000000252,false,117,1,1,"4"
NoContext,83,84,0.249000000000000249,0.252000000000000252,true,1,1,1,"4"
NoContext,83,84,0.211650000000000021165,0.21420000000000002142,false,2,1,1,"7"
NoContext,83,125,0.249000000000000249,0.375000000000000375,false,1,1,1,"4"
NoContext,83,164,0.2517666666666664149,0.4974666666666661692,false,8,1,1,"7"
NoContext,83,165,0.2517666666666664149,0.5004999999999994995,false,9,1,1,"7"
NoContext,83,167,0.249000000000000249,0.501000000000000501,false,57,1,1,"4"
NoContext,83,167,0.249000000000000249,0.501000000000000501,true,1,1,1,"4"
NoContext,83,247,0.2517666666666664149,0.7492333333333325841,false,1,1,1,"7"
NoContext,83,329,0.2517666666666664149,0.9979666666666656687,false,4,1,1,"7"
NoContext,83,494,0.2517666666666664149,1.4984666666666651682,false,1,1,1,"7"
NoContext,84,28,0.18620000000000007448,0.06206666666666669149333333,false,6,1,1,"7"
NoContext,84,28,0.18620000000000007448000000,0.06206666666666669149333334,false,8,1,1,"7"
NoContext,84,29,0.18620000000000007448,0.06428333333333335904666667,false,6,1,1,"7"
NoContext,84,29,0.18620000000000007448000000,0.06428333333333335904666666,false,7,1,1,"7"
NoContext,84,57,0.18620000000000007448,0.12635000000000005054,false,1,1,1,"7"
NoContext,84,75,0.21420000000000002142,0.191250000000000019125,false,1,1,1,"7"
NoContext,84,83,0.252000000000000252,0.249000000000000249,false,120,1,1,"4"
NoContext,84,83,0.21420000000000002142,0.211650000000000021165,false,1,1,1,"7"
NoContext,84,85,0.18620000000000007448,0.18841666666666674203333333,false,3,1,1,"7"
NoContext,84,85,0.18620000000000007448000000,0.18841666666666674203333334,false,2,1,1,"7"
NoContext,84,113,0.18620000000000007448,0.25048333333333343352666667,false,11,1,1,"7"
NoContext,84,113,0.18620000000000007448000000,0.25048333333333343352666666,false,3,1,1,"7"
NoContext,84,166,0.252000000000000252,0.498000000000000498,false,19,1,1,"4"
NoContext,84,166,0.252000000000000252,0.498000000000000498,true,1,1,1,"4"
NoContext,84,226,0.18620000000000007448,0.50096666666666686705333333,false,1,1,1,"7"
NoContext,84,250,0.252000000000000252,0.750000000000000750,false,2,1,1,"4"
NoContext,84,2000,0.252000000000000252,6.000000000000006000,false,1,1,1,"4"
NoContext,85,21,0.24933333333333326684444445,0.06159999999999998357333333,false,2,1,1,"7"
NoContext,85,21,0.24933333333333326684444444,0.06159999999999998357333334,false,2,1,1,"7"
NoContext,85,21,0.24933333333333326684444444,0.06159999999999998357333333,false,1,1,1,"7"
NoContext,85,22,0.24933333333333326684444444,0.06453333333333331612444445,false,2,1,1,"7"
NoContext,85,22,0.24933333333333326684444445,0.06453333333333331612444444,false,1,1,1,"7"
NoContext,85,22,0.24933333333333326684444444,0.06453333333333331612444444,false,1,1,1,"7"
NoContext,85,28,0.18841666666666674203333333,0.06206666666666669149333334,false,10,1,1,"7"
NoContext,85,28,0.18841666666666674203333334,0.06206666666666669149333333,false,10,1,1,"7"
NoContext,85,28,0.18841666666666674203333333,0.06206666666666669149333333,false,14,1,1,"7"
NoContext,85,28,0.24933333333333326684444444,0.08213333333333331143111111,false,2,1,1,"7"
NoContext,85,29,0.24933333333333326684444445,0.08506666666666664398222222,false,2,1,1,"7"
NoContext,85,29,0.24933333333333326684444444,0.08506666666666664398222222,false,1,1,1,"7"
NoContext,85,42,0.249333333333333266844444444,0.123199999999999967146666667,false,2,1,1,"7"
NoContext,85,42,0.24933333333333326684444444,0.12319999999999996714666667,false,20,1,1,"7"
NoContext,85,42,0.24933333333333326684444445,0.12319999999999996714666666,false,24,1,1,"7"
NoContext,85,43,0.249333333333333266844444444,0.126133333333333299697777778,false,2,1,1,"7"
NoContext,85,43,0.249333333333333266844444445,0.126133333333333299697777778,false,1,1,1,"7"
NoContext,85,43,0.24933333333333326684444444,0.12613333333333329969777778,false,82,1,1,"7"
NoContext,85,43,0.24933333333333326684444445,0.12613333333333329969777778,false,23,1,1,"7"
NoContext,85,43,0.24933333333333326684444445,0.12613333333333329969777777,false,29,1,1,"7"
NoContext,85,56,0.18841666666666674203333334,0.12413333333333338298666666,false,1,1,1,"7"
NoContext,85,56,0.18841666666666674203333333,0.12413333333333338298666667,false,2,1,1,"7"
NoContext,85,57,0.24933333333333326684444444,0.16719999999999995541333334,false,2,1,1,"7"
NoContext,85,75,0.18841666666666674203333333,0.16625000000000006650,false,1,1,1,"7"
NoContext,85,84,0.18841666666666674203333333,0.18620000000000007448,false,7,1,1,"7"
NoContext,85,84,0.18841666666666674203333334,0.18620000000000007448000000,false,2,1,1,"7"
NoContext,85,85,0.18841666666666674203333333,0.18841666666666674203333334,false,1,1,1,"7"
NoContext,85,85,0.18841666666666674203333333,0.18841666666666674203333333,false,1,1,1,"7"
NoContext,85,85,0.24933333333333326684444444,0.24933333333333326684444444,false,54,2,2,"4;7"
NoContext,85,85,0.24933333333333326684444445,0.24933333333333326684444444,false,253,2,2,"4;7"
NoContext,85,85,0.24933333333333326684444444,0.24933333333333326684444445,false,234,2,2,"4;7"
NoContext,85,85,0.2493333333333332668444444445,0.2493333333333332668444444444,false,2,1,1,"7"
NoContext,85,85,0.2493333333333332668444444444,0.2493333333333332668444444445,false,1,1,1,"7"
NoContext,85,85,0.249333333333333266844444444,0.249333333333333266844444445,false,20,1,1,"7"
NoContext,85,85,0.249333333333333266844444445,0.249333333333333266844444444,false,17,1,1,"7"
NoContext,85,85,0.249333333333333266844444444,0.249333333333333266844444444,false,4,1,1,"7"
NoContext,85,85,0.24933333333333326684444444,0.24933333333333326684444445,true,3,1,1,"7"
NoContext,85,85,0.24933333333333326684444444,0.24933333333333326684444444,true,1,1,1,"7"
NoContext,85,86,0.24933333333333326684444444,0.25226666666666659939555556,false,139,2,2,"4;7"
NoContext,85,86,0.24933333333333326684444445,0.25226666666666659939555555,false,101,2,2,"4;7"
NoContext,85,86,0.2493333333333332668444444444,0.2522666666666665993955555556,false,1,1,1,"7"
NoContext,85,86,0.2493333333333332668444444445,0.2522666666666665993955555555,false,1,1,1,"7"
NoContext,85,86,0.249333333333333266844444445,0.252266666666666599395555555,false,7,1,1,"7"
NoContext,85,86,0.249333333333333266844444444,0.252266666666666599395555556,false,9,1,1,"7"
NoContext,85,86,0.24933333333333326684444444,0.25226666666666659939555556,true,1,1,1,"7"
NoContext,85,112,0.18841666666666674203333333,0.24826666666666676597333333,false,3,1,1,"7"
NoContext,85,112,0.18841666666666674203333333,0.24826666666666676597333334,false,2,1,1,"7"
NoContext,85,112,0.18841666666666674203333334,0.24826666666666676597333333,false,1,1,1,"7"
NoContext,85,113,0.18841666666666674203333333,0.25048333333333343352666667,false,9,1,1,"7"
NoContext,85,113,0.18841666666666674203333334,0.25048333333333343352666666,false,5,1,1,"7"
NoContext,85,140,0.18841666666666674203333333,0.31033333333333345746666667,false,1,1,1,"7"
NoContext,85,141,0.18841666666666674203333334,0.31255000000000012502000000,false,1,1,1,"7"
NoContext,85,169,0.18841666666666674203333334,0.37461666666666681651333333,false,1,1,1,"7"
NoContext,85,170,0.2493333333333332668444444445,0.4986666666666665336888888889,false,1,1,1,"7"
NoContext,85,170,0.249333333333333266844444444,0.498666666666666533688888889,false,2,1,1,"7"
NoContext,85,170,0.249333333333333266844444445,0.498666666666666533688888889,false,2,1,1,"7"
NoContext,85,170,0.249333333333333266844444445,0.498666666666666533688888888,false,1,1,1,"7"
NoContext,85,170,0.24933333333333326684444444,0.49866666666666653368888889,false,5,1,1,"7"
NoContext,85,171,0.249333333333333266844444445,0.501599999999999866240000000,false,6,1,1,"7"
NoContext,85,171,0.249333333333333266844444444,0.501599999999999866240000000,false,4,1,1,"7"
NoContext,85,171,0.24933333333333326684444445,0.50159999999999986624000000,false,4,1,1,"7"
NoContext,85,171,0.24933333333333326684444444,0.50159999999999986624000000,false,7,1,1,"7"
NoContext,85,225,0.18841666666666674203333334,0.49875000000000019950000000,false,1,1,1,"7"
NoContext,85,255,0.2493333333333332668444444444,0.747999999999999800533333333,false,1,1,1,"7"
NoContext,85,256,0.249333333333333266844444445,0.750933333333333133084444444,false,2,1,1,"7"
NoContext,85,256,0.249333333333333266844444444,0.750933333333333133084444444,false,2,1,1,"7"
NoContext,85,256,0.249333333333333266844444444,0.750933333333333133084444445,false,3,1,1,"7"
NoContext,85,341,0.24933333333333326684444445,1.00026666666666639992888889,false,2,1,1,"7"
NoContext,85,341,0.24933333333333326684444444,1.00026666666666639992888889,false,1,1,1,"7"
NoContext,85,426,0.249333333333333266844444444,1.249599999999999666773333334,false,2,1,1,"7"
NoContext,85,426,0.24933333333333326684444445,1.24959999999999966677333333,false,1,1,1,"7"
NoContext,85,512,0.24933333333333326684444444,1.50186666666666626616888889,false,1,1,1,"7"
NoContext,85,682,0.24933333333333326684444445,2.00053333333333279985777777,false,1,1,1,"7"
NoContext,85,2727,0.24933333333333326684444444,7.99919999999999786688000000,false,1,1,1,"7"
NoContext,86,21,0.25226666666666659939555556,0.06159999999999998357333333,false,3,1,1,"7"
NoContext,86,21,0.25226666666666659939555555,0.06159999999999998357333334,false,2,1,1,"7"
NoContext,86,42,0.252266666666666599395555556,0.123199999999999967146666666,false,2,1,1,"7"
NoContext,86,42,0.25226666666666659939555555,0.12319999999999996714666667,false,29,1,1,"7"
NoContext,86,42,0.25226666666666659939555556,0.12319999999999996714666666,false,25,1,1,"7"
NoContext,86,42,0.25226666666666659939555556,0.12319999999999996714666667,false,12,1,1,"7"
NoContext,86,85,0.25226666666666659939555556,0.24933333333333326684444444,false,127,2,2,"4;7"
NoContext,86,85,0.2522666666666665993955555555,0.2493333333333332668444444445,false,1,1,1,"7"
NoContext,86,85,0.2522666666666665993955555556,0.2493333333333332668444444444,false,1,1,1,"7"
NoContext,86,85,0.252266666666666599395555556,0.249333333333333266844444444,false,10,1,1,"7"
NoContext,86,85,0.252266666666666599395555555,0.249333333333333266844444445,false,3,1,1,"7"
NoContext,86,85,0.252266666666666599395555557,0.24933333333333326684444444,false,1,1,1,"7"
NoContext,86,85,0.25226666666666659939555555,0.24933333333333326684444445,false,98,1,1,"7"
NoContext,86,85,0.25226666666666659939555556,0.24933333333333326684444444,true,2,1,1,"7"
NoContext,86,88,0.24366666666666682911111111,0.24933333333333349955555556,false,1,1,1,"7"
NoContext,86,137,0.3124666666666668229,0.49776666666666691555,false,1,1,1,"7"
NoContext,86,170,0.2522666666666665993955555555,0.4986666666666665336888888889,false,1,1,1,"7"
NoContext,86,170,0.252266666666666599395555556,0.498666666666666533688888889,false,2,1,1,"7"
NoContext,86,170,0.252266666666666599395555556,0.498666666666666533688888888,false,1,1,1,"7"
NoContext,86,170,0.252266666666666599395555555,0.498666666666666533688888889,false,2,1,1,"7"
NoContext,86,170,0.25226666666666659939555556,0.49866666666666653368888889,false,3,1,1,"7"
NoContext,86,170,0.25226666666666659939555555,0.49866666666666653368888889,false,1,1,1,"7"
NoContext,86,255,0.2522666666666665993955555556,0.7479999999999998005333333333,false,1,1,1,"7"
NoContext,86,255,0.252266666666666599395555556,0.747999999999999800533333333,false,1,1,1,"7"
NoContext,86,255,0.252266666666666599395555555,0.747999999999999800533333333,false,1,1,1,"7"
NoContext,86,255,0.25226666666666659939555555,0.74799999999999980053333334,false,1,1,1,"7"
NoContext,86,298,0.25226666666666659939555556,0.87413333333333310023111111,false,1,1,1,"7"
NoContext,86,426,0.2522666666666665993955555555,1.2495999999999996667733333334,false,1,1,1,"7"
NoContext,87,88,0.24650000000000016433333334,0.24933333333333349955555555,false,1,1,1,"7"
NoContext,88,22,0.24933333333333349955555555,0.06233333333333337488888889,false,5,1,1,"7"
NoContext,88,22,0.24933333333333349955555556,0.06233333333333337488888889,false,3,1,1,"7"
NoContext,88,22,0.2493333333333334995555555,0.0623333333333333748888889,false,4,1,1,"7"
NoContext,88,22,0.2493333333333334995555556,0.0623333333333333748888889,false,3,1,1,"7"
NoContext,88,22,0.2493333333333334995555556,0.0623333333333333748888888,false,1,1,1,"7"
NoContext,88,23,0.24933333333333349955555556,0.06516666666666671011111111,false,2,1,1,"7"
NoContext,88,23,0.2493333333333334995555555,0.0651666666666667101111112,false,1,1,1,"7"
NoContext,88,30,0.24933333333333349955555556,0.08500000000000005666666667,false,1,1,1,"7"
NoContext,88,44,0.24933333333333349955555555,0.12466666666666674977777778,false,19,1,1,"7"
NoContext,88,44,0.24933333333333349955555556,0.12466666666666674977777777,false,11,1,1,"7"
NoContext,88,44,0.24933333333333349955555556,0.12466666666666674977777778,false,13,1,1,"7"
NoContext,88,44,0.2493333333333334995555556,0.1246666666666667497777777,false,1,1,1,"7"
NoContext,88,44,0.2493333333333334995555555,0.1246666666666667497777778,false,1,1,1,"7"
NoContext,88,44,0.2493333333333334995555556,0.1246666666666667497777778,false,1,1,1,"7"
NoContext,88,45,0.24933333333333349955555556,0.12750000000000008500000000,false,7,1,1,"7"
NoContext,88,45,0.24933333333333349955555555,0.12750000000000008500000000,false,6,1,1,"7"
NoContext,88,53,0.24933333333333349955555555,0.15016666666666676677777778,false,1,1,1,"7"
NoContext,88,58,0.2493333333333334995555556,0.1643333333333334428888888,false,1,1,1,"7"
NoContext,88,59,0.24933333333333349955555555,0.16716666666666677811111111,false,2,1,1,"7"
NoContext,88,59,0.24933333333333349955555555,0.16716666666666677811111112,false,1,1,1,"7"
NoContext,88,59,0.2493333333333334995555555,0.1671666666666667781111111,false,2,1,1,"7"
NoContext,88,59,0.2493333333333334995555556,0.1671666666666667781111111,false,2,1,1,"7"
NoContext,88,66,0.2493333333333334995555556,0.1870000000000001246666666,false,4,1,1,"7"
NoContext,88,66,0.2493333333333334995555555,0.1870000000000001246666667,false,3,1,1,"7"
NoContext,88,66,0.2493333333333334995555556,0.1870000000000001246666667,false,2,1,1,"7"
NoContext,88,67,0.2493333333333334995555555,0.1898333333333334598888889,false,3,1,1,"7"
NoContext,88,67,0.2493333333333334995555556,0.1898333333333334598888889,false,1,1,1,"7"
NoContext,88,70,0.20826666666666648616888889,0.16566666666666652308888889,false,2,1,1,"7"
NoContext,88,71,0.20826666666666648616888889,0.16803333333333318770444445,false,1,1,1,"7"
NoContext,88,71,0.20826666666666648616888888,0.16803333333333318770444445,false,1,1,1,"7"
NoContext,88,71,0.24933333333333349955555556,0.20116666666666680077777778,false,2,1,1,"7"
NoContext,88,71,0.24933333333333349955555555,0.20116666666666680077777778,false,1,1,1,"7"
NoContext,88,88,0.24933333333333349955555556,0.24933333333333349955555555,false,61,1,1,"7"
NoContext,88,88,0.24933333333333349955555556,0.24933333333333349955555556,false,17,1,1,"7"
NoContext,88,88,0.24933333333333349955555555,0.24933333333333349955555556,false,66,1,1,"7"
NoContext,88,88,0.24933333333333349955555555,0.24933333333333349955555556,true,2,1,1,"7"
NoContext,88,88,0.24933333333333349955555556,0.24933333333333349955555555,true,1,1,1,"7"
NoContext,88,88,0.24933333333333349955555555,0.24933333333333349955555560,false,1,1,1,"7"
NoContext,88,88,0.2493333333333334995555556,0.2493333333333334995555556,false,12,1,1,"7"
NoContext,88,88,0.2493333333333334995555556,0.2493333333333334995555555,false,41,1,1,"7"
NoContext,88,88,0.2493333333333334995555555,0.2493333333333334995555556,false,40,1,1,"7"
NoContext,88,89,0.24933333333333349955555556,0.25216666666666683477777778,false,22,1,1,"7"
NoContext,88,89,0.24933333333333349955555555,0.25216666666666683477777778,false,32,1,1,"7"
NoContext,88,89,0.24933333333333349955555556,0.25216666666666683477777777,false,12,1,1,"7"
NoContext,88,89,0.2493333333333334995555556,0.2521666666666668347777778,false,8,1,1,"7"
NoContext,88,89,0.2493333333333334995555555,0.2521666666666668347777778,false,17,1,1,"7"
NoContext,88,89,0.2493333333333334995555556,0.2521666666666668347777777,false,7,1,1,"7"
NoContext,88,118,0.24933333333333349955555555,0.33433333333333355622222222,false,1,1,1,"7"
NoContext,88,132,0.2493333333333334995555556,0.3740000000000002493333333,false,1,1,1,"7"
NoContext,88,133,0.24933333333333349955555556,0.37683333333333358455555555,false,1,1,1,"7"
NoContext,88,154,0.2493333333333334995555556,0.4363333333333336242222222,false,7,1,1,"7"
NoContext,88,154,0.2493333333333334995555555,0.4363333333333336242222223,false,1,1,1,"7"
NoContext,88,154,0.2493333333333334995555555,0.4363333333333336242222222,false,2,1,1,"7"
NoContext,88,155,0.2493333333333334995555555,0.4391666666666669594444445,false,5,1,1,"7"
NoContext,88,176,0.24933333333333349955555556,0.49866666666666699911111111,false,4,1,1,"7"
NoContext,88,176,0.24933333333333349955555555,0.49866666666666699911111112,false,2,1,1,"7"
NoContext,88,176,0.24933333333333349955555555,0.49866666666666699911111111,false,1,1,1,"7"
NoContext,88,176,0.2493333333333334995555555,0.4986666666666669991111112,false,3,1,1,"7"
NoContext,88,176,0.2493333333333334995555556,0.4986666666666669991111111,false,6,1,1,"7"
NoContext,88,177,0.24933333333333349955555556,0.50150000000000033433333333,false,2,1,1,"7"
NoContext,88,177,0.24933333333333349955555555,0.50150000000000033433333333,false,1,1,1,"7"
NoContext,88,177,0.24933333333333349955555555,0.50150000000000033433333334,false,1,1,1,"7"
NoContext,88,177,0.2493333333333334995555556,0.5015000000000003343333333,false,8,1,1,"7"
NoContext,88,177,0.2493333333333334995555555,0.5015000000000003343333334,false,1,1,1,"7"
NoContext,88,177,0.2493333333333334995555555,0.5015000000000003343333333,false,1,1,1,"7"
NoContext,88,264,0.22440000000000002244,0.67320000000000006732,false,3,1,1,"7"
NoContext,88,265,0.22440000000000002244,0.675750000000000067575,false,38,1,1,"7"
NoContext,88,294,0.224400000000000022440,0.749700000000000074970,false,1,1,1,"7"
NoContext,88,354,0.2493333333333334995555556,1.0030000000000006686666667,false,1,1,1,"7"
NoContext,89,22,0.25216666666666683477777778,0.06233333333333337488888889,false,1,1,1,"7"
NoContext,89,22,0.2521666666666668347777777,0.0623333333333333748888889,false,1,1,1,"7"
NoContext,89,22,0.2521666666666668347777778,0.0623333333333333748888889,false,2,1,1,"7"
NoContext,89,29,0.25216666666666683477777777,0.08216666666666672144444445,false,1,1,1,"7"
NoContext,89,44,0.25216666666666683477777778,0.12466666666666674977777778,false,9,1,1,"7"
NoContext,89,44,0.25216666666666683477777777,0.12466666666666674977777778,false,2,1,1,"7"
NoContext,89,44,0.2521666666666668347777778,0.1246666666666667497777778,false,2,1,1,"7"
NoContext,89,58,0.25216666666666683477777778,0.16433333333333344288888889,false,1,1,1,"7"
NoContext,89,66,0.2521666666666668347777778,0.1870000000000001246666666,false,1,1,1,"7"
NoContext,89,66,0.2521666666666668347777777,0.1870000000000001246666667,false,1,1,1,"7"
NoContext,89,88,0.25216666666666683477777778,0.24933333333333349955555556,false,22,1,1,"7"
NoContext,89,88,0.25216666666666683477777778,0.24933333333333349955555555,false,23,1,1,"7"
NoContext,89,88,0.25216666666666683477777777,0.24933333333333349955555556,false,11,1,1,"7"
NoContext,89,88,0.25216666666666683477777778,0.24933333333333349955555555,true,1,1,1,"7"
NoContext,89,88,0.2521666666666668347777778,0.2493333333333334995555555,false,16,1,1,"7"
NoContext,89,88,0.2521666666666668347777778,0.2493333333333334995555556,false,18,1,1,"7"
NoContext,89,88,0.2521666666666668347777777,0.2493333333333334995555556,false,8,1,1,"7"
NoContext,89,92,0.24030000000000024030000000,0.24993333333333364158444444,false,1,1,1,"7"
NoContext,89,132,0.25216666666666683477777777,0.37400000000000024933333334,false,1,1,1,"7"
NoContext,89,132,0.2521666666666668347777778,0.3740000000000002493333333,false,1,1,1,"7"
NoContext,89,154,0.2521666666666668347777778,0.4363333333333336242222222,false,4,1,1,"7"
NoContext,89,176,0.25216666666666683477777777,0.49866666666666699911111111,false,2,1,1,"7"
NoContext,89,176,0.25216666666666683477777778,0.49866666666666699911111111,false,4,1,1,"7"
NoContext,89,176,0.2521666666666668347777777,0.4986666666666669991111111,false,1,1,1,"7"
NoContext,89,176,0.2521666666666668347777778,0.4986666666666669991111111,false,1,1,1,"7"
NoContext,89,264,0.226950000000000022695,0.67320000000000006732,false,13,1,1,"7"
NoContext,89,1235,0.2521666666666668347777778,3.4991666666666689994444444,false,1,1,1,"7"
NoContext,90,91,0.2474999999999997525,0.25024999999999974975,false,17,2,2,"7;10"
NoContext,90,182,0.2474999999999997525,0.5004999999999994995,false,5,1,1,"10"
NoContext,91,46,0.24873333333333358206666667,0.12573333333333345906666666,false,1,1,1,"7"
NoContext,91,46,0.24873333333333358206666667,0.12573333333333345906666667,false,1,1,1,"7"
NoContext,91,85,0.25024999999999974975000000,0.23374999999999976625000000,false,1,1,1,"7"
NoContext,91,90,0.25024999999999974975,0.2474999999999997525,false,14,2,2,"7;10"
NoContext,91,91,0.25024999999999974975,0.25024999999999974975,false,129,2,2,"7;10"
NoContext,91,91,0.248733333333333582066666667,0.248733333333333582066666666,false,2,1,1,"7"
NoContext,91,91,0.248733333333333582066666667,0.248733333333333582066666667,false,1,1,1,"7"
NoContext,91,91,0.248733333333333582066666666,0.248733333333333582066666667,false,1,1,1,"7"
NoContext,91,91,0.24873333333333358206666667,0.24873333333333358206666666,false,15,1,1,"7"
NoContext,91,91,0.24873333333333358206666666,0.24873333333333358206666667,false,15,1,1,"7"
NoContext,91,91,0.24873333333333358206666667,0.24873333333333358206666667,false,17,1,1,"7"
NoContext,91,92,0.33063333333333349865,0.33426666666666683380,false,2,1,1,"7"
NoContext,91,92,0.248733333333333582066666666,0.251466666666666918133333334,false,20,1,1,"7"
NoContext,91,92,0.248733333333333582066666667,0.251466666666666918133333333,false,23,1,1,"7"
NoContext,91,92,0.24873333333333358206666667,0.25146666666666691813333333,false,174,1,1,"7"
NoContext,91,92,0.24873333333333358206666666,0.25146666666666691813333334,false,116,1,1,"7"
NoContext,91,92,0.24873333333333358206666667,0.25146666666666691813333333,true,1,1,1,"7"
NoContext,91,181,0.25024999999999974975,0.49774999999999950225,false,6,1,1,"10"
NoContext,91,182,0.25024999999999974975,0.50049999999999949950,false,24,1,1,"10"
NoContext,91,183,0.2487333333333335820666666666,0.5002000000000005002000000000,false,1,1,1,"7"
NoContext,91,183,0.248733333333333582066666667,0.500200000000000500200000000,false,4,1,1,"7"
NoContext,91,183,0.24873333333333358206666666,0.50020000000000050020000000,false,11,1,1,"7"
NoContext,91,183,0.24873333333333358206666667,0.5002000000000005002,false,9,1,1,"7"
NoContext,91,366,0.24873333333333358206666667,1.0004000000000010004,false,1,1,1,"7"
NoContext,91,454,0.25024999999999974975,1.24849999999999875150,false,1,1,1,"10"
NoContext,91,732,0.24873333333333358206666667,2.00080000000000200080000000,false,1,1,1,"7"
NoContext,92,45,0.25146666666666691813333333,0.12300000000000012300000000,false,2,1,1,"7"
NoContext,92,46,0.251466666666666918133333333,0.125733333333333459066666667,false,1,1,1,"7"
NoContext,92,46,0.25146666666666691813333333,0.12573333333333345906666667,false,1,1,1,"7"
NoContext,92,69,0.33426666666666683380,0.25070000000000012535,false,1,1,1,"7"
NoContext,92,90,0.24993333333333364158444444,0.24749999999999975250000000,false,1,1,1,"7"
NoContext,92,91,0.3342666666666668338,0.33063333333333349865,false,2,1,1,"7"
NoContext,92,91,0.2514666666666669181333333334,0.2487333333333335820666666666,false,1,1,1,"7"
NoContext,92,91,0.251466666666666918133333333,0.248733333333333582066666667,false,24,1,1,"7"
NoContext,92,91,0.251466666666666918133333334,0.248733333333333582066666666,false,13,1,1,"7"
NoContext,92,91,0.25146666666666691813333334,0.24873333333333358206666666,false,117,1,1,"7"
NoContext,92,91,0.25146666666666691813333333,0.24873333333333358206666667,false,194,1,1,"7"
NoContext,92,91,0.25146666666666691813333333,0.24873333333333358206666667,true,1,1,1,"7"
NoContext,92,92,0.24993333333333364158444444,0.24993333333333364158444445,false,6,1,1,"7"
NoContext,92,92,0.24993333333333364158444445,0.24993333333333364158444444,false,7,1,1,"7"
NoContext,92,92,0.24993333333333364158444444,0.24993333333333364158444444,false,1,1,1,"7"
NoContext,92,93,0.24840000000000024840000000,0.25110000000000025110000000,false,3,1,1,"7"
NoContext,92,182,0.25146666666666691813333333,0.49746666666666716413333334,false,1,1,1,"7"
NoContext,92,183,0.251466666666666918133333334,0.500200000000000500200000000,false,3,1,1,"7"
NoContext,92,183,0.251466666666666918133333333,0.5002000000000005002,false,3,1,1,"7"
NoContext,92,183,0.25146666666666691813333333,0.50020000000000050020000000,false,9,1,1,"7"
NoContext,92,183,0.25146666666666691813333334,0.50020000000000050020000000,false,4,1,1,"7"
NoContext,92,365,0.25146666666666691813333333,0.99766666666666766433333333,false,1,1,1,"7"
NoContext,92,366,0.25146666666666691813333334,1.00040000000000100040000000,false,1,1,1,"7"
NoContext,92,413,0.3342666666666668338,1.50056666666666741695,false,1,1,1,"7"
NoContext,92,732,0.25146666666666691813333334,2.00080000000000200080000000,false,1,1,1,"7"
NoContext,93,89,0.25110000000000025110000000,0.24030000000000024030000000,false,1,1,1,"7"
NoContext,93,92,0.24955000000000009982000000,0.24840000000000024840000000,false,1,1,1,"7"
NoContext,93,92,0.25110000000000025110000000,0.24840000000000024840000000,false,2,1,1,"7"
NoContext,93,93,0.24955000000000009982000000,0.24955000000000009982000000,false,3,1,1,"7"
NoContext,93,93,0.25110000000000025110000000,0.25110000000000025110000000,false,1,1,1,"7"
NoContext,93,94,0.24955000000000009982000000,0.25223333333333343422666667,false,1,1,1,"7"
NoContext,94,95,0.24753333333333331683111111,0.25016666666666664998888889,false,1,1,1,"7"
NoContext,95,63,0.25016666666666664998888889,0.16589999999999998894000000,false,1,1,1,"7"
NoContext,95,95,0.25016666666666664998888889,0.25016666666666664998888889,false,2,1,1,"7"
NoContext,95,95,0.25016666666666664998888888,0.25016666666666664998888889,false,1,1,1,"7"
NoContext,96,96,0.24959999999999975040000000,0.24959999999999975040000000,false,9,1,1,"7"
NoContext,96,97,0.24959999999999975040000000,0.25219999999999974780000000,false,1,1,1,"7"
NoContext,97,74,0.247350000000000024735,0.188700000000000018870,false,1,1,1,"7"
NoContext,97,96,0.24896666666666641770000000,0.24959999999999975040000000,false,1,1,1,"7"
NoContext,97,96,0.25219999999999974780000000,0.24959999999999975040000000,false,2,1,1,"7"
NoContext,97,97,0.24896666666666641770000000,0.24896666666666641770000000,false,2,1,1,"7"
NoContext,97,98,0.24896666666666641770000000,0.25153333333333308180000000,false,3,1,1,"7"
NoContext,98,1,0.249900000000000024990,0.002550000000000000255,false,1,1,1,"7"
NoContext,98,32,0.24990000000000002499,0.08160000000000000816,false,9,1,1,"7"
NoContext,98,33,0.24990000000000002499,0.084150000000000008415,false,23,1,1,"7"
NoContext,98,49,0.24990000000000002499,0.124950000000000012495,false,45,1,1,"7"
NoContext,98,50,0.24990000000000002499,0.12750000000000001275,false,3,1,1,"7"
NoContext,98,97,0.25153333333333308180000000,0.24896666666666641770000000,false,5,1,1,"7"
NoContext,98,98,0.24990000000000002499,0.24990000000000002499,false,1837,2,2,"7"
NoContext,98,99,0.249900000000000024990,0.252450000000000025245,false,78,2,2,"7"
NoContext,98,120,0.249900000000000024990,0.306000000000000030600,false,2,1,1,"7"
NoContext,98,122,0.24990000000000002499,0.31110000000000003111,false,1,1,1,"7"
NoContext,98,196,0.249900000000000024990,0.499800000000000049980,false,24,2,2,"7"
NoContext,98,197,0.249900000000000024990,0.502350000000000050235,false,3,2,2,"7"
NoContext,98,295,0.249900000000000024990,0.752250000000000075225,false,1,1,1,"7"
NoContext,98,392,0.249900000000000024990,0.999600000000000099960,false,4,1,1,"7"
NoContext,98,450,0.24990000000000002499,1.14750000000000011475,false,1,1,1,"7"
NoContext,99,1,0.252450000000000025245,0.002550000000000000255,false,1,1,1,"7"
NoContext,99,32,0.252450000000000025245,0.08160000000000000816,false,1,1,1,"7"
NoContext,99,49,0.252450000000000025245,0.124950000000000012495,false,1,1,1,"7"
NoContext,99,98,0.252450000000000025245,0.24990000000000002499,false,67,2,2,"7"
NoContext,99,99,0.24915000000000027821750000,0.24915000000000027821750000,false,4,1,1,"7"
NoContext,99,100,0.24915000000000027821750000,0.25166666666666694769444444,false,2,1,1,"7"
NoContext,99,100,0.24915000000000027821750000,0.25166666666666694769444445,false,2,1,1,"7"
NoContext,99,784,0.252450000000000025245,1.999200000000000199920,false,1,1,1,"7"
NoContext,100,99,0.25166666666666694769444444,0.24915000000000027821750000,false,3,1,1,"7"
NoContext,100,99,0.25166666666666694769444445,0.24915000000000027821750000,false,1,1,1,"7"
NoContext,102,51,0.24990000000000027489000000,0.12495000000000013744500000,false,1,1,1,"7"
NoContext,102,102,0.24990000000000027489000000,0.24990000000000027489000000,false,2,1,1,"7"
NoContext,103,15,0.29183333333333352788888889,0.04250000000000002833333333,false,1,1,1,"7"
NoContext,103,35,0.24891666666666658369444444,0.08458333333333330513888889,false,1,1,1,"7"
NoContext,104,14,0.29466666666666686311111111,0.03966666666666669311111111,false,2,1,1,"7"
NoContext,104,34,0.25133333333333324955555555,0.08216666666666663927777778,false,1,1,1,"7"
NoContext,104,103,0.25133333333333324955555555,0.24891666666666658369444445,false,1,1,1,"7"
NoContext,105,36,0.24849999999999978463333334,0.08519999999999992616000000,false,1,1,1,"7"
NoContext,106,52,0.24733333333333308600000000,0.12306666666666656000888889,false,1,1,1,"7"
NoContext,107,106,0.24966666666666641700000000,0.24733333333333308600000000,false,1,1,1,"7"
NoContext,107,107,0.24966666666666641700000000,0.24966666666666641700000000,false,2,1,1,"7"
NoContext,107,143,0.24966666666666641700000000,0.33366666666666633300000000,false,2,1,1,"7"
NoContext,108,107,0.25199999999999974800000000,0.24966666666666641700000000,false,1,1,1,"7"
NoContext,108,109,0.24840000000000009936000000,0.25070000000000010028000000,false,4,1,1,"7"
NoContext,108,218,0.24840000000000009936000000,0.50140000000000020056000000,false,1,1,1,"7"
NoContext,109,28,0.3306333333333330027,0.0849333333333332484,false,1,1,1,"7"
NoContext,109,108,0.25070000000000010028000000,0.24840000000000009936000000,false,4,1,1,"7"
NoContext,109,109,0.25070000000000010028000000,0.25070000000000010028000000,false,5,1,1,"7"
NoContext,110,22,0.31166666666666687444444445,0.06233333333333337488888889,false,1,1,1,"7"
NoContext,110,22,0.31166666666666687444444444,0.06233333333333337488888889,false,2,1,1,"7"
NoContext,110,22,0.3116666666666668744444444,0.0623333333333333748888889,false,1,1,1,"7"
NoContext,110,22,0.3116666666666668744444445,0.0623333333333333748888888,false,1,1,1,"7"
NoContext,110,44,0.3116666666666668744444444,0.1246666666666667497777778,false,1,1,1,"7"
NoContext,110,66,0.31166666666666687444444444,0.18700000000000012466666667,false,1,1,1,"7"
NoContext,110,109,0.3336666666666663330,0.3306333333333330027,false,1,1,1,"7"
NoContext,111,22,0.3145000000000002096666666,0.0623333333333333748888889,false,1,1,1,"7"
NoContext,111,22,0.3145000000000002096666667,0.0623333333333333748888889,false,1,1,1,"7"
NoContext,111,44,0.31450000000000020966666667,0.12466666666666674977777778,false,1,1,1,"7"
NoContext,111,44,0.3145000000000002096666667,0.1246666666666667497777778,false,1,1,1,"7"
NoContext,112,28,0.24826666666666676597333333,0.06206666666666669149333333,false,1,1,1,"7"
NoContext,112,29,0.248266666666666765973333333,0.064283333333333359046666667,false,1,1,1,"7"
NoContext,112,29,0.24826666666666676597333333,0.06428333333333335904666667,false,9,1,1,"7"
NoContext,112,29,0.24826666666666676597333334,0.06428333333333335904666666,false,5,1,1,"7"
NoContext,112,57,0.24826666666666676597333334,0.12635000000000005054000000,false,7,1,1,"7"
NoContext,112,57,0.24826666666666676597333333,0.12635000000000005054000000,false,3,1,1,"7"
NoContext,112,76,0.24826666666666676597333333,0.16846666666666673405333334,false,1,1,1,"7"
NoContext,112,85,0.24826666666666676597333333,0.18841666666666674203333334,false,2,1,1,"7"
NoContext,112,113,0.2482666666666667659733333333,0.2504833333333334335266666667,true,2,1,1,"7"
NoContext,112,113,0.2482666666666667659733333333,0.2504833333333334335266666667,false,1,1,1,"7"
NoContext,112,113,0.248266666666666765973333333,0.250483333333333433526666667,false,17,1,1,"7"
NoContext,112,113,0.248266666666666765973333334,0.250483333333333433526666666,false,10,1,1,"7"
NoContext,112,113,0.248266666666666765973333333,0.25048333333333343352666667,false,1,1,1,"7"
NoContext,112,113,0.24826666666666676597333333,0.25048333333333343352666667,false,26,1,1,"7"
NoContext,112,113,0.24826666666666676597333334,0.25048333333333343352666666,false,17,1,1,"7"
NoContext,112,198,0.24826666666666676597333333,0.43890000000000017556,false,1,1,1,"7"
NoContext,112,226,0.2482666666666667659733333334,0.5009666666666668670533333333,false,1,1,1,"7"
NoContext,112,226,0.248266666666666765973333333,0.500966666666666867053333334,false,1,1,1,"7"
NoContext,112,226,0.24826666666666676597333334,0.50096666666666686705333333,false,2,1,1,"7"
NoContext,112,226,0.24826666666666676597333333,0.50096666666666686705333333,false,1,1,1,"7"
NoContext,112,226,0.24826666666666676597333333,0.50096666666666686705333334,false,2,1,1,"7"
NoContext,112,339,0.248266666666666765973333333,0.75145000000000030058,false,1,1,1,"7"
NoContext,112,452,0.248266666666666765973333333,1.001933333333333734106666667,false,1,1,1,"7"
NoContext,113,28,0.25048333333333343352666666,0.06206666666666669149333334,false,14,1,1,"7"
NoContext,113,28,0.25048333333333343352666667,0.06206666666666669149333333,false,37,1,1,"7"
NoContext,113,56,0.250483333333333433526666667,0.124133333333333382986666666,false,1,1,1,"7"
NoContext,113,56,0.25048333333333343352666666,0.12413333333333338298666667,false,8,1,1,"7"
NoContext,113,56,0.25048333333333343352666667,0.12413333333333338298666666,false,9,1,1,"7"
NoContext,113,56,0.25048333333333343352666667,0.12413333333333338298666667,false,12,1,1,"7"
NoContext,113,57,0.25048333333333343352666667,0.12635000000000005054000000,false,6,1,1,"7"
NoContext,113,57,0.25048333333333343352666666,0.12635000000000005054000000,false,3,1,1,"7"
NoContext,113,75,0.25048333333333343352666667,0.16625000000000006650,false,1,1,1,"7"
NoContext,113,84,0.25048333333333343352666667,0.18620000000000007448,false,3,1,1,"7"
NoContext,113,85,0.25048333333333343352666667,0.18841666666666674203333333,false,4,1,1,"7"
NoContext,113,85,0.25048333333333343352666666,0.18841666666666674203333334,false,2,1,1,"7"
NoContext,113,108,0.25048333333333343352666667,0.24840000000000009936000000,false,1,1,1,"7"
NoContext,113,112,0.2504833333333334335266666666,0.2482666666666667659733333334,true,2,1,1,"7"
NoContext,113,112,0.2504833333333334335266666667,0.2482666666666667659733333333,false,2,1,1,"7"
NoContext,113,112,0.2504833333333334335266666667,0.248266666666666765973333333,false,1,1,1,"7"
NoContext,113,112,0.250483333333333433526666666,0.248266666666666765973333334,false,7,1,1,"7"
NoContext,113,112,0.250483333333333433526666667,0.248266666666666765973333333,false,16,1,1,"7"
NoContext,113,112,0.25048333333333343352666667,0.24826666666666676597333333,false,22,1,1,"7"
NoContext,113,112,0.25048333333333343352666666,0.24826666666666676597333334,false,19,1,1,"7"
NoContext,113,113,0.2504833333333334335266666666,0.2504833333333334335266666667,false,4,1,1,"7"
NoContext,113,113,0.2504833333333334335266666667,0.2504833333333334335266666667,true,1,1,1,"7"
NoContext,113,113,0.2504833333333334335266666666,0.2504833333333334335266666667,true,1,1,1,"7"
NoContext,113,113,0.2504833333333334335266666667,0.2504833333333334335266666667,false,2,1,1,"7"
NoContext,113,113,0.2504833333333334335266666667,0.2504833333333334335266666666,false,2,1,1,"7"
NoContext,113,113,0.250483333333333433526666667,0.250483333333333433526666667,false,23,1,1,"7"
NoContext,113,113,0.250483333333333433526666667,0.250483333333333433526666666,false,20,1,1,"7"
NoContext,113,113,0.250483333333333433526666666,0.250483333333333433526666667,false,24,1,1,"7"
NoContext,113,113,0.25048333333333343352666667,0.25048333333333343352666666,false,37,1,1,"7"
NoContext,113,113,0.25048333333333343352666666,0.25048333333333343352666667,false,36,1,1,"7"
NoContext,113,113,0.25048333333333343352666667,0.25048333333333343352666667,false,34,1,1,"7"
NoContext,113,169,0.25048333333333343352666666,0.37461666666666681651333334,false,1,1,1,"7"
NoContext,113,169,0.25048333333333343352666667,0.37461666666666681651333333,false,3,1,1,"7"
NoContext,113,197,0.25048333333333343352666666,0.43668333333333350800666667,false,3,1,1,"7"
NoContext,113,225,0.2504833333333334335266666667,0.49875000000000019950,false,1,1,1,"7"
NoContext,113,225,0.250483333333333433526666667,0.49875000000000019950,false,8,1,1,"7"
NoContext,113,225,0.250483333333333433526666666,0.498750000000000199500000000,false,1,1,1,"7"
NoContext,113,225,0.25048333333333343352666667,0.4987500000000001995,false,7,1,1,"7"
NoContext,113,226,0.250483333333333433526666667,0.500966666666666867053333333,false,4,1,1,"7"
NoContext,113,226,0.25048333333333343352666667,0.50096666666666686705333333,false,7,1,1,"7"
NoContext,113,226,0.25048333333333343352666666,0.50096666666666686705333334,false,3,1,1,"7"
NoContext,113,338,0.25048333333333343352666667,0.74923333333333363302666667,false,1,1,1,"7"
NoContext,113,451,0.25048333333333343352666667,0.99971666666666706655333333,false,1,1,1,"7"
NoContext,115,49,0.293250000000000029325,0.124950000000000012495,false,1,1,1,"7"
NoContext,117,15,0.33150000000000022100000000,0.04250000000000002833333333,false,10,1,1,"7"
NoContext,117,15,0.33150000000000022100000000,0.04250000000000002833333334,false,6,1,1,"7"
NoContext,117,16,0.33150000000000022100000000,0.04533333333333336355555555,false,4,1,1,"7"
NoContext,117,16,0.33150000000000022100000000,0.04533333333333336355555556,false,6,1,1,"7"
NoContext,117,59,0.33150000000000022100000000,0.16716666666666677811111112,false,1,1,1,"7"
NoContext,117,89,0.33150000000000022100000000,0.25216666666666683477777777,false,1,1,1,"7"
NoContext,117,103,0.33150000000000022100000000,0.29183333333333352788888889,false,1,1,1,"7"
NoContext,117,104,0.33150000000000022100000000,0.29466666666666686311111111,false,2,1,1,"7"
NoContext,117,118,0.33150000000000022100000000,0.33433333333333355622222222,false,6,1,1,"7"
NoContext,117,118,0.33150000000000022100000000,0.33433333333333355622222223,false,1,1,1,"7"
NoContext,118,15,0.33433333333333355622222222,0.04250000000000002833333334,false,5,1,1,"7"
NoContext,118,15,0.33433333333333355622222222,0.04250000000000002833333333,false,5,1,1,"7"
NoContext,118,15,0.33433333333333355622222223,0.04250000000000002833333333,false,1,1,1,"7"
NoContext,118,44,0.33433333333333355622222222,0.12466666666666674977777778,false,1,1,1,"7"
NoContext,118,117,0.33433333333333355622222223,0.33150000000000022100000000,false,4,1,1,"7"
NoContext,118,117,0.33433333333333355622222222,0.33150000000000022100000000,false,5,1,1,"7"
NoContext,118,118,0.33433333333333355622222222,0.33433333333333355622222222,false,4,1,1,"7"
NoContext,118,118,0.33433333333333355622222222,0.33433333333333355622222223,false,2,1,1,"7"
NoContext,119,150,0.303450000000000030345,0.38250000000000003825,false,1,1,1,"7"
NoContext,120,150,0.30600000000000003060,0.38250000000000003825,false,3,1,1,"7"
NoContext,120,158,0.306000000000000030600,0.402900000000000040290,false,8,1,1,"7"
NoContext,122,1,0.31110000000000003111,0.002550000000000000255,false,1,1,1,"7"
NoContext,123,122,0.313650000000000031365,0.311100000000000031110,false,1,1,1,"7"
NoContext,123,147,0.313650000000000031365,0.374850000000000037485,false,1,1,1,"7"
NoContext,125,42,0.375000000000000375,0.126000000000000126,false,1,1,1,"4"
NoContext,125,98,0.318750000000000031875,0.24990000000000002499,false,1,1,1,"7"
NoContext,125,125,0.318750000000000031875,0.318750000000000031875,false,5,1,1,"7"
NoContext,126,64,0.33179999999999997788000000,0.16853333333333332209777778,false,1,1,1,"7"
NoContext,127,22,0.37253333333333323399111111,0.06453333333333331612444445,false,1,1,1,"7"
NoContext,127,43,0.37253333333333323399111111,0.12613333333333329969777778,false,3,1,1,"7"
NoContext,127,63,0.33443333333333331103777778,0.16589999999999998894000000,false,1,1,1,"7"
NoContext,127,86,0.37253333333333323399111111,0.25226666666666659939555556,false,1,1,1,"7"
NoContext,127,126,0.33443333333333331103777778,0.33179999999999997788000000,false,1,1,1,"7"
NoContext,127,171,0.37253333333333323399111111,0.50159999999999986624000000,false,3,1,1,"7"
NoContext,128,42,0.375466666666666566542222222,0.123199999999999967146666667,false,2,1,1,"7"
NoContext,128,42,0.37546666666666656654222222,0.12319999999999996714666666,false,3,1,1,"7"
NoContext,128,42,0.37546666666666656654222223,0.12319999999999996714666666,false,2,1,1,"7"
NoContext,128,42,0.37546666666666656654222222,0.12319999999999996714666667,false,6,1,1,"7"
NoContext,128,43,0.375466666666666566542222222,0.126133333333333299697777778,false,2,1,1,"7"
NoContext,128,43,0.375466666666666566542222223,0.126133333333333299697777777,false,2,1,1,"7"
NoContext,128,43,0.37546666666666656654222223,0.12613333333333329969777777,false,5,1,1,"7"
NoContext,128,43,0.37546666666666656654222222,0.12613333333333329969777778,false,8,1,1,"7"
NoContext,128,85,0.37546666666666656654222223,0.24933333333333326684444444,false,1,1,1,"7"
NoContext,128,170,0.37546666666666656654222223,0.49866666666666653368888889,false,5,1,1,"7"
NoContext,128,170,0.37546666666666656654222222,0.49866666666666653368888889,false,16,1,1,"7"
NoContext,128,170,0.37546666666666656654222223,0.49866666666666653368888888,false,2,1,1,"7"
NoContext,128,171,0.37546666666666656654222222,0.50159999999999986624000000,false,12,1,1,"7"
NoContext,128,171,0.37546666666666656654222223,0.50159999999999986624000000,false,6,1,1,"7"
NoContext,128,213,0.37546666666666656654222223,0.62479999999999983338666666,false,1,1,1,"7"
NoContext,132,22,0.3740000000000002493333333,0.0623333333333333748888889,false,68,1,1,"7"
NoContext,132,22,0.3740000000000002493333334,0.0623333333333333748888889,false,21,1,1,"7"
NoContext,132,22,0.3740000000000002493333334,0.0623333333333333748888888,false,11,1,1,"7"
NoContext,132,23,0.3740000000000002493333334,0.0651666666666667101111111,false,4,1,1,"7"
NoContext,132,23,0.3740000000000002493333333,0.0651666666666667101111111,false,3,1,1,"7"
NoContext,132,23,0.3740000000000002493333333,0.0651666666666667101111112,false,4,1,1,"7"
NoContext,132,44,0.37400000000000024933333334,0.12466666666666674977777778,false,1,1,1,"7"
NoContext,132,44,0.37400000000000024933333334,0.12466666666666674977777777,false,1,1,1,"7"
NoContext,132,44,0.3740000000000002493333333,0.1246666666666667497777778,false,10,1,1,"7"
NoContext,132,44,0.3740000000000002493333334,0.1246666666666667497777777,false,1,1,1,"7"
NoContext,132,44,0.3740000000000002493333334,0.1246666666666667497777778,false,1,1,1,"7"
NoContext,132,45,0.37400000000000024933333333,0.12750000000000008500000000,false,2,1,1,"7"
NoContext,132,45,0.37400000000000024933333333,0.12750000000000008500000000,true,1,1,1,"7"
NoContext,132,45,0.3740000000000002493333333,0.1275000000000000850000000,false,3,1,1,"7"
NoContext,132,45,0.3740000000000002493333334,0.1275000000000000850000000,false,1,1,1,"7"
NoContext,132,71,0.37400000000000024933333334,0.20116666666666680077777777,false,1,1,1,"7"
NoContext,133,21,0.3768333333333335845555556,0.0595000000000000396666666,false,1,1,1,"7"
NoContext,133,22,0.3768333333333335845555556,0.0623333333333333748888888,false,7,1,1,"7"
NoContext,133,22,0.3768333333333335845555556,0.0623333333333333748888889,false,26,1,1,"7"
NoContext,133,22,0.3768333333333335845555555,0.0623333333333333748888889,false,28,1,1,"7"
NoContext,133,44,0.37683333333333358455555556,0.12466666666666674977777777,false,1,1,1,"7"
NoContext,133,44,0.37683333333333358455555555,0.12466666666666674977777778,false,2,1,1,"7"
NoContext,133,44,0.3768333333333335845555555,0.1246666666666667497777778,false,2,1,1,"7"
NoContext,136,68,0.33320000000000036652000000,0.16660000000000018326000000,false,1,1,1,"7"
NoContext,136,68,0.498666666666666168,0.249333333333333084,false,39,1,1,"7"
NoContext,136,69,0.498666666666666168,0.252999999999999747,false,11,1,1,"7"
NoContext,136,136,0.498666666666666168,0.498666666666666168,false,64,1,1,"7"
NoContext,136,137,0.498666666666666168,0.502333333333332831,false,89,1,1,"7"
NoContext,136,273,0.498666666666666168,1.000999999999998999,false,5,1,1,"7"
NoContext,136,545,0.498666666666666168,1.998333333333331335,false,2,1,1,"7"
NoContext,136,546,0.498666666666666168,2.001999999999997998,false,1,1,1,"7"
NoContext,137,35,0.49776666666666691555,0.12716666666666673025,false,6,1,1,"7"
NoContext,137,68,0.502333333333332831,0.249333333333333084,false,35,1,1,"7"
NoContext,137,69,0.33108333333333322297222222,0.16674999999999994441666667,false,1,1,1,"7"
NoContext,137,69,0.49776666666666691555,0.25070000000000012535,false,16,1,1,"7"
NoContext,137,136,0.502333333333332831,0.498666666666666168,false,80,1,1,"7"
NoContext,137,138,0.49776666666666691555,0.50140000000000025070,false,72,1,1,"7"
NoContext,137,138,0.49776666666666691555,0.50140000000000025070,true,2,1,1,"7"
NoContext,137,272,0.502333333333332831,0.997333333333332336,false,3,1,1,"7"
NoContext,137,273,0.502333333333332831,1.000999999999998999,false,1,1,1,"7"
NoContext,137,275,0.49776666666666691555,0.99916666666666716625,false,1,1,1,"7"
NoContext,137,276,0.49776666666666691555,1.00280000000000050140,false,2,1,1,"7"
NoContext,137,413,0.49776666666666691555,1.50056666666666741695,false,1,1,1,"7"
NoContext,138,34,0.5014000000000002507,0.1235333333333333951,false,4,1,1,"7"
NoContext,138,52,0.5014000000000002507,0.1889333333333334278,false,1,1,1,"7"
NoContext,138,68,0.5014000000000002507,0.2470666666666667902,false,6,1,1,"7"
NoContext,138,69,0.33349999999999988883333333,0.16674999999999994441666667,false,1,1,1,"7"
NoContext,138,69,0.5014000000000002507,0.25070000000000012535,false,13,1,1,"7"
NoContext,138,137,0.5014000000000002507,0.49776666666666691555,false,66,1,1,"7"
NoContext,138,137,0.50140000000000025070,0.49776666666666691555,true,2,1,1,"7"
NoContext,138,138,0.5014000000000002507,0.5014000000000002507,false,37,1,1,"7"
NoContext,138,138,0.50140000000000025070,0.50140000000000025070,true,4,1,1,"7"
NoContext,138,206,0.5014000000000002507,0.7484666666666670409,false,3,1,1,"7"
NoContext,138,207,0.33349999999999988883333333,0.50024999999999983325000000,false,1,1,1,"7"
NoContext,138,275,0.50140000000000025070,0.99916666666666716625,false,5,1,1,"7"
NoContext,138,275,0.5014000000000002507,0.99916666666666716625,true,3,1,1,"7"
NoContext,138,412,0.50140000000000025070,1.49693333333333408180,false,1,1,1,"7"
NoContext,138,413,0.50140000000000025070,1.50056666666666741695,false,2,1,1,"7"
NoContext,138,550,0.5014000000000002507,1.9983333333333343325,false,1,1,1,"7"
NoContext,140,226,0.31033333333333345746666667,0.50096666666666686705333333,false,1,1,1,"7"
NoContext,141,28,0.31255000000000012502000000,0.06206666666666669149333334,false,4,1,1,"7"
NoContext,141,28,0.31255000000000012502,0.06206666666666669149333333,false,4,1,1,"7"
NoContext,141,29,0.31255000000000012502000000,0.06428333333333335904666666,false,1,1,1,"7"
NoContext,141,56,0.31255000000000012502000000,0.12413333333333338298666667,false,4,1,1,"7"
NoContext,141,57,0.31255000000000012502,0.12635000000000005054,false,5,1,1,"7"
NoContext,141,84,0.31255000000000012502,0.18620000000000007448,false,1,1,1,"7"
NoContext,141,85,0.31255000000000012502000000,0.18841666666666674203333334,false,1,1,1,"7"
NoContext,141,85,0.31255000000000012502000000,0.18841666666666674203333333,false,1,1,1,"7"
NoContext,141,113,0.31255000000000012502000000,0.25048333333333343352666666,false,1,1,1,"7"
NoContext,143,71,0.33366666666666633300000000,0.16566666666666650100000000,false,2,1,1,"7"
NoContext,147,32,0.374850000000000037485,0.08160000000000000816,false,2,1,1,"7"
NoContext,147,33,0.374850000000000037485,0.084150000000000008415,false,3,1,1,"7"
NoContext,147,49,0.374850000000000037485,0.124950000000000012495,false,1,1,1,"7"
NoContext,147,98,0.374850000000000037485,0.24990000000000002499,false,3,1,1,"7"
NoContext,147,123,0.374850000000000037485,0.313650000000000031365,false,1,1,1,"7"
NoContext,147,196,0.374850000000000037485,0.499800000000000049980,false,1,1,1,"7"
NoContext,148,98,0.377400000000000037740,0.249900000000000024990,false,1,1,1,"7"
NoContext,149,170,0.43706666666666655011555555,0.49866666666666653368888889,false,1,1,1,"7"
NoContext,149,256,0.43706666666666655011555555,0.75093333333333313308444445,false,1,1,1,"7"
NoContext,150,75,0.38250000000000003825,0.191250000000000019125,false,5,1,1,"7"
NoContext,150,120,0.38250000000000003825,0.30600000000000003060,false,3,1,1,"7"
NoContext,150,170,0.43999999999999988266666667,0.49866666666666653368888889,false,1,1,1,"7"
NoContext,150,196,0.38250000000000003825,0.49980000000000004998,false,1,1,1,"7"
NoContext,150,784,0.382500000000000038250,1.999200000000000199920,false,2,1,1,"7"
NoContext,150,1568,0.382500000000000038250,3.998400000000000399840,false,1,1,1,"7"
NoContext,150,2000,0.38250000000000003825,5.10000000000000051000,false,1,1,1,"7"
NoContext,151,75,0.33471666666666680055333333,0.16625000000000006650000000,false,1,1,1,"7"
NoContext,151,112,0.33471666666666680055333334,0.24826666666666676597333333,false,1,1,1,"7"
NoContext,152,182,0.41799999999999958200,0.50049999999999949950,false,1,1,1,"10"
NoContext,154,22,0.4363333333333336242222222,0.0623333333333333748888889,false,33,1,1,"7"
NoContext,154,22,0.4363333333333336242222223,0.0623333333333333748888888,false,6,1,1,"7"
NoContext,154,22,0.4363333333333336242222223,0.0623333333333333748888889,false,4,1,1,"7"
NoContext,154,23,0.4363333333333336242222222,0.0651666666666667101111111,false,2,1,1,"7"
NoContext,154,23,0.4363333333333336242222222,0.0651666666666667101111112,false,2,1,1,"7"
NoContext,154,89,0.4363333333333336242222222,0.2521666666666668347777778,false,1,1,1,"7"
NoContext,155,22,0.4391666666666669594444445,0.0623333333333333748888889,false,10,1,1,"7"
NoContext,155,22,0.4391666666666669594444445,0.0623333333333333748888888,false,4,1,1,"7"
NoContext,155,22,0.4391666666666669594444444,0.0623333333333333748888889,false,13,1,1,"7"
NoContext,155,88,0.4391666666666669594444444,0.2493333333333334995555556,false,1,1,1,"7"
NoContext,157,75,0.400350000000000040035,0.191250000000000019125,false,2,1,1,"7"
NoContext,158,60,0.40290000000000004029,0.15300000000000001530,false,6,1,1,"7"
NoContext,158,75,0.402900000000000040290,0.191250000000000019125,false,2,1,1,"7"
NoContext,158,120,0.402900000000000040290,0.306000000000000030600,false,6,1,1,"7"
NoContext,161,3,0.410550000000000041055,0.007650000000000000765,false,1,1,1,"7"
NoContext,163,33,0.415650000000000041565,0.084150000000000008415,false,13,1,1,"7"
NoContext,164,32,0.41820000000000004182,0.08160000000000000816,false,9,1,1,"7"
NoContext,164,33,0.41820000000000004182,0.084150000000000008415,false,2,1,1,"7"
NoContext,164,83,0.4974666666666661692,0.2517666666666664149,false,15,1,1,"7"
NoContext,164,165,0.4974666666666661692,0.5004999999999994995,false,45,1,1,"7"
NoContext,164,248,0.4974666666666661692,0.7522666666666659144,false,3,1,1,"7"
NoContext,164,330,0.4974666666666661692,1.0009999999999989990,false,9,1,1,"7"
NoContext,165,20,0.5004999999999994995,0.0606666666666666060,false,1,1,1,"7"
NoContext,165,82,0.5004999999999994995,0.2487333333333330846,false,23,1,1,"7"
NoContext,165,83,0.5004999999999994995,0.2517666666666664149,false,12,1,1,"7"
NoContext,165,164,0.5004999999999994995,0.4974666666666661692,false,45,1,1,"7"
NoContext,165,165,0.5004999999999994995,0.5004999999999994995,false,155,1,1,"7"
NoContext,165,247,0.5004999999999994995,0.7492333333333325841,false,7,1,1,"7"
NoContext,165,329,0.5004999999999994995,0.9979666666666656687,false,13,1,1,"7"
NoContext,165,330,0.5004999999999994995,1.0009999999999989990,false,27,1,1,"7"
NoContext,165,824,0.5004999999999994995,2.4994666666666641672,false,1,1,1,"7"
NoContext,165,1483,0.5004999999999994995,4.4984333333333288349,false,1,1,1,"7"
NoContext,165,1484,0.5004999999999994995,4.5014666666666621652,false,1,1,1,"7"
NoContext,166,56,0.498000000000000498,0.168000000000000168,false,2,1,1,"4"
NoContext,166,84,0.498000000000000498,0.252000000000000252,false,19,1,1,"4"
NoContext,166,84,0.498000000000000498,0.252000000000000252,true,1,1,1,"4"
NoContext,166,167,0.498000000000000498,0.501000000000000501,false,9,1,1,"4"
NoContext,166,167,0.498000000000000498,0.501000000000000501,true,3,1,1,"4"
NoContext,167,56,0.501000000000000501,0.168000000000000168,false,1,1,1,"4"
NoContext,167,75,0.425850000000000042585,0.191250000000000019125,false,1,1,1,"7"
NoContext,167,83,0.501000000000000501,0.249000000000000249,false,44,1,1,"4"
NoContext,167,166,0.501000000000000501,0.498000000000000498,false,9,1,1,"4"
NoContext,167,166,0.501000000000000501,0.498000000000000498,true,4,1,1,"4"
NoContext,167,167,0.501000000000000501,0.501000000000000501,true,5,1,1,"4"
NoContext,167,167,0.501000000000000501,0.501000000000000501,false,8,1,1,"4"
NoContext,167,333,0.501000000000000501,0.999000000000000999,false,2,1,1,"4"
NoContext,167,686,0.425850000000000042585,1.749300000000000174930,false,1,1,1,"7"
NoContext,169,28,0.37461666666666681651333333,0.06206666666666669149333334,false,3,1,1,"7"
NoContext,169,28,0.37461666666666681651333334,0.06206666666666669149333333,false,5,1,1,"7"
NoContext,169,28,0.37461666666666681651333333,0.06206666666666669149333333,false,4,1,1,"7"
NoContext,169,29,0.37461666666666681651333333,0.06428333333333335904666667,false,3,1,1,"7"
NoContext,169,56,0.37461666666666681651333334,0.12413333333333338298666666,false,1,1,1,"7"
NoContext,169,56,0.37461666666666681651333333,0.12413333333333338298666667,false,3,1,1,"7"
NoContext,169,57,0.37461666666666681651333333,0.12635000000000005054,false,1,1,1,"7"
NoContext,169,113,0.37461666666666681651333334,0.25048333333333343352666666,false,1,1,1,"7"
NoContext,169,113,0.37461666666666681651333333,0.25048333333333343352666667,false,1,1,1,"7"
NoContext,169,169,0.37461666666666681651333333,0.37461666666666681651333333,false,1,1,1,"7"
NoContext,169,170,0.37461666666666681651333333,0.37683333333333348406666667,false,1,1,1,"7"
NoContext,169,226,0.37461666666666681651333333,0.50096666666666686705333334,false,1,1,1,"7"
NoContext,170,21,0.49866666666666653368888889,0.06159999999999998357333333,false,1,1,1,"7"
NoContext,170,22,0.49866666666666653368888889,0.06453333333333331612444444,false,1,1,1,"7"
NoContext,170,28,0.37683333333333348406666667,0.06206666666666669149333333,false,1,1,1,"7"
NoContext,170,28,0.37683333333333348406666666,0.06206666666666669149333334,false,1,1,1,"7"
NoContext,170,43,0.49866666666666653368888889,0.12613333333333329969777777,false,4,1,1,"7"
NoContext,170,43,0.49866666666666653368888889,0.12613333333333329969777778,false,15,1,1,"7"
NoContext,170,43,0.49866666666666653368888888,0.12613333333333329969777778,false,3,1,1,"7"
NoContext,170,56,0.37683333333333348406666667,0.12413333333333338298666667,false,1,1,1,"7"
NoContext,170,56,0.37683333333333348406666667,0.12413333333333338298666666,false,1,1,1,"7"
NoContext,170,85,0.4986666666666665336888888889,0.2493333333333332668444444445,false,1,1,1,"7"
NoContext,170,85,0.498666666666666533688888889,0.249333333333333266844444444,false,1,1,1,"7"
NoContext,170,85,0.498666666666666533688888888,0.249333333333333266844444445,false,1,1,1,"7"
NoContext,170,85,0.49866666666666653368888888,0.24933333333333326684444445,false,1,1,1,"7"
NoContext,170,85,0.49866666666666653368888889,0.24933333333333326684444444,false,5,1,1,"7"
NoContext,170,85,0.49866666666666653368888889,0.24933333333333326684444445,false,1,1,1,"7"
NoContext,170,86,0.49866666666666653368888889,0.25226666666666659939555555,false,3,2,2,"4;7"
NoContext,170,86,0.49866666666666653368888888,0.25226666666666659939555556,false,1,1,1,"4"
NoContext,170,86,0.498666666666666533688888889,0.252266666666666599395555556,false,1,1,1,"7"
NoContext,170,86,0.498666666666666533688888888,0.252266666666666599395555556,false,1,1,1,"7"
NoContext,170,86,0.49866666666666653368888889,0.25226666666666659939555556,false,1,1,1,"7"
NoContext,170,128,0.49866666666666653368888889,0.37546666666666656654222223,false,1,1,1,"7"
NoContext,170,170,0.498666666666666533688888889,0.498666666666666533688888889,false,1,1,1,"4"
NoContext,170,170,0.49866666666666653368888889,0.49866666666666653368888888,false,3,1,1,"7"
NoContext,170,170,0.49866666666666653368888889,0.49866666666666653368888889,false,4,1,1,"7"
NoContext,170,171,0.498666666666666533688888889,0.501599999999999866240000000,false,6,2,2,"4;7"
NoContext,170,171,0.498666666666666533688888888,0.501599999999999866240000000,false,1,1,1,"4"
NoContext,170,171,0.49866666666666653368888889,0.50159999999999986624000000,false,43,2,2,"4;7"
NoContext,170,171,0.49866666666666653368888888,0.50159999999999986624000000,false,2,1,1,"7"
NoContext,170,256,0.4986666666666665336888888889,0.7509333333333331330844444444,false,1,1,1,"7"
NoContext,170,256,0.498666666666666533688888889,0.750933333333333133084444444,false,3,1,1,"7"
NoContext,170,256,0.498666666666666533688888889,0.750933333333333133084444445,false,2,1,1,"7"
NoContext,170,256,0.49866666666666653368888889,0.75093333333333313308444444,false,1,1,1,"7"
NoContext,170,256,0.49866666666666653368888889,0.75093333333333313308444445,false,1,1,1,"7"
NoContext,171,21,0.50159999999999986624000000,0.06159999999999998357333334,false,1,1,1,"7"
NoContext,171,42,0.501599999999999866240000000,0.123199999999999967146666667,false,1,1,1,"7"
NoContext,171,42,0.50159999999999986624000000,0.12319999999999996714666667,false,10,1,1,"7"
NoContext,171,42,0.50159999999999986624000000,0.12319999999999996714666666,false,7,1,1,"7"
NoContext,171,57,0.501599999999999866240000000,0.167199999999999955413333334,false,1,1,1,"4"
NoContext,171,57,0.50159999999999986624000000,0.16719999999999995541333333,false,1,1,1,"4"
NoContext,171,85,0.501599999999999866240000000,0.249333333333333266844444445,false,2,1,1,"7"
NoContext,171,85,0.501599999999999866240000000,0.249333333333333266844444444,false,3,1,1,"7"
NoContext,171,85,0.50159999999999986624000000,0.24933333333333326684444444,false,3,1,1,"7"
NoContext,171,85,0.50159999999999986624000000,0.24933333333333326684444445,false,4,1,1,"7"
NoContext,171,170,0.50159999999999986624,0.498666666666666533688888889,false,7,1,1,"4"
NoContext,171,170,0.50159999999999986624000000,0.49866666666666653368888889,false,48,2,2,"4;7"
NoContext,171,170,0.50159999999999986624000000,0.49866666666666653368888888,false,5,2,2,"4;7"
NoContext,171,255,0.501599999999999866240000000,0.747999999999999800533333333,false,2,1,1,"7"
NoContext,171,255,0.501599999999999866240000000,0.747999999999999800533333334,false,2,1,1,"7"
NoContext,171,255,0.50159999999999986624,0.74799999999999980053333333,false,2,1,1,"7"
NoContext,171,256,0.501599999999999866240000000,0.750933333333333133084444444,false,1,1,1,"7"
NoContext,171,256,0.50159999999999986624000000,0.75093333333333313308444445,false,1,1,1,"7"
NoContext,172,68,0.6249333333333336458,0.2470666666666667902,false,1,1,1,"7"
NoContext,176,22,0.4986666666666669991111111,0.0623333333333333748888889,false,2,1,1,"7"
NoContext,176,44,0.49866666666666699911111111,0.12466666666666674977777777,false,1,1,1,"7"
NoContext,176,44,0.49866666666666699911111111,0.12466666666666674977777778,false,1,1,1,"7"
NoContext,176,67,0.4986666666666669991111111,0.1898333333333334598888889,false,1,1,1,"7"
NoContext,176,88,0.49866666666666699911111111,0.24933333333333349955555556,false,4,1,1,"7"
NoContext,176,88,0.49866666666666699911111111,0.24933333333333349955555555,false,3,1,1,"7"
NoContext,176,88,0.4986666666666669991111111,0.2493333333333334995555555,false,2,1,1,"7"
NoContext,176,88,0.4986666666666669991111112,0.2493333333333334995555555,false,1,1,1,"7"
NoContext,176,88,0.4986666666666669991111111,0.2493333333333334995555556,false,2,1,1,"7"
NoContext,176,89,0.49866666666666699911111111,0.25216666666666683477777777,false,1,1,1,"7"
NoContext,176,89,0.49866666666666699911111112,0.25216666666666683477777777,false,2,1,1,"7"
NoContext,176,89,0.4986666666666669991111111,0.2521666666666668347777778,false,9,1,1,"7"
NoContext,176,89,0.4986666666666669991111111,0.2521666666666668347777777,false,1,1,1,"7"
NoContext,176,155,0.4986666666666669991111111,0.4391666666666669594444444,false,1,1,1,"7"
NoContext,176,176,0.49866666666666699911111111,0.49866666666666699911111111,false,1,1,1,"7"
NoContext,176,176,0.4986666666666669991111111,0.4986666666666669991111111,false,3,1,1,"7"
NoContext,176,177,0.49866666666666699911111111,0.50150000000000033433333334,false,2,1,1,"7"
NoContext,176,177,0.49866666666666699911111111,0.50150000000000033433333333,false,3,1,1,"7"
NoContext,176,177,0.49866666666666699911111112,0.50150000000000033433333333,false,2,1,1,"7"
NoContext,176,177,0.4986666666666669991111111,0.5015000000000003343333334,false,6,1,1,"7"
NoContext,176,177,0.4986666666666669991111112,0.5015000000000003343333333,false,3,1,1,"7"
NoContext,176,177,0.4986666666666669991111111,0.5015000000000003343333333,false,7,1,1,"7"
NoContext,176,354,0.49866666666666699911111111,1.00300000000000066866666666,false,1,1,1,"7"
NoContext,177,22,0.5015000000000003343333333,0.0623333333333333748888889,false,6,1,1,"7"
NoContext,177,44,0.50150000000000033433333333,0.12466666666666674977777778,false,2,1,1,"7"
NoContext,177,59,0.5015000000000003343333333,0.1671666666666667781111111,false,1,1,1,"7"
NoContext,177,66,0.5015000000000003343333333,0.1870000000000001246666667,false,1,1,1,"7"
NoContext,177,88,0.50150000000000033433333333,0.24933333333333349955555556,false,3,1,1,"7"
NoContext,177,88,0.50150000000000033433333333,0.24933333333333349955555555,false,2,1,1,"7"
NoContext,177,88,0.50150000000000033433333334,0.24933333333333349955555555,false,1,1,1,"7"
NoContext,177,88,0.5015000000000003343333334,0.2493333333333334995555555,false,8,1,1,"7"
NoContext,177,88,0.5015000000000003343333333,0.2493333333333334995555556,false,10,1,1,"7"
NoContext,177,88,0.5015000000000003343333333,0.2493333333333334995555555,false,1,1,1,"7"
NoContext,177,117,0.50150000000000033433333333,0.33150000000000022100000000,false,1,1,1,"7"
NoContext,177,132,0.5015000000000003343333333,0.3740000000000002493333334,false,1,1,1,"7"
NoContext,177,154,0.5015000000000003343333333,0.4363333333333336242222222,false,1,1,1,"7"
NoContext,177,176,0.50150000000000033433333333,0.49866666666666699911111111,false,4,1,1,"7"
NoContext,177,176,0.50150000000000033433333334,0.49866666666666699911111111,false,2,1,1,"7"
NoContext,177,176,0.50150000000000033433333333,0.49866666666666699911111112,false,1,1,1,"7"
NoContext,177,176,0.5015000000000003343333333,0.4986666666666669991111111,false,11,1,1,"7"
NoContext,177,176,0.5015000000000003343333334,0.4986666666666669991111111,false,1,1,1,"7"
NoContext,177,176,0.5015000000000003343333333,0.4986666666666669991111112,false,1,1,1,"7"
NoContext,177,177,0.50150000000000033433333333,0.50150000000000033433333334,false,1,1,1,"7"
NoContext,181,61,0.49774999999999950225,0.16774999999999983225,false,2,1,1,"10"
NoContext,181,91,0.49774999999999950225,0.25024999999999974975,false,7,1,1,"10"
NoContext,181,182,0.49774999999999950225,0.50049999999999949950,false,13,1,1,"10"
NoContext,182,60,0.50049999999999949950,0.16499999999999983500,false,13,1,1,"10"
NoContext,182,61,0.5004999999999994995,0.16774999999999983225,false,7,1,1,"10"
NoContext,182,90,0.5004999999999994995,0.2474999999999997525,false,2,1,1,"10"
NoContext,182,91,0.50049999999999949950,0.25024999999999974975,false,27,1,1,"10"
NoContext,182,92,0.49746666666666716413333333,0.25146666666666691813333333,false,2,1,1,"7"
NoContext,182,92,0.49746666666666716413333333,0.25146666666666691813333334,false,1,1,1,"7"
NoContext,182,92,0.49746666666666716413333334,0.25146666666666691813333333,false,2,1,1,"7"
NoContext,182,181,0.5004999999999994995,0.49774999999999950225,false,10,1,1,"10"
NoContext,182,182,0.50049999999999949950,0.50049999999999949950,false,59,1,1,"10"
NoContext,182,183,0.49746666666666716413333334,0.50020000000000050020000000,false,4,1,1,"7"
NoContext,182,183,0.49746666666666716413333333,0.5002000000000005002,false,8,1,1,"7"
NoContext,182,363,0.50049999999999949950,0.99824999999999900175,false,2,1,1,"10"
NoContext,182,364,0.50049999999999949950,1.00099999999999899900,false,1,1,1,"10"
NoContext,183,91,0.5002000000000005002,0.248733333333333582066666667,false,4,1,1,"7"
NoContext,183,91,0.500200000000000500200000000,0.248733333333333582066666666,false,1,1,1,"7"
NoContext,183,91,0.50020000000000050020000000,0.24873333333333358206666666,false,6,1,1,"7"
NoContext,183,91,0.5002000000000005002,0.24873333333333358206666667,false,12,1,1,"7"
NoContext,183,92,0.5002000000000005002000000000,0.2514666666666669181333333334,false,1,1,1,"7"
NoContext,183,92,0.5002000000000005002,0.251466666666666918133333333,false,2,1,1,"7"
NoContext,183,92,0.50020000000000050020000000,0.25146666666666691813333334,false,6,1,1,"7"
NoContext,183,92,0.5002000000000005002,0.25146666666666691813333333,false,3,1,1,"7"
NoContext,183,182,0.50020000000000050020000000,0.49746666666666716413333334,false,4,1,1,"7"
NoContext,183,182,0.50020000000000050020000000,0.49746666666666716413333333,false,9,1,1,"7"
NoContext,183,183,0.5002000000000005002000000000,0.5002000000000005002000000000,false,120,1,1,"7"
NoContext,183,365,0.50020000000000050020000000,0.99766666666666766433333334,false,1,1,1,"7"
NoContext,183,366,0.5002000000000005002000000000,1.0004000000000010004000000000,false,5,1,1,"7"
NoContext,183,366,0.50020000000000050020000000,1.00040000000000100040000000,true,1,1,1,"7"
NoContext,195,196,0.497250000000000049725,0.49980000000000004998,false,1,1,1,"7"
NoContext,196,2,0.49980000000000004998,0.00510000000000000051,false,1,1,1,"7"
NoContext,196,49,0.49980000000000004998,0.124950000000000012495,false,3,1,1,"7"
NoContext,196,98,0.499800000000000049980,0.249900000000000024990,false,19,2,2,"7"
NoContext,196,147,0.499800000000000049980,0.374850000000000037485,false,1,1,1,"7"
NoContext,196,196,0.499800000000000049980,0.499800000000000049980,false,187,2,2,"7"
NoContext,196,197,0.499800000000000049980,0.502350000000000050235,false,19,2,2,"7"
NoContext,196,221,0.49980000000000004998,0.563550000000000056355,false,1,1,1,"7"
NoContext,196,294,0.49980000000000004998,0.74970000000000007497,false,6,1,1,"7"
NoContext,196,295,0.499800000000000049980,0.752250000000000075225,false,1,1,1,"7"
NoContext,196,392,0.49980000000000004998,0.99960000000000009996,false,8,2,2,"7"
NoContext,196,393,0.499800000000000049980,1.002150000000000100215,false,1,1,1,"7"
NoContext,196,784,0.49980000000000004998,1.99920000000000019992,false,3,1,1,"7"
NoContext,196,785,0.49980000000000004998,2.001750000000000200175,false,2,1,1,"7"
NoContext,196,981,0.49980000000000004998,2.501550000000000250155,false,1,1,1,"7"
NoContext,197,28,0.43668333333333350800666667,0.06206666666666669149333333,false,17,1,1,"7"
NoContext,197,28,0.43668333333333350800666666,0.06206666666666669149333334,false,12,1,1,"7"
NoContext,197,29,0.43668333333333350800666666,0.06428333333333335904666667,false,3,1,1,"7"
NoContext,197,29,0.43668333333333350800666667,0.06428333333333335904666667,false,4,1,1,"7"
NoContext,197,29,0.43668333333333350800666667,0.06428333333333335904666666,false,1,1,1,"7"
NoContext,197,98,0.502350000000000050235,0.24990000000000002499,false,3,2,2,"7"
NoContext,197,196,0.502350000000000050235,0.499800000000000049980,false,19,2,2,"7"
NoContext,197,294,0.502350000000000050235,0.749700000000000074970,false,3,2,2,"7"
NoContext,198,28,0.43890000000000017556000000,0.06206666666666669149333334,false,7,1,1,"7"
NoContext,198,28,0.43890000000000017556,0.06206666666666669149333333,false,16,1,1,"7"
NoContext,198,112,0.43890000000000017556000000,0.24826666666666676597333333,false,1,1,1,"7"
NoContext,198,225,0.43890000000000017556000000,0.49875000000000019950000000,false,1,1,1,"7"
NoContext,201,201,0.49915000000000032444750000,0.49915000000000032444750000,false,3,1,1,"7"
NoContext,201,202,0.49915000000000032444750000,0.50163333333333365939500000,false,2,1,1,"7"
NoContext,202,201,0.50163333333333365939500000,0.49915000000000032444750000,false,2,1,1,"7"
NoContext,204,68,0.747999999999999252,0.249333333333333084,false,1,1,1,"7"
NoContext,204,102,0.49980000000000054978000000,0.24990000000000027489000000,false,1,1,1,"7"
NoContext,204,201,0.49980000000000054978000000,0.49915000000000032444750000,false,1,1,1,"7"
NoContext,204,205,0.747999999999999252,0.751666666666665915,false,1,1,1,"7"
NoContext,205,136,0.751666666666665915,0.498666666666666168,false,1,1,1,"7"
NoContext,205,205,0.751666666666665915,0.751666666666665915,false,1,1,1,"7"
NoContext,206,138,0.7484666666666670409,0.5014000000000002507,false,2,1,1,"7"
NoContext,206,206,0.7484666666666670409,0.7484666666666670409,false,1,1,1,"7"
NoContext,206,207,0.7484666666666670409,0.75210000000000037605,false,1,1,1,"7"
NoContext,206,413,0.7484666666666670409,1.50056666666666741695,false,1,1,1,"7"
NoContext,207,104,0.50024999999999983325000000,0.25133333333333324955555555,false,1,1,1,"7"
NoContext,207,137,0.75210000000000037605,0.49776666666666691555,false,1,1,1,"7"
NoContext,207,138,0.75210000000000037605,0.50140000000000025070,false,1,1,1,"7"
NoContext,207,206,0.75210000000000037605,0.74846666666666704090,false,1,1,1,"7"
NoContext,212,52,0.50173333333333289849777777,0.12306666666666656000888889,false,1,1,1,"7"
NoContext,213,85,0.62479999999999983338666667,0.24933333333333326684444444,false,2,1,1,"7"
NoContext,213,86,0.62479999999999983338666667,0.25226666666666659939555556,false,1,1,1,"7"
NoContext,213,170,0.62479999999999983338666666,0.49866666666666653368888889,false,1,1,1,"7"
NoContext,213,256,0.62479999999999983338666666,0.75093333333333313308444445,false,1,1,1,"7"
NoContext,215,107,0.50166666666666616500000000,0.24966666666666641700000000,false,1,1,1,"7"
NoContext,218,107,0.50140000000000020056000000,0.24966666666666641700000000,false,1,1,1,"7"
NoContext,221,98,0.563550000000000056355,0.249900000000000024990,false,1,1,1,"7"
NoContext,225,28,0.49875000000000019950000000,0.06206666666666669149333334,false,1,1,1,"7"
NoContext,225,29,0.49875000000000019950,0.06428333333333335904666667,false,1,1,1,"7"
NoContext,225,56,0.49875000000000019950,0.12413333333333338298666667,false,1,1,1,"7"
NoContext,225,57,0.49875000000000019950,0.12635000000000005054,false,2,1,1,"7"
NoContext,225,113,0.4987500000000001995,0.2504833333333334335266666667,false,2,1,1,"7"
NoContext,225,113,0.498750000000000199500000000,0.250483333333333433526666666,false,3,1,1,"7"
NoContext,225,113,0.49875000000000019950,0.250483333333333433526666667,false,4,1,1,"7"
NoContext,225,113,0.49875000000000019950000000,0.25048333333333343352666666,false,3,1,1,"7"
NoContext,225,113,0.49875000000000019950000000,0.25048333333333343352666667,false,3,1,1,"7"
NoContext,225,141,0.49875000000000019950000000,0.31255000000000012502000000,false,2,1,1,"7"
NoContext,225,198,0.49875000000000019950000000,0.43890000000000017556000000,false,1,1,1,"7"
NoContext,225,226,0.49875000000000019950,0.500966666666666867053333333,false,5,1,1,"7"
NoContext,225,226,0.498750000000000199500000000,0.500966666666666867053333334,false,2,1,1,"7"
NoContext,225,226,0.4987500000000001995,0.50096666666666686705333333,false,10,1,1,"7"
NoContext,225,226,0.49875000000000019950000000,0.50096666666666686705333334,true,1,1,1,"7"
NoContext,225,226,0.49875000000000019950000000,0.50096666666666686705333334,false,4,1,1,"7"
NoContext,225,1128,0.49875000000000019950000000,2.50040000000000100016000000,false,1,1,1,"7"
NoContext,226,28,0.500966666666666867053333333,0.062066666666666691493333334,false,1,1,1,"7"
NoContext,226,28,0.50096666666666686705333333,0.06206666666666669149333334,false,1,1,1,"7"
NoContext,226,56,0.500966666666666867053333333,0.124133333333333382986666667,false,2,1,1,"7"
NoContext,226,56,0.50096666666666686705333333,0.12413333333333338298666667,false,1,1,1,"7"
NoContext,226,112,0.500966666666666867053333333,0.248266666666666765973333333,false,2,1,1,"7"
NoContext,226,112,0.500966666666666867053333333,0.248266666666666765973333334,false,1,1,1,"7"
NoContext,226,112,0.50096666666666686705333333,0.24826666666666676597333334,false,4,1,1,"7"
NoContext,226,112,0.50096666666666686705333333,0.24826666666666676597333333,false,2,1,1,"7"
NoContext,226,113,0.5009666666666668670533333333,0.2504833333333334335266666667,false,1,1,1,"7"
NoContext,226,113,0.500966666666666867053333333,0.250483333333333433526666667,false,2,1,1,"7"
NoContext,226,113,0.50096666666666686705333334,0.25048333333333343352666666,false,5,1,1,"7"
NoContext,226,113,0.50096666666666686705333333,0.25048333333333343352666667,false,5,1,1,"7"
NoContext,226,141,0.50096666666666686705333333,0.31255000000000012502,false,1,1,1,"7"
NoContext,226,197,0.50096666666666686705333333,0.43668333333333350800666667,false,1,1,1,"7"
NoContext,226,225,0.500966666666666867053333333,0.498750000000000199500000000,false,2,1,1,"7"
NoContext,226,225,0.500966666666666867053333334,0.498750000000000199500000000,false,1,1,1,"7"
NoContext,226,225,0.50096666666666686705333333,0.49875000000000019950000000,true,1,1,1,"7"
NoContext,226,225,0.50096666666666686705333333,0.49875000000000019950000000,false,10,1,1,"7"
NoContext,226,225,0.50096666666666686705333334,0.49875000000000019950000000,false,3,1,1,"7"
NoContext,226,226,0.500966666666666867053333334,0.500966666666666867053333333,false,1,1,1,"7"
NoContext,226,226,0.50096666666666686705333333,0.50096666666666686705333333,false,2,1,1,"7"
NoContext,226,226,0.50096666666666686705333334,0.50096666666666686705333333,false,3,1,1,"7"
NoContext,226,451,0.50096666666666686705333333,0.99971666666666706655333334,false,1,1,1,"7"
NoContext,226,677,0.500966666666666867053333334,1.500683333333333933606666666,false,1,1,1,"7"
NoContext,247,82,0.7492333333333325841,0.2487333333333330846,false,4,1,1,"7"
NoContext,247,83,0.7492333333333325841,0.2517666666666664149,false,4,1,1,"7"
NoContext,247,247,0.7492333333333325841,0.7492333333333325841,false,2,1,1,"7"
NoContext,247,248,0.7492333333333325841,0.7522666666666659144,false,1,1,1,"7"
NoContext,247,271,0.7492333333333325841,0.8220333333333325113,false,1,1,1,"7"
NoContext,247,275,0.7492333333333325841,0.8341666666666658325,false,1,1,1,"7"
NoContext,247,330,0.7492333333333325841,1.0009999999999989990,false,2,1,1,"7"
NoContext,248,82,0.7522666666666659144,0.2487333333333330846,false,2,1,1,"7"
NoContext,248,164,0.7522666666666659144,0.4974666666666661692,false,1,1,1,"7"
NoContext,248,247,0.7522666666666659144,0.7492333333333325841,false,1,1,1,"7"
NoContext,248,268,0.7522666666666659144,0.8129333333333325204,false,1,1,1,"7"
NoContext,250,83,0.750000000000000750,0.249000000000000249,false,1,1,1,"4"
NoContext,250,166,0.750000000000000750,0.498000000000000498,false,1,1,1,"4"
NoContext,255,85,0.7479999999999998005333333333,0.2493333333333332668444444445,false,1,1,1,"7"
NoContext,255,85,0.747999999999999800533333333,0.249333333333333266844444444,false,1,1,1,"7"
NoContext,255,85,0.74799999999999980053333333,0.24933333333333326684444445,false,1,1,1,"7"
NoContext,255,85,0.74799999999999980053333334,0.24933333333333326684444444,false,1,1,1,"7"
NoContext,255,85,0.74799999999999980053333333,0.24933333333333326684444444,false,1,1,1,"7"
NoContext,255,86,0.7479999999999998005333333333,0.2522666666666665993955555555,false,1,1,1,"7"
NoContext,255,86,0.747999999999999800533333333,0.252266666666666599395555556,false,4,1,1,"7"
NoContext,255,86,0.747999999999999800533333334,0.252266666666666599395555555,false,2,1,1,"7"
NoContext,255,86,0.74799999999999980053333333,0.25226666666666659939555556,false,1,1,1,"7"
NoContext,256,85,0.7509333333333331330844444444,0.2493333333333332668444444445,false,1,1,1,"7"
NoContext,256,85,0.750933333333333133084444444,0.249333333333333266844444444,false,2,1,1,"7"
NoContext,256,85,0.750933333333333133084444444,0.249333333333333266844444445,false,6,1,1,"7"
NoContext,256,85,0.750933333333333133084444445,0.249333333333333266844444444,false,5,1,1,"7"
NoContext,256,85,0.75093333333333313308444445,0.24933333333333326684444444,false,5,1,1,"7"
NoContext,256,85,0.75093333333333313308444444,0.24933333333333326684444444,false,1,1,1,"7"
NoContext,264,88,0.67320000000000006732,0.22440000000000002244,false,4,1,1,"7"
NoContext,264,89,0.67320000000000006732,0.226950000000000022695,false,14,1,1,"7"
NoContext,265,88,0.675750000000000067575,0.224400000000000022440,false,39,1,1,"7"
NoContext,265,268,0.8038333333333325295,0.8129333333333325204,false,1,1,1,"7"
NoContext,268,164,0.8129333333333325204,0.4974666666666661692,false,1,1,1,"7"
NoContext,268,247,0.8129333333333325204,0.7492333333333325841,true,1,1,1,"7"
NoContext,268,268,0.8129333333333325204,0.8129333333333325204,true,1,1,1,"7"
NoContext,271,265,0.8220333333333325113,0.8038333333333325295,false,1,1,1,"7"
NoContext,272,137,0.997333333333332336,0.502333333333332831,false,1,1,1,"7"
NoContext,272,205,0.997333333333332336,0.751666666666665915,false,1,1,1,"7"
NoContext,272,273,0.997333333333332336,1.000999999999998999,false,11,1,1,"7"
NoContext,273,45,1.000999999999998999,0.164999999999999835,false,1,1,1,"7"
NoContext,273,68,1.000999999999998999,0.249333333333333084,false,2,1,1,"7"
NoContext,273,136,1.000999999999998999,0.498666666666666168,false,9,1,1,"7"
NoContext,273,137,1.000999999999998999,0.502333333333332831,false,1,1,1,"7"
NoContext,273,272,1.000999999999998999,0.997333333333332336,false,7,1,1,"7"
NoContext,273,273,1.000999999999998999,1.000999999999998999,false,5,1,1,"7"
NoContext,273,545,1.000999999999998999,1.998333333333331335,false,1,1,1,"7"
NoContext,275,69,0.99916666666666716625,0.25070000000000012535,false,2,1,1,"7"
NoContext,275,69,0.99916666666666716625,0.25070000000000012535,true,1,1,1,"7"
NoContext,275,137,0.99916666666666716625,0.49776666666666691555,false,1,1,1,"7"
NoContext,275,138,0.99916666666666716625,0.5014000000000002507,false,6,1,1,"7"
NoContext,275,138,0.99916666666666716625,0.50140000000000025070,true,2,1,1,"7"
NoContext,275,281,0.8341666666666658325,0.8523666666666658143,false,1,1,1,"7"
NoContext,276,68,1.00280000000000050140,0.24706666666666679020,false,2,1,1,"7"
NoContext,276,137,1.00280000000000050140,0.49776666666666691555,false,3,1,1,"7"
NoContext,281,248,0.8523666666666658143,0.7522666666666659144,false,1,1,1,"7"
NoContext,283,33,0.721650000000000072165,0.084150000000000008415,false,1,1,1,"7"
NoContext,294,98,0.749700000000000074970,0.249900000000000024990,false,20,2,2,"7"
NoContext,294,196,0.74970000000000007497,0.49980000000000004998,false,10,1,1,"7"
NoContext,294,197,0.74970000000000007497,0.502350000000000050235,false,1,1,1,"7"
NoContext,294,294,0.74970000000000007497,0.74970000000000007497,false,11,1,1,"7"
NoContext,295,98,0.752250000000000075225,0.249900000000000024990,false,2,2,2,"7"
NoContext,295,294,0.752250000000000075225,0.749700000000000074970,false,1,1,1,"7"
NoContext,298,42,0.87413333333333310023111111,0.12319999999999996714666667,false,1,1,1,"7"
NoContext,298,43,0.87413333333333310023111111,0.12613333333333329969777778,false,3,1,1,"7"
NoContext,298,86,0.87413333333333310023111111,0.25226666666666659939555555,false,1,1,1,"7"
NoContext,298,213,0.87413333333333310023111111,0.62479999999999983338666666,false,1,1,1,"7"
NoContext,298,341,0.87413333333333310023111112,1.00026666666666639992888888,false,1,1,1,"7"
NoContext,298,512,0.87413333333333310023111111,1.50186666666666626616888889,false,1,1,1,"7"
NoContext,299,42,0.87706666666666643278222222,0.12319999999999996714666667,false,4,1,1,"7"
NoContext,299,42,0.87706666666666643278222223,0.12319999999999996714666666,false,1,1,1,"7"
NoContext,299,85,0.87706666666666643278222222,0.24933333333333326684444444,false,1,1,1,"7"
NoContext,299,170,0.87706666666666643278222222,0.49866666666666653368888889,false,1,1,1,"7"
NoContext,309,22,0.8755000000000005836666667,0.0623333333333333748888889,false,1,1,1,"7"
NoContext,309,44,0.87550000000000058366666666,0.12466666666666674977777778,false,1,1,1,"7"
NoContext,325,83,0.828750000000000082875,0.211650000000000021165,false,1,1,1,"7"
NoContext,329,83,0.9979666666666656687,0.2517666666666664149,false,4,1,1,"7"
NoContext,329,165,0.9979666666666656687,0.5004999999999994995,false,13,1,1,"7"
NoContext,329,330,0.9979666666666656687,1.000999999999998999,false,2,1,1,"7"
NoContext,329,660,0.9979666666666656687,2.0019999999999979980,false,1,1,1,"7"
NoContext,330,82,1.0009999999999989990,0.2487333333333330846,false,5,1,1,"7"
NoContext,330,83,1.0009999999999989990,0.2517666666666664149,false,2,1,1,"7"
NoContext,330,110,1.0009999999999989990,0.3336666666666663330,false,1,1,1,"7"
NoContext,330,164,1.0009999999999989990,0.4974666666666661692,false,7,1,1,"7"
NoContext,330,165,1.0009999999999989990,0.5004999999999994995,false,31,1,1,"7"
NoContext,330,247,1.0009999999999989990,0.7492333333333325841,false,1,1,1,"7"
NoContext,330,329,1.0009999999999989990,0.9979666666666656687,false,3,1,1,"7"
NoContext,330,330,1.0009999999999989990,1.0009999999999989990,false,2,1,1,"7"
NoContext,330,495,1.000999999999998999,1.5014999999999984985,false,1,1,1,"7"
NoContext,333,84,0.999000000000000999,0.252000000000000252,false,2,1,1,"4"
NoContext,338,113,0.74923333333333363302666667,0.25048333333333343352666666,false,1,1,1,"7"
NoContext,339,112,0.75145000000000030058,0.248266666666666765973333333,false,1,1,1,"7"
NoContext,339,113,0.751450000000000300580000000,0.250483333333333433526666667,false,1,1,1,"7"
NoContext,341,85,1.00026666666666639992888888,0.24933333333333326684444445,false,1,1,1,"7"
NoContext,341,85,1.00026666666666639992888889,0.24933333333333326684444445,false,1,1,1,"7"
NoContext,341,170,1.00026666666666639992888889,0.49866666666666653368888889,false,1,1,1,"7"
NoContext,341,171,1.00026666666666639992888889,0.50159999999999986624000000,false,1,1,1,"7"
NoContext,341,341,1.00026666666666639992888889,1.00026666666666639992888889,false,1,1,1,"7"
NoContext,341,682,1.00026666666666639992888889,2.00053333333333279985777777,false,1,1,1,"7"
NoContext,353,22,1.0001666666666673334444444,0.0623333333333333748888889,false,1,1,1,"7"
NoContext,354,176,1.0030000000000006686666667,0.4986666666666669991111111,false,1,1,1,"7"
NoContext,363,364,0.99824999999999900175,1.000999999999998999,false,2,1,1,"10"
NoContext,364,91,1.000999999999998999,0.25024999999999974975,false,1,1,1,"10"
NoContext,364,182,1.000999999999998999,0.5004999999999994995,false,1,1,1,"10"
NoContext,364,363,1.00099999999999899900,0.99824999999999900175,false,1,1,1,"10"
NoContext,364,545,1.000999999999998999,1.49874999999999850125,false,1,1,1,"10"
NoContext,365,366,0.99766666666666766433333333,1.00040000000000100040000000,false,1,1,1,"7"
NoContext,366,91,1.0004000000000010004,0.24873333333333358206666667,false,1,1,1,"7"
NoContext,366,91,1.00040000000000100040000000,0.24873333333333358206666666,false,1,1,1,"7"
NoContext,366,183,1.00040000000000100040000000,0.50020000000000050020000000,false,1,1,1,"7"
NoContext,366,183,1.00040000000000100040000000,0.50020000000000050020000000,true,1,1,1,"7"
NoContext,366,366,1.0004000000000010004000000000,1.0004000000000010004000000000,false,3,1,1,"7"
NoContext,366,731,1.0004000000000010004000000000,1.9980666666666686647333333337,false,1,1,1,"7"
NoContext,392,98,0.99960000000000009996,0.24990000000000002499,false,3,2,2,"7"
NoContext,392,196,0.99960000000000009996,0.49980000000000004998,false,6,1,1,"7"
NoContext,392,197,0.999600000000000099960,0.502350000000000050235,false,2,1,1,"7"
NoContext,392,294,0.999600000000000099960,0.749700000000000074970,false,1,1,1,"7"
NoContext,392,295,0.99960000000000009996,0.752250000000000075225,false,1,1,1,"7"
NoContext,392,325,0.99960000000000009996,0.828750000000000082875,false,1,1,1,"7"
NoContext,392,393,0.999600000000000099960,1.002150000000000100215,false,2,1,1,"7"
NoContext,393,98,1.002150000000000100215,0.24990000000000002499,false,2,1,1,"7"
NoContext,393,196,1.002150000000000100215,0.49980000000000004998,false,1,1,1,"7"
NoContext,394,339,0.873366666666667016013333333,0.751450000000000300580000000,false,1,1,1,"7"
NoContext,412,276,1.49693333333333408180,1.00280000000000050140,false,1,1,1,"7"
NoContext,412,1170,1.49693333333333408180,4.25100000000000212550,false,1,1,1,"7"
NoContext,413,69,1.50056666666666741695,0.25070000000000012535,false,1,1,1,"7"
NoContext,413,275,1.50056666666666741695,0.99916666666666716625,false,1,1,1,"7"
NoContext,413,413,1.50056666666666741695,1.50056666666666741695,false,1,1,1,"7"
NoContext,413,550,1.50056666666666741695,1.9983333333333343325,false,1,1,1,"7"
NoContext,413,757,1.50056666666666741695,2.75043333333333470855,false,1,1,1,"7"
NoContext,423,112,0.93765000000000037506,0.248266666666666765973333333,false,1,1,1,"7"
NoContext,426,85,1.2495999999999996667733333334,0.2493333333333332668444444444,false,1,1,1,"7"
NoContext,426,85,1.249599999999999666773333334,0.249333333333333266844444444,false,2,1,1,"7"
NoContext,426,86,1.24959999999999966677333333,0.25226666666666659939555556,false,1,1,1,"7"
NoContext,450,150,1.14750000000000011475,0.38250000000000003825,false,1,1,1,"7"
NoContext,451,38,0.99971666666666706655333333,0.08423333333333336702666667,false,1,1,1,"7"
NoContext,451,225,0.99971666666666706655333333,0.49875000000000019950,false,1,1,1,"7"
NoContext,451,226,0.99971666666666706655333334,0.50096666666666686705333333,false,1,1,1,"7"
NoContext,452,225,1.001933333333333734106666667,0.4987500000000001995,false,1,1,1,"7"
NoContext,469,85,1.37573333333333296647111111,0.24933333333333326684444444,false,1,1,1,"7"
NoContext,485,22,1.3741666666666675827777778,0.0623333333333333748888889,false,1,1,1,"7"
NoContext,494,165,1.4984666666666651682,0.5004999999999994995,false,1,1,1,"7"
NoContext,495,82,1.5014999999999984985,0.2487333333333330846,false,1,1,1,"7"
NoContext,495,989,1.5014999999999984985,2.9999666666666636667,false,1,1,1,"7"
NoContext,500,750,1.27500000000000012750,1.91250000000000019125,false,1,1,1,"7"
NoContext,511,1662,1.49893333333333293361777778,4.87519999999999869994666666,false,1,1,1,"7"
NoContext,512,42,1.50186666666666626616888889,0.12319999999999996714666666,false,1,1,1,"7"
NoContext,512,511,1.50186666666666626616888889,1.49893333333333293361777778,false,1,1,1,"7"
NoContext,545,137,1.998333333333331335,0.502333333333332831,false,1,1,1,"7"
NoContext,545,182,1.49874999999999850125,0.50049999999999949950,false,1,1,1,"10"
NoContext,546,136,2.001999999999997998,0.498666666666666168,false,1,1,1,"7"
NoContext,546,204,2.001999999999997998,0.747999999999999252,false,1,1,1,"7"
NoContext,550,69,1.9983333333333343325,0.25070000000000012535,false,1,1,1,"7"
NoContext,550,207,1.9983333333333343325,0.75210000000000037605,false,1,1,1,"7"
NoContext,554,85,1.62506666666666623331555555,0.24933333333333326684444445,false,1,1,1,"7"
NoContext,554,86,1.62506666666666623331555555,0.25226666666666659939555556,false,1,1,1,"7"
NoContext,596,86,1.74826666666666620046222223,0.25226666666666659939555555,false,1,1,1,"7"
NoContext,597,85,1.75119999999999953301333334,0.24933333333333326684444444,false,1,1,1,"7"
NoContext,639,85,1.87439999999999950016000000,0.24933333333333326684444444,false,1,1,1,"7"
NoContext,660,165,2.0019999999999979980,0.5004999999999994995,false,1,1,1,"7"
NoContext,677,225,1.500683333333333933606666666,0.498750000000000199500000000,false,1,1,1,"7"
NoContext,682,596,2.00053333333333279985777777,1.74826666666666620046222223,false,1,1,1,"7"
NoContext,682,597,2.00053333333333279985777777,1.75119999999999953301333334,false,1,1,1,"7"
NoContext,686,98,1.749300000000000174930,0.249900000000000024990,false,1,1,1,"7"
NoContext,731,92,1.9980666666666686647333333337,0.251466666666666918133333333,false,1,1,1,"7"
NoContext,750,125,1.91250000000000019125,0.318750000000000031875,false,1,1,1,"7"
NoContext,750,2166,2.250000000000002250,6.498000000000006498,false,1,1,1,"4"
NoContext,757,68,2.75043333333333470855,0.24706666666666679020,false,1,1,1,"7"
NoContext,784,196,1.99920000000000019992,0.49980000000000004998,false,5,1,1,"7"
NoContext,784,392,1.999200000000000199920,0.999600000000000099960,false,2,1,1,"7"
NoContext,785,196,2.001750000000000200175,0.499800000000000049980,false,2,1,1,"7"
NoContext,818,136,2.999333333333330334,0.498666666666666168,false,1,1,1,"7"
NoContext,824,165,2.4994666666666641672,0.5004999999999994995,false,1,1,1,"7"
NoContext,955,136,3.501666666666663165,0.498666666666666168,false,1,1,1,"7"
NoContext,955,818,3.501666666666663165,2.999333333333330334,false,1,1,1,"7"
NoContext,981,98,2.501550000000000250155,0.249900000000000024990,false,1,1,1,"7"
NoContext,989,329,2.9999666666666636667,0.9979666666666656687,false,1,1,1,"7"
NoContext,1128,28,2.50040000000000100016000000,0.06206666666666669149333334,false,1,1,1,"7"
NoContext,1170,69,4.25100000000000212550,0.25070000000000012535,false,1,1,1,"7"
NoContext,1172,86,3.43786666666666574990222223,0.25226666666666659939555555,false,1,1,1,"7"
NoContext,1236,85,3.62559999999999903317333333,0.24933333333333326684444445,false,1,1,1,"7"
NoContext,1483,165,4.4984333333333288349,0.5004999999999994995,false,1,1,1,"7"
NoContext,1484,164,4.5014666666666621652,0.4974666666666661692,false,1,1,1,"7"
NoContext,1568,196,3.998400000000000399840,0.499800000000000049980,false,1,1,1,"7"
NoContext,1662,43,4.87519999999999869994666666,0.12613333333333329969777778,false,1,1,1,"7"
NoContext,2000,500,5.10000000000000051000,1.27500000000000012750,false,1,1,1,"7"
NoContext,2000,750,6.000000000000006000,2.250000000000002250,false,1,1,1,"4"
NoContext,2166,84,6.498000000000006498,0.252000000000000252,false,1,1,1,"4"
NoContext,2727,341,7.99919999999999786688000000,1.00026666666666639992888889,false,1,1,1,"7"
NoContext,5206,88,14.7503333333333431668888888,0.2493333333333334995555556,false,1,1,1,"7"
