is_target_candidate,target_type,original_chord_size,reduced_visible_count,held_before,baseline_completion_count,comparable_view_count,coverage_signature,evidence_state,resolutions
no,LongNoteHead,2,1,absent,1,0,10000000,NoComparableContext,1
no,LongNoteHead,2,1,absent,10,1,11000000,LocalMismatch,21
no,LongNoteHead,2,1,absent,10,1,11000000,ObservedSupport,33
no,LongNoteHead,2,1,absent,10,2,11001000,AmbiguousEvidence,14
no,LongNoteHead,2,1,absent,10,2,11001000,LocalMismatch,10
no,LongNoteHead,2,1,absent,10,2,11001000,ObservedSupport,3
no,LongNoteHead,2,1,absent,10,2,11100000,AmbiguousEvidence,8
no,LongNoteHead,2,1,absent,10,2,11100000,LocalMismatch,7
no,LongNoteHead,2,1,absent,10,2,11100000,ObservedSupport,3
no,LongNoteHead,2,1,absent,10,3,11001100,AmbiguousEvidence,13
no,LongNoteHead,2,1,absent,10,3,11001100,LocalMismatch,10
no,LongNoteHead,2,1,absent,10,3,11001100,ObservedSupport,4
no,LongNoteHead,2,1,absent,10,3,11101000,AmbiguousEvidence,27
no,LongNoteHead,2,1,absent,10,3,11101000,LocalMismatch,13
no,LongNoteHead,2,1,absent,10,3,11101000,ObservedSupport,5
no,LongNoteHead,2,1,absent,10,3,11110000,AmbiguousEvidence,4
no,LongNoteHead,2,1,absent,10,3,11110000,LocalMismatch,4
no,LongNoteHead,2,1,absent,10,3,11110000,ObservedSupport,1
no,LongNoteHead,2,1,absent,10,5,11111100,AmbiguousEvidence,39
no,LongNoteHead,2,1,absent,10,5,11111100,LocalMismatch,16
no,LongNoteHead,2,1,absent,11,1,11000000,LocalMismatch,37
no,LongNoteHead,2,1,absent,11,1,11000000,ObservedSupport,124
no,LongNoteHead,2,1,absent,11,2,11001000,AmbiguousEvidence,18
no,LongNoteHead,2,1,absent,11,2,11001000,LocalMismatch,7
no,LongNoteHead,2,1,absent,11,2,11001000,ObservedSupport,15
no,LongNoteHead,2,1,absent,11,2,11100000,AmbiguousEvidence,26
no,LongNoteHead,2,1,absent,11,2,11100000,LocalMismatch,11
no,LongNoteHead,2,1,absent,11,2,11100000,ObservedSupport,3
no,LongNoteHead,2,1,absent,11,3,11001100,AmbiguousEvidence,69
no,LongNoteHead,2,1,absent,11,3,11001100,LocalMismatch,26
no,LongNoteHead,2,1,absent,11,3,11001100,ObservedSupport,15
no,LongNoteHead,2,1,absent,11,3,11101000,AmbiguousEvidence,118
no,LongNoteHead,2,1,absent,11,3,11101000,LocalMismatch,35
no,LongNoteHead,2,1,absent,11,3,11101000,ObservedSupport,17
no,LongNoteHead,2,1,absent,11,3,11110000,AmbiguousEvidence,39
no,LongNoteHead,2,1,absent,11,3,11110000,LocalMismatch,18
no,LongNoteHead,2,1,absent,11,3,11110000,ObservedSupport,14
no,LongNoteHead,2,1,absent,11,4,11101100,AmbiguousEvidence,62
no,LongNoteHead,2,1,absent,11,4,11101100,LocalMismatch,15
no,LongNoteHead,2,1,absent,11,4,11101100,ObservedSupport,3
no,LongNoteHead,2,1,absent,11,4,11111000,AmbiguousEvidence,28
no,LongNoteHead,2,1,absent,11,4,11111000,LocalMismatch,10
no,LongNoteHead,2,1,absent,11,4,11111000,ObservedSupport,2
no,LongNoteHead,2,1,absent,11,5,11111100,AmbiguousEvidence,68
no,LongNoteHead,2,1,absent,11,5,11111100,LocalMismatch,22
no,LongNoteHead,2,1,absent,11,6,11111110,AmbiguousEvidence,9
no,LongNoteHead,2,1,absent,11,6,11111110,LocalMismatch,1
no,LongNoteHead,2,1,absent,12,1,11000000,LocalMismatch,214
no,LongNoteHead,2,1,absent,12,1,11000000,ObservedSupport,171
no,LongNoteHead,2,1,absent,12,2,11001000,AmbiguousEvidence,59
no,LongNoteHead,2,1,absent,12,2,11001000,LocalMismatch,73
no,LongNoteHead,2,1,absent,12,2,11001000,ObservedSupport,11
no,LongNoteHead,2,1,absent,12,2,11100000,AmbiguousEvidence,88
no,LongNoteHead,2,1,absent,12,2,11100000,LocalMismatch,73
no,LongNoteHead,2,1,absent,12,2,11100000,ObservedSupport,26
no,LongNoteHead,2,1,absent,12,3,11001100,AmbiguousEvidence,127
no,LongNoteHead,2,1,absent,12,3,11001100,LocalMismatch,76
no,LongNoteHead,2,1,absent,12,3,11001100,ObservedSupport,17
no,LongNoteHead,2,1,absent,12,3,11101000,AmbiguousEvidence,230
no,LongNoteHead,2,1,absent,12,3,11101000,LocalMismatch,106
no,LongNoteHead,2,1,absent,12,3,11101000,ObservedSupport,27
no,LongNoteHead,2,1,absent,12,3,11110000,AmbiguousEvidence,52
no,LongNoteHead,2,1,absent,12,3,11110000,LocalMismatch,28
no,LongNoteHead,2,1,absent,12,3,11110000,ObservedSupport,8
no,LongNoteHead,2,1,absent,12,4,11101100,AmbiguousEvidence,155
no,LongNoteHead,2,1,absent,12,4,11101100,LocalMismatch,52
no,LongNoteHead,2,1,absent,12,4,11101100,ObservedSupport,13
no,LongNoteHead,2,1,absent,12,4,11111000,AmbiguousEvidence,65
no,LongNoteHead,2,1,absent,12,4,11111000,LocalMismatch,32
no,LongNoteHead,2,1,absent,12,4,11111000,ObservedSupport,2
no,LongNoteHead,2,1,absent,12,5,11111100,AmbiguousEvidence,126
no,LongNoteHead,2,1,absent,12,5,11111100,LocalMismatch,50
no,LongNoteHead,2,1,absent,12,6,11111110,AmbiguousEvidence,9
no,LongNoteHead,2,1,absent,12,6,11111110,LocalMismatch,2
no,LongNoteHead,2,1,absent,12,7,11111111,AmbiguousEvidence,12
no,LongNoteHead,2,1,absent,12,7,11111111,LocalMismatch,10
no,LongNoteHead,2,1,absent,5,3,11110000,AmbiguousEvidence,2
no,LongNoteHead,2,1,absent,5,3,11110000,LocalMismatch,2
no,LongNoteHead,2,1,absent,5,3,11110000,ObservedSupport,1
no,LongNoteHead,2,1,absent,6,1,11000000,ObservedSupport,6
no,LongNoteHead,2,1,absent,6,2,11001000,AmbiguousEvidence,2
no,LongNoteHead,2,1,absent,6,2,11001000,LocalMismatch,3
no,LongNoteHead,2,1,absent,6,2,11100000,AmbiguousEvidence,4
no,LongNoteHead,2,1,absent,6,2,11100000,LocalMismatch,9
no,LongNoteHead,2,1,absent,6,2,11100000,ObservedSupport,2
no,LongNoteHead,2,1,absent,6,3,11001100,AmbiguousEvidence,14
no,LongNoteHead,2,1,absent,6,3,11001100,LocalMismatch,11
no,LongNoteHead,2,1,absent,6,3,11101000,AmbiguousEvidence,5
no,LongNoteHead,2,1,absent,6,3,11101000,LocalMismatch,5
no,LongNoteHead,2,1,absent,6,3,11110000,AmbiguousEvidence,7
no,LongNoteHead,2,1,absent,6,3,11110000,LocalMismatch,7
no,LongNoteHead,2,1,absent,6,3,11110000,ObservedSupport,1
no,LongNoteHead,2,1,absent,6,4,11101100,AmbiguousEvidence,10
no,LongNoteHead,2,1,absent,6,4,11101100,LocalMismatch,9
no,LongNoteHead,2,1,absent,6,4,11101100,ObservedSupport,1
no,LongNoteHead,2,1,absent,6,4,11111000,AmbiguousEvidence,13
no,LongNoteHead,2,1,absent,6,4,11111000,LocalMismatch,15
no,LongNoteHead,2,1,absent,6,4,11111000,ObservedSupport,2
no,LongNoteHead,2,1,absent,6,5,11111100,AmbiguousEvidence,31
no,LongNoteHead,2,1,absent,6,5,11111100,LocalMismatch,9
no,LongNoteHead,2,1,absent,6,7,11111111,AmbiguousEvidence,76
no,LongNoteHead,2,1,absent,6,7,11111111,LocalMismatch,34
no,LongNoteHead,2,1,absent,7,1,11000000,LocalMismatch,12
no,LongNoteHead,2,1,absent,7,1,11000000,ObservedSupport,29
no,LongNoteHead,2,1,absent,7,2,11001000,AmbiguousEvidence,3
no,LongNoteHead,2,1,absent,7,2,11001000,LocalMismatch,1
no,LongNoteHead,2,1,absent,7,2,11001000,ObservedSupport,2
no,LongNoteHead,2,1,absent,7,2,11100000,AmbiguousEvidence,1
no,LongNoteHead,2,1,absent,7,2,11100000,LocalMismatch,1
no,LongNoteHead,2,1,absent,7,2,11100000,ObservedSupport,5
no,LongNoteHead,2,1,absent,7,3,11001100,AmbiguousEvidence,12
no,LongNoteHead,2,1,absent,7,3,11001100,LocalMismatch,3
no,LongNoteHead,2,1,absent,7,3,11001100,ObservedSupport,3
no,LongNoteHead,2,1,absent,7,3,11110000,AmbiguousEvidence,4
no,LongNoteHead,2,1,absent,7,3,11110000,LocalMismatch,1
no,LongNoteHead,2,1,absent,7,3,11110000,ObservedSupport,1
no,LongNoteHead,2,1,absent,7,4,11101100,AmbiguousEvidence,6
no,LongNoteHead,2,1,absent,8,1,11000000,LocalMismatch,10
no,LongNoteHead,2,1,absent,8,1,11000000,ObservedSupport,4
no,LongNoteHead,2,1,absent,8,3,11001100,AmbiguousEvidence,10
no,LongNoteHead,2,1,absent,8,3,11001100,LocalMismatch,4
no,LongNoteHead,2,1,absent,8,3,11110000,AmbiguousEvidence,5
no,LongNoteHead,2,1,absent,8,3,11110000,LocalMismatch,2
no,LongNoteHead,2,1,absent,8,4,11101100,AmbiguousEvidence,5
no,LongNoteHead,2,1,absent,8,4,11101100,LocalMismatch,2
no,LongNoteHead,2,1,absent,8,4,11101100,ObservedSupport,1
no,LongNoteHead,2,1,absent,8,4,11111000,AmbiguousEvidence,6
no,LongNoteHead,2,1,absent,8,4,11111000,LocalMismatch,1
no,LongNoteHead,2,1,absent,8,5,11111100,AmbiguousEvidence,8
no,LongNoteHead,2,1,absent,8,5,11111100,LocalMismatch,7
no,LongNoteHead,2,1,absent,9,1,11000000,LocalMismatch,36
no,LongNoteHead,2,1,absent,9,1,11000000,ObservedSupport,28
no,LongNoteHead,2,1,absent,9,2,11001000,AmbiguousEvidence,2
no,LongNoteHead,2,1,absent,9,2,11001000,LocalMismatch,5
no,LongNoteHead,2,1,absent,9,2,11001000,ObservedSupport,1
no,LongNoteHead,2,1,absent,9,3,11001100,AmbiguousEvidence,11
no,LongNoteHead,2,1,absent,9,3,11001100,LocalMismatch,16
no,LongNoteHead,2,1,absent,9,3,11001100,ObservedSupport,5
no,LongNoteHead,2,1,absent,9,3,11101000,AmbiguousEvidence,6
no,LongNoteHead,2,1,absent,9,3,11101000,LocalMismatch,2
no,LongNoteHead,2,1,absent,9,3,11110000,AmbiguousEvidence,4
no,LongNoteHead,2,1,absent,9,3,11110000,LocalMismatch,4
no,LongNoteHead,2,1,absent,9,3,11110000,ObservedSupport,1
no,LongNoteHead,2,1,absent,9,4,11111000,AmbiguousEvidence,6
no,LongNoteHead,2,1,absent,9,4,11111000,LocalMismatch,2
no,LongNoteHead,2,1,present,10,0,10000000,NoComparableContext,9
no,LongNoteHead,2,1,present,10,1,11000000,LocalMismatch,110
no,LongNoteHead,2,1,present,10,1,11000000,ObservedSupport,16
no,LongNoteHead,2,1,present,10,2,10001100,AmbiguousEvidence,3
no,LongNoteHead,2,1,present,10,2,10001100,LocalMismatch,14
no,LongNoteHead,2,1,present,10,2,10001100,ObservedSupport,1
no,LongNoteHead,2,1,present,10,2,10101000,AmbiguousEvidence,3
no,LongNoteHead,2,1,present,10,2,10101000,LocalMismatch,14
no,LongNoteHead,2,1,present,10,2,10101000,ObservedSupport,1
no,LongNoteHead,2,1,present,10,2,11001000,AmbiguousEvidence,3
no,LongNoteHead,2,1,present,10,2,11001000,LocalMismatch,14
no,LongNoteHead,2,1,present,10,2,11001000,ObservedSupport,1
no,LongNoteHead,2,1,present,10,2,11100000,AmbiguousEvidence,16
no,LongNoteHead,2,1,present,10,2,11100000,LocalMismatch,61
no,LongNoteHead,2,1,present,10,2,11100000,ObservedSupport,4
no,LongNoteHead,2,1,present,10,3,10101100,AmbiguousEvidence,4
no,LongNoteHead,2,1,present,10,3,10101100,LocalMismatch,5
no,LongNoteHead,2,1,present,10,3,11001100,AmbiguousEvidence,55
no,LongNoteHead,2,1,present,10,3,11001100,LocalMismatch,114
no,LongNoteHead,2,1,present,10,3,11001100,ObservedSupport,2
no,LongNoteHead,2,1,present,10,3,11101000,AmbiguousEvidence,16
no,LongNoteHead,2,1,present,10,3,11101000,LocalMismatch,27
no,LongNoteHead,2,1,present,10,3,11101000,ObservedSupport,3
no,LongNoteHead,2,1,present,10,3,11110000,AmbiguousEvidence,37
no,LongNoteHead,2,1,present,10,3,11110000,LocalMismatch,149
no,LongNoteHead,2,1,present,10,3,11110000,ObservedSupport,12
no,LongNoteHead,2,1,present,10,4,10111100,AmbiguousEvidence,16
no,LongNoteHead,2,1,present,10,4,10111100,LocalMismatch,38
no,LongNoteHead,2,1,present,10,4,11101100,AmbiguousEvidence,17
no,LongNoteHead,2,1,present,10,4,11101100,LocalMismatch,27
no,LongNoteHead,2,1,present,10,4,11101100,ObservedSupport,1
no,LongNoteHead,2,1,present,10,4,11111000,AmbiguousEvidence,6
no,LongNoteHead,2,1,present,10,4,11111000,LocalMismatch,11
no,LongNoteHead,2,1,present,10,4,11111000,ObservedSupport,1
no,LongNoteHead,2,1,present,10,5,10111110,AmbiguousEvidence,9
no,LongNoteHead,2,1,present,10,5,10111110,LocalMismatch,8
no,LongNoteHead,2,1,present,10,5,10111110,ObservedSupport,1
no,LongNoteHead,2,1,present,10,5,11111100,AmbiguousEvidence,172
no,LongNoteHead,2,1,present,10,5,11111100,LocalMismatch,269
no,LongNoteHead,2,1,present,10,6,11111110,AmbiguousEvidence,46
no,LongNoteHead,2,1,present,10,6,11111110,LocalMismatch,53
no,LongNoteHead,2,1,present,10,7,11111111,AmbiguousEvidence,6
no,LongNoteHead,2,1,present,10,7,11111111,LocalMismatch,30
no,LongNoteHead,2,1,present,11,0,10000000,NoComparableContext,111
no,LongNoteHead,2,1,present,11,1,10100000,LocalMismatch,36
no,LongNoteHead,2,1,present,11,1,10100000,ObservedSupport,5
no,LongNoteHead,2,1,present,11,1,11000000,LocalMismatch,350
no,LongNoteHead,2,1,present,11,1,11000000,ObservedSupport,61
no,LongNoteHead,2,1,present,11,2,10001100,AmbiguousEvidence,3
no,LongNoteHead,2,1,present,11,2,10001100,LocalMismatch,76
no,LongNoteHead,2,1,present,11,2,10001100,ObservedSupport,11
no,LongNoteHead,2,1,present,11,2,10101000,AmbiguousEvidence,7
no,LongNoteHead,2,1,present,11,2,10101000,LocalMismatch,11
no,LongNoteHead,2,1,present,11,2,10101000,ObservedSupport,2
no,LongNoteHead,2,1,present,11,2,10110000,AmbiguousEvidence,3
no,LongNoteHead,2,1,present,11,2,10110000,LocalMismatch,51
no,LongNoteHead,2,1,present,11,2,10110000,ObservedSupport,6
no,LongNoteHead,2,1,present,11,2,11001000,AmbiguousEvidence,8
no,LongNoteHead,2,1,present,11,2,11001000,LocalMismatch,27
no,LongNoteHead,2,1,present,11,2,11001000,ObservedSupport,5
no,LongNoteHead,2,1,present,11,2,11100000,AmbiguousEvidence,25
no,LongNoteHead,2,1,present,11,2,11100000,LocalMismatch,107
no,LongNoteHead,2,1,present,11,2,11100000,ObservedSupport,10
no,LongNoteHead,2,1,present,11,3,10101100,AmbiguousEvidence,7
no,LongNoteHead,2,1,present,11,3,10101100,LocalMismatch,23
no,LongNoteHead,2,1,present,11,3,11001100,AmbiguousEvidence,136
no,LongNoteHead,2,1,present,11,3,11001100,LocalMismatch,323
no,LongNoteHead,2,1,present,11,3,11001100,ObservedSupport,12
no,LongNoteHead,2,1,present,11,3,11101000,AmbiguousEvidence,54
no,LongNoteHead,2,1,present,11,3,11101000,LocalMismatch,72
no,LongNoteHead,2,1,present,11,3,11101000,ObservedSupport,5
no,LongNoteHead,2,1,present,11,3,11110000,AmbiguousEvidence,98
no,LongNoteHead,2,1,present,11,3,11110000,LocalMismatch,351
no,LongNoteHead,2,1,present,11,3,11110000,ObservedSupport,22
no,LongNoteHead,2,1,present,11,4,10111100,AmbiguousEvidence,103
no,LongNoteHead,2,1,present,11,4,10111100,LocalMismatch,187
no,LongNoteHead,2,1,present,11,4,11101100,AmbiguousEvidence,38
no,LongNoteHead,2,1,present,11,4,11101100,LocalMismatch,52
no,LongNoteHead,2,1,present,11,4,11111000,AmbiguousEvidence,68
no,LongNoteHead,2,1,present,11,4,11111000,LocalMismatch,90
no,LongNoteHead,2,1,present,11,4,11111000,ObservedSupport,2
no,LongNoteHead,2,1,present,11,5,10111110,AmbiguousEvidence,25
no,LongNoteHead,2,1,present,11,5,10111110,LocalMismatch,40
no,LongNoteHead,2,1,present,11,5,10111110,ObservedSupport,5
no,LongNoteHead,2,1,present,11,5,11111100,AmbiguousEvidence,653
no,LongNoteHead,2,1,present,11,5,11111100,LocalMismatch,1037
no,LongNoteHead,2,1,present,11,6,11111110,AmbiguousEvidence,227
no,LongNoteHead,2,1,present,11,6,11111110,LocalMismatch,263
no,LongNoteHead,2,1,present,11,7,11111111,AmbiguousEvidence,38
no,LongNoteHead,2,1,present,11,7,11111111,LocalMismatch,58
no,LongNoteHead,2,1,present,11,7,11111111,ObservedSupport,4
no,LongNoteHead,2,1,present,12,0,10000000,NoComparableContext,935
no,LongNoteHead,2,1,present,12,1,10001000,LocalMismatch,365
no,LongNoteHead,2,1,present,12,1,10001000,ObservedSupport,42
no,LongNoteHead,2,1,present,12,1,10100000,LocalMismatch,396
no,LongNoteHead,2,1,present,12,1,10100000,ObservedSupport,55
no,LongNoteHead,2,1,present,12,1,11000000,LocalMismatch,3138
no,LongNoteHead,2,1,present,12,1,11000000,ObservedSupport,503
no,LongNoteHead,2,1,present,12,2,10001100,AmbiguousEvidence,14
no,LongNoteHead,2,1,present,12,2,10001100,LocalMismatch,305
no,LongNoteHead,2,1,present,12,2,10001100,ObservedSupport,44
no,LongNoteHead,2,1,present,12,2,10101000,AmbiguousEvidence,81
no,LongNoteHead,2,1,present,12,2,10101000,LocalMismatch,290
no,LongNoteHead,2,1,present,12,2,10101000,ObservedSupport,25
no,LongNoteHead,2,1,present,12,2,10110000,AmbiguousEvidence,6
no,LongNoteHead,2,1,present,12,2,10110000,LocalMismatch,107
no,LongNoteHead,2,1,present,12,2,10110000,ObservedSupport,8
no,LongNoteHead,2,1,present,12,2,11001000,AmbiguousEvidence,406
no,LongNoteHead,2,1,present,12,2,11001000,LocalMismatch,1501
no,LongNoteHead,2,1,present,12,2,11001000,ObservedSupport,51
no,LongNoteHead,2,1,present,12,2,11100000,AmbiguousEvidence,386
no,LongNoteHead,2,1,present,12,2,11100000,LocalMismatch,1416
no,LongNoteHead,2,1,present,12,2,11100000,ObservedSupport,57
no,LongNoteHead,2,1,present,12,3,10101100,AmbiguousEvidence,61
no,LongNoteHead,2,1,present,12,3,10101100,LocalMismatch,107
no,LongNoteHead,2,1,present,12,3,10101100,ObservedSupport,8
no,LongNoteHead,2,1,present,12,3,10111000,AmbiguousEvidence,49
no,LongNoteHead,2,1,present,12,3,10111000,LocalMismatch,110
no,LongNoteHead,2,1,present,12,3,10111000,ObservedSupport,6
no,LongNoteHead,2,1,present,12,3,11001100,AmbiguousEvidence,354
no,LongNoteHead,2,1,present,12,3,11001100,LocalMismatch,1109
no,LongNoteHead,2,1,present,12,3,11001100,ObservedSupport,33
no,LongNoteHead,2,1,present,12,3,11101000,AmbiguousEvidence,1097
no,LongNoteHead,2,1,present,12,3,11101000,LocalMismatch,1870
no,LongNoteHead,2,1,present,12,3,11101000,ObservedSupport,36
no,LongNoteHead,2,1,present,12,3,11110000,AmbiguousEvidence,285
no,LongNoteHead,2,1,present,12,3,11110000,LocalMismatch,1014
no,LongNoteHead,2,1,present,12,3,11110000,ObservedSupport,43
no,LongNoteHead,2,1,present,12,4,10111100,AmbiguousEvidence,108
no,LongNoteHead,2,1,present,12,4,10111100,LocalMismatch,178
no,LongNoteHead,2,1,present,12,4,11101100,AmbiguousEvidence,881
no,LongNoteHead,2,1,present,12,4,11101100,LocalMismatch,1466
no,LongNoteHead,2,1,present,12,4,11101100,ObservedSupport,7
no,LongNoteHead,2,1,present,12,4,11111000,AmbiguousEvidence,449
no,LongNoteHead,2,1,present,12,4,11111000,LocalMismatch,720
no,LongNoteHead,2,1,present,12,4,11111000,ObservedSupport,8
no,LongNoteHead,2,1,present,12,5,10111110,AmbiguousEvidence,44
no,LongNoteHead,2,1,present,12,5,10111110,LocalMismatch,68
no,LongNoteHead,2,1,present,12,5,10111110,ObservedSupport,9
no,LongNoteHead,2,1,present,12,5,11111100,AmbiguousEvidence,1152
no,LongNoteHead,2,1,present,12,5,11111100,LocalMismatch,1763
no,LongNoteHead,2,1,present,12,6,11111110,AmbiguousEvidence,671
no,LongNoteHead,2,1,present,12,6,11111110,LocalMismatch,726
no,LongNoteHead,2,1,present,12,7,11111111,AmbiguousEvidence,515
no,LongNoteHead,2,1,present,12,7,11111111,LocalMismatch,791
no,LongNoteHead,2,1,present,12,7,11111111,ObservedSupport,3
no,LongNoteHead,2,1,present,5,3,10101100,AmbiguousEvidence,2
no,LongNoteHead,2,1,present,5,3,10101100,LocalMismatch,3
no,LongNoteHead,2,1,present,6,0,10000000,NoComparableContext,6
no,LongNoteHead,2,1,present,6,1,11000000,LocalMismatch,19
no,LongNoteHead,2,1,present,6,1,11000000,ObservedSupport,6
no,LongNoteHead,2,1,present,6,2,11001000,AmbiguousEvidence,1
no,LongNoteHead,2,1,present,6,2,11001000,LocalMismatch,14
no,LongNoteHead,2,1,present,6,2,11100000,AmbiguousEvidence,8
no,LongNoteHead,2,1,present,6,2,11100000,LocalMismatch,16
no,LongNoteHead,2,1,present,6,2,11100000,ObservedSupport,1
no,LongNoteHead,2,1,present,6,3,10101100,AmbiguousEvidence,1
no,LongNoteHead,2,1,present,6,3,10101100,LocalMismatch,4
no,LongNoteHead,2,1,present,6,3,11001100,AmbiguousEvidence,44
no,LongNoteHead,2,1,present,6,3,11001100,LocalMismatch,51
no,LongNoteHead,2,1,present,6,3,11001100,ObservedSupport,5
no,LongNoteHead,2,1,present,6,3,11101000,AmbiguousEvidence,25
no,LongNoteHead,2,1,present,6,3,11101000,LocalMismatch,28
no,LongNoteHead,2,1,present,6,3,11101000,ObservedSupport,2
no,LongNoteHead,2,1,present,6,3,11110000,AmbiguousEvidence,47
no,LongNoteHead,2,1,present,6,3,11110000,LocalMismatch,51
no,LongNoteHead,2,1,present,6,3,11110000,ObservedSupport,7
no,LongNoteHead,2,1,present,6,4,11101100,AmbiguousEvidence,104
no,LongNoteHead,2,1,present,6,4,11101100,LocalMismatch,74
no,LongNoteHead,2,1,present,6,4,11101100,ObservedSupport,7
no,LongNoteHead,2,1,present,6,4,11111000,AmbiguousEvidence,69
no,LongNoteHead,2,1,present,6,4,11111000,LocalMismatch,56
no,LongNoteHead,2,1,present,6,4,11111000,ObservedSupport,5
no,LongNoteHead,2,1,present,6,5,11111100,AmbiguousEvidence,468
no,LongNoteHead,2,1,present,6,5,11111100,LocalMismatch,312
no,LongNoteHead,2,1,present,6,6,11111110,AmbiguousEvidence,158
no,LongNoteHead,2,1,present,6,6,11111110,LocalMismatch,92
no,LongNoteHead,2,1,present,6,7,11111111,AmbiguousEvidence,1331
no,LongNoteHead,2,1,present,6,7,11111111,LocalMismatch,999
no,LongNoteHead,2,1,present,6,7,11111111,ObservedSupport,5
no,LongNoteHead,2,1,present,7,0,10000000,NoComparableContext,20
no,LongNoteHead,2,1,present,7,1,10001000,LocalMismatch,6
no,LongNoteHead,2,1,present,7,1,10001000,ObservedSupport,8
no,LongNoteHead,2,1,present,7,1,11000000,LocalMismatch,6
no,LongNoteHead,2,1,present,7,1,11000000,ObservedSupport,1
no,LongNoteHead,2,1,present,7,2,10110000,AmbiguousEvidence,2
no,LongNoteHead,2,1,present,7,2,10110000,LocalMismatch,4
no,LongNoteHead,2,1,present,7,2,10110000,ObservedSupport,1
no,LongNoteHead,2,1,present,7,3,10101100,AmbiguousEvidence,5
no,LongNoteHead,2,1,present,7,3,10101100,LocalMismatch,1
no,LongNoteHead,2,1,present,7,3,11001100,AmbiguousEvidence,2
no,LongNoteHead,2,1,present,7,3,11001100,LocalMismatch,4
no,LongNoteHead,2,1,present,7,7,11111111,AmbiguousEvidence,10
no,LongNoteHead,2,1,present,7,7,11111111,LocalMismatch,2
no,LongNoteHead,2,1,present,7,7,11111111,ObservedSupport,2
no,LongNoteHead,2,1,present,8,0,10000000,NoComparableContext,21
no,LongNoteHead,2,1,present,8,1,10100000,LocalMismatch,9
no,LongNoteHead,2,1,present,8,1,10100000,ObservedSupport,7
no,LongNoteHead,2,1,present,8,1,11000000,LocalMismatch,6
no,LongNoteHead,2,1,present,8,1,11000000,ObservedSupport,2
no,LongNoteHead,2,1,present,8,2,11001000,AmbiguousEvidence,1
no,LongNoteHead,2,1,present,8,2,11001000,LocalMismatch,6
no,LongNoteHead,2,1,present,8,2,11001000,ObservedSupport,1
no,LongNoteHead,2,1,present,8,3,11110000,AmbiguousEvidence,1
no,LongNoteHead,2,1,present,8,3,11110000,LocalMismatch,12
no,LongNoteHead,2,1,present,8,3,11110000,ObservedSupport,2
no,LongNoteHead,2,1,present,8,4,11111000,AmbiguousEvidence,10
no,LongNoteHead,2,1,present,8,4,11111000,LocalMismatch,4
no,LongNoteHead,2,1,present,8,7,11111111,LocalMismatch,28
no,LongNoteHead,2,1,present,9,0,10000000,NoComparableContext,58
no,LongNoteHead,2,1,present,9,1,10001000,LocalMismatch,13
no,LongNoteHead,2,1,present,9,1,10001000,ObservedSupport,3
no,LongNoteHead,2,1,present,9,1,11000000,LocalMismatch,92
no,LongNoteHead,2,1,present,9,1,11000000,ObservedSupport,21
no,LongNoteHead,2,1,present,9,2,10001100,AmbiguousEvidence,3
no,LongNoteHead,2,1,present,9,2,10001100,LocalMismatch,3
no,LongNoteHead,2,1,present,9,2,10001100,ObservedSupport,2
no,LongNoteHead,2,1,present,9,2,10110000,LocalMismatch,7
no,LongNoteHead,2,1,present,9,2,10110000,ObservedSupport,1
no,LongNoteHead,2,1,present,9,2,11001000,AmbiguousEvidence,7
no,LongNoteHead,2,1,present,9,2,11001000,LocalMismatch,17
no,LongNoteHead,2,1,present,9,2,11001000,ObservedSupport,1
no,LongNoteHead,2,1,present,9,3,11001100,AmbiguousEvidence,14
no,LongNoteHead,2,1,present,9,3,11001100,LocalMismatch,18
no,LongNoteHead,2,1,present,9,3,11001100,ObservedSupport,1
no,LongNoteHead,2,1,present,9,3,11101000,AmbiguousEvidence,2
no,LongNoteHead,2,1,present,9,3,11101000,LocalMismatch,6
no,LongNoteHead,2,1,present,9,3,11110000,AmbiguousEvidence,7
no,LongNoteHead,2,1,present,9,3,11110000,LocalMismatch,9
no,LongNoteHead,2,1,present,9,4,11111000,AmbiguousEvidence,11
no,LongNoteHead,2,1,present,9,4,11111000,LocalMismatch,13
no,LongNoteHead,2,1,present,9,5,11111100,AmbiguousEvidence,8
no,LongNoteHead,2,1,present,9,5,11111100,LocalMismatch,9
no,LongNoteHead,2,1,present,9,7,11111111,AmbiguousEvidence,6
no,LongNoteHead,2,1,present,9,7,11111111,LocalMismatch,26
no,LongNoteHead,3,2,absent,1,0,10000000,NoComparableContext,6
no,LongNoteHead,3,2,absent,1,1,10001000,ObservedSupport,1
no,LongNoteHead,3,2,absent,1,1,11000000,ObservedSupport,6
no,LongNoteHead,3,2,absent,1,2,10001100,ObservedSupport,1
no,LongNoteHead,3,2,absent,1,3,11110000,ObservedSupport,1
no,LongNoteHead,3,2,absent,10,0,10000000,NoComparableContext,18
no,LongNoteHead,3,2,absent,10,1,11000000,LocalMismatch,21
no,LongNoteHead,3,2,absent,10,1,11000000,ObservedSupport,15
no,LongNoteHead,3,2,absent,10,2,11001000,AmbiguousEvidence,44
no,LongNoteHead,3,2,absent,10,2,11001000,LocalMismatch,22
no,LongNoteHead,3,2,absent,10,2,11001000,ObservedSupport,6
no,LongNoteHead,3,2,absent,10,2,11100000,AmbiguousEvidence,42
no,LongNoteHead,3,2,absent,10,2,11100000,LocalMismatch,34
no,LongNoteHead,3,2,absent,10,2,11100000,ObservedSupport,14
no,LongNoteHead,3,2,absent,10,3,11001100,AmbiguousEvidence,40
no,LongNoteHead,3,2,absent,10,3,11001100,LocalMismatch,41
no,LongNoteHead,3,2,absent,10,3,11001100,ObservedSupport,9
no,LongNoteHead,3,2,absent,10,3,11101000,AmbiguousEvidence,27
no,LongNoteHead,3,2,absent,10,3,11101000,LocalMismatch,15
no,LongNoteHead,3,2,absent,10,3,11101000,ObservedSupport,3
no,LongNoteHead,3,2,absent,10,3,11110000,AmbiguousEvidence,7
no,LongNoteHead,3,2,absent,10,3,11110000,LocalMismatch,10
no,LongNoteHead,3,2,absent,10,3,11110000,ObservedSupport,1
no,LongNoteHead,3,2,absent,10,4,11101100,AmbiguousEvidence,24
no,LongNoteHead,3,2,absent,10,4,11101100,LocalMismatch,3
no,LongNoteHead,3,2,absent,10,4,11111000,AmbiguousEvidence,22
no,LongNoteHead,3,2,absent,10,4,11111000,LocalMismatch,14
no,LongNoteHead,3,2,absent,10,5,11111100,AmbiguousEvidence,3
no,LongNoteHead,3,2,absent,10,5,11111100,LocalMismatch,6
no,LongNoteHead,3,2,absent,2,0,10000000,NoComparableContext,7
no,LongNoteHead,3,2,absent,2,1,11000000,LocalMismatch,8
no,LongNoteHead,3,2,absent,2,1,11000000,ObservedSupport,9
no,LongNoteHead,3,2,absent,2,2,10001100,LocalMismatch,1
no,LongNoteHead,3,2,absent,2,2,10001100,ObservedSupport,1
no,LongNoteHead,3,2,absent,2,2,11001000,AmbiguousEvidence,3
no,LongNoteHead,3,2,absent,2,2,11001000,LocalMismatch,1
no,LongNoteHead,3,2,absent,2,2,11001000,ObservedSupport,1
no,LongNoteHead,3,2,absent,2,3,11101000,AmbiguousEvidence,1
no,LongNoteHead,3,2,absent,2,3,11110000,ObservedSupport,1
no,LongNoteHead,3,2,absent,2,4,11101100,AmbiguousEvidence,2
no,LongNoteHead,3,2,absent,2,4,11111000,AmbiguousEvidence,1
no,LongNoteHead,3,2,absent,2,7,11111111,AmbiguousEvidence,13
no,LongNoteHead,3,2,absent,3,0,10000000,NoComparableContext,2
no,LongNoteHead,3,2,absent,3,1,11000000,LocalMismatch,10
no,LongNoteHead,3,2,absent,3,1,11000000,ObservedSupport,8
no,LongNoteHead,3,2,absent,3,2,11001000,AmbiguousEvidence,3
no,LongNoteHead,3,2,absent,3,2,11001000,ObservedSupport,1
no,LongNoteHead,3,2,absent,3,2,11100000,AmbiguousEvidence,3
no,LongNoteHead,3,2,absent,3,2,11100000,LocalMismatch,1
no,LongNoteHead,3,2,absent,3,3,11001100,AmbiguousEvidence,6
no,LongNoteHead,3,2,absent,3,3,11101000,AmbiguousEvidence,1
no,LongNoteHead,3,2,absent,3,3,11101000,LocalMismatch,1
no,LongNoteHead,3,2,absent,3,4,11101100,AmbiguousEvidence,3
no,LongNoteHead,3,2,absent,3,4,11101100,LocalMismatch,1
no,LongNoteHead,3,2,absent,3,5,11111100,AmbiguousEvidence,3
no,LongNoteHead,3,2,absent,3,5,11111100,LocalMismatch,1
no,LongNoteHead,3,2,absent,3,7,11111111,AmbiguousEvidence,28
no,LongNoteHead,3,2,absent,3,7,11111111,LocalMismatch,8
no,LongNoteHead,3,2,absent,4,1,11000000,LocalMismatch,4
no,LongNoteHead,3,2,absent,4,1,11000000,ObservedSupport,9
no,LongNoteHead,3,2,absent,4,2,11001000,AmbiguousEvidence,8
no,LongNoteHead,3,2,absent,4,2,11001000,LocalMismatch,2
no,LongNoteHead,3,2,absent,4,2,11001000,ObservedSupport,3
no,LongNoteHead,3,2,absent,4,2,11100000,AmbiguousEvidence,7
no,LongNoteHead,3,2,absent,4,2,11100000,LocalMismatch,4
no,LongNoteHead,3,2,absent,4,2,11100000,ObservedSupport,2
no,LongNoteHead,3,2,absent,4,3,11001100,AmbiguousEvidence,6
no,LongNoteHead,3,2,absent,4,3,11001100,ObservedSupport,3
no,LongNoteHead,3,2,absent,4,3,11101000,AmbiguousEvidence,3
no,LongNoteHead,3,2,absent,4,3,11110000,AmbiguousEvidence,3
no,LongNoteHead,3,2,absent,4,4,11101100,AmbiguousEvidence,14
no,LongNoteHead,3,2,absent,4,4,11101100,ObservedSupport,4
no,LongNoteHead,3,2,absent,4,4,11111000,AmbiguousEvidence,12
no,LongNoteHead,3,2,absent,4,5,11111100,AmbiguousEvidence,5
no,LongNoteHead,3,2,absent,4,5,11111100,LocalMismatch,1
no,LongNoteHead,3,2,absent,4,7,11111111,AmbiguousEvidence,103
no,LongNoteHead,3,2,absent,4,7,11111111,LocalMismatch,11
no,LongNoteHead,3,2,absent,4,7,11111111,ObservedSupport,3
no,LongNoteHead,3,2,absent,5,0,10000000,NoComparableContext,9
no,LongNoteHead,3,2,absent,5,1,11000000,LocalMismatch,30
no,LongNoteHead,3,2,absent,5,1,11000000,ObservedSupport,29
no,LongNoteHead,3,2,absent,5,2,11001000,AmbiguousEvidence,16
no,LongNoteHead,3,2,absent,5,2,11001000,LocalMismatch,6
no,LongNoteHead,3,2,absent,5,2,11001000,ObservedSupport,8
no,LongNoteHead,3,2,absent,5,2,11100000,AmbiguousEvidence,6
no,LongNoteHead,3,2,absent,5,2,11100000,LocalMismatch,5
no,LongNoteHead,3,2,absent,5,2,11100000,ObservedSupport,3
no,LongNoteHead,3,2,absent,5,3,11001100,AmbiguousEvidence,4
no,LongNoteHead,3,2,absent,5,3,11001100,LocalMismatch,8
no,LongNoteHead,3,2,absent,5,3,11001100,ObservedSupport,4
no,LongNoteHead,3,2,absent,5,3,11101000,AmbiguousEvidence,16
no,LongNoteHead,3,2,absent,5,3,11101000,LocalMismatch,3
no,LongNoteHead,3,2,absent,5,3,11101000,ObservedSupport,1
no,LongNoteHead,3,2,absent,5,3,11110000,AmbiguousEvidence,3
no,LongNoteHead,3,2,absent,5,3,11110000,LocalMismatch,1
no,LongNoteHead,3,2,absent,5,4,11101100,AmbiguousEvidence,3
no,LongNoteHead,3,2,absent,5,4,11101100,LocalMismatch,1
no,LongNoteHead,3,2,absent,5,4,11101100,ObservedSupport,1
no,LongNoteHead,3,2,absent,5,5,11111100,AmbiguousEvidence,3
no,LongNoteHead,3,2,absent,5,5,11111100,LocalMismatch,1
no,LongNoteHead,3,2,absent,5,7,11111111,AmbiguousEvidence,4
no,LongNoteHead,3,2,absent,5,7,11111111,LocalMismatch,4
no,LongNoteHead,3,2,absent,6,0,10000000,NoComparableContext,10
no,LongNoteHead,3,2,absent,6,1,11000000,LocalMismatch,54
no,LongNoteHead,3,2,absent,6,1,11000000,ObservedSupport,57
no,LongNoteHead,3,2,absent,6,2,11001000,AmbiguousEvidence,25
no,LongNoteHead,3,2,absent,6,2,11001000,LocalMismatch,21
no,LongNoteHead,3,2,absent,6,2,11001000,ObservedSupport,14
no,LongNoteHead,3,2,absent,6,2,11100000,AmbiguousEvidence,10
no,LongNoteHead,3,2,absent,6,2,11100000,LocalMismatch,10
no,LongNoteHead,3,2,absent,6,2,11100000,ObservedSupport,5
no,LongNoteHead,3,2,absent,6,3,11001100,AmbiguousEvidence,37
no,LongNoteHead,3,2,absent,6,3,11001100,LocalMismatch,31
no,LongNoteHead,3,2,absent,6,3,11001100,ObservedSupport,22
no,LongNoteHead,3,2,absent,6,3,11101000,AmbiguousEvidence,14
no,LongNoteHead,3,2,absent,6,3,11101000,LocalMismatch,6
no,LongNoteHead,3,2,absent,6,3,11110000,AmbiguousEvidence,13
no,LongNoteHead,3,2,absent,6,3,11110000,LocalMismatch,10
no,LongNoteHead,3,2,absent,6,3,11110000,ObservedSupport,2
no,LongNoteHead,3,2,absent,6,4,11101100,AmbiguousEvidence,15
no,LongNoteHead,3,2,absent,6,4,11101100,LocalMismatch,8
no,LongNoteHead,3,2,absent,6,4,11101100,ObservedSupport,2
no,LongNoteHead,3,2,absent,6,5,11111100,AmbiguousEvidence,10
no,LongNoteHead,3,2,absent,6,5,11111100,LocalMismatch,5
no,LongNoteHead,3,2,absent,7,0,10000000,NoComparableContext,13
no,LongNoteHead,3,2,absent,7,1,11000000,LocalMismatch,93
no,LongNoteHead,3,2,absent,7,1,11000000,ObservedSupport,100
no,LongNoteHead,3,2,absent,7,2,11001000,AmbiguousEvidence,41
no,LongNoteHead,3,2,absent,7,2,11001000,LocalMismatch,44
no,LongNoteHead,3,2,absent,7,2,11001000,ObservedSupport,18
no,LongNoteHead,3,2,absent,7,2,11100000,AmbiguousEvidence,27
no,LongNoteHead,3,2,absent,7,2,11100000,LocalMismatch,23
no,LongNoteHead,3,2,absent,7,2,11100000,ObservedSupport,7
no,LongNoteHead,3,2,absent,7,3,11001100,AmbiguousEvidence,50
no,LongNoteHead,3,2,absent,7,3,11001100,LocalMismatch,56
no,LongNoteHead,3,2,absent,7,3,11001100,ObservedSupport,21
no,LongNoteHead,3,2,absent,7,3,11101000,AmbiguousEvidence,28
no,LongNoteHead,3,2,absent,7,3,11101000,LocalMismatch,34
no,LongNoteHead,3,2,absent,7,3,11101000,ObservedSupport,4
no,LongNoteHead,3,2,absent,7,3,11110000,AmbiguousEvidence,33
no,LongNoteHead,3,2,absent,7,3,11110000,LocalMismatch,36
no,LongNoteHead,3,2,absent,7,3,11110000,ObservedSupport,9
no,LongNoteHead,3,2,absent,7,4,11101100,AmbiguousEvidence,8
no,LongNoteHead,3,2,absent,7,4,11101100,LocalMismatch,4
no,LongNoteHead,3,2,absent,7,4,11111000,AmbiguousEvidence,9
no,LongNoteHead,3,2,absent,7,4,11111000,LocalMismatch,3
no,LongNoteHead,3,2,absent,7,5,11111100,AmbiguousEvidence,21
no,LongNoteHead,3,2,absent,7,5,11111100,LocalMismatch,15
no,LongNoteHead,3,2,absent,7,6,11111110,AmbiguousEvidence,5
no,LongNoteHead,3,2,absent,7,6,11111110,LocalMismatch,1
no,LongNoteHead,3,2,absent,7,7,11111111,AmbiguousEvidence,6
no,LongNoteHead,3,2,absent,7,7,11111111,LocalMismatch,16
no,LongNoteHead,3,2,absent,7,7,11111111,ObservedSupport,2
no,LongNoteHead,3,2,absent,8,0,10000000,NoComparableContext,15
no,LongNoteHead,3,2,absent,8,1,10001000,LocalMismatch,6
no,LongNoteHead,3,2,absent,8,1,10001000,ObservedSupport,1
no,LongNoteHead,3,2,absent,8,1,11000000,LocalMismatch,149
no,LongNoteHead,3,2,absent,8,1,11000000,ObservedSupport,80
no,LongNoteHead,3,2,absent,8,2,11001000,AmbiguousEvidence,20
no,LongNoteHead,3,2,absent,8,2,11001000,LocalMismatch,49
no,LongNoteHead,3,2,absent,8,2,11001000,ObservedSupport,8
no,LongNoteHead,3,2,absent,8,2,11100000,AmbiguousEvidence,33
no,LongNoteHead,3,2,absent,8,2,11100000,LocalMismatch,45
no,LongNoteHead,3,2,absent,8,2,11100000,ObservedSupport,7
no,LongNoteHead,3,2,absent,8,3,11001100,AmbiguousEvidence,32
no,LongNoteHead,3,2,absent,8,3,11001100,LocalMismatch,57
no,LongNoteHead,3,2,absent,8,3,11001100,ObservedSupport,9
no,LongNoteHead,3,2,absent,8,3,11101000,AmbiguousEvidence,27
no,LongNoteHead,3,2,absent,8,3,11101000,LocalMismatch,34
no,LongNoteHead,3,2,absent,8,3,11101000,ObservedSupport,2
no,LongNoteHead,3,2,absent,8,3,11110000,AmbiguousEvidence,10
no,LongNoteHead,3,2,absent,8,3,11110000,LocalMismatch,20
no,LongNoteHead,3,2,absent,8,3,11110000,ObservedSupport,5
no,LongNoteHead,3,2,absent,8,4,11111000,AmbiguousEvidence,11
no,LongNoteHead,3,2,absent,8,4,11111000,LocalMismatch,10
no,LongNoteHead,3,2,absent,9,0,10000000,NoComparableContext,8
no,LongNoteHead,3,2,absent,9,1,11000000,LocalMismatch,48
no,LongNoteHead,3,2,absent,9,1,11000000,ObservedSupport,56
no,LongNoteHead,3,2,absent,9,2,11001000,AmbiguousEvidence,48
no,LongNoteHead,3,2,absent,9,2,11001000,LocalMismatch,26
no,LongNoteHead,3,2,absent,9,2,11001000,ObservedSupport,6
no,LongNoteHead,3,2,absent,9,2,11100000,AmbiguousEvidence,51
no,LongNoteHead,3,2,absent,9,2,11100000,LocalMismatch,39
no,LongNoteHead,3,2,absent,9,2,11100000,ObservedSupport,6
no,LongNoteHead,3,2,absent,9,3,11001100,AmbiguousEvidence,7
no,LongNoteHead,3,2,absent,9,3,11001100,ObservedSupport,1
no,LongNoteHead,3,2,absent,9,3,11101000,AmbiguousEvidence,51
no,LongNoteHead,3,2,absent,9,3,11101000,LocalMismatch,17
no,LongNoteHead,3,2,absent,9,3,11101000,ObservedSupport,4
no,LongNoteHead,3,2,absent,9,3,11110000,AmbiguousEvidence,10
no,LongNoteHead,3,2,absent,9,3,11110000,LocalMismatch,6
no,LongNoteHead,3,2,absent,9,4,11101100,AmbiguousEvidence,8
no,LongNoteHead,3,2,present,1,0,10000000,NoComparableContext,18
no,LongNoteHead,3,2,present,1,1,10001000,ObservedSupport,2
no,LongNoteHead,3,2,present,1,1,11000000,ObservedSupport,1
no,LongNoteHead,3,2,present,1,2,10001100,ObservedSupport,1
no,LongNoteHead,3,2,present,10,0,10000000,NoComparableContext,234
no,LongNoteHead,3,2,present,10,1,10001000,LocalMismatch,102
no,LongNoteHead,3,2,present,10,1,10001000,ObservedSupport,24
no,LongNoteHead,3,2,present,10,1,10100000,LocalMismatch,93
no,LongNoteHead,3,2,present,10,1,10100000,ObservedSupport,15
no,LongNoteHead,3,2,present,10,1,11000000,LocalMismatch,299
no,LongNoteHead,3,2,present,10,1,11000000,ObservedSupport,34
no,LongNoteHead,3,2,present,10,2,10001100,LocalMismatch,33
no,LongNoteHead,3,2,present,10,2,10001100,ObservedSupport,3
no,LongNoteHead,3,2,present,10,2,10101000,AmbiguousEvidence,12
no,LongNoteHead,3,2,present,10,2,10101000,LocalMismatch,22
no,LongNoteHead,3,2,present,10,2,10101000,ObservedSupport,2
no,LongNoteHead,3,2,present,10,2,10110000,LocalMismatch,39
no,LongNoteHead,3,2,present,10,2,10110000,ObservedSupport,6
no,LongNoteHead,3,2,present,10,2,11001000,AmbiguousEvidence,59
no,LongNoteHead,3,2,present,10,2,11001000,LocalMismatch,197
no,LongNoteHead,3,2,present,10,2,11001000,ObservedSupport,5
no,LongNoteHead,3,2,present,10,2,11100000,AmbiguousEvidence,61
no,LongNoteHead,3,2,present,10,2,11100000,LocalMismatch,182
no,LongNoteHead,3,2,present,10,2,11100000,ObservedSupport,9
no,LongNoteHead,3,2,present,10,3,10101100,AmbiguousEvidence,14
no,LongNoteHead,3,2,present,10,3,10101100,LocalMismatch,54
no,LongNoteHead,3,2,present,10,3,10101100,ObservedSupport,4
no,LongNoteHead,3,2,present,10,3,10111000,AmbiguousEvidence,2
no,LongNoteHead,3,2,present,10,3,10111000,LocalMismatch,7
no,LongNoteHead,3,2,present,10,3,11001100,AmbiguousEvidence,28
no,LongNoteHead,3,2,present,10,3,11001100,LocalMismatch,88
no,LongNoteHead,3,2,present,10,3,11001100,ObservedSupport,1
no,LongNoteHead,3,2,present,10,3,11101000,AmbiguousEvidence,165
no,LongNoteHead,3,2,present,10,3,11101000,LocalMismatch,261
no,LongNoteHead,3,2,present,10,3,11101000,ObservedSupport,6
no,LongNoteHead,3,2,present,10,3,11110000,AmbiguousEvidence,34
no,LongNoteHead,3,2,present,10,3,11110000,LocalMismatch,142
no,LongNoteHead,3,2,present,10,3,11110000,ObservedSupport,4
no,LongNoteHead,3,2,present,10,4,10111100,AmbiguousEvidence,17
no,LongNoteHead,3,2,present,10,4,10111100,LocalMismatch,55
no,LongNoteHead,3,2,present,10,4,11101100,AmbiguousEvidence,127
no,LongNoteHead,3,2,present,10,4,11101100,LocalMismatch,214
no,LongNoteHead,3,2,present,10,4,11101100,ObservedSupport,1
no,LongNoteHead,3,2,present,10,4,11111000,AmbiguousEvidence,80
no,LongNoteHead,3,2,present,10,4,11111000,LocalMismatch,72
no,LongNoteHead,3,2,present,10,4,11111000,ObservedSupport,1
no,LongNoteHead,3,2,present,10,5,10111110,AmbiguousEvidence,11
no,LongNoteHead,3,2,present,10,5,10111110,LocalMismatch,24
no,LongNoteHead,3,2,present,10,5,10111110,ObservedSupport,1
no,LongNoteHead,3,2,present,10,5,11111100,AmbiguousEvidence,53
no,LongNoteHead,3,2,present,10,5,11111100,LocalMismatch,64
no,LongNoteHead,3,2,present,10,6,11111110,AmbiguousEvidence,26
no,LongNoteHead,3,2,present,10,6,11111110,LocalMismatch,37
no,LongNoteHead,3,2,present,10,7,11111111,AmbiguousEvidence,39
no,LongNoteHead,3,2,present,10,7,11111111,LocalMismatch,78
no,LongNoteHead,3,2,present,2,0,10000000,NoComparableContext,69
no,LongNoteHead,3,2,present,2,1,10001000,LocalMismatch,2
no,LongNoteHead,3,2,present,2,1,10001000,ObservedSupport,2
no,LongNoteHead,3,2,present,2,1,11000000,LocalMismatch,6
no,LongNoteHead,3,2,present,2,1,11000000,ObservedSupport,3
no,LongNoteHead,3,2,present,2,2,10001100,LocalMismatch,1
no,LongNoteHead,3,2,present,2,2,10001100,ObservedSupport,2
no,LongNoteHead,3,2,present,2,2,11001000,LocalMismatch,5
no,LongNoteHead,3,2,present,2,2,11001000,ObservedSupport,1
no,LongNoteHead,3,2,present,2,3,11001100,LocalMismatch,3
no,LongNoteHead,3,2,present,2,4,11101100,LocalMismatch,1
no,LongNoteHead,3,2,present,2,5,11111100,AmbiguousEvidence,1
no,LongNoteHead,3,2,present,2,7,11111111,AmbiguousEvidence,20
no,LongNoteHead,3,2,present,2,7,11111111,LocalMismatch,2
no,LongNoteHead,3,2,present,3,0,10000000,NoComparableContext,103
no,LongNoteHead,3,2,present,3,1,10001000,LocalMismatch,5
no,LongNoteHead,3,2,present,3,1,10001000,ObservedSupport,4
no,LongNoteHead,3,2,present,3,1,10100000,LocalMismatch,4
no,LongNoteHead,3,2,present,3,1,10100000,ObservedSupport,2
no,LongNoteHead,3,2,present,3,1,11000000,LocalMismatch,9
no,LongNoteHead,3,2,present,3,1,11000000,ObservedSupport,5
no,LongNoteHead,3,2,present,3,2,10001100,LocalMismatch,4
no,LongNoteHead,3,2,present,3,2,10110000,LocalMismatch,6
no,LongNoteHead,3,2,present,3,2,10110000,ObservedSupport,1
no,LongNoteHead,3,2,present,3,2,11001000,AmbiguousEvidence,6
no,LongNoteHead,3,2,present,3,2,11001000,LocalMismatch,4
no,LongNoteHead,3,2,present,3,2,11001000,ObservedSupport,1
no,LongNoteHead,3,2,present,3,2,11100000,AmbiguousEvidence,1
no,LongNoteHead,3,2,present,3,2,11100000,LocalMismatch,5
no,LongNoteHead,3,2,present,3,3,11001100,AmbiguousEvidence,2
no,LongNoteHead,3,2,present,3,3,11001100,LocalMismatch,6
no,LongNoteHead,3,2,present,3,3,11110000,AmbiguousEvidence,1
no,LongNoteHead,3,2,present,3,3,11110000,LocalMismatch,7
no,LongNoteHead,3,2,present,3,4,11101100,AmbiguousEvidence,9
no,LongNoteHead,3,2,present,3,4,11101100,LocalMismatch,9
no,LongNoteHead,3,2,present,3,4,11111000,AmbiguousEvidence,1
no,LongNoteHead,3,2,present,3,4,11111000,LocalMismatch,1
no,LongNoteHead,3,2,present,3,5,11111100,AmbiguousEvidence,3
no,LongNoteHead,3,2,present,3,5,11111100,LocalMismatch,3
no,LongNoteHead,3,2,present,3,7,11111111,AmbiguousEvidence,3
no,LongNoteHead,3,2,present,3,7,11111111,LocalMismatch,51
no,LongNoteHead,3,2,present,4,0,10000000,NoComparableContext,107
no,LongNoteHead,3,2,present,4,1,10001000,LocalMismatch,5
no,LongNoteHead,3,2,present,4,1,10001000,ObservedSupport,3
no,LongNoteHead,3,2,present,4,1,10100000,LocalMismatch,11
no,LongNoteHead,3,2,present,4,1,10100000,ObservedSupport,6
no,LongNoteHead,3,2,present,4,1,11000000,LocalMismatch,24
no,LongNoteHead,3,2,present,4,1,11000000,ObservedSupport,8
no,LongNoteHead,3,2,present,4,2,10001100,LocalMismatch,10
no,LongNoteHead,3,2,present,4,2,10001100,ObservedSupport,4
no,LongNoteHead,3,2,present,4,2,10101000,AmbiguousEvidence,3
no,LongNoteHead,3,2,present,4,2,10101000,LocalMismatch,4
no,LongNoteHead,3,2,present,4,2,10110000,LocalMismatch,3
no,LongNoteHead,3,2,present,4,2,10110000,ObservedSupport,1
no,LongNoteHead,3,2,present,4,2,11001000,LocalMismatch,3
no,LongNoteHead,3,2,present,4,2,11100000,AmbiguousEvidence,7
no,LongNoteHead,3,2,present,4,2,11100000,LocalMismatch,8
no,LongNoteHead,3,2,present,4,2,11100000,ObservedSupport,1
no,LongNoteHead,3,2,present,4,3,11001100,AmbiguousEvidence,8
no,LongNoteHead,3,2,present,4,3,11001100,LocalMismatch,1
no,LongNoteHead,3,2,present,4,3,11101000,AmbiguousEvidence,4
no,LongNoteHead,3,2,present,4,3,11101000,LocalMismatch,5
no,LongNoteHead,3,2,present,4,3,11110000,AmbiguousEvidence,3
no,LongNoteHead,3,2,present,4,3,11110000,LocalMismatch,18
no,LongNoteHead,3,2,present,4,3,11110000,ObservedSupport,3
no,LongNoteHead,3,2,present,4,4,11101100,AmbiguousEvidence,1
no,LongNoteHead,3,2,present,4,4,11101100,LocalMismatch,5
no,LongNoteHead,3,2,present,4,4,11111000,AmbiguousEvidence,4
no,LongNoteHead,3,2,present,4,4,11111000,LocalMismatch,5
no,LongNoteHead,3,2,present,4,5,11111100,AmbiguousEvidence,26
no,LongNoteHead,3,2,present,4,5,11111100,LocalMismatch,10
no,LongNoteHead,3,2,present,4,7,11111111,AmbiguousEvidence,222
no,LongNoteHead,3,2,present,4,7,11111111,LocalMismatch,27
no,LongNoteHead,3,2,present,5,0,10000000,NoComparableContext,263
no,LongNoteHead,3,2,present,5,1,10001000,LocalMismatch,39
no,LongNoteHead,3,2,present,5,1,10001000,ObservedSupport,9
no,LongNoteHead,3,2,present,5,1,10100000,LocalMismatch,21
no,LongNoteHead,3,2,present,5,1,10100000,ObservedSupport,8
no,LongNoteHead,3,2,present,5,1,11000000,LocalMismatch,113
no,LongNoteHead,3,2,present,5,1,11000000,ObservedSupport,18
no,LongNoteHead,3,2,present,5,2,10001100,AmbiguousEvidence,1
no,LongNoteHead,3,2,present,5,2,10001100,LocalMismatch,21
no,LongNoteHead,3,2,present,5,2,10001100,ObservedSupport,8
no,LongNoteHead,3,2,present,5,2,10101000,AmbiguousEvidence,3
no,LongNoteHead,3,2,present,5,2,10101000,LocalMismatch,5
no,LongNoteHead,3,2,present,5,2,10101000,ObservedSupport,1
no,LongNoteHead,3,2,present,5,2,10110000,AmbiguousEvidence,3
no,LongNoteHead,3,2,present,5,2,10110000,LocalMismatch,21
no,LongNoteHead,3,2,present,5,2,10110000,ObservedSupport,9
no,LongNoteHead,3,2,present,5,2,11001000,AmbiguousEvidence,3
no,LongNoteHead,3,2,present,5,2,11001000,LocalMismatch,9
no,LongNoteHead,3,2,present,5,2,11100000,AmbiguousEvidence,11
no,LongNoteHead,3,2,present,5,2,11100000,LocalMismatch,44
no,LongNoteHead,3,2,present,5,2,11100000,ObservedSupport,3
no,LongNoteHead,3,2,present,5,3,10101100,AmbiguousEvidence,4
no,LongNoteHead,3,2,present,5,3,10101100,LocalMismatch,8
no,LongNoteHead,3,2,present,5,3,10101100,ObservedSupport,2
no,LongNoteHead,3,2,present,5,3,10111000,AmbiguousEvidence,1
no,LongNoteHead,3,2,present,5,3,10111000,LocalMismatch,5
no,LongNoteHead,3,2,present,5,3,10111000,ObservedSupport,3
no,LongNoteHead,3,2,present,5,3,11001100,AmbiguousEvidence,18
no,LongNoteHead,3,2,present,5,3,11001100,LocalMismatch,35
no,LongNoteHead,3,2,present,5,3,11101000,AmbiguousEvidence,2
no,LongNoteHead,3,2,present,5,3,11101000,LocalMismatch,10
no,LongNoteHead,3,2,present,5,3,11110000,AmbiguousEvidence,20
no,LongNoteHead,3,2,present,5,3,11110000,LocalMismatch,33
no,LongNoteHead,3,2,present,5,3,11110000,ObservedSupport,3
no,LongNoteHead,3,2,present,5,4,10111100,AmbiguousEvidence,12
no,LongNoteHead,3,2,present,5,4,10111100,LocalMismatch,5
no,LongNoteHead,3,2,present,5,4,11101100,AmbiguousEvidence,3
no,LongNoteHead,3,2,present,5,4,11101100,LocalMismatch,17
no,LongNoteHead,3,2,present,5,4,11111000,AmbiguousEvidence,4
no,LongNoteHead,3,2,present,5,4,11111000,LocalMismatch,16
no,LongNoteHead,3,2,present,5,5,10111110,AmbiguousEvidence,5
no,LongNoteHead,3,2,present,5,5,10111110,LocalMismatch,3
no,LongNoteHead,3,2,present,5,5,11111100,AmbiguousEvidence,34
no,LongNoteHead,3,2,present,5,5,11111100,LocalMismatch,26
no,LongNoteHead,3,2,present,5,6,11111110,AmbiguousEvidence,5
no,LongNoteHead,3,2,present,5,6,11111110,LocalMismatch,3
no,LongNoteHead,3,2,present,5,7,11111111,AmbiguousEvidence,2
no,LongNoteHead,3,2,present,5,7,11111111,LocalMismatch,22
no,LongNoteHead,3,2,present,6,0,10000000,NoComparableContext,288
no,LongNoteHead,3,2,present,6,1,10001000,LocalMismatch,62
no,LongNoteHead,3,2,present,6,1,10001000,ObservedSupport,11
no,LongNoteHead,3,2,present,6,1,10100000,LocalMismatch,79
no,LongNoteHead,3,2,present,6,1,10100000,ObservedSupport,20
no,LongNoteHead,3,2,present,6,1,11000000,LocalMismatch,165
no,LongNoteHead,3,2,present,6,1,11000000,ObservedSupport,25
no,LongNoteHead,3,2,present,6,2,10001100,AmbiguousEvidence,3
no,LongNoteHead,3,2,present,6,2,10001100,LocalMismatch,65
no,LongNoteHead,3,2,present,6,2,10001100,ObservedSupport,19
no,LongNoteHead,3,2,present,6,2,10101000,AmbiguousEvidence,14
no,LongNoteHead,3,2,present,6,2,10101000,LocalMismatch,27
no,LongNoteHead,3,2,present,6,2,10101000,ObservedSupport,5
no,LongNoteHead,3,2,present,6,2,10110000,AmbiguousEvidence,2
no,LongNoteHead,3,2,present,6,2,10110000,LocalMismatch,52
no,LongNoteHead,3,2,present,6,2,10110000,ObservedSupport,14
no,LongNoteHead,3,2,present,6,2,11001000,AmbiguousEvidence,10
no,LongNoteHead,3,2,present,6,2,11001000,LocalMismatch,37
no,LongNoteHead,3,2,present,6,2,11001000,ObservedSupport,3
no,LongNoteHead,3,2,present,6,2,11100000,AmbiguousEvidence,16
no,LongNoteHead,3,2,present,6,2,11100000,LocalMismatch,60
no,LongNoteHead,3,2,present,6,2,11100000,ObservedSupport,1
no,LongNoteHead,3,2,present,6,3,10101100,AmbiguousEvidence,13
no,LongNoteHead,3,2,present,6,3,10101100,LocalMismatch,8
no,LongNoteHead,3,2,present,6,3,10101100,ObservedSupport,4
no,LongNoteHead,3,2,present,6,3,10111000,AmbiguousEvidence,8
no,LongNoteHead,3,2,present,6,3,10111000,LocalMismatch,11
no,LongNoteHead,3,2,present,6,3,10111000,ObservedSupport,2
no,LongNoteHead,3,2,present,6,3,11001100,AmbiguousEvidence,30
no,LongNoteHead,3,2,present,6,3,11001100,LocalMismatch,55
no,LongNoteHead,3,2,present,6,3,11101000,AmbiguousEvidence,18
no,LongNoteHead,3,2,present,6,3,11101000,LocalMismatch,47
no,LongNoteHead,3,2,present,6,3,11101000,ObservedSupport,1
no,LongNoteHead,3,2,present,6,3,11110000,AmbiguousEvidence,42
no,LongNoteHead,3,2,present,6,3,11110000,LocalMismatch,113
no,LongNoteHead,3,2,present,6,3,11110000,ObservedSupport,6
no,LongNoteHead,3,2,present,6,4,10111100,AmbiguousEvidence,28
no,LongNoteHead,3,2,present,6,4,10111100,LocalMismatch,27
no,LongNoteHead,3,2,present,6,4,11101100,AmbiguousEvidence,25
no,LongNoteHead,3,2,present,6,4,11101100,LocalMismatch,35
no,LongNoteHead,3,2,present,6,4,11101100,ObservedSupport,1
no,LongNoteHead,3,2,present,6,4,11111000,AmbiguousEvidence,14
no,LongNoteHead,3,2,present,6,4,11111000,LocalMismatch,29
no,LongNoteHead,3,2,present,6,4,11111000,ObservedSupport,2
no,LongNoteHead,3,2,present,6,5,10111110,AmbiguousEvidence,11
no,LongNoteHead,3,2,present,6,5,10111110,LocalMismatch,23
no,LongNoteHead,3,2,present,6,5,10111110,ObservedSupport,1
no,LongNoteHead,3,2,present,6,5,11111100,AmbiguousEvidence,149
no,LongNoteHead,3,2,present,6,5,11111100,LocalMismatch,157
no,LongNoteHead,3,2,present,6,6,11111110,AmbiguousEvidence,41
no,LongNoteHead,3,2,present,6,6,11111110,LocalMismatch,49
no,LongNoteHead,3,2,present,6,7,11111111,AmbiguousEvidence,31
no,LongNoteHead,3,2,present,6,7,11111111,LocalMismatch,104
no,LongNoteHead,3,2,present,7,0,10000000,NoComparableContext,452
no,LongNoteHead,3,2,present,7,1,10001000,LocalMismatch,148
no,LongNoteHead,3,2,present,7,1,10001000,ObservedSupport,31
no,LongNoteHead,3,2,present,7,1,10100000,LocalMismatch,59
no,LongNoteHead,3,2,present,7,1,10100000,ObservedSupport,18
no,LongNoteHead,3,2,present,7,1,11000000,LocalMismatch,394
no,LongNoteHead,3,2,present,7,1,11000000,ObservedSupport,62
no,LongNoteHead,3,2,present,7,2,10001100,AmbiguousEvidence,4
no,LongNoteHead,3,2,present,7,2,10001100,LocalMismatch,59
no,LongNoteHead,3,2,present,7,2,10001100,ObservedSupport,16
no,LongNoteHead,3,2,present,7,2,10101000,AmbiguousEvidence,14
no,LongNoteHead,3,2,present,7,2,10101000,LocalMismatch,35
no,LongNoteHead,3,2,present,7,2,10101000,ObservedSupport,2
no,LongNoteHead,3,2,present,7,2,10110000,AmbiguousEvidence,4
no,LongNoteHead,3,2,present,7,2,10110000,LocalMismatch,86
no,LongNoteHead,3,2,present,7,2,10110000,ObservedSupport,14
no,LongNoteHead,3,2,present,7,2,11001000,AmbiguousEvidence,38
no,LongNoteHead,3,2,present,7,2,11001000,LocalMismatch,104
no,LongNoteHead,3,2,present,7,2,11001000,ObservedSupport,4
no,LongNoteHead,3,2,present,7,2,11100000,AmbiguousEvidence,19
no,LongNoteHead,3,2,present,7,2,11100000,LocalMismatch,97
no,LongNoteHead,3,2,present,7,2,11100000,ObservedSupport,7
no,LongNoteHead,3,2,present,7,3,10101100,AmbiguousEvidence,21
no,LongNoteHead,3,2,present,7,3,10101100,LocalMismatch,34
no,LongNoteHead,3,2,present,7,3,10101100,ObservedSupport,5
no,LongNoteHead,3,2,present,7,3,10111000,AmbiguousEvidence,4
no,LongNoteHead,3,2,present,7,3,10111000,LocalMismatch,12
no,LongNoteHead,3,2,present,7,3,10111000,ObservedSupport,2
no,LongNoteHead,3,2,present,7,3,11001100,AmbiguousEvidence,72
no,LongNoteHead,3,2,present,7,3,11001100,LocalMismatch,180
no,LongNoteHead,3,2,present,7,3,11001100,ObservedSupport,6
no,LongNoteHead,3,2,present,7,3,11101000,AmbiguousEvidence,46
no,LongNoteHead,3,2,present,7,3,11101000,LocalMismatch,82
no,LongNoteHead,3,2,present,7,3,11101000,ObservedSupport,1
no,LongNoteHead,3,2,present,7,3,11110000,AmbiguousEvidence,54
no,LongNoteHead,3,2,present,7,3,11110000,LocalMismatch,159
no,LongNoteHead,3,2,present,7,3,11110000,ObservedSupport,3
no,LongNoteHead,3,2,present,7,4,10111100,AmbiguousEvidence,41
no,LongNoteHead,3,2,present,7,4,10111100,LocalMismatch,61
no,LongNoteHead,3,2,present,7,4,11101100,AmbiguousEvidence,34
no,LongNoteHead,3,2,present,7,4,11101100,LocalMismatch,45
no,LongNoteHead,3,2,present,7,4,11111000,AmbiguousEvidence,18
no,LongNoteHead,3,2,present,7,4,11111000,LocalMismatch,52
no,LongNoteHead,3,2,present,7,4,11111000,ObservedSupport,2
no,LongNoteHead,3,2,present,7,5,10111110,AmbiguousEvidence,26
no,LongNoteHead,3,2,present,7,5,10111110,LocalMismatch,37
no,LongNoteHead,3,2,present,7,5,10111110,ObservedSupport,5
no,LongNoteHead,3,2,present,7,5,11111100,AmbiguousEvidence,107
no,LongNoteHead,3,2,present,7,5,11111100,LocalMismatch,169
no,LongNoteHead,3,2,present,7,6,11111110,AmbiguousEvidence,21
no,LongNoteHead,3,2,present,7,6,11111110,LocalMismatch,27
no,LongNoteHead,3,2,present,7,7,11111111,AmbiguousEvidence,34
no,LongNoteHead,3,2,present,7,7,11111111,LocalMismatch,128
no,LongNoteHead,3,2,present,7,7,11111111,ObservedSupport,1
no,LongNoteHead,3,2,present,8,0,10000000,NoComparableContext,499
no,LongNoteHead,3,2,present,8,1,10001000,LocalMismatch,141
no,LongNoteHead,3,2,present,8,1,10001000,ObservedSupport,29
no,LongNoteHead,3,2,present,8,1,10100000,LocalMismatch,170
no,LongNoteHead,3,2,present,8,1,10100000,ObservedSupport,30
no,LongNoteHead,3,2,present,8,1,11000000,LocalMismatch,756
no,LongNoteHead,3,2,present,8,1,11000000,ObservedSupport,71
no,LongNoteHead,3,2,present,8,2,10001100,AmbiguousEvidence,8
no,LongNoteHead,3,2,present,8,2,10001100,LocalMismatch,92
no,LongNoteHead,3,2,present,8,2,10001100,ObservedSupport,19
no,LongNoteHead,3,2,present,8,2,10101000,AmbiguousEvidence,34
no,LongNoteHead,3,2,present,8,2,10101000,LocalMismatch,102
no,LongNoteHead,3,2,present,8,2,10101000,ObservedSupport,13
no,LongNoteHead,3,2,present,8,2,10110000,AmbiguousEvidence,3
no,LongNoteHead,3,2,present,8,2,10110000,LocalMismatch,75
no,LongNoteHead,3,2,present,8,2,10110000,ObservedSupport,14
no,LongNoteHead,3,2,present,8,2,11001000,AmbiguousEvidence,77
no,LongNoteHead,3,2,present,8,2,11001000,LocalMismatch,247
no,LongNoteHead,3,2,present,8,2,11001000,ObservedSupport,2
no,LongNoteHead,3,2,present,8,2,11100000,AmbiguousEvidence,53
no,LongNoteHead,3,2,present,8,2,11100000,LocalMismatch,227
no,LongNoteHead,3,2,present,8,2,11100000,ObservedSupport,9
no,LongNoteHead,3,2,present,8,3,10101100,AmbiguousEvidence,27
no,LongNoteHead,3,2,present,8,3,10101100,LocalMismatch,52
no,LongNoteHead,3,2,present,8,3,10101100,ObservedSupport,6
no,LongNoteHead,3,2,present,8,3,10111000,AmbiguousEvidence,11
no,LongNoteHead,3,2,present,8,3,10111000,LocalMismatch,9
no,LongNoteHead,3,2,present,8,3,10111000,ObservedSupport,1
no,LongNoteHead,3,2,present,8,3,11001100,AmbiguousEvidence,48
no,LongNoteHead,3,2,present,8,3,11001100,LocalMismatch,105
no,LongNoteHead,3,2,present,8,3,11001100,ObservedSupport,2
no,LongNoteHead,3,2,present,8,3,11101000,AmbiguousEvidence,102
no,LongNoteHead,3,2,present,8,3,11101000,LocalMismatch,197
no,LongNoteHead,3,2,present,8,3,11101000,ObservedSupport,2
no,LongNoteHead,3,2,present,8,3,11110000,AmbiguousEvidence,31
no,LongNoteHead,3,2,present,8,3,11110000,LocalMismatch,159
no,LongNoteHead,3,2,present,8,3,11110000,ObservedSupport,6
no,LongNoteHead,3,2,present,8,4,10111100,AmbiguousEvidence,43
no,LongNoteHead,3,2,present,8,4,10111100,LocalMismatch,62
no,LongNoteHead,3,2,present,8,4,11101100,AmbiguousEvidence,101
no,LongNoteHead,3,2,present,8,4,11101100,LocalMismatch,157
no,LongNoteHead,3,2,present,8,4,11101100,ObservedSupport,2
no,LongNoteHead,3,2,present,8,4,11111000,AmbiguousEvidence,64
no,LongNoteHead,3,2,present,8,4,11111000,LocalMismatch,152
no,LongNoteHead,3,2,present,8,4,11111000,ObservedSupport,1
no,LongNoteHead,3,2,present,8,5,10111110,AmbiguousEvidence,13
no,LongNoteHead,3,2,present,8,5,10111110,LocalMismatch,34
no,LongNoteHead,3,2,present,8,5,10111110,ObservedSupport,2
no,LongNoteHead,3,2,present,8,5,11111100,AmbiguousEvidence,97
no,LongNoteHead,3,2,present,8,5,11111100,LocalMismatch,113
no,LongNoteHead,3,2,present,8,6,11111110,AmbiguousEvidence,45
no,LongNoteHead,3,2,present,8,6,11111110,LocalMismatch,60
no,LongNoteHead,3,2,present,8,7,11111111,AmbiguousEvidence,55
no,LongNoteHead,3,2,present,8,7,11111111,LocalMismatch,239
no,LongNoteHead,3,2,present,9,0,10000000,NoComparableContext,459
no,LongNoteHead,3,2,present,9,1,10001000,LocalMismatch,162
no,LongNoteHead,3,2,present,9,1,10001000,ObservedSupport,23
no,LongNoteHead,3,2,present,9,1,10100000,LocalMismatch,118
no,LongNoteHead,3,2,present,9,1,10100000,ObservedSupport,28
no,LongNoteHead,3,2,present,9,1,11000000,LocalMismatch,607
no,LongNoteHead,3,2,present,9,1,11000000,ObservedSupport,67
no,LongNoteHead,3,2,present,9,2,10001100,AmbiguousEvidence,2
no,LongNoteHead,3,2,present,9,2,10001100,LocalMismatch,39
no,LongNoteHead,3,2,present,9,2,10001100,ObservedSupport,7
no,LongNoteHead,3,2,present,9,2,10101000,AmbiguousEvidence,20
no,LongNoteHead,3,2,present,9,2,10101000,LocalMismatch,52
no,LongNoteHead,3,2,present,9,2,10101000,ObservedSupport,1
no,LongNoteHead,3,2,present,9,2,10110000,AmbiguousEvidence,5
no,LongNoteHead,3,2,present,9,2,10110000,LocalMismatch,88
no,LongNoteHead,3,2,present,9,2,10110000,ObservedSupport,12
no,LongNoteHead,3,2,present,9,2,11001000,AmbiguousEvidence,45
no,LongNoteHead,3,2,present,9,2,11001000,LocalMismatch,200
no,LongNoteHead,3,2,present,9,2,11001000,ObservedSupport,4
no,LongNoteHead,3,2,present,9,2,11100000,AmbiguousEvidence,63
no,LongNoteHead,3,2,present,9,2,11100000,LocalMismatch,219
no,LongNoteHead,3,2,present,9,2,11100000,ObservedSupport,8
no,LongNoteHead,3,2,present,9,3,10101100,AmbiguousEvidence,34
no,LongNoteHead,3,2,present,9,3,10101100,LocalMismatch,59
no,LongNoteHead,3,2,present,9,3,10101100,ObservedSupport,3
no,LongNoteHead,3,2,present,9,3,10111000,AmbiguousEvidence,14
no,LongNoteHead,3,2,present,9,3,10111000,LocalMismatch,26
no,LongNoteHead,3,2,present,9,3,11001100,AmbiguousEvidence,26
no,LongNoteHead,3,2,present,9,3,11001100,LocalMismatch,109
no,LongNoteHead,3,2,present,9,3,11001100,ObservedSupport,1
no,LongNoteHead,3,2,present,9,3,11101000,AmbiguousEvidence,98
no,LongNoteHead,3,2,present,9,3,11101000,LocalMismatch,277
no,LongNoteHead,3,2,present,9,3,11101000,ObservedSupport,2
no,LongNoteHead,3,2,present,9,3,11110000,AmbiguousEvidence,14
no,LongNoteHead,3,2,present,9,3,11110000,LocalMismatch,73
no,LongNoteHead,3,2,present,9,3,11110000,ObservedSupport,1
no,LongNoteHead,3,2,present,9,4,10111100,AmbiguousEvidence,11
no,LongNoteHead,3,2,present,9,4,10111100,LocalMismatch,5
no,LongNoteHead,3,2,present,9,4,11101100,AmbiguousEvidence,64
no,LongNoteHead,3,2,present,9,4,11101100,LocalMismatch,94
no,LongNoteHead,3,2,present,9,4,11101100,ObservedSupport,2
no,LongNoteHead,3,2,present,9,4,11111000,AmbiguousEvidence,57
no,LongNoteHead,3,2,present,9,4,11111000,LocalMismatch,176
no,LongNoteHead,3,2,present,9,5,10111110,AmbiguousEvidence,8
no,LongNoteHead,3,2,present,9,5,10111110,LocalMismatch,13
no,LongNoteHead,3,2,present,9,5,10111110,ObservedSupport,3
no,LongNoteHead,3,2,present,9,5,11111100,AmbiguousEvidence,44
no,LongNoteHead,3,2,present,9,5,11111100,LocalMismatch,52
no,LongNoteHead,3,2,present,9,6,11111110,AmbiguousEvidence,42
no,LongNoteHead,3,2,present,9,6,11111110,LocalMismatch,38
no,LongNoteHead,3,2,present,9,7,11111111,AmbiguousEvidence,117
no,LongNoteHead,3,2,present,9,7,11111111,LocalMismatch,283
no,LongNoteHead,4,3,absent,1,0,10000000,NoComparableContext,22
no,LongNoteHead,4,3,absent,1,1,10001000,ObservedSupport,1
no,LongNoteHead,4,3,absent,1,1,11000000,ObservedSupport,4
no,LongNoteHead,4,3,absent,1,2,11001000,ObservedSupport,1
no,LongNoteHead,4,3,absent,1,2,11100000,ObservedSupport,1
no,LongNoteHead,4,3,absent,2,0,10000000,NoComparableContext,18
no,LongNoteHead,4,3,absent,2,1,11000000,LocalMismatch,9
no,LongNoteHead,4,3,absent,2,1,11000000,ObservedSupport,14
no,LongNoteHead,4,3,absent,2,2,11001000,LocalMismatch,1
no,LongNoteHead,4,3,absent,2,2,11100000,AmbiguousEvidence,2
no,LongNoteHead,4,3,absent,2,2,11100000,LocalMismatch,3
no,LongNoteHead,4,3,absent,2,2,11100000,ObservedSupport,2
no,LongNoteHead,4,3,absent,2,3,11101000,AmbiguousEvidence,2
no,LongNoteHead,4,3,absent,2,5,11111100,AmbiguousEvidence,4
no,LongNoteHead,4,3,absent,2,7,11111111,AmbiguousEvidence,18
no,LongNoteHead,4,3,absent,3,0,10000000,NoComparableContext,24
no,LongNoteHead,4,3,absent,3,1,10001000,LocalMismatch,2
no,LongNoteHead,4,3,absent,3,1,10001000,ObservedSupport,1
no,LongNoteHead,4,3,absent,3,1,10100000,LocalMismatch,3
no,LongNoteHead,4,3,absent,3,1,10100000,ObservedSupport,2
no,LongNoteHead,4,3,absent,3,1,11000000,LocalMismatch,28
no,LongNoteHead,4,3,absent,3,1,11000000,ObservedSupport,38
no,LongNoteHead,4,3,absent,3,2,11001000,AmbiguousEvidence,7
no,LongNoteHead,4,3,absent,3,2,11001000,LocalMismatch,6
no,LongNoteHead,4,3,absent,3,2,11001000,ObservedSupport,4
no,LongNoteHead,4,3,absent,3,2,11100000,AmbiguousEvidence,11
no,LongNoteHead,4,3,absent,3,2,11100000,LocalMismatch,9
no,LongNoteHead,4,3,absent,3,2,11100000,ObservedSupport,2
no,LongNoteHead,4,3,absent,3,3,11001100,AmbiguousEvidence,2
no,LongNoteHead,4,3,absent,3,3,11101000,AmbiguousEvidence,3
no,LongNoteHead,4,3,absent,3,3,11110000,AmbiguousEvidence,2
no,LongNoteHead,4,3,absent,3,3,11110000,ObservedSupport,1
no,LongNoteHead,4,3,absent,4,0,10000000,NoComparableContext,14
no,LongNoteHead,4,3,absent,4,1,10001000,LocalMismatch,8
no,LongNoteHead,4,3,absent,4,1,10001000,ObservedSupport,1
no,LongNoteHead,4,3,absent,4,1,11000000,LocalMismatch,109
no,LongNoteHead,4,3,absent,4,1,11000000,ObservedSupport,145
no,LongNoteHead,4,3,absent,4,2,11001000,AmbiguousEvidence,28
no,LongNoteHead,4,3,absent,4,2,11001000,LocalMismatch,19
no,LongNoteHead,4,3,absent,4,2,11001000,ObservedSupport,3
no,LongNoteHead,4,3,absent,4,2,11100000,AmbiguousEvidence,15
no,LongNoteHead,4,3,absent,4,2,11100000,LocalMismatch,8
no,LongNoteHead,4,3,absent,4,2,11100000,ObservedSupport,6
no,LongNoteHead,4,3,absent,4,3,11001100,AmbiguousEvidence,12
no,LongNoteHead,4,3,absent,4,3,11001100,LocalMismatch,7
no,LongNoteHead,4,3,absent,4,3,11001100,ObservedSupport,2
no,LongNoteHead,4,3,absent,4,3,11101000,AmbiguousEvidence,12
no,LongNoteHead,4,3,absent,4,3,11101000,LocalMismatch,5
no,LongNoteHead,4,3,absent,4,3,11101000,ObservedSupport,3
no,LongNoteHead,4,3,absent,4,3,11110000,AmbiguousEvidence,5
no,LongNoteHead,4,3,absent,4,3,11110000,LocalMismatch,4
no,LongNoteHead,4,3,absent,4,3,11110000,ObservedSupport,5
no,LongNoteHead,4,3,absent,4,4,11101100,AmbiguousEvidence,2
no,LongNoteHead,4,3,absent,4,4,11101100,ObservedSupport,2
no,LongNoteHead,4,3,absent,4,4,11111000,AmbiguousEvidence,8
no,LongNoteHead,4,3,absent,4,4,11111000,LocalMismatch,4
no,LongNoteHead,4,3,absent,4,5,11111100,AmbiguousEvidence,2
no,LongNoteHead,4,3,absent,4,5,11111100,LocalMismatch,1
no,LongNoteHead,4,3,absent,5,0,10000000,NoComparableContext,12
no,LongNoteHead,4,3,absent,5,1,11000000,LocalMismatch,60
no,LongNoteHead,4,3,absent,5,1,11000000,ObservedSupport,69
no,LongNoteHead,4,3,absent,5,2,11001000,AmbiguousEvidence,22
no,LongNoteHead,4,3,absent,5,2,11001000,LocalMismatch,4
no,LongNoteHead,4,3,absent,5,2,11001000,ObservedSupport,3
no,LongNoteHead,4,3,absent,5,2,11100000,AmbiguousEvidence,8
no,LongNoteHead,4,3,absent,5,2,11100000,LocalMismatch,3
no,LongNoteHead,4,3,absent,5,2,11100000,ObservedSupport,1
no,LongNoteHead,4,3,absent,5,3,11001100,AmbiguousEvidence,5
no,LongNoteHead,4,3,absent,5,3,11001100,LocalMismatch,3
no,LongNoteHead,4,3,absent,5,3,11101000,AmbiguousEvidence,7
no,LongNoteHead,4,3,absent,5,3,11101000,LocalMismatch,4
no,LongNoteHead,4,3,absent,5,3,11101000,ObservedSupport,1
no,LongNoteHead,4,3,absent,5,3,11110000,AmbiguousEvidence,2
no,LongNoteHead,4,3,absent,5,3,11110000,LocalMismatch,2
no,LongNoteHead,4,3,absent,5,4,11101100,AmbiguousEvidence,5
no,LongNoteHead,4,3,absent,5,4,11101100,LocalMismatch,3
no,LongNoteHead,4,3,absent,5,4,11111000,AmbiguousEvidence,4
no,LongNoteHead,4,3,absent,6,1,11000000,LocalMismatch,27
no,LongNoteHead,4,3,absent,6,1,11000000,ObservedSupport,13
no,LongNoteHead,4,3,absent,6,2,11001000,AmbiguousEvidence,16
no,LongNoteHead,4,3,absent,6,2,11001000,LocalMismatch,22
no,LongNoteHead,4,3,absent,6,2,11001000,ObservedSupport,2
no,LongNoteHead,4,3,absent,6,2,11100000,AmbiguousEvidence,8
no,LongNoteHead,4,3,absent,6,2,11100000,LocalMismatch,29
no,LongNoteHead,4,3,absent,6,2,11100000,ObservedSupport,4
no,LongNoteHead,4,3,absent,6,3,11001100,AmbiguousEvidence,6
no,LongNoteHead,4,3,absent,6,3,11001100,LocalMismatch,13
no,LongNoteHead,4,3,absent,6,3,11001100,ObservedSupport,1
no,LongNoteHead,4,3,absent,6,3,11101000,AmbiguousEvidence,11
no,LongNoteHead,4,3,absent,6,3,11101000,LocalMismatch,8
no,LongNoteHead,4,3,absent,6,3,11101000,ObservedSupport,2
no,LongNoteHead,4,3,absent,6,3,11110000,AmbiguousEvidence,5
no,LongNoteHead,4,3,absent,6,3,11110000,LocalMismatch,10
no,LongNoteHead,4,3,absent,6,4,11101100,AmbiguousEvidence,10
no,LongNoteHead,4,3,absent,6,4,11101100,LocalMismatch,13
no,LongNoteHead,4,3,absent,6,4,11101100,ObservedSupport,2
no,LongNoteHead,4,3,absent,6,4,11111000,AmbiguousEvidence,15
no,LongNoteHead,4,3,absent,6,4,11111000,LocalMismatch,30
no,LongNoteHead,4,3,absent,6,5,11111100,AmbiguousEvidence,5
no,LongNoteHead,4,3,absent,6,5,11111100,LocalMismatch,10
no,LongNoteHead,4,3,absent,6,7,11111111,AmbiguousEvidence,8
no,LongNoteHead,4,3,absent,6,7,11111111,LocalMismatch,2
no,LongNoteHead,4,3,absent,7,1,11000000,LocalMismatch,4
no,LongNoteHead,4,3,absent,7,1,11000000,ObservedSupport,8
no,LongNoteHead,4,3,absent,7,2,11001000,AmbiguousEvidence,4
no,LongNoteHead,4,3,absent,7,2,11001000,LocalMismatch,1
no,LongNoteHead,4,3,absent,7,2,11001000,ObservedSupport,1
no,LongNoteHead,4,3,absent,7,2,11100000,AmbiguousEvidence,12
no,LongNoteHead,4,3,absent,7,2,11100000,LocalMismatch,1
no,LongNoteHead,4,3,absent,7,3,11101000,AmbiguousEvidence,15
no,LongNoteHead,4,3,absent,7,3,11101000,LocalMismatch,6
no,LongNoteHead,4,3,absent,7,3,11101000,ObservedSupport,5
no,LongNoteHead,4,3,absent,7,4,11111000,AmbiguousEvidence,3
no,LongNoteHead,4,3,absent,7,4,11111000,LocalMismatch,2
no,LongNoteHead,4,3,absent,7,4,11111000,ObservedSupport,1
no,LongNoteHead,4,3,absent,8,2,11001000,AmbiguousEvidence,5
no,LongNoteHead,4,3,absent,8,2,11001000,LocalMismatch,1
no,LongNoteHead,4,3,absent,8,2,11001000,ObservedSupport,1
no,LongNoteHead,4,3,absent,8,2,11100000,AmbiguousEvidence,5
no,LongNoteHead,4,3,absent,8,2,11100000,LocalMismatch,1
no,LongNoteHead,4,3,absent,8,2,11100000,ObservedSupport,1
no,LongNoteHead,4,3,absent,8,3,11101000,AmbiguousEvidence,25
no,LongNoteHead,4,3,absent,8,3,11101000,LocalMismatch,3
no,LongNoteHead,4,3,absent,8,4,11101100,AmbiguousEvidence,12
no,LongNoteHead,4,3,absent,8,4,11101100,LocalMismatch,2
no,LongNoteHead,4,3,present,1,0,10000000,NoComparableContext,121
no,LongNoteHead,4,3,present,1,1,10001000,ObservedSupport,1
no,LongNoteHead,4,3,present,1,1,10100000,ObservedSupport,3
no,LongNoteHead,4,3,present,1,1,11000000,ObservedSupport,9
no,LongNoteHead,4,3,present,1,2,10001100,ObservedSupport,1
no,LongNoteHead,4,3,present,1,2,10110000,ObservedSupport,5
no,LongNoteHead,4,3,present,1,2,11001000,ObservedSupport,1
no,LongNoteHead,4,3,present,1,3,11001100,ObservedSupport,1
no,LongNoteHead,4,3,present,1,3,11101000,ObservedSupport,1
no,LongNoteHead,4,3,present,2,0,10000000,NoComparableContext,227
no,LongNoteHead,4,3,present,2,1,10001000,LocalMismatch,6
no,LongNoteHead,4,3,present,2,1,10001000,ObservedSupport,3
no,LongNoteHead,4,3,present,2,1,10100000,LocalMismatch,8
no,LongNoteHead,4,3,present,2,1,10100000,ObservedSupport,9
no,LongNoteHead,4,3,present,2,1,11000000,LocalMismatch,30
no,LongNoteHead,4,3,present,2,1,11000000,ObservedSupport,21
no,LongNoteHead,4,3,present,2,2,10001100,LocalMismatch,6
no,LongNoteHead,4,3,present,2,2,10001100,ObservedSupport,3
no,LongNoteHead,4,3,present,2,2,10101000,AmbiguousEvidence,1
no,LongNoteHead,4,3,present,2,2,10101000,LocalMismatch,1
no,LongNoteHead,4,3,present,2,2,10101000,ObservedSupport,1
no,LongNoteHead,4,3,present,2,2,10110000,LocalMismatch,6
no,LongNoteHead,4,3,present,2,2,10110000,ObservedSupport,3
no,LongNoteHead,4,3,present,2,2,11001000,AmbiguousEvidence,1
no,LongNoteHead,4,3,present,2,2,11001000,LocalMismatch,3
no,LongNoteHead,4,3,present,2,2,11100000,AmbiguousEvidence,2
no,LongNoteHead,4,3,present,2,2,11100000,LocalMismatch,1
no,LongNoteHead,4,3,present,2,2,11100000,ObservedSupport,1
no,LongNoteHead,4,3,present,2,3,10101100,AmbiguousEvidence,1
no,LongNoteHead,4,3,present,2,3,10101100,LocalMismatch,5
no,LongNoteHead,4,3,present,2,3,10111000,AmbiguousEvidence,2
no,LongNoteHead,4,3,present,2,3,10111000,LocalMismatch,2
no,LongNoteHead,4,3,present,2,3,10111000,ObservedSupport,2
no,LongNoteHead,4,3,present,2,3,11001100,AmbiguousEvidence,1
no,LongNoteHead,4,3,present,2,3,11001100,LocalMismatch,1
no,LongNoteHead,4,3,present,2,3,11101000,AmbiguousEvidence,3
no,LongNoteHead,4,3,present,2,3,11101000,LocalMismatch,4
no,LongNoteHead,4,3,present,2,4,11101100,AmbiguousEvidence,4
no,LongNoteHead,4,3,present,2,4,11101100,LocalMismatch,2
no,LongNoteHead,4,3,present,2,5,10111110,AmbiguousEvidence,1
no,LongNoteHead,4,3,present,2,5,10111110,LocalMismatch,1
no,LongNoteHead,4,3,present,2,5,10111110,ObservedSupport,1
no,LongNoteHead,4,3,present,2,5,11111100,AmbiguousEvidence,4
no,LongNoteHead,4,3,present,2,6,11111110,AmbiguousEvidence,3
no,LongNoteHead,4,3,present,2,7,11111111,LocalMismatch,6
no,LongNoteHead,4,3,present,3,0,10000000,NoComparableContext,292
no,LongNoteHead,4,3,present,3,1,10001000,LocalMismatch,20
no,LongNoteHead,4,3,present,3,1,10001000,ObservedSupport,13
no,LongNoteHead,4,3,present,3,1,10100000,LocalMismatch,16
no,LongNoteHead,4,3,present,3,1,10100000,ObservedSupport,13
no,LongNoteHead,4,3,present,3,1,11000000,LocalMismatch,56
no,LongNoteHead,4,3,present,3,1,11000000,ObservedSupport,28
no,LongNoteHead,4,3,present,3,2,10001100,LocalMismatch,15
no,LongNoteHead,4,3,present,3,2,10001100,ObservedSupport,6
no,LongNoteHead,4,3,present,3,2,10101000,AmbiguousEvidence,4
no,LongNoteHead,4,3,present,3,2,10101000,LocalMismatch,3
no,LongNoteHead,4,3,present,3,2,10101000,ObservedSupport,1
no,LongNoteHead,4,3,present,3,2,10110000,AmbiguousEvidence,1
no,LongNoteHead,4,3,present,3,2,10110000,LocalMismatch,2
no,LongNoteHead,4,3,present,3,2,10110000,ObservedSupport,3
no,LongNoteHead,4,3,present,3,2,11001000,AmbiguousEvidence,5
no,LongNoteHead,4,3,present,3,2,11001000,LocalMismatch,9
no,LongNoteHead,4,3,present,3,2,11100000,AmbiguousEvidence,5
no,LongNoteHead,4,3,present,3,2,11100000,LocalMismatch,5
no,LongNoteHead,4,3,present,3,2,11100000,ObservedSupport,2
no,LongNoteHead,4,3,present,3,3,10101100,AmbiguousEvidence,3
no,LongNoteHead,4,3,present,3,3,10101100,LocalMismatch,2
no,LongNoteHead,4,3,present,3,3,10111000,AmbiguousEvidence,1
no,LongNoteHead,4,3,present,3,3,10111000,LocalMismatch,1
no,LongNoteHead,4,3,present,3,3,11001100,AmbiguousEvidence,6
no,LongNoteHead,4,3,present,3,3,11001100,LocalMismatch,4
no,LongNoteHead,4,3,present,3,3,11101000,AmbiguousEvidence,12
no,LongNoteHead,4,3,present,3,3,11101000,LocalMismatch,28
no,LongNoteHead,4,3,present,3,3,11110000,AmbiguousEvidence,3
no,LongNoteHead,4,3,present,3,3,11110000,LocalMismatch,6
no,LongNoteHead,4,3,present,3,3,11110000,ObservedSupport,2
no,LongNoteHead,4,3,present,3,4,11101100,AmbiguousEvidence,3
no,LongNoteHead,4,3,present,3,4,11101100,LocalMismatch,11
no,LongNoteHead,4,3,present,3,4,11111000,AmbiguousEvidence,5
no,LongNoteHead,4,3,present,3,4,11111000,LocalMismatch,5
no,LongNoteHead,4,3,present,3,5,11111100,AmbiguousEvidence,1
no,LongNoteHead,4,3,present,3,5,11111100,LocalMismatch,5
no,LongNoteHead,4,3,present,3,6,11111110,AmbiguousEvidence,4
no,LongNoteHead,4,3,present,3,6,11111110,LocalMismatch,1
no,LongNoteHead,4,3,present,3,7,11111111,AmbiguousEvidence,2
no,LongNoteHead,4,3,present,3,7,11111111,LocalMismatch,10
no,LongNoteHead,4,3,present,4,0,10000000,NoComparableContext,445
no,LongNoteHead,4,3,present,4,1,10001000,LocalMismatch,20
no,LongNoteHead,4,3,present,4,1,10001000,ObservedSupport,7
no,LongNoteHead,4,3,present,4,1,10100000,LocalMismatch,22
no,LongNoteHead,4,3,present,4,1,10100000,ObservedSupport,9
no,LongNoteHead,4,3,present,4,1,11000000,LocalMismatch,166
no,LongNoteHead,4,3,present,4,1,11000000,ObservedSupport,52
no,LongNoteHead,4,3,present,4,2,10001100,AmbiguousEvidence,1
no,LongNoteHead,4,3,present,4,2,10001100,LocalMismatch,27
no,LongNoteHead,4,3,present,4,2,10001100,ObservedSupport,8
no,LongNoteHead,4,3,present,4,2,10101000,AmbiguousEvidence,1
no,LongNoteHead,4,3,present,4,2,10101000,LocalMismatch,5
no,LongNoteHead,4,3,present,4,2,10110000,AmbiguousEvidence,1
no,LongNoteHead,4,3,present,4,2,10110000,LocalMismatch,31
no,LongNoteHead,4,3,present,4,2,10110000,ObservedSupport,12
no,LongNoteHead,4,3,present,4,2,11001000,AmbiguousEvidence,23
no,LongNoteHead,4,3,present,4,2,11001000,LocalMismatch,48
no,LongNoteHead,4,3,present,4,2,11001000,ObservedSupport,3
no,LongNoteHead,4,3,present,4,2,11100000,AmbiguousEvidence,10
no,LongNoteHead,4,3,present,4,2,11100000,LocalMismatch,20
no,LongNoteHead,4,3,present,4,2,11100000,ObservedSupport,4
no,LongNoteHead,4,3,present,4,3,10101100,AmbiguousEvidence,8
no,LongNoteHead,4,3,present,4,3,10101100,LocalMismatch,16
no,LongNoteHead,4,3,present,4,3,10101100,ObservedSupport,1
no,LongNoteHead,4,3,present,4,3,11001100,AmbiguousEvidence,13
no,LongNoteHead,4,3,present,4,3,11001100,LocalMismatch,37
no,LongNoteHead,4,3,present,4,3,11001100,ObservedSupport,2
no,LongNoteHead,4,3,present,4,3,11101000,AmbiguousEvidence,16
no,LongNoteHead,4,3,present,4,3,11101000,LocalMismatch,18
no,LongNoteHead,4,3,present,4,3,11101000,ObservedSupport,1
no,LongNoteHead,4,3,present,4,3,11110000,AmbiguousEvidence,4
no,LongNoteHead,4,3,present,4,3,11110000,LocalMismatch,31
no,LongNoteHead,4,3,present,4,3,11110000,ObservedSupport,5
no,LongNoteHead,4,3,present,4,4,11101100,AmbiguousEvidence,11
no,LongNoteHead,4,3,present,4,4,11101100,LocalMismatch,19
no,LongNoteHead,4,3,present,4,4,11111000,AmbiguousEvidence,6
no,LongNoteHead,4,3,present,4,4,11111000,LocalMismatch,18
no,LongNoteHead,4,3,present,4,5,10111110,LocalMismatch,8
no,LongNoteHead,4,3,present,4,5,10111110,ObservedSupport,4
no,LongNoteHead,4,3,present,4,5,11111100,AmbiguousEvidence,14
no,LongNoteHead,4,3,present,4,5,11111100,LocalMismatch,19
no,LongNoteHead,4,3,present,4,6,11111110,AmbiguousEvidence,5
no,LongNoteHead,4,3,present,4,6,11111110,LocalMismatch,7
no,LongNoteHead,4,3,present,4,7,11111111,AmbiguousEvidence,6
no,LongNoteHead,4,3,present,4,7,11111111,LocalMismatch,48
no,LongNoteHead,4,3,present,5,0,10000000,NoComparableContext,199
no,LongNoteHead,4,3,present,5,1,10001000,LocalMismatch,32
no,LongNoteHead,4,3,present,5,1,10001000,ObservedSupport,7
no,LongNoteHead,4,3,present,5,1,10100000,LocalMismatch,25
no,LongNoteHead,4,3,present,5,1,10100000,ObservedSupport,9
no,LongNoteHead,4,3,present,5,1,11000000,LocalMismatch,57
no,LongNoteHead,4,3,present,5,1,11000000,ObservedSupport,13
no,LongNoteHead,4,3,present,5,2,10001100,AmbiguousEvidence,3
no,LongNoteHead,4,3,present,5,2,10001100,LocalMismatch,21
no,LongNoteHead,4,3,present,5,2,10001100,ObservedSupport,9
no,LongNoteHead,4,3,present,5,2,10101000,AmbiguousEvidence,3
no,LongNoteHead,4,3,present,5,2,10101000,LocalMismatch,20
no,LongNoteHead,4,3,present,5,2,10101000,ObservedSupport,1
no,LongNoteHead,4,3,present,5,2,10110000,AmbiguousEvidence,1
no,LongNoteHead,4,3,present,5,2,10110000,LocalMismatch,19
no,LongNoteHead,4,3,present,5,2,10110000,ObservedSupport,4
no,LongNoteHead,4,3,present,5,2,11001000,AmbiguousEvidence,18
no,LongNoteHead,4,3,present,5,2,11001000,LocalMismatch,48
no,LongNoteHead,4,3,present,5,2,11001000,ObservedSupport,1
no,LongNoteHead,4,3,present,5,2,11100000,AmbiguousEvidence,10
no,LongNoteHead,4,3,present,5,2,11100000,LocalMismatch,21
no,LongNoteHead,4,3,present,5,2,11100000,ObservedSupport,3
no,LongNoteHead,4,3,present,5,3,10101100,AmbiguousEvidence,7
no,LongNoteHead,4,3,present,5,3,10101100,LocalMismatch,13
no,LongNoteHead,4,3,present,5,3,10101100,ObservedSupport,1
no,LongNoteHead,4,3,present,5,3,10111000,AmbiguousEvidence,2
no,LongNoteHead,4,3,present,5,3,10111000,LocalMismatch,2
no,LongNoteHead,4,3,present,5,3,11001100,AmbiguousEvidence,5
no,LongNoteHead,4,3,present,5,3,11001100,LocalMismatch,15
no,LongNoteHead,4,3,present,5,3,11101000,AmbiguousEvidence,15
no,LongNoteHead,4,3,present,5,3,11101000,LocalMismatch,32
no,LongNoteHead,4,3,present,5,3,11101000,ObservedSupport,1
no,LongNoteHead,4,3,present,5,3,11110000,AmbiguousEvidence,4
no,LongNoteHead,4,3,present,5,3,11110000,LocalMismatch,18
no,LongNoteHead,4,3,present,5,3,11110000,ObservedSupport,3
no,LongNoteHead,4,3,present,5,4,10111100,AmbiguousEvidence,4
no,LongNoteHead,4,3,present,5,4,10111100,LocalMismatch,4
no,LongNoteHead,4,3,present,5,4,11101100,AmbiguousEvidence,9
no,LongNoteHead,4,3,present,5,4,11101100,LocalMismatch,15
no,LongNoteHead,4,3,present,5,4,11111000,AmbiguousEvidence,4
no,LongNoteHead,4,3,present,5,4,11111000,LocalMismatch,12
no,LongNoteHead,4,3,present,5,5,10111110,AmbiguousEvidence,1
no,LongNoteHead,4,3,present,5,5,10111110,LocalMismatch,3
no,LongNoteHead,4,3,present,5,5,11111100,AmbiguousEvidence,10
no,LongNoteHead,4,3,present,5,5,11111100,LocalMismatch,18
no,LongNoteHead,4,3,present,5,6,11111110,AmbiguousEvidence,1
no,LongNoteHead,4,3,present,5,6,11111110,LocalMismatch,3
no,LongNoteHead,4,3,present,5,7,11111111,AmbiguousEvidence,8
no,LongNoteHead,4,3,present,5,7,11111111,LocalMismatch,24
no,LongNoteHead,4,3,present,6,0,10000000,NoComparableContext,100
no,LongNoteHead,4,3,present,6,1,10001000,LocalMismatch,17
no,LongNoteHead,4,3,present,6,1,10001000,ObservedSupport,3
no,LongNoteHead,4,3,present,6,1,10100000,LocalMismatch,17
no,LongNoteHead,4,3,present,6,1,10100000,ObservedSupport,4
no,LongNoteHead,4,3,present,6,1,11000000,LocalMismatch,57
no,LongNoteHead,4,3,present,6,1,11000000,ObservedSupport,15
no,LongNoteHead,4,3,present,6,2,10001100,AmbiguousEvidence,2
no,LongNoteHead,4,3,present,6,2,10001100,LocalMismatch,15
no,LongNoteHead,4,3,present,6,2,10001100,ObservedSupport,8
no,LongNoteHead,4,3,present,6,2,10101000,AmbiguousEvidence,2
no,LongNoteHead,4,3,present,6,2,10101000,LocalMismatch,6
no,LongNoteHead,4,3,present,6,2,10101000,ObservedSupport,2
no,LongNoteHead,4,3,present,6,2,10110000,AmbiguousEvidence,2
no,LongNoteHead,4,3,present,6,2,10110000,LocalMismatch,6
no,LongNoteHead,4,3,present,6,2,10110000,ObservedSupport,2
no,LongNoteHead,4,3,present,6,2,11001000,AmbiguousEvidence,14
no,LongNoteHead,4,3,present,6,2,11001000,LocalMismatch,51
no,LongNoteHead,4,3,present,6,2,11001000,ObservedSupport,1
no,LongNoteHead,4,3,present,6,2,11100000,AmbiguousEvidence,4
no,LongNoteHead,4,3,present,6,2,11100000,LocalMismatch,31
no,LongNoteHead,4,3,present,6,2,11100000,ObservedSupport,1
no,LongNoteHead,4,3,present,6,3,10101100,AmbiguousEvidence,4
no,LongNoteHead,4,3,present,6,3,10101100,LocalMismatch,6
no,LongNoteHead,4,3,present,6,3,11001100,AmbiguousEvidence,6
no,LongNoteHead,4,3,present,6,3,11001100,LocalMismatch,34
no,LongNoteHead,4,3,present,6,3,11101000,AmbiguousEvidence,7
no,LongNoteHead,4,3,present,6,3,11101000,LocalMismatch,13
no,LongNoteHead,4,3,present,6,3,11110000,AmbiguousEvidence,3
no,LongNoteHead,4,3,present,6,3,11110000,LocalMismatch,11
no,LongNoteHead,4,3,present,6,3,11110000,ObservedSupport,1
no,LongNoteHead,4,3,present,6,4,10111100,AmbiguousEvidence,2
no,LongNoteHead,4,3,present,6,4,10111100,LocalMismatch,3
no,LongNoteHead,4,3,present,6,4,11101100,AmbiguousEvidence,10
no,LongNoteHead,4,3,present,6,4,11101100,LocalMismatch,10
no,LongNoteHead,4,3,present,6,4,11111000,AmbiguousEvidence,1
no,LongNoteHead,4,3,present,6,4,11111000,LocalMismatch,24
no,LongNoteHead,4,3,present,6,5,10111110,AmbiguousEvidence,2
no,LongNoteHead,4,3,present,6,5,10111110,LocalMismatch,6
no,LongNoteHead,4,3,present,6,5,10111110,ObservedSupport,2
no,LongNoteHead,4,3,present,6,5,11111100,AmbiguousEvidence,12
no,LongNoteHead,4,3,present,6,5,11111100,LocalMismatch,13
no,LongNoteHead,4,3,present,6,6,11111110,AmbiguousEvidence,5
no,LongNoteHead,4,3,present,6,6,11111110,LocalMismatch,5
no,LongNoteHead,4,3,present,6,7,11111111,AmbiguousEvidence,4
no,LongNoteHead,4,3,present,6,7,11111111,LocalMismatch,36
no,LongNoteHead,4,3,present,7,0,10000000,NoComparableContext,12
no,LongNoteHead,4,3,present,7,1,10001000,LocalMismatch,16
no,LongNoteHead,4,3,present,7,1,10001000,ObservedSupport,2
no,LongNoteHead,4,3,present,7,1,10100000,LocalMismatch,6
no,LongNoteHead,4,3,present,7,1,10100000,ObservedSupport,1
no,LongNoteHead,4,3,present,7,1,11000000,LocalMismatch,5
no,LongNoteHead,4,3,present,7,1,11000000,ObservedSupport,1
no,LongNoteHead,4,3,present,7,2,11001000,AmbiguousEvidence,2
no,LongNoteHead,4,3,present,7,2,11001000,LocalMismatch,16
no,LongNoteHead,4,3,present,7,3,11110000,AmbiguousEvidence,1
no,LongNoteHead,4,3,present,7,3,11110000,LocalMismatch,5
no,LongNoteHead,4,3,present,7,4,11111000,AmbiguousEvidence,1
no,LongNoteHead,4,3,present,7,4,11111000,LocalMismatch,5
no,LongNoteHead,4,3,present,8,1,10001000,LocalMismatch,5
no,LongNoteHead,4,3,present,8,1,10001000,ObservedSupport,2
no,LongNoteHead,4,3,present,8,1,11000000,LocalMismatch,6
no,LongNoteHead,4,3,present,8,1,11000000,ObservedSupport,1
no,LongNoteHead,4,3,present,8,2,10101000,AmbiguousEvidence,2
no,LongNoteHead,4,3,present,8,2,10101000,LocalMismatch,5
no,LongNoteHead,4,3,present,8,2,11001000,AmbiguousEvidence,2
no,LongNoteHead,4,3,present,8,2,11001000,LocalMismatch,5
no,LongNoteHead,4,3,present,8,2,11100000,AmbiguousEvidence,4
no,LongNoteHead,4,3,present,8,2,11100000,LocalMismatch,3
no,LongNoteHead,4,3,present,8,3,11101000,AmbiguousEvidence,5
no,LongNoteHead,4,3,present,8,3,11101000,LocalMismatch,9
no,LongNoteHead,4,3,present,8,3,11110000,AmbiguousEvidence,1
no,LongNoteHead,4,3,present,8,3,11110000,LocalMismatch,6
no,LongNoteHead,4,3,present,8,4,11101100,AmbiguousEvidence,1
no,LongNoteHead,4,3,present,8,4,11101100,LocalMismatch,6
no,LongNoteHead,4,3,present,8,4,11111000,AmbiguousEvidence,2
no,LongNoteHead,4,3,present,8,4,11111000,LocalMismatch,5
no,LongNoteHead,5,4,absent,1,0,10000000,NoComparableContext,11
no,LongNoteHead,5,4,absent,1,1,11000000,ObservedSupport,11
no,LongNoteHead,5,4,absent,1,2,11100000,ObservedSupport,1
no,LongNoteHead,5,4,absent,1,3,11110000,ObservedSupport,2
no,LongNoteHead,5,4,absent,2,0,10000000,NoComparableContext,11
no,LongNoteHead,5,4,absent,2,1,11000000,LocalMismatch,8
no,LongNoteHead,5,4,absent,2,1,11000000,ObservedSupport,5
no,LongNoteHead,5,4,absent,2,2,10101000,LocalMismatch,1
no,LongNoteHead,5,4,absent,2,2,11001000,LocalMismatch,1
no,LongNoteHead,5,4,absent,2,2,11100000,AmbiguousEvidence,1
no,LongNoteHead,5,4,absent,2,2,11100000,LocalMismatch,3
no,LongNoteHead,5,4,absent,2,2,11100000,ObservedSupport,4
no,LongNoteHead,5,4,absent,2,3,11101000,AmbiguousEvidence,3
no,LongNoteHead,5,4,absent,2,4,11101100,AmbiguousEvidence,1
no,LongNoteHead,5,4,absent,3,0,10000000,NoComparableContext,6
no,LongNoteHead,5,4,absent,3,1,11000000,LocalMismatch,8
no,LongNoteHead,5,4,absent,3,1,11000000,ObservedSupport,14
no,LongNoteHead,5,4,absent,3,2,10001100,LocalMismatch,2
no,LongNoteHead,5,4,absent,3,2,10101000,LocalMismatch,2
no,LongNoteHead,5,4,absent,3,2,11001000,AmbiguousEvidence,2
no,LongNoteHead,5,4,absent,3,2,11001000,LocalMismatch,2
no,LongNoteHead,5,4,absent,3,3,11001100,AmbiguousEvidence,2
no,LongNoteHead,5,4,absent,3,3,11001100,LocalMismatch,2
no,LongNoteHead,5,4,absent,3,3,11101000,AmbiguousEvidence,6
no,LongNoteHead,5,4,absent,3,3,11101000,LocalMismatch,7
no,LongNoteHead,5,4,absent,3,3,11101000,ObservedSupport,1
no,LongNoteHead,5,4,absent,3,4,11101100,AmbiguousEvidence,2
no,LongNoteHead,5,4,absent,3,4,11101100,LocalMismatch,1
no,LongNoteHead,5,4,absent,4,0,10000000,NoComparableContext,4
no,LongNoteHead,5,4,absent,4,1,11000000,LocalMismatch,4
no,LongNoteHead,5,4,absent,4,1,11000000,ObservedSupport,2
no,LongNoteHead,5,4,absent,4,2,10101000,AmbiguousEvidence,1
no,LongNoteHead,5,4,absent,4,2,10101000,LocalMismatch,2
no,LongNoteHead,5,4,absent,4,2,11001000,AmbiguousEvidence,5
no,LongNoteHead,5,4,absent,4,2,11001000,LocalMismatch,4
no,LongNoteHead,5,4,absent,4,3,11001100,AmbiguousEvidence,3
no,LongNoteHead,5,4,absent,4,3,11001100,LocalMismatch,3
no,LongNoteHead,5,4,absent,4,3,11101000,AmbiguousEvidence,1
no,LongNoteHead,5,4,absent,4,3,11101000,LocalMismatch,1
no,LongNoteHead,5,4,absent,4,3,11101000,ObservedSupport,1
no,LongNoteHead,5,4,absent,5,1,11000000,LocalMismatch,6
no,LongNoteHead,5,4,absent,5,1,11000000,ObservedSupport,2
no,LongNoteHead,5,4,absent,5,2,11001000,AmbiguousEvidence,3
no,LongNoteHead,5,4,absent,5,2,11001000,LocalMismatch,2
no,LongNoteHead,5,4,absent,6,1,11000000,LocalMismatch,3
no,LongNoteHead,5,4,absent,6,1,11000000,ObservedSupport,2
no,LongNoteHead,5,4,present,1,0,10000000,NoComparableContext,64
no,LongNoteHead,5,4,present,1,1,10100000,ObservedSupport,1
no,LongNoteHead,5,4,present,1,1,11000000,ObservedSupport,7
no,LongNoteHead,5,4,present,1,2,10001100,ObservedSupport,1
no,LongNoteHead,5,4,present,1,3,11110000,ObservedSupport,1
no,LongNoteHead,5,4,present,2,0,10000000,NoComparableContext,51
no,LongNoteHead,5,4,present,2,1,10001000,LocalMismatch,1
no,LongNoteHead,5,4,present,2,1,10001000,ObservedSupport,2
no,LongNoteHead,5,4,present,2,1,10100000,LocalMismatch,2
no,LongNoteHead,5,4,present,2,1,10100000,ObservedSupport,2
no,LongNoteHead,5,4,present,2,1,11000000,LocalMismatch,11
no,LongNoteHead,5,4,present,2,1,11000000,ObservedSupport,2
no,LongNoteHead,5,4,present,2,2,10101000,LocalMismatch,1
no,LongNoteHead,5,4,present,2,3,11101000,AmbiguousEvidence,1
no,LongNoteHead,5,4,present,2,3,11101000,LocalMismatch,3
no,LongNoteHead,5,4,present,2,3,11110000,LocalMismatch,2
no,LongNoteHead,5,4,present,2,4,11101100,AmbiguousEvidence,1
no,LongNoteHead,5,4,present,2,4,11101100,LocalMismatch,1
no,LongNoteHead,5,4,present,2,4,11111000,LocalMismatch,3
no,LongNoteHead,5,4,present,2,7,11111111,AmbiguousEvidence,2
no,LongNoteHead,5,4,present,2,7,11111111,LocalMismatch,16
no,LongNoteHead,5,4,present,3,0,10000000,NoComparableContext,36
no,LongNoteHead,5,4,present,3,1,10001000,LocalMismatch,3
no,LongNoteHead,5,4,present,3,1,10001000,ObservedSupport,2
no,LongNoteHead,5,4,present,3,1,11000000,LocalMismatch,19
no,LongNoteHead,5,4,present,3,1,11000000,ObservedSupport,5
no,LongNoteHead,5,4,present,3,2,10001100,LocalMismatch,2
no,LongNoteHead,5,4,present,3,2,10001100,ObservedSupport,1
no,LongNoteHead,5,4,present,3,2,10101000,LocalMismatch,2
no,LongNoteHead,5,4,present,3,2,11001000,AmbiguousEvidence,2
no,LongNoteHead,5,4,present,3,2,11001000,LocalMismatch,5
no,LongNoteHead,5,4,present,3,2,11100000,AmbiguousEvidence,1
no,LongNoteHead,5,4,present,3,2,11100000,LocalMismatch,1
no,LongNoteHead,5,4,present,3,3,11001100,LocalMismatch,6
no,LongNoteHead,5,4,present,3,3,11110000,LocalMismatch,12
no,LongNoteHead,5,4,present,3,4,11101100,AmbiguousEvidence,1
no,LongNoteHead,5,4,present,3,4,11101100,LocalMismatch,1
no,LongNoteHead,5,4,present,3,4,11111000,LocalMismatch,2
no,LongNoteHead,5,4,present,3,7,11111111,AmbiguousEvidence,2
no,LongNoteHead,5,4,present,3,7,11111111,LocalMismatch,6
no,LongNoteHead,5,4,present,4,0,10000000,NoComparableContext,13
no,LongNoteHead,5,4,present,4,1,11000000,LocalMismatch,29
no,LongNoteHead,5,4,present,4,1,11000000,ObservedSupport,9
no,LongNoteHead,5,4,present,4,2,10001100,LocalMismatch,3
no,LongNoteHead,5,4,present,4,2,10001100,ObservedSupport,1
no,LongNoteHead,5,4,present,4,2,10101000,AmbiguousEvidence,1
no,LongNoteHead,5,4,present,4,2,10101000,LocalMismatch,2
no,LongNoteHead,5,4,present,4,2,11001000,LocalMismatch,6
no,LongNoteHead,5,4,present,4,2,11100000,AmbiguousEvidence,1
no,LongNoteHead,5,4,present,4,2,11100000,LocalMismatch,2
no,LongNoteHead,5,4,present,4,3,10111000,AmbiguousEvidence,1
no,LongNoteHead,5,4,present,4,3,10111000,LocalMismatch,1
no,LongNoteHead,5,4,present,4,3,10111000,ObservedSupport,1
no,LongNoteHead,5,4,present,4,3,11001100,LocalMismatch,6
no,LongNoteHead,5,4,present,4,5,11111100,AmbiguousEvidence,1
no,LongNoteHead,5,4,present,4,5,11111100,LocalMismatch,2
no,LongNoteHead,5,4,present,4,7,11111111,AmbiguousEvidence,6
no,LongNoteHead,5,4,present,4,7,11111111,LocalMismatch,6
no,LongNoteHead,5,4,present,5,0,10000000,NoComparableContext,4
no,LongNoteHead,5,4,present,5,1,11000000,LocalMismatch,6
no,LongNoteHead,5,4,present,5,1,11000000,ObservedSupport,2
no,LongNoteHead,5,4,present,5,4,11111000,AmbiguousEvidence,1
no,LongNoteHead,5,4,present,5,4,11111000,LocalMismatch,3
no,LongNoteHead,5,4,present,5,7,11111111,AmbiguousEvidence,2
no,LongNoteHead,5,4,present,5,7,11111111,LocalMismatch,6
no,LongNoteHead,5,4,present,6,2,11100000,AmbiguousEvidence,3
no,LongNoteHead,5,4,present,6,2,11100000,LocalMismatch,9
no,LongNoteHead,5,4,present,6,2,11100000,ObservedSupport,3
no,LongNoteHead,5,4,present,6,3,11101000,AmbiguousEvidence,3
no,LongNoteHead,5,4,present,6,3,11101000,LocalMismatch,2
no,LongNoteHead,6,5,absent,1,1,11000000,ObservedSupport,2
no,LongNoteHead,6,5,absent,1,2,11100000,ObservedSupport,2
no,LongNoteHead,6,5,absent,2,0,10000000,NoComparableContext,1
no,LongNoteHead,6,5,absent,2,1,11000000,ObservedSupport,2
no,LongNoteHead,6,5,present,1,0,10000000,NoComparableContext,1
no,LongNoteHead,6,5,present,2,1,11000000,LocalMismatch,6
no,LongNoteHead,7,6,absent,1,1,11000000,ObservedSupport,5
no,LongNoteHead,7,6,absent,2,1,11000000,ObservedSupport,1
no,LongNoteHead,7,6,absent,2,2,11001000,AmbiguousEvidence,1
no,LongNoteHead,7,6,absent,2,3,11001100,ObservedSupport,3
no,LongNoteHead,7,6,absent,2,3,11101000,AmbiguousEvidence,1
no,LongNoteHead,7,6,absent,2,3,11101000,ObservedSupport,1
no,TapHead,2,1,absent,10,1,11000000,LocalMismatch,32
no,TapHead,2,1,absent,10,1,11000000,ObservedSupport,50
no,TapHead,2,1,absent,10,2,11001000,AmbiguousEvidence,31
no,TapHead,2,1,absent,10,2,11001000,LocalMismatch,13
no,TapHead,2,1,absent,10,2,11001000,ObservedSupport,2
no,TapHead,2,1,absent,10,2,11100000,AmbiguousEvidence,25
no,TapHead,2,1,absent,10,2,11100000,LocalMismatch,15
no,TapHead,2,1,absent,10,2,11100000,ObservedSupport,5
no,TapHead,2,1,absent,10,3,11001100,AmbiguousEvidence,24
no,TapHead,2,1,absent,10,3,11001100,LocalMismatch,17
no,TapHead,2,1,absent,10,3,11001100,ObservedSupport,4
no,TapHead,2,1,absent,10,3,11101000,AmbiguousEvidence,23
no,TapHead,2,1,absent,10,3,11101000,LocalMismatch,13
no,TapHead,2,1,absent,10,3,11110000,AmbiguousEvidence,46
no,TapHead,2,1,absent,10,3,11110000,LocalMismatch,40
no,TapHead,2,1,absent,10,3,11110000,ObservedSupport,13
no,TapHead,2,1,absent,10,4,11101100,AmbiguousEvidence,75
no,TapHead,2,1,absent,10,4,11101100,LocalMismatch,48
no,TapHead,2,1,absent,10,4,11101100,ObservedSupport,3
no,TapHead,2,1,absent,10,4,11111000,AmbiguousEvidence,39
no,TapHead,2,1,absent,10,4,11111000,LocalMismatch,23
no,TapHead,2,1,absent,10,4,11111000,ObservedSupport,1
no,TapHead,2,1,absent,10,5,11111100,AmbiguousEvidence,107
no,TapHead,2,1,absent,10,5,11111100,LocalMismatch,73
no,TapHead,2,1,absent,10,6,11111110,AmbiguousEvidence,16
no,TapHead,2,1,absent,10,6,11111110,LocalMismatch,11
no,TapHead,2,1,absent,10,7,11111111,AmbiguousEvidence,67
no,TapHead,2,1,absent,10,7,11111111,LocalMismatch,45
no,TapHead,2,1,absent,10,7,11111111,ObservedSupport,5
no,TapHead,2,1,absent,11,1,11000000,LocalMismatch,15
no,TapHead,2,1,absent,11,1,11000000,ObservedSupport,26
no,TapHead,2,1,absent,11,2,11001000,AmbiguousEvidence,14
no,TapHead,2,1,absent,11,2,11001000,LocalMismatch,5
no,TapHead,2,1,absent,11,2,11001000,ObservedSupport,1
no,TapHead,2,1,absent,11,2,11100000,AmbiguousEvidence,12
no,TapHead,2,1,absent,11,2,11100000,LocalMismatch,8
no,TapHead,2,1,absent,11,2,11100000,ObservedSupport,1
no,TapHead,2,1,absent,11,3,11001100,AmbiguousEvidence,27
no,TapHead,2,1,absent,11,3,11001100,LocalMismatch,10
no,TapHead,2,1,absent,11,3,11001100,ObservedSupport,4
no,TapHead,2,1,absent,11,3,11110000,AmbiguousEvidence,14
no,TapHead,2,1,absent,11,3,11110000,LocalMismatch,5
no,TapHead,2,1,absent,11,3,11110000,ObservedSupport,1
no,TapHead,2,1,absent,11,4,11101100,AmbiguousEvidence,7
no,TapHead,2,1,absent,11,4,11101100,LocalMismatch,2
no,TapHead,2,1,absent,11,4,11101100,ObservedSupport,1
no,TapHead,2,1,absent,11,5,11111100,AmbiguousEvidence,15
no,TapHead,2,1,absent,11,5,11111100,LocalMismatch,5
no,TapHead,2,1,absent,11,7,11111111,AmbiguousEvidence,14
no,TapHead,2,1,absent,11,7,11111111,LocalMismatch,6
no,TapHead,2,1,absent,12,0,10000000,NoComparableContext,11
no,TapHead,2,1,absent,12,1,11000000,LocalMismatch,363
no,TapHead,2,1,absent,12,1,11000000,ObservedSupport,418
no,TapHead,2,1,absent,12,2,11001000,AmbiguousEvidence,382
no,TapHead,2,1,absent,12,2,11001000,LocalMismatch,300
no,TapHead,2,1,absent,12,2,11001000,ObservedSupport,121
no,TapHead,2,1,absent,12,2,11100000,AmbiguousEvidence,472
no,TapHead,2,1,absent,12,2,11100000,LocalMismatch,347
no,TapHead,2,1,absent,12,2,11100000,ObservedSupport,116
no,TapHead,2,1,absent,12,3,11001100,AmbiguousEvidence,140
no,TapHead,2,1,absent,12,3,11001100,LocalMismatch,94
no,TapHead,2,1,absent,12,3,11001100,ObservedSupport,19
no,TapHead,2,1,absent,12,3,11101000,AmbiguousEvidence,2068
no,TapHead,2,1,absent,12,3,11101000,LocalMismatch,1216
no,TapHead,2,1,absent,12,3,11101000,ObservedSupport,247
no,TapHead,2,1,absent,12,3,11110000,AmbiguousEvidence,133
no,TapHead,2,1,absent,12,3,11110000,LocalMismatch,83
no,TapHead,2,1,absent,12,3,11110000,ObservedSupport,15
no,TapHead,2,1,absent,12,4,11101100,AmbiguousEvidence,709
no,TapHead,2,1,absent,12,4,11101100,LocalMismatch,348
no,TapHead,2,1,absent,12,4,11101100,ObservedSupport,32
no,TapHead,2,1,absent,12,4,11111000,AmbiguousEvidence,631
no,TapHead,2,1,absent,12,4,11111000,LocalMismatch,325
no,TapHead,2,1,absent,12,4,11111000,ObservedSupport,34
no,TapHead,2,1,absent,12,5,11111100,AmbiguousEvidence,1161
no,TapHead,2,1,absent,12,5,11111100,LocalMismatch,544
no,TapHead,2,1,absent,12,6,11111110,AmbiguousEvidence,26
no,TapHead,2,1,absent,12,6,11111110,LocalMismatch,18
no,TapHead,2,1,absent,12,7,11111111,AmbiguousEvidence,301
no,TapHead,2,1,absent,12,7,11111111,LocalMismatch,171
no,TapHead,2,1,absent,12,7,11111111,ObservedSupport,23
no,TapHead,2,1,absent,3,2,11001000,AmbiguousEvidence,2
no,TapHead,2,1,absent,3,2,11100000,AmbiguousEvidence,4
no,TapHead,2,1,absent,3,3,11001100,AmbiguousEvidence,6
no,TapHead,2,1,absent,3,3,11001100,ObservedSupport,4
no,TapHead,2,1,absent,3,3,11101000,AmbiguousEvidence,30
no,TapHead,2,1,absent,3,3,11101000,ObservedSupport,14
no,TapHead,2,1,absent,3,4,11101100,AmbiguousEvidence,127
no,TapHead,2,1,absent,3,4,11101100,ObservedSupport,35
no,TapHead,2,1,absent,3,4,11111000,AmbiguousEvidence,137
no,TapHead,2,1,absent,3,4,11111000,ObservedSupport,45
no,TapHead,2,1,absent,3,5,11111100,AmbiguousEvidence,496
no,TapHead,2,1,absent,3,7,11111111,AmbiguousEvidence,380
no,TapHead,2,1,absent,3,7,11111111,ObservedSupport,28
no,TapHead,2,1,absent,5,2,11001000,AmbiguousEvidence,3
no,TapHead,2,1,absent,5,2,11001000,LocalMismatch,2
no,TapHead,2,1,absent,6,1,11000000,LocalMismatch,5
no,TapHead,2,1,absent,6,1,11000000,ObservedSupport,330
no,TapHead,2,1,absent,6,2,11001000,AmbiguousEvidence,339
no,TapHead,2,1,absent,6,2,11001000,LocalMismatch,15
no,TapHead,2,1,absent,6,2,11001000,ObservedSupport,81
no,TapHead,2,1,absent,6,2,11100000,AmbiguousEvidence,189
no,TapHead,2,1,absent,6,2,11100000,LocalMismatch,2
no,TapHead,2,1,absent,6,2,11100000,ObservedSupport,59
no,TapHead,2,1,absent,6,3,11001100,AmbiguousEvidence,639
no,TapHead,2,1,absent,6,3,11001100,LocalMismatch,8
no,TapHead,2,1,absent,6,3,11001100,ObservedSupport,148
no,TapHead,2,1,absent,6,3,11101000,AmbiguousEvidence,845
no,TapHead,2,1,absent,6,3,11101000,LocalMismatch,16
no,TapHead,2,1,absent,6,3,11101000,ObservedSupport,139
no,TapHead,2,1,absent,6,3,11110000,AmbiguousEvidence,610
no,TapHead,2,1,absent,6,3,11110000,LocalMismatch,7
no,TapHead,2,1,absent,6,3,11110000,ObservedSupport,158
no,TapHead,2,1,absent,6,4,11101100,AmbiguousEvidence,1401
no,TapHead,2,1,absent,6,4,11101100,LocalMismatch,43
no,TapHead,2,1,absent,6,4,11101100,ObservedSupport,71
no,TapHead,2,1,absent,6,4,11111000,AmbiguousEvidence,1335
no,TapHead,2,1,absent,6,4,11111000,LocalMismatch,22
no,TapHead,2,1,absent,6,4,11111000,ObservedSupport,93
no,TapHead,2,1,absent,6,5,11111100,AmbiguousEvidence,4555
no,TapHead,2,1,absent,6,5,11111100,LocalMismatch,60
no,TapHead,2,1,absent,6,6,11111110,AmbiguousEvidence,58
no,TapHead,2,1,absent,6,6,11111110,LocalMismatch,2
no,TapHead,2,1,absent,6,7,11111111,AmbiguousEvidence,2818
no,TapHead,2,1,absent,6,7,11111111,LocalMismatch,84
no,TapHead,2,1,absent,6,7,11111111,ObservedSupport,153
no,TapHead,2,1,absent,7,1,11000000,LocalMismatch,6
no,TapHead,2,1,absent,7,1,11000000,ObservedSupport,32
no,TapHead,2,1,absent,7,2,11001000,AmbiguousEvidence,19
no,TapHead,2,1,absent,7,2,11001000,ObservedSupport,5
no,TapHead,2,1,absent,7,2,11100000,AmbiguousEvidence,14
no,TapHead,2,1,absent,7,2,11100000,ObservedSupport,4
no,TapHead,2,1,absent,7,3,11001100,AmbiguousEvidence,122
no,TapHead,2,1,absent,7,3,11001100,ObservedSupport,34
no,TapHead,2,1,absent,7,3,11101000,AmbiguousEvidence,29
no,TapHead,2,1,absent,7,3,11101000,ObservedSupport,7
no,TapHead,2,1,absent,7,3,11110000,AmbiguousEvidence,55
no,TapHead,2,1,absent,7,3,11110000,ObservedSupport,11
no,TapHead,2,1,absent,7,4,11101100,AmbiguousEvidence,75
no,TapHead,2,1,absent,7,4,11101100,ObservedSupport,3
no,TapHead,2,1,absent,7,4,11111000,AmbiguousEvidence,74
no,TapHead,2,1,absent,7,4,11111000,ObservedSupport,4
no,TapHead,2,1,absent,7,5,11111100,AmbiguousEvidence,1182
no,TapHead,2,1,absent,7,7,11111111,AmbiguousEvidence,607
no,TapHead,2,1,absent,7,7,11111111,ObservedSupport,23
no,TapHead,2,1,absent,8,1,11000000,LocalMismatch,32
no,TapHead,2,1,absent,8,1,11000000,ObservedSupport,227
no,TapHead,2,1,absent,8,2,11001000,AmbiguousEvidence,144
no,TapHead,2,1,absent,8,2,11001000,LocalMismatch,42
no,TapHead,2,1,absent,8,2,11001000,ObservedSupport,32
no,TapHead,2,1,absent,8,2,11100000,AmbiguousEvidence,136
no,TapHead,2,1,absent,8,2,11100000,LocalMismatch,34
no,TapHead,2,1,absent,8,2,11100000,ObservedSupport,40
no,TapHead,2,1,absent,8,3,11001100,AmbiguousEvidence,433
no,TapHead,2,1,absent,8,3,11001100,LocalMismatch,69
no,TapHead,2,1,absent,8,3,11001100,ObservedSupport,87
no,TapHead,2,1,absent,8,3,11101000,AmbiguousEvidence,615
no,TapHead,2,1,absent,8,3,11101000,LocalMismatch,157
no,TapHead,2,1,absent,8,3,11101000,ObservedSupport,82
no,TapHead,2,1,absent,8,3,11110000,AmbiguousEvidence,306
no,TapHead,2,1,absent,8,3,11110000,LocalMismatch,42
no,TapHead,2,1,absent,8,3,11110000,ObservedSupport,44
no,TapHead,2,1,absent,8,4,11101100,AmbiguousEvidence,770
no,TapHead,2,1,absent,8,4,11101100,LocalMismatch,128
no,TapHead,2,1,absent,8,4,11101100,ObservedSupport,40
no,TapHead,2,1,absent,8,4,11111000,AmbiguousEvidence,708
no,TapHead,2,1,absent,8,4,11111000,LocalMismatch,121
no,TapHead,2,1,absent,8,4,11111000,ObservedSupport,32
no,TapHead,2,1,absent,8,5,11111100,AmbiguousEvidence,2279
no,TapHead,2,1,absent,8,5,11111100,LocalMismatch,248
no,TapHead,2,1,absent,8,7,11111111,AmbiguousEvidence,2817
no,TapHead,2,1,absent,8,7,11111111,LocalMismatch,138
no,TapHead,2,1,absent,8,7,11111111,ObservedSupport,104
no,TapHead,2,1,absent,9,1,11000000,LocalMismatch,26
no,TapHead,2,1,absent,9,1,11000000,ObservedSupport,134
no,TapHead,2,1,absent,9,2,11001000,AmbiguousEvidence,138
no,TapHead,2,1,absent,9,2,11001000,LocalMismatch,33
no,TapHead,2,1,absent,9,2,11001000,ObservedSupport,29
no,TapHead,2,1,absent,9,2,11100000,AmbiguousEvidence,212
no,TapHead,2,1,absent,9,2,11100000,LocalMismatch,56
no,TapHead,2,1,absent,9,2,11100000,ObservedSupport,44
no,TapHead,2,1,absent,9,3,11001100,AmbiguousEvidence,314
no,TapHead,2,1,absent,9,3,11001100,LocalMismatch,47
no,TapHead,2,1,absent,9,3,11001100,ObservedSupport,55
no,TapHead,2,1,absent,9,3,11101000,AmbiguousEvidence,405
no,TapHead,2,1,absent,9,3,11101000,LocalMismatch,84
no,TapHead,2,1,absent,9,3,11101000,ObservedSupport,47
no,TapHead,2,1,absent,9,3,11110000,AmbiguousEvidence,290
no,TapHead,2,1,absent,9,3,11110000,LocalMismatch,49
no,TapHead,2,1,absent,9,3,11110000,ObservedSupport,45
no,TapHead,2,1,absent,9,4,11101100,AmbiguousEvidence,585
no,TapHead,2,1,absent,9,4,11101100,LocalMismatch,92
no,TapHead,2,1,absent,9,4,11101100,ObservedSupport,27
no,TapHead,2,1,absent,9,4,11111000,AmbiguousEvidence,773
no,TapHead,2,1,absent,9,4,11111000,LocalMismatch,96
no,TapHead,2,1,absent,9,4,11111000,ObservedSupport,27
no,TapHead,2,1,absent,9,5,11111100,AmbiguousEvidence,1234
no,TapHead,2,1,absent,9,5,11111100,LocalMismatch,158
no,TapHead,2,1,absent,9,6,11111110,AmbiguousEvidence,23
no,TapHead,2,1,absent,9,6,11111110,LocalMismatch,9
no,TapHead,2,1,absent,9,7,11111111,AmbiguousEvidence,2967
no,TapHead,2,1,absent,9,7,11111111,LocalMismatch,121
no,TapHead,2,1,absent,9,7,11111111,ObservedSupport,104
no,TapHead,2,1,present,1,0,10000000,NoComparableContext,2
no,TapHead,2,1,present,1,1,10001000,ObservedSupport,2
no,TapHead,2,1,present,10,0,10000000,NoComparableContext,45
no,TapHead,2,1,present,10,1,10100000,LocalMismatch,7
no,TapHead,2,1,present,10,1,10100000,ObservedSupport,2
no,TapHead,2,1,present,10,1,11000000,LocalMismatch,36
no,TapHead,2,1,present,10,1,11000000,ObservedSupport,9
no,TapHead,2,1,present,10,2,10001100,AmbiguousEvidence,2
no,TapHead,2,1,present,10,2,10001100,LocalMismatch,23
no,TapHead,2,1,present,10,2,10001100,ObservedSupport,2
no,TapHead,2,1,present,10,2,11001000,AmbiguousEvidence,9
no,TapHead,2,1,present,10,2,11001000,LocalMismatch,19
no,TapHead,2,1,present,10,3,10111000,AmbiguousEvidence,3
no,TapHead,2,1,present,10,3,10111000,LocalMismatch,6
no,TapHead,2,1,present,10,3,11001100,AmbiguousEvidence,7
no,TapHead,2,1,present,10,3,11001100,LocalMismatch,38
no,TapHead,2,1,present,10,3,11001100,ObservedSupport,1
no,TapHead,2,1,present,10,3,11110000,AmbiguousEvidence,3
no,TapHead,2,1,present,10,3,11110000,LocalMismatch,13
no,TapHead,2,1,present,10,3,11110000,ObservedSupport,2
no,TapHead,2,1,present,10,4,11101100,AmbiguousEvidence,2
no,TapHead,2,1,present,10,4,11101100,LocalMismatch,7
no,TapHead,2,1,present,10,4,11111000,AmbiguousEvidence,10
no,TapHead,2,1,present,10,4,11111000,LocalMismatch,26
no,TapHead,2,1,present,10,5,11111100,AmbiguousEvidence,13
no,TapHead,2,1,present,10,5,11111100,LocalMismatch,23
no,TapHead,2,1,present,10,6,11111110,AmbiguousEvidence,6
no,TapHead,2,1,present,10,6,11111110,LocalMismatch,21
no,TapHead,2,1,present,10,7,11111111,AmbiguousEvidence,2
no,TapHead,2,1,present,10,7,11111111,LocalMismatch,16
no,TapHead,2,1,present,11,0,10000000,NoComparableContext,112
no,TapHead,2,1,present,11,1,10001000,LocalMismatch,10
no,TapHead,2,1,present,11,1,10001000,ObservedSupport,1
no,TapHead,2,1,present,11,1,11000000,LocalMismatch,157
no,TapHead,2,1,present,11,1,11000000,ObservedSupport,27
no,TapHead,2,1,present,11,2,10101000,AmbiguousEvidence,6
no,TapHead,2,1,present,11,2,10101000,LocalMismatch,5
no,TapHead,2,1,present,11,2,10110000,AmbiguousEvidence,4
no,TapHead,2,1,present,11,2,10110000,LocalMismatch,16
no,TapHead,2,1,present,11,2,10110000,ObservedSupport,2
no,TapHead,2,1,present,11,2,11001000,AmbiguousEvidence,26
no,TapHead,2,1,present,11,2,11001000,LocalMismatch,63
no,TapHead,2,1,present,11,2,11001000,ObservedSupport,2
no,TapHead,2,1,present,11,2,11100000,AmbiguousEvidence,16
no,TapHead,2,1,present,11,2,11100000,LocalMismatch,29
no,TapHead,2,1,present,11,2,11100000,ObservedSupport,6
no,TapHead,2,1,present,11,3,11001100,AmbiguousEvidence,4
no,TapHead,2,1,present,11,3,11001100,LocalMismatch,15
no,TapHead,2,1,present,11,3,11001100,ObservedSupport,1
no,TapHead,2,1,present,11,3,11101000,AmbiguousEvidence,25
no,TapHead,2,1,present,11,3,11101000,LocalMismatch,33
no,TapHead,2,1,present,11,3,11101000,ObservedSupport,2
no,TapHead,2,1,present,11,3,11110000,AmbiguousEvidence,9
no,TapHead,2,1,present,11,3,11110000,LocalMismatch,31
no,TapHead,2,1,present,11,3,11110000,ObservedSupport,2
no,TapHead,2,1,present,11,4,10111100,AmbiguousEvidence,7
no,TapHead,2,1,present,11,4,10111100,LocalMismatch,13
no,TapHead,2,1,present,11,4,11101100,AmbiguousEvidence,8
no,TapHead,2,1,present,11,4,11101100,LocalMismatch,12
no,TapHead,2,1,present,11,5,11111100,AmbiguousEvidence,4
no,TapHead,2,1,present,11,5,11111100,LocalMismatch,6
no,TapHead,2,1,present,12,0,10000000,NoComparableContext,836
no,TapHead,2,1,present,12,1,10001000,LocalMismatch,276
no,TapHead,2,1,present,12,1,10001000,ObservedSupport,32
no,TapHead,2,1,present,12,1,10100000,LocalMismatch,241
no,TapHead,2,1,present,12,1,10100000,ObservedSupport,23
no,TapHead,2,1,present,12,1,11000000,LocalMismatch,3112
no,TapHead,2,1,present,12,1,11000000,ObservedSupport,551
no,TapHead,2,1,present,12,2,10001100,AmbiguousEvidence,11
no,TapHead,2,1,present,12,2,10001100,LocalMismatch,100
no,TapHead,2,1,present,12,2,10001100,ObservedSupport,10
no,TapHead,2,1,present,12,2,10101000,AmbiguousEvidence,61
no,TapHead,2,1,present,12,2,10101000,LocalMismatch,128
no,TapHead,2,1,present,12,2,10101000,ObservedSupport,9
no,TapHead,2,1,present,12,2,10110000,AmbiguousEvidence,7
no,TapHead,2,1,present,12,2,10110000,LocalMismatch,54
no,TapHead,2,1,present,12,2,10110000,ObservedSupport,5
no,TapHead,2,1,present,12,2,11001000,AmbiguousEvidence,398
no,TapHead,2,1,present,12,2,11001000,LocalMismatch,1353
no,TapHead,2,1,present,12,2,11001000,ObservedSupport,42
no,TapHead,2,1,present,12,2,11100000,AmbiguousEvidence,505
no,TapHead,2,1,present,12,2,11100000,LocalMismatch,1678
no,TapHead,2,1,present,12,2,11100000,ObservedSupport,94
no,TapHead,2,1,present,12,3,10101100,AmbiguousEvidence,37
no,TapHead,2,1,present,12,3,10101100,LocalMismatch,60
no,TapHead,2,1,present,12,3,10101100,ObservedSupport,2
no,TapHead,2,1,present,12,3,10111000,AmbiguousEvidence,23
no,TapHead,2,1,present,12,3,10111000,LocalMismatch,86
no,TapHead,2,1,present,12,3,10111000,ObservedSupport,1
no,TapHead,2,1,present,12,3,11001100,AmbiguousEvidence,270
no,TapHead,2,1,present,12,3,11001100,LocalMismatch,788
no,TapHead,2,1,present,12,3,11001100,ObservedSupport,20
no,TapHead,2,1,present,12,3,11101000,AmbiguousEvidence,1000
no,TapHead,2,1,present,12,3,11101000,LocalMismatch,1663
no,TapHead,2,1,present,12,3,11101000,ObservedSupport,43
no,TapHead,2,1,present,12,3,11110000,AmbiguousEvidence,175
no,TapHead,2,1,present,12,3,11110000,LocalMismatch,612
no,TapHead,2,1,present,12,3,11110000,ObservedSupport,16
no,TapHead,2,1,present,12,4,10111100,AmbiguousEvidence,48
no,TapHead,2,1,present,12,4,10111100,LocalMismatch,40
no,TapHead,2,1,present,12,4,11101100,AmbiguousEvidence,567
no,TapHead,2,1,present,12,4,11101100,LocalMismatch,975
no,TapHead,2,1,present,12,4,11101100,ObservedSupport,9
no,TapHead,2,1,present,12,4,11111000,AmbiguousEvidence,487
no,TapHead,2,1,present,12,4,11111000,LocalMismatch,756
no,TapHead,2,1,present,12,4,11111000,ObservedSupport,11
no,TapHead,2,1,present,12,5,10111110,AmbiguousEvidence,7
no,TapHead,2,1,present,12,5,10111110,LocalMismatch,25
no,TapHead,2,1,present,12,5,10111110,ObservedSupport,1
no,TapHead,2,1,present,12,5,11111100,AmbiguousEvidence,312
no,TapHead,2,1,present,12,5,11111100,LocalMismatch,370
no,TapHead,2,1,present,12,6,11111110,AmbiguousEvidence,86
no,TapHead,2,1,present,12,6,11111110,LocalMismatch,178
no,TapHead,2,1,present,12,7,11111111,AmbiguousEvidence,160
no,TapHead,2,1,present,12,7,11111111,LocalMismatch,257
no,TapHead,2,1,present,12,7,11111111,ObservedSupport,12
no,TapHead,2,1,present,2,4,11111000,LocalMismatch,2
no,TapHead,2,1,present,5,4,11101100,AmbiguousEvidence,2
no,TapHead,2,1,present,5,4,11101100,LocalMismatch,2
no,TapHead,2,1,present,5,4,11101100,ObservedSupport,1
no,TapHead,2,1,present,5,5,11111100,AmbiguousEvidence,4
no,TapHead,2,1,present,5,5,11111100,LocalMismatch,1
no,TapHead,2,1,present,5,6,11111110,AmbiguousEvidence,4
no,TapHead,2,1,present,5,6,11111110,LocalMismatch,1
no,TapHead,2,1,present,6,1,11000000,LocalMismatch,45
no,TapHead,2,1,present,6,1,11000000,ObservedSupport,20
no,TapHead,2,1,present,6,2,11001000,AmbiguousEvidence,11
no,TapHead,2,1,present,6,2,11001000,LocalMismatch,26
no,TapHead,2,1,present,6,2,11001000,ObservedSupport,3
no,TapHead,2,1,present,6,2,11100000,AmbiguousEvidence,8
no,TapHead,2,1,present,6,2,11100000,LocalMismatch,6
no,TapHead,2,1,present,6,2,11100000,ObservedSupport,1
no,TapHead,2,1,present,6,3,11001100,AmbiguousEvidence,23
no,TapHead,2,1,present,6,3,11001100,LocalMismatch,15
no,TapHead,2,1,present,6,3,11001100,ObservedSupport,2
no,TapHead,2,1,present,6,3,11101000,AmbiguousEvidence,19
no,TapHead,2,1,present,6,3,11101000,LocalMismatch,14
no,TapHead,2,1,present,6,3,11101000,ObservedSupport,2
no,TapHead,2,1,present,6,3,11110000,AmbiguousEvidence,21
no,TapHead,2,1,present,6,3,11110000,LocalMismatch,39
no,TapHead,2,1,present,6,3,11110000,ObservedSupport,5
no,TapHead,2,1,present,6,4,10111100,AmbiguousEvidence,13
no,TapHead,2,1,present,6,4,10111100,LocalMismatch,2
no,TapHead,2,1,present,6,4,11101100,AmbiguousEvidence,66
no,TapHead,2,1,present,6,4,11101100,LocalMismatch,46
no,TapHead,2,1,present,6,4,11101100,ObservedSupport,3
no,TapHead,2,1,present,6,4,11111000,AmbiguousEvidence,25
no,TapHead,2,1,present,6,4,11111000,LocalMismatch,18
no,TapHead,2,1,present,6,4,11111000,ObservedSupport,2
no,TapHead,2,1,present,6,5,10111110,AmbiguousEvidence,14
no,TapHead,2,1,present,6,5,10111110,LocalMismatch,1
no,TapHead,2,1,present,6,5,10111110,ObservedSupport,5
no,TapHead,2,1,present,6,5,11111100,AmbiguousEvidence,149
no,TapHead,2,1,present,6,5,11111100,LocalMismatch,66
no,TapHead,2,1,present,6,6,11111110,AmbiguousEvidence,112
no,TapHead,2,1,present,6,6,11111110,LocalMismatch,23
no,TapHead,2,1,present,6,7,11111111,AmbiguousEvidence,103
no,TapHead,2,1,present,6,7,11111111,LocalMismatch,75
no,TapHead,2,1,present,6,7,11111111,ObservedSupport,7
no,TapHead,2,1,present,7,0,10000000,NoComparableContext,6
no,TapHead,2,1,present,7,1,10001000,LocalMismatch,6
no,TapHead,2,1,present,7,1,10001000,ObservedSupport,1
no,TapHead,2,1,present,7,1,11000000,LocalMismatch,11
no,TapHead,2,1,present,7,1,11000000,ObservedSupport,2
no,TapHead,2,1,present,7,2,10001100,AmbiguousEvidence,1
no,TapHead,2,1,present,7,2,10001100,LocalMismatch,5
no,TapHead,2,1,present,7,2,10001100,ObservedSupport,1
no,TapHead,2,1,present,7,2,10110000,LocalMismatch,5
no,TapHead,2,1,present,7,2,10110000,ObservedSupport,1
no,TapHead,2,1,present,7,2,11100000,LocalMismatch,6
no,TapHead,2,1,present,7,2,11100000,ObservedSupport,1
no,TapHead,2,1,present,7,3,11001100,LocalMismatch,6
no,TapHead,2,1,present,7,3,11001100,ObservedSupport,1
no,TapHead,2,1,present,8,0,10000000,NoComparableContext,29
no,TapHead,2,1,present,8,1,10001000,LocalMismatch,12
no,TapHead,2,1,present,8,1,10001000,ObservedSupport,2
no,TapHead,2,1,present,8,1,11000000,LocalMismatch,23
no,TapHead,2,1,present,8,1,11000000,ObservedSupport,6
no,TapHead,2,1,present,8,2,10001100,LocalMismatch,6
no,TapHead,2,1,present,8,2,10001100,ObservedSupport,1
no,TapHead,2,1,present,8,2,11001000,AmbiguousEvidence,3
no,TapHead,2,1,present,8,2,11001000,LocalMismatch,18
no,TapHead,2,1,present,8,2,11001000,ObservedSupport,1
no,TapHead,2,1,present,8,2,11100000,LocalMismatch,7
no,TapHead,2,1,present,8,3,11001100,AmbiguousEvidence,4
no,TapHead,2,1,present,8,3,11001100,LocalMismatch,10
no,TapHead,2,1,present,8,3,11101000,AmbiguousEvidence,1
no,TapHead,2,1,present,8,3,11101000,LocalMismatch,13
no,TapHead,2,1,present,8,3,11101000,ObservedSupport,1
no,TapHead,2,1,present,8,3,11110000,AmbiguousEvidence,2
no,TapHead,2,1,present,8,3,11110000,LocalMismatch,5
no,TapHead,2,1,present,8,3,11110000,ObservedSupport,1
no,TapHead,2,1,present,8,4,11101100,AmbiguousEvidence,2
no,TapHead,2,1,present,8,4,11101100,LocalMismatch,5
no,TapHead,2,1,present,9,0,10000000,NoComparableContext,64
no,TapHead,2,1,present,9,1,10001000,LocalMismatch,28
no,TapHead,2,1,present,9,1,10001000,ObservedSupport,4
no,TapHead,2,1,present,9,1,11000000,LocalMismatch,55
no,TapHead,2,1,present,9,1,11000000,ObservedSupport,18
no,TapHead,2,1,present,9,2,10001100,AmbiguousEvidence,1
no,TapHead,2,1,present,9,2,10001100,LocalMismatch,21
no,TapHead,2,1,present,9,2,10001100,ObservedSupport,2
no,TapHead,2,1,present,9,2,11001000,AmbiguousEvidence,14
no,TapHead,2,1,present,9,2,11001000,LocalMismatch,24
no,TapHead,2,1,present,9,2,11001000,ObservedSupport,3
no,TapHead,2,1,present,9,2,11100000,AmbiguousEvidence,12
no,TapHead,2,1,present,9,2,11100000,LocalMismatch,35
no,TapHead,2,1,present,9,2,11100000,ObservedSupport,1
no,TapHead,2,1,present,9,3,10111000,AmbiguousEvidence,2
no,TapHead,2,1,present,9,3,10111000,LocalMismatch,6
no,TapHead,2,1,present,9,3,11001100,AmbiguousEvidence,22
no,TapHead,2,1,present,9,3,11001100,LocalMismatch,48
no,TapHead,2,1,present,9,3,11001100,ObservedSupport,2
no,TapHead,2,1,present,9,3,11101000,AmbiguousEvidence,4
no,TapHead,2,1,present,9,3,11101000,LocalMismatch,12
no,TapHead,2,1,present,9,3,11110000,AmbiguousEvidence,28
no,TapHead,2,1,present,9,3,11110000,LocalMismatch,72
no,TapHead,2,1,present,9,3,11110000,ObservedSupport,4
no,TapHead,2,1,present,9,4,11101100,AmbiguousEvidence,3
no,TapHead,2,1,present,9,4,11101100,LocalMismatch,5
no,TapHead,2,1,present,9,4,11111000,AmbiguousEvidence,19
no,TapHead,2,1,present,9,4,11111000,LocalMismatch,20
no,TapHead,2,1,present,9,4,11111000,ObservedSupport,1
no,TapHead,2,1,present,9,5,10111110,LocalMismatch,8
no,TapHead,2,1,present,9,5,11111100,AmbiguousEvidence,34
no,TapHead,2,1,present,9,5,11111100,LocalMismatch,38
no,TapHead,2,1,present,9,6,11111110,AmbiguousEvidence,26
no,TapHead,2,1,present,9,6,11111110,LocalMismatch,38
no,TapHead,2,1,present,9,7,11111111,AmbiguousEvidence,14
no,TapHead,2,1,present,9,7,11111111,LocalMismatch,18
no,TapHead,3,2,absent,1,0,10000000,NoComparableContext,4
no,TapHead,3,2,absent,1,1,11000000,ObservedSupport,2
no,TapHead,3,2,absent,10,1,11000000,LocalMismatch,56
no,TapHead,3,2,absent,10,1,11000000,ObservedSupport,142
no,TapHead,3,2,absent,10,2,10101000,AmbiguousEvidence,2
no,TapHead,3,2,absent,10,2,10101000,LocalMismatch,7
no,TapHead,3,2,absent,10,2,11001000,AmbiguousEvidence,133
no,TapHead,3,2,absent,10,2,11001000,LocalMismatch,74
no,TapHead,3,2,absent,10,2,11001000,ObservedSupport,45
no,TapHead,3,2,absent,10,2,11100000,AmbiguousEvidence,100
no,TapHead,3,2,absent,10,2,11100000,LocalMismatch,39
no,TapHead,3,2,absent,10,2,11100000,ObservedSupport,32
no,TapHead,3,2,absent,10,3,11001100,AmbiguousEvidence,28
no,TapHead,3,2,absent,10,3,11001100,LocalMismatch,15
no,TapHead,3,2,absent,10,3,11001100,ObservedSupport,2
no,TapHead,3,2,absent,10,3,11101000,AmbiguousEvidence,399
no,TapHead,3,2,absent,10,3,11101000,LocalMismatch,123
no,TapHead,3,2,absent,10,3,11101000,ObservedSupport,54
no,TapHead,3,2,absent,10,3,11110000,AmbiguousEvidence,56
no,TapHead,3,2,absent,10,3,11110000,LocalMismatch,20
no,TapHead,3,2,absent,10,3,11110000,ObservedSupport,5
no,TapHead,3,2,absent,10,4,11101100,AmbiguousEvidence,124
no,TapHead,3,2,absent,10,4,11101100,LocalMismatch,35
no,TapHead,3,2,absent,10,4,11101100,ObservedSupport,3
no,TapHead,3,2,absent,10,4,11111000,AmbiguousEvidence,167
no,TapHead,3,2,absent,10,4,11111000,LocalMismatch,44
no,TapHead,3,2,absent,10,4,11111000,ObservedSupport,5
no,TapHead,3,2,absent,10,5,11111100,AmbiguousEvidence,48
no,TapHead,3,2,absent,10,5,11111100,LocalMismatch,15
no,TapHead,3,2,absent,10,7,11111111,AmbiguousEvidence,42
no,TapHead,3,2,absent,10,7,11111111,LocalMismatch,12
no,TapHead,3,2,absent,2,0,10000000,NoComparableContext,12
no,TapHead,3,2,absent,2,1,11000000,LocalMismatch,2
no,TapHead,3,2,absent,2,1,11000000,ObservedSupport,14
no,TapHead,3,2,absent,2,2,11001000,AmbiguousEvidence,2
no,TapHead,3,2,absent,2,2,11001000,ObservedSupport,6
no,TapHead,3,2,absent,2,2,11100000,AmbiguousEvidence,2
no,TapHead,3,2,absent,2,2,11100000,ObservedSupport,1
no,TapHead,3,2,absent,2,3,11001100,AmbiguousEvidence,6
no,TapHead,3,2,absent,2,3,11001100,ObservedSupport,7
no,TapHead,3,2,absent,2,3,11101000,AmbiguousEvidence,8
no,TapHead,3,2,absent,2,3,11101000,ObservedSupport,7
no,TapHead,3,2,absent,2,3,11110000,AmbiguousEvidence,3
no,TapHead,3,2,absent,2,3,11110000,ObservedSupport,7
no,TapHead,3,2,absent,2,4,11101100,AmbiguousEvidence,23
no,TapHead,3,2,absent,2,4,11101100,ObservedSupport,10
no,TapHead,3,2,absent,2,4,11111000,AmbiguousEvidence,33
no,TapHead,3,2,absent,2,4,11111000,ObservedSupport,10
no,TapHead,3,2,absent,2,5,11111100,AmbiguousEvidence,48
no,TapHead,3,2,absent,2,7,11111111,AmbiguousEvidence,51
no,TapHead,3,2,absent,2,7,11111111,ObservedSupport,12
no,TapHead,3,2,absent,3,0,10000000,NoComparableContext,6
no,TapHead,3,2,absent,3,1,11000000,LocalMismatch,9
no,TapHead,3,2,absent,3,1,11000000,ObservedSupport,50
no,TapHead,3,2,absent,3,2,11001000,AmbiguousEvidence,19
no,TapHead,3,2,absent,3,2,11001000,LocalMismatch,4
no,TapHead,3,2,absent,3,2,11001000,ObservedSupport,1
no,TapHead,3,2,absent,3,2,11100000,AmbiguousEvidence,11
no,TapHead,3,2,absent,3,2,11100000,LocalMismatch,3
no,TapHead,3,2,absent,3,2,11100000,ObservedSupport,1
no,TapHead,3,2,absent,3,3,11001100,AmbiguousEvidence,21
no,TapHead,3,2,absent,3,3,11001100,LocalMismatch,3
no,TapHead,3,2,absent,3,3,11001100,ObservedSupport,3
no,TapHead,3,2,absent,3,3,11101000,AmbiguousEvidence,2
no,TapHead,3,2,absent,3,3,11110000,AmbiguousEvidence,8
no,TapHead,3,2,absent,3,3,11110000,LocalMismatch,3
no,TapHead,3,2,absent,3,3,11110000,ObservedSupport,3
no,TapHead,3,2,absent,3,4,11101100,AmbiguousEvidence,15
no,TapHead,3,2,absent,3,4,11101100,LocalMismatch,1
no,TapHead,3,2,absent,3,4,11101100,ObservedSupport,1
no,TapHead,3,2,absent,3,4,11111000,AmbiguousEvidence,10
no,TapHead,3,2,absent,3,4,11111000,LocalMismatch,3
no,TapHead,3,2,absent,3,4,11111000,ObservedSupport,2
no,TapHead,3,2,absent,3,5,11111100,AmbiguousEvidence,21
no,TapHead,3,2,absent,3,5,11111100,LocalMismatch,4
no,TapHead,3,2,absent,3,7,11111111,AmbiguousEvidence,12
no,TapHead,3,2,absent,3,7,11111111,LocalMismatch,2
no,TapHead,3,2,absent,3,7,11111111,ObservedSupport,1
no,TapHead,3,2,absent,4,0,10000000,NoComparableContext,34
no,TapHead,3,2,absent,4,1,10001000,LocalMismatch,3
no,TapHead,3,2,absent,4,1,11000000,LocalMismatch,14
no,TapHead,3,2,absent,4,1,11000000,ObservedSupport,165
no,TapHead,3,2,absent,4,2,11001000,AmbiguousEvidence,59
no,TapHead,3,2,absent,4,2,11001000,LocalMismatch,10
no,TapHead,3,2,absent,4,2,11001000,ObservedSupport,13
no,TapHead,3,2,absent,4,2,11100000,AmbiguousEvidence,69
no,TapHead,3,2,absent,4,2,11100000,LocalMismatch,5
no,TapHead,3,2,absent,4,2,11100000,ObservedSupport,22
no,TapHead,3,2,absent,4,3,11001100,AmbiguousEvidence,71
no,TapHead,3,2,absent,4,3,11001100,LocalMismatch,3
no,TapHead,3,2,absent,4,3,11001100,ObservedSupport,21
no,TapHead,3,2,absent,4,3,11101000,AmbiguousEvidence,115
no,TapHead,3,2,absent,4,3,11101000,LocalMismatch,1
no,TapHead,3,2,absent,4,3,11101000,ObservedSupport,22
no,TapHead,3,2,absent,4,3,11110000,AmbiguousEvidence,67
no,TapHead,3,2,absent,4,3,11110000,LocalMismatch,7
no,TapHead,3,2,absent,4,3,11110000,ObservedSupport,24
no,TapHead,3,2,absent,4,4,11101100,AmbiguousEvidence,108
no,TapHead,3,2,absent,4,4,11101100,LocalMismatch,3
no,TapHead,3,2,absent,4,4,11101100,ObservedSupport,8
no,TapHead,3,2,absent,4,4,11111000,AmbiguousEvidence,96
no,TapHead,3,2,absent,4,4,11111000,LocalMismatch,5
no,TapHead,3,2,absent,4,4,11111000,ObservedSupport,8
no,TapHead,3,2,absent,4,5,11111100,AmbiguousEvidence,229
no,TapHead,3,2,absent,4,5,11111100,LocalMismatch,3
no,TapHead,3,2,absent,4,7,11111111,AmbiguousEvidence,217
no,TapHead,3,2,absent,4,7,11111111,ObservedSupport,14
no,TapHead,3,2,absent,5,0,10000000,NoComparableContext,14
no,TapHead,3,2,absent,5,1,10001000,LocalMismatch,4
no,TapHead,3,2,absent,5,1,10001000,ObservedSupport,1
no,TapHead,3,2,absent,5,1,11000000,LocalMismatch,45
no,TapHead,3,2,absent,5,1,11000000,ObservedSupport,907
no,TapHead,3,2,absent,5,2,10001100,LocalMismatch,4
no,TapHead,3,2,absent,5,2,10001100,ObservedSupport,1
no,TapHead,3,2,absent,5,2,11001000,AmbiguousEvidence,639
no,TapHead,3,2,absent,5,2,11001000,LocalMismatch,13
no,TapHead,3,2,absent,5,2,11001000,ObservedSupport,237
no,TapHead,3,2,absent,5,2,11100000,AmbiguousEvidence,729
no,TapHead,3,2,absent,5,2,11100000,LocalMismatch,19
no,TapHead,3,2,absent,5,2,11100000,ObservedSupport,218
no,TapHead,3,2,absent,5,3,11001100,AmbiguousEvidence,1103
no,TapHead,3,2,absent,5,3,11001100,LocalMismatch,12
no,TapHead,3,2,absent,5,3,11001100,ObservedSupport,304
no,TapHead,3,2,absent,5,3,11101000,AmbiguousEvidence,1435
no,TapHead,3,2,absent,5,3,11101000,LocalMismatch,9
no,TapHead,3,2,absent,5,3,11101000,ObservedSupport,197
no,TapHead,3,2,absent,5,3,11110000,AmbiguousEvidence,1164
no,TapHead,3,2,absent,5,3,11110000,LocalMismatch,6
no,TapHead,3,2,absent,5,3,11110000,ObservedSupport,359
no,TapHead,3,2,absent,5,4,11101100,AmbiguousEvidence,1730
no,TapHead,3,2,absent,5,4,11101100,LocalMismatch,5
no,TapHead,3,2,absent,5,4,11101100,ObservedSupport,145
no,TapHead,3,2,absent,5,4,11111000,AmbiguousEvidence,2028
no,TapHead,3,2,absent,5,4,11111000,LocalMismatch,5
no,TapHead,3,2,absent,5,4,11111000,ObservedSupport,147
no,TapHead,3,2,absent,5,5,11111100,AmbiguousEvidence,4717
no,TapHead,3,2,absent,5,5,11111100,LocalMismatch,3
no,TapHead,3,2,absent,5,7,11111111,AmbiguousEvidence,3353
no,TapHead,3,2,absent,5,7,11111111,ObservedSupport,351
no,TapHead,3,2,absent,6,0,10000000,NoComparableContext,12
no,TapHead,3,2,absent,6,1,10100000,LocalMismatch,5
no,TapHead,3,2,absent,6,1,10100000,ObservedSupport,1
no,TapHead,3,2,absent,6,1,11000000,LocalMismatch,51
no,TapHead,3,2,absent,6,1,11000000,ObservedSupport,292
no,TapHead,3,2,absent,6,2,11001000,AmbiguousEvidence,161
no,TapHead,3,2,absent,6,2,11001000,LocalMismatch,20
no,TapHead,3,2,absent,6,2,11001000,ObservedSupport,39
no,TapHead,3,2,absent,6,2,11100000,AmbiguousEvidence,167
no,TapHead,3,2,absent,6,2,11100000,LocalMismatch,36
no,TapHead,3,2,absent,6,2,11100000,ObservedSupport,43
no,TapHead,3,2,absent,6,3,11001100,AmbiguousEvidence,234
no,TapHead,3,2,absent,6,3,11001100,LocalMismatch,20
no,TapHead,3,2,absent,6,3,11001100,ObservedSupport,38
no,TapHead,3,2,absent,6,3,11101000,AmbiguousEvidence,311
no,TapHead,3,2,absent,6,3,11101000,LocalMismatch,32
no,TapHead,3,2,absent,6,3,11101000,ObservedSupport,27
no,TapHead,3,2,absent,6,3,11110000,AmbiguousEvidence,162
no,TapHead,3,2,absent,6,3,11110000,LocalMismatch,12
no,TapHead,3,2,absent,6,3,11110000,ObservedSupport,26
no,TapHead,3,2,absent,6,4,11101100,AmbiguousEvidence,418
no,TapHead,3,2,absent,6,4,11101100,LocalMismatch,30
no,TapHead,3,2,absent,6,4,11101100,ObservedSupport,13
no,TapHead,3,2,absent,6,4,11111000,AmbiguousEvidence,375
no,TapHead,3,2,absent,6,4,11111000,LocalMismatch,24
no,TapHead,3,2,absent,6,4,11111000,ObservedSupport,17
no,TapHead,3,2,absent,6,5,11111100,AmbiguousEvidence,438
no,TapHead,3,2,absent,6,5,11111100,LocalMismatch,27
no,TapHead,3,2,absent,6,7,11111111,AmbiguousEvidence,498
no,TapHead,3,2,absent,6,7,11111111,LocalMismatch,10
no,TapHead,3,2,absent,6,7,11111111,ObservedSupport,12
no,TapHead,3,2,absent,7,0,10000000,NoComparableContext,34
no,TapHead,3,2,absent,7,1,10001000,LocalMismatch,5
no,TapHead,3,2,absent,7,1,10001000,ObservedSupport,2
no,TapHead,3,2,absent,7,1,11000000,LocalMismatch,112
no,TapHead,3,2,absent,7,1,11000000,ObservedSupport,260
no,TapHead,3,2,absent,7,2,10101000,AmbiguousEvidence,2
no,TapHead,3,2,absent,7,2,10101000,LocalMismatch,4
no,TapHead,3,2,absent,7,2,10101000,ObservedSupport,1
no,TapHead,3,2,absent,7,2,11001000,AmbiguousEvidence,126
no,TapHead,3,2,absent,7,2,11001000,LocalMismatch,49
no,TapHead,3,2,absent,7,2,11001000,ObservedSupport,32
no,TapHead,3,2,absent,7,2,11100000,AmbiguousEvidence,182
no,TapHead,3,2,absent,7,2,11100000,LocalMismatch,86
no,TapHead,3,2,absent,7,2,11100000,ObservedSupport,51
no,TapHead,3,2,absent,7,3,10111000,AmbiguousEvidence,3
no,TapHead,3,2,absent,7,3,10111000,LocalMismatch,3
no,TapHead,3,2,absent,7,3,11001100,AmbiguousEvidence,138
no,TapHead,3,2,absent,7,3,11001100,LocalMismatch,7
no,TapHead,3,2,absent,7,3,11001100,ObservedSupport,14
no,TapHead,3,2,absent,7,3,11101000,AmbiguousEvidence,137
no,TapHead,3,2,absent,7,3,11101000,LocalMismatch,55
no,TapHead,3,2,absent,7,3,11101000,ObservedSupport,12
no,TapHead,3,2,absent,7,3,11110000,AmbiguousEvidence,154
no,TapHead,3,2,absent,7,3,11110000,LocalMismatch,15
no,TapHead,3,2,absent,7,3,11110000,ObservedSupport,25
no,TapHead,3,2,absent,7,4,11101100,AmbiguousEvidence,181
no,TapHead,3,2,absent,7,4,11101100,LocalMismatch,17
no,TapHead,3,2,absent,7,4,11101100,ObservedSupport,1
no,TapHead,3,2,absent,7,4,11111000,AmbiguousEvidence,137
no,TapHead,3,2,absent,7,4,11111000,LocalMismatch,14
no,TapHead,3,2,absent,7,4,11111000,ObservedSupport,5
no,TapHead,3,2,absent,7,5,11111100,AmbiguousEvidence,198
no,TapHead,3,2,absent,7,5,11111100,LocalMismatch,5
no,TapHead,3,2,absent,7,7,11111111,AmbiguousEvidence,626
no,TapHead,3,2,absent,7,7,11111111,LocalMismatch,4
no,TapHead,3,2,absent,7,7,11111111,ObservedSupport,12
no,TapHead,3,2,absent,8,0,10000000,NoComparableContext,22
no,TapHead,3,2,absent,8,1,10001000,LocalMismatch,4
no,TapHead,3,2,absent,8,1,10001000,ObservedSupport,3
no,TapHead,3,2,absent,8,1,11000000,LocalMismatch,162
no,TapHead,3,2,absent,8,1,11000000,ObservedSupport,486
no,TapHead,3,2,absent,8,2,11001000,AmbiguousEvidence,187
no,TapHead,3,2,absent,8,2,11001000,LocalMismatch,89
no,TapHead,3,2,absent,8,2,11001000,ObservedSupport,54
no,TapHead,3,2,absent,8,2,11100000,AmbiguousEvidence,203
no,TapHead,3,2,absent,8,2,11100000,LocalMismatch,105
no,TapHead,3,2,absent,8,2,11100000,ObservedSupport,51
no,TapHead,3,2,absent,8,3,11001100,AmbiguousEvidence,205
no,TapHead,3,2,absent,8,3,11001100,LocalMismatch,25
no,TapHead,3,2,absent,8,3,11001100,ObservedSupport,29
no,TapHead,3,2,absent,8,3,11101000,AmbiguousEvidence,430
no,TapHead,3,2,absent,8,3,11101000,LocalMismatch,180
no,TapHead,3,2,absent,8,3,11101000,ObservedSupport,35
no,TapHead,3,2,absent,8,3,11110000,AmbiguousEvidence,287
no,TapHead,3,2,absent,8,3,11110000,LocalMismatch,31
no,TapHead,3,2,absent,8,3,11110000,ObservedSupport,32
no,TapHead,3,2,absent,8,4,11101100,AmbiguousEvidence,265
no,TapHead,3,2,absent,8,4,11101100,LocalMismatch,33
no,TapHead,3,2,absent,8,4,11101100,ObservedSupport,17
no,TapHead,3,2,absent,8,4,11111000,AmbiguousEvidence,332
no,TapHead,3,2,absent,8,4,11111000,LocalMismatch,44
no,TapHead,3,2,absent,8,4,11111000,ObservedSupport,9
no,TapHead,3,2,absent,8,5,11111100,AmbiguousEvidence,307
no,TapHead,3,2,absent,8,5,11111100,LocalMismatch,22
no,TapHead,3,2,absent,8,6,11111110,AmbiguousEvidence,10
no,TapHead,3,2,absent,8,6,11111110,LocalMismatch,4
no,TapHead,3,2,absent,8,7,11111111,AmbiguousEvidence,909
no,TapHead,3,2,absent,8,7,11111111,LocalMismatch,2
no,TapHead,3,2,absent,8,7,11111111,ObservedSupport,6
no,TapHead,3,2,absent,9,0,10000000,NoComparableContext,17
no,TapHead,3,2,absent,9,1,10001000,LocalMismatch,6
no,TapHead,3,2,absent,9,1,10001000,ObservedSupport,2
no,TapHead,3,2,absent,9,1,11000000,LocalMismatch,61
no,TapHead,3,2,absent,9,1,11000000,ObservedSupport,116
no,TapHead,3,2,absent,9,2,11001000,AmbiguousEvidence,52
no,TapHead,3,2,absent,9,2,11001000,LocalMismatch,25
no,TapHead,3,2,absent,9,2,11001000,ObservedSupport,19
no,TapHead,3,2,absent,9,2,11100000,AmbiguousEvidence,47
no,TapHead,3,2,absent,9,2,11100000,LocalMismatch,23
no,TapHead,3,2,absent,9,2,11100000,ObservedSupport,10
no,TapHead,3,2,absent,9,3,11101000,AmbiguousEvidence,160
no,TapHead,3,2,absent,9,3,11101000,LocalMismatch,33
no,TapHead,3,2,absent,9,3,11101000,ObservedSupport,7
no,TapHead,3,2,absent,9,3,11110000,AmbiguousEvidence,7
no,TapHead,3,2,absent,9,3,11110000,ObservedSupport,1
no,TapHead,3,2,absent,9,4,11101100,AmbiguousEvidence,58
no,TapHead,3,2,absent,9,4,11101100,LocalMismatch,6
no,TapHead,3,2,absent,9,4,11111000,AmbiguousEvidence,41
no,TapHead,3,2,absent,9,4,11111000,LocalMismatch,6
no,TapHead,3,2,absent,9,4,11111000,ObservedSupport,1
no,TapHead,3,2,absent,9,5,11111100,AmbiguousEvidence,6
no,TapHead,3,2,absent,9,5,11111100,LocalMismatch,2
no,TapHead,3,2,present,1,0,10000000,NoComparableContext,15
no,TapHead,3,2,present,1,1,10001000,ObservedSupport,1
no,TapHead,3,2,present,1,1,11000000,ObservedSupport,6
no,TapHead,3,2,present,1,2,10001100,ObservedSupport,1
no,TapHead,3,2,present,1,2,11100000,ObservedSupport,3
no,TapHead,3,2,present,10,0,10000000,NoComparableContext,162
no,TapHead,3,2,present,10,1,10001000,LocalMismatch,90
no,TapHead,3,2,present,10,1,10001000,ObservedSupport,9
no,TapHead,3,2,present,10,1,10100000,LocalMismatch,42
no,TapHead,3,2,present,10,1,10100000,ObservedSupport,12
no,TapHead,3,2,present,10,1,11000000,LocalMismatch,207
no,TapHead,3,2,present,10,1,11000000,ObservedSupport,45
no,TapHead,3,2,present,10,2,10001100,AmbiguousEvidence,4
no,TapHead,3,2,present,10,2,10001100,LocalMismatch,28
no,TapHead,3,2,present,10,2,10001100,ObservedSupport,4
no,TapHead,3,2,present,10,2,10101000,AmbiguousEvidence,9
no,TapHead,3,2,present,10,2,10101000,LocalMismatch,34
no,TapHead,3,2,present,10,2,10101000,ObservedSupport,2
no,TapHead,3,2,present,10,2,10110000,AmbiguousEvidence,4
no,TapHead,3,2,present,10,2,10110000,LocalMismatch,37
no,TapHead,3,2,present,10,2,10110000,ObservedSupport,4
no,TapHead,3,2,present,10,2,11001000,AmbiguousEvidence,24
no,TapHead,3,2,present,10,2,11001000,LocalMismatch,58
no,TapHead,3,2,present,10,2,11001000,ObservedSupport,8
no,TapHead,3,2,present,10,2,11100000,AmbiguousEvidence,31
no,TapHead,3,2,present,10,2,11100000,LocalMismatch,108
no,TapHead,3,2,present,10,2,11100000,ObservedSupport,5
no,TapHead,3,2,present,10,3,10101100,AmbiguousEvidence,15
no,TapHead,3,2,present,10,3,10101100,LocalMismatch,21
no,TapHead,3,2,present,10,3,10111000,AmbiguousEvidence,6
no,TapHead,3,2,present,10,3,10111000,LocalMismatch,21
no,TapHead,3,2,present,10,3,11001100,AmbiguousEvidence,19
no,TapHead,3,2,present,10,3,11001100,LocalMismatch,61
no,TapHead,3,2,present,10,3,11001100,ObservedSupport,1
no,TapHead,3,2,present,10,3,11101000,AmbiguousEvidence,88
no,TapHead,3,2,present,10,3,11101000,LocalMismatch,141
no,TapHead,3,2,present,10,3,11101000,ObservedSupport,5
no,TapHead,3,2,present,10,3,11110000,AmbiguousEvidence,21
no,TapHead,3,2,present,10,3,11110000,LocalMismatch,59
no,TapHead,3,2,present,10,3,11110000,ObservedSupport,1
no,TapHead,3,2,present,10,4,10111100,AmbiguousEvidence,3
no,TapHead,3,2,present,10,4,10111100,LocalMismatch,6
no,TapHead,3,2,present,10,4,11101100,AmbiguousEvidence,44
no,TapHead,3,2,present,10,4,11101100,LocalMismatch,46
no,TapHead,3,2,present,10,4,11111000,AmbiguousEvidence,65
no,TapHead,3,2,present,10,4,11111000,LocalMismatch,150
no,TapHead,3,2,present,10,4,11111000,ObservedSupport,1
no,TapHead,3,2,present,10,5,11111100,AmbiguousEvidence,19
no,TapHead,3,2,present,10,5,11111100,LocalMismatch,26
no,TapHead,3,2,present,10,6,11111110,AmbiguousEvidence,2
no,TapHead,3,2,present,10,6,11111110,LocalMismatch,7
no,TapHead,3,2,present,10,7,11111111,AmbiguousEvidence,30
no,TapHead,3,2,present,10,7,11111111,LocalMismatch,132
no,TapHead,3,2,present,2,0,10000000,NoComparableContext,58
no,TapHead,3,2,present,2,1,10001000,LocalMismatch,2
no,TapHead,3,2,present,2,1,10001000,ObservedSupport,1
no,TapHead,3,2,present,2,1,10100000,LocalMismatch,1
no,TapHead,3,2,present,2,1,10100000,ObservedSupport,2
no,TapHead,3,2,present,2,1,11000000,LocalMismatch,5
no,TapHead,3,2,present,2,1,11000000,ObservedSupport,2
no,TapHead,3,2,present,2,2,10001100,ObservedSupport,1
no,TapHead,3,2,present,2,2,11001000,LocalMismatch,1
no,TapHead,3,2,present,2,3,10101100,LocalMismatch,2
no,TapHead,3,2,present,2,3,11001100,AmbiguousEvidence,1
no,TapHead,3,2,present,2,3,11001100,LocalMismatch,1
no,TapHead,3,2,present,2,3,11110000,AmbiguousEvidence,2
no,TapHead,3,2,present,2,3,11110000,LocalMismatch,3
no,TapHead,3,2,present,2,3,11110000,ObservedSupport,1
no,TapHead,3,2,present,3,0,10000000,NoComparableContext,57
no,TapHead,3,2,present,3,1,10001000,LocalMismatch,3
no,TapHead,3,2,present,3,1,10001000,ObservedSupport,1
no,TapHead,3,2,present,3,1,10100000,LocalMismatch,2
no,TapHead,3,2,present,3,1,10100000,ObservedSupport,1
no,TapHead,3,2,present,3,1,11000000,LocalMismatch,23
no,TapHead,3,2,present,3,1,11000000,ObservedSupport,13
no,TapHead,3,2,present,3,2,10001100,LocalMismatch,2
no,TapHead,3,2,present,3,2,10110000,LocalMismatch,1
no,TapHead,3,2,present,3,2,10110000,ObservedSupport,1
no,TapHead,3,2,present,3,2,11001000,AmbiguousEvidence,1
no,TapHead,3,2,present,3,2,11001000,LocalMismatch,2
no,TapHead,3,2,present,3,2,11001000,ObservedSupport,1
no,TapHead,3,2,present,3,2,11100000,AmbiguousEvidence,1
no,TapHead,3,2,present,3,2,11100000,LocalMismatch,3
no,TapHead,3,2,present,3,3,10101100,LocalMismatch,6
no,TapHead,3,2,present,3,5,11111100,AmbiguousEvidence,1
no,TapHead,3,2,present,3,5,11111100,LocalMismatch,1
no,TapHead,3,2,present,3,7,11111111,LocalMismatch,8
no,TapHead,3,2,present,4,0,10000000,NoComparableContext,121
no,TapHead,3,2,present,4,1,10001000,LocalMismatch,21
no,TapHead,3,2,present,4,1,10001000,ObservedSupport,5
no,TapHead,3,2,present,4,1,10100000,LocalMismatch,15
no,TapHead,3,2,present,4,1,10100000,ObservedSupport,7
no,TapHead,3,2,present,4,1,11000000,LocalMismatch,34
no,TapHead,3,2,present,4,1,11000000,ObservedSupport,8
no,TapHead,3,2,present,4,2,10001100,LocalMismatch,4
no,TapHead,3,2,present,4,2,10001100,ObservedSupport,3
no,TapHead,3,2,present,4,2,10101000,AmbiguousEvidence,1
no,TapHead,3,2,present,4,2,10101000,LocalMismatch,2
no,TapHead,3,2,present,4,2,10101000,ObservedSupport,1
no,TapHead,3,2,present,4,2,10110000,AmbiguousEvidence,2
no,TapHead,3,2,present,4,2,10110000,LocalMismatch,16
no,TapHead,3,2,present,4,2,10110000,ObservedSupport,1
no,TapHead,3,2,present,4,2,11001000,AmbiguousEvidence,7
no,TapHead,3,2,present,4,2,11001000,LocalMismatch,16
no,TapHead,3,2,present,4,2,11001000,ObservedSupport,2
no,TapHead,3,2,present,4,2,11100000,AmbiguousEvidence,2
no,TapHead,3,2,present,4,2,11100000,LocalMismatch,13
no,TapHead,3,2,present,4,2,11100000,ObservedSupport,1
no,TapHead,3,2,present,4,3,10101100,AmbiguousEvidence,2
no,TapHead,3,2,present,4,3,10101100,LocalMismatch,4
no,TapHead,3,2,present,4,3,11101000,AmbiguousEvidence,3
no,TapHead,3,2,present,4,3,11101000,LocalMismatch,3
no,TapHead,3,2,present,4,3,11110000,AmbiguousEvidence,3
no,TapHead,3,2,present,4,3,11110000,LocalMismatch,16
no,TapHead,3,2,present,4,3,11110000,ObservedSupport,3
no,TapHead,3,2,present,4,5,11111100,AmbiguousEvidence,8
no,TapHead,3,2,present,4,5,11111100,LocalMismatch,7
no,TapHead,3,2,present,4,7,11111111,AmbiguousEvidence,2
no,TapHead,3,2,present,4,7,11111111,LocalMismatch,16
no,TapHead,3,2,present,5,0,10000000,NoComparableContext,188
no,TapHead,3,2,present,5,1,10001000,LocalMismatch,30
no,TapHead,3,2,present,5,1,10001000,ObservedSupport,4
no,TapHead,3,2,present,5,1,10100000,LocalMismatch,41
no,TapHead,3,2,present,5,1,10100000,ObservedSupport,13
no,TapHead,3,2,present,5,1,11000000,LocalMismatch,93
no,TapHead,3,2,present,5,1,11000000,ObservedSupport,17
no,TapHead,3,2,present,5,2,10001100,AmbiguousEvidence,3
no,TapHead,3,2,present,5,2,10001100,LocalMismatch,19
no,TapHead,3,2,present,5,2,10001100,ObservedSupport,11
no,TapHead,3,2,present,5,2,10101000,AmbiguousEvidence,3
no,TapHead,3,2,present,5,2,10101000,LocalMismatch,6
no,TapHead,3,2,present,5,2,10110000,AmbiguousEvidence,1
no,TapHead,3,2,present,5,2,10110000,LocalMismatch,9
no,TapHead,3,2,present,5,2,10110000,ObservedSupport,2
no,TapHead,3,2,present,5,2,11001000,AmbiguousEvidence,5
no,TapHead,3,2,present,5,2,11001000,LocalMismatch,19
no,TapHead,3,2,present,5,2,11100000,AmbiguousEvidence,9
no,TapHead,3,2,present,5,2,11100000,LocalMismatch,24
no,TapHead,3,2,present,5,3,10101100,AmbiguousEvidence,6
no,TapHead,3,2,present,5,3,10101100,LocalMismatch,5
no,TapHead,3,2,present,5,3,10101100,ObservedSupport,1
no,TapHead,3,2,present,5,3,10111000,AmbiguousEvidence,2
no,TapHead,3,2,present,5,3,10111000,LocalMismatch,2
no,TapHead,3,2,present,5,3,11001100,AmbiguousEvidence,4
no,TapHead,3,2,present,5,3,11001100,LocalMismatch,6
no,TapHead,3,2,present,5,3,11101000,AmbiguousEvidence,20
no,TapHead,3,2,present,5,3,11101000,LocalMismatch,32
no,TapHead,3,2,present,5,3,11110000,AmbiguousEvidence,1
no,TapHead,3,2,present,5,3,11110000,LocalMismatch,18
no,TapHead,3,2,present,5,3,11110000,ObservedSupport,1
no,TapHead,3,2,present,5,4,10111100,AmbiguousEvidence,10
no,TapHead,3,2,present,5,4,10111100,LocalMismatch,3
no,TapHead,3,2,present,5,4,11101100,AmbiguousEvidence,4
no,TapHead,3,2,present,5,4,11101100,LocalMismatch,8
no,TapHead,3,2,present,5,4,11111000,AmbiguousEvidence,5
no,TapHead,3,2,present,5,4,11111000,LocalMismatch,7
no,TapHead,3,2,present,5,5,10111110,AmbiguousEvidence,2
no,TapHead,3,2,present,5,5,10111110,LocalMismatch,2
no,TapHead,3,2,present,5,5,10111110,ObservedSupport,1
no,TapHead,3,2,present,5,5,11111100,AmbiguousEvidence,3
no,TapHead,3,2,present,5,5,11111100,LocalMismatch,2
no,TapHead,3,2,present,6,0,10000000,NoComparableContext,162
no,TapHead,3,2,present,6,1,10001000,LocalMismatch,40
no,TapHead,3,2,present,6,1,10001000,ObservedSupport,10
no,TapHead,3,2,present,6,1,10100000,LocalMismatch,26
no,TapHead,3,2,present,6,1,10100000,ObservedSupport,5
no,TapHead,3,2,present,6,1,11000000,LocalMismatch,94
no,TapHead,3,2,present,6,1,11000000,ObservedSupport,14
no,TapHead,3,2,present,6,2,10001100,AmbiguousEvidence,1
no,TapHead,3,2,present,6,2,10001100,LocalMismatch,26
no,TapHead,3,2,present,6,2,10001100,ObservedSupport,6
no,TapHead,3,2,present,6,2,10101000,AmbiguousEvidence,3
no,TapHead,3,2,present,6,2,10101000,LocalMismatch,11
no,TapHead,3,2,present,6,2,10101000,ObservedSupport,2
no,TapHead,3,2,present,6,2,10110000,AmbiguousEvidence,1
no,TapHead,3,2,present,6,2,10110000,LocalMismatch,3
no,TapHead,3,2,present,6,2,10110000,ObservedSupport,1
no,TapHead,3,2,present,6,2,11001000,AmbiguousEvidence,7
no,TapHead,3,2,present,6,2,11001000,LocalMismatch,18
no,TapHead,3,2,present,6,2,11001000,ObservedSupport,1
no,TapHead,3,2,present,6,2,11100000,AmbiguousEvidence,17
no,TapHead,3,2,present,6,2,11100000,LocalMismatch,43
no,TapHead,3,2,present,6,2,11100000,ObservedSupport,1
no,TapHead,3,2,present,6,3,10101100,AmbiguousEvidence,4
no,TapHead,3,2,present,6,3,10101100,LocalMismatch,12
no,TapHead,3,2,present,6,3,10101100,ObservedSupport,1
no,TapHead,3,2,present,6,3,10111000,AmbiguousEvidence,4
no,TapHead,3,2,present,6,3,10111000,LocalMismatch,6
no,TapHead,3,2,present,6,3,11001100,AmbiguousEvidence,1
no,TapHead,3,2,present,6,3,11001100,LocalMismatch,8
no,TapHead,3,2,present,6,3,11001100,ObservedSupport,1
no,TapHead,3,2,present,6,3,11101000,AmbiguousEvidence,11
no,TapHead,3,2,present,6,3,11101000,LocalMismatch,57
no,TapHead,3,2,present,6,3,11101000,ObservedSupport,2
no,TapHead,3,2,present,6,3,11110000,LocalMismatch,4
no,TapHead,3,2,present,6,3,11110000,ObservedSupport,1
no,TapHead,3,2,present,6,4,10111100,AmbiguousEvidence,2
no,TapHead,3,2,present,6,4,10111100,LocalMismatch,3
no,TapHead,3,2,present,6,4,11101100,AmbiguousEvidence,4
no,TapHead,3,2,present,6,4,11101100,LocalMismatch,21
no,TapHead,3,2,present,6,4,11101100,ObservedSupport,1
no,TapHead,3,2,present,6,4,11111000,AmbiguousEvidence,9
no,TapHead,3,2,present,6,4,11111000,LocalMismatch,22
no,TapHead,3,2,present,6,5,11111100,AmbiguousEvidence,6
no,TapHead,3,2,present,6,5,11111100,LocalMismatch,6
no,TapHead,3,2,present,6,7,11111111,AmbiguousEvidence,4
no,TapHead,3,2,present,6,7,11111111,LocalMismatch,21
no,TapHead,3,2,present,6,7,11111111,ObservedSupport,1
no,TapHead,3,2,present,7,0,10000000,NoComparableContext,363
no,TapHead,3,2,present,7,1,10001000,LocalMismatch,111
no,TapHead,3,2,present,7,1,10001000,ObservedSupport,26
no,TapHead,3,2,present,7,1,10100000,LocalMismatch,85
no,TapHead,3,2,present,7,1,10100000,ObservedSupport,16
no,TapHead,3,2,present,7,1,11000000,LocalMismatch,198
no,TapHead,3,2,present,7,1,11000000,ObservedSupport,33
no,TapHead,3,2,present,7,2,10001100,AmbiguousEvidence,7
no,TapHead,3,2,present,7,2,10001100,LocalMismatch,41
no,TapHead,3,2,present,7,2,10001100,ObservedSupport,8
no,TapHead,3,2,present,7,2,10101000,AmbiguousEvidence,17
no,TapHead,3,2,present,7,2,10101000,LocalMismatch,36
no,TapHead,3,2,present,7,2,10101000,ObservedSupport,1
no,TapHead,3,2,present,7,2,10110000,AmbiguousEvidence,2
no,TapHead,3,2,present,7,2,10110000,LocalMismatch,9
no,TapHead,3,2,present,7,2,10110000,ObservedSupport,2
no,TapHead,3,2,present,7,2,11001000,AmbiguousEvidence,22
no,TapHead,3,2,present,7,2,11001000,LocalMismatch,71
no,TapHead,3,2,present,7,2,11001000,ObservedSupport,5
no,TapHead,3,2,present,7,2,11100000,AmbiguousEvidence,26
no,TapHead,3,2,present,7,2,11100000,LocalMismatch,73
no,TapHead,3,2,present,7,2,11100000,ObservedSupport,4
no,TapHead,3,2,present,7,3,10101100,AmbiguousEvidence,4
no,TapHead,3,2,present,7,3,10101100,LocalMismatch,12
no,TapHead,3,2,present,7,3,10101100,ObservedSupport,2
no,TapHead,3,2,present,7,3,10111000,AmbiguousEvidence,10
no,TapHead,3,2,present,7,3,10111000,LocalMismatch,20
no,TapHead,3,2,present,7,3,10111000,ObservedSupport,1
no,TapHead,3,2,present,7,3,11001100,AmbiguousEvidence,14
no,TapHead,3,2,present,7,3,11001100,LocalMismatch,27
no,TapHead,3,2,present,7,3,11001100,ObservedSupport,1
no,TapHead,3,2,present,7,3,11101000,AmbiguousEvidence,34
no,TapHead,3,2,present,7,3,11101000,LocalMismatch,93
no,TapHead,3,2,present,7,3,11101000,ObservedSupport,1
no,TapHead,3,2,present,7,3,11110000,AmbiguousEvidence,18
no,TapHead,3,2,present,7,3,11110000,LocalMismatch,64
no,TapHead,3,2,present,7,3,11110000,ObservedSupport,3
no,TapHead,3,2,present,7,4,10111100,AmbiguousEvidence,7
no,TapHead,3,2,present,7,4,10111100,LocalMismatch,6
no,TapHead,3,2,present,7,4,11101100,AmbiguousEvidence,23
no,TapHead,3,2,present,7,4,11101100,LocalMismatch,36
no,TapHead,3,2,present,7,4,11101100,ObservedSupport,2
no,TapHead,3,2,present,7,4,11111000,AmbiguousEvidence,17
no,TapHead,3,2,present,7,4,11111000,LocalMismatch,44
no,TapHead,3,2,present,7,5,10111110,AmbiguousEvidence,7
no,TapHead,3,2,present,7,5,10111110,LocalMismatch,17
no,TapHead,3,2,present,7,5,10111110,ObservedSupport,4
no,TapHead,3,2,present,7,5,11111100,AmbiguousEvidence,5
no,TapHead,3,2,present,7,5,11111100,LocalMismatch,19
no,TapHead,3,2,present,7,7,11111111,AmbiguousEvidence,16
no,TapHead,3,2,present,7,7,11111111,LocalMismatch,49
no,TapHead,3,2,present,7,7,11111111,ObservedSupport,1
no,TapHead,3,2,present,8,0,10000000,NoComparableContext,413
no,TapHead,3,2,present,8,1,10001000,LocalMismatch,110
no,TapHead,3,2,present,8,1,10001000,ObservedSupport,22
no,TapHead,3,2,present,8,1,10100000,LocalMismatch,157
no,TapHead,3,2,present,8,1,10100000,ObservedSupport,31
no,TapHead,3,2,present,8,1,11000000,LocalMismatch,261
no,TapHead,3,2,present,8,1,11000000,ObservedSupport,46
no,TapHead,3,2,present,8,2,10001100,AmbiguousEvidence,8
no,TapHead,3,2,present,8,2,10001100,LocalMismatch,57
no,TapHead,3,2,present,8,2,10001100,ObservedSupport,7
no,TapHead,3,2,present,8,2,10101000,AmbiguousEvidence,15
no,TapHead,3,2,present,8,2,10101000,LocalMismatch,49
no,TapHead,3,2,present,8,2,10101000,ObservedSupport,7
no,TapHead,3,2,present,8,2,11001000,AmbiguousEvidence,43
no,TapHead,3,2,present,8,2,11001000,LocalMismatch,164
no,TapHead,3,2,present,8,2,11001000,ObservedSupport,6
no,TapHead,3,2,present,8,2,11100000,AmbiguousEvidence,50
no,TapHead,3,2,present,8,2,11100000,LocalMismatch,189
no,TapHead,3,2,present,8,2,11100000,ObservedSupport,3
no,TapHead,3,2,present,8,3,10101100,AmbiguousEvidence,2
no,TapHead,3,2,present,8,3,10101100,LocalMismatch,5
no,TapHead,3,2,present,8,3,10111000,AmbiguousEvidence,4
no,TapHead,3,2,present,8,3,10111000,LocalMismatch,11
no,TapHead,3,2,present,8,3,11001100,AmbiguousEvidence,13
no,TapHead,3,2,present,8,3,11001100,LocalMismatch,30
no,TapHead,3,2,present,8,3,11101000,AmbiguousEvidence,54
no,TapHead,3,2,present,8,3,11101000,LocalMismatch,168
no,TapHead,3,2,present,8,3,11101000,ObservedSupport,3
no,TapHead,3,2,present,8,3,11110000,AmbiguousEvidence,8
no,TapHead,3,2,present,8,3,11110000,LocalMismatch,48
no,TapHead,3,2,present,8,3,11110000,ObservedSupport,2
no,TapHead,3,2,present,8,4,10111100,AmbiguousEvidence,8
no,TapHead,3,2,present,8,4,10111100,LocalMismatch,14
no,TapHead,3,2,present,8,4,11101100,AmbiguousEvidence,29
no,TapHead,3,2,present,8,4,11101100,LocalMismatch,87
no,TapHead,3,2,present,8,4,11101100,ObservedSupport,3
no,TapHead,3,2,present,8,4,11111000,AmbiguousEvidence,17
no,TapHead,3,2,present,8,4,11111000,LocalMismatch,60
no,TapHead,3,2,present,8,5,10111110,LocalMismatch,7
no,TapHead,3,2,present,8,5,11111100,AmbiguousEvidence,11
no,TapHead,3,2,present,8,5,11111100,LocalMismatch,25
no,TapHead,3,2,present,8,6,11111110,AmbiguousEvidence,2
no,TapHead,3,2,present,8,6,11111110,LocalMismatch,5
no,TapHead,3,2,present,8,7,11111111,AmbiguousEvidence,12
no,TapHead,3,2,present,8,7,11111111,LocalMismatch,106
no,TapHead,3,2,present,8,7,11111111,ObservedSupport,1
no,TapHead,3,2,present,9,0,10000000,NoComparableContext,254
no,TapHead,3,2,present,9,1,10001000,LocalMismatch,92
no,TapHead,3,2,present,9,1,10001000,ObservedSupport,15
no,TapHead,3,2,present,9,1,10100000,LocalMismatch,57
no,TapHead,3,2,present,9,1,10100000,ObservedSupport,15
no,TapHead,3,2,present,9,1,11000000,LocalMismatch,284
no,TapHead,3,2,present,9,1,11000000,ObservedSupport,44
no,TapHead,3,2,present,9,2,10001100,AmbiguousEvidence,2
no,TapHead,3,2,present,9,2,10001100,LocalMismatch,47
no,TapHead,3,2,present,9,2,10001100,ObservedSupport,9
no,TapHead,3,2,present,9,2,10101000,AmbiguousEvidence,8
no,TapHead,3,2,present,9,2,10101000,LocalMismatch,22
no,TapHead,3,2,present,9,2,10101000,ObservedSupport,3
no,TapHead,3,2,present,9,2,10110000,AmbiguousEvidence,1
no,TapHead,3,2,present,9,2,10110000,LocalMismatch,42
no,TapHead,3,2,present,9,2,10110000,ObservedSupport,5
no,TapHead,3,2,present,9,2,11001000,AmbiguousEvidence,41
no,TapHead,3,2,present,9,2,11001000,LocalMismatch,133
no,TapHead,3,2,present,9,2,11001000,ObservedSupport,4
no,TapHead,3,2,present,9,2,11100000,AmbiguousEvidence,36
no,TapHead,3,2,present,9,2,11100000,LocalMismatch,139
no,TapHead,3,2,present,9,2,11100000,ObservedSupport,3
no,TapHead,3,2,present,9,3,10101100,AmbiguousEvidence,4
no,TapHead,3,2,present,9,3,10101100,LocalMismatch,12
no,TapHead,3,2,present,9,3,10111000,AmbiguousEvidence,11
no,TapHead,3,2,present,9,3,10111000,LocalMismatch,14
no,TapHead,3,2,present,9,3,11001100,AmbiguousEvidence,9
no,TapHead,3,2,present,9,3,11001100,LocalMismatch,23
no,TapHead,3,2,present,9,3,11001100,ObservedSupport,1
no,TapHead,3,2,present,9,3,11101000,AmbiguousEvidence,48
no,TapHead,3,2,present,9,3,11101000,LocalMismatch,136
no,TapHead,3,2,present,9,3,11101000,ObservedSupport,1
no,TapHead,3,2,present,9,3,11110000,AmbiguousEvidence,6
no,TapHead,3,2,present,9,3,11110000,LocalMismatch,33
no,TapHead,3,2,present,9,3,11110000,ObservedSupport,1
no,TapHead,3,2,present,9,4,11101100,AmbiguousEvidence,37
no,TapHead,3,2,present,9,4,11101100,LocalMismatch,64
no,TapHead,3,2,present,9,4,11101100,ObservedSupport,3
no,TapHead,3,2,present,9,4,11111000,AmbiguousEvidence,16
no,TapHead,3,2,present,9,4,11111000,LocalMismatch,32
no,TapHead,3,2,present,9,5,11111100,AmbiguousEvidence,23
no,TapHead,3,2,present,9,5,11111100,LocalMismatch,18
no,TapHead,4,3,absent,1,0,10000000,NoComparableContext,26
no,TapHead,4,3,absent,1,1,11000000,ObservedSupport,70
no,TapHead,4,3,absent,1,2,11001000,ObservedSupport,5
no,TapHead,4,3,absent,1,2,11100000,ObservedSupport,2
no,TapHead,4,3,absent,1,3,11001100,ObservedSupport,1
no,TapHead,4,3,absent,1,3,11110000,ObservedSupport,2
no,TapHead,4,3,absent,2,0,10000000,NoComparableContext,38
no,TapHead,4,3,absent,2,1,10100000,LocalMismatch,1
no,TapHead,4,3,absent,2,1,10100000,ObservedSupport,3
no,TapHead,4,3,absent,2,1,11000000,LocalMismatch,9
no,TapHead,4,3,absent,2,1,11000000,ObservedSupport,95
no,TapHead,4,3,absent,2,2,10001100,ObservedSupport,1
no,TapHead,4,3,absent,2,2,10110000,LocalMismatch,1
no,TapHead,4,3,absent,2,2,10110000,ObservedSupport,1
no,TapHead,4,3,absent,2,2,11001000,AmbiguousEvidence,9
no,TapHead,4,3,absent,2,2,11001000,LocalMismatch,6
no,TapHead,4,3,absent,2,2,11001000,ObservedSupport,5
no,TapHead,4,3,absent,2,2,11100000,AmbiguousEvidence,23
no,TapHead,4,3,absent,2,2,11100000,ObservedSupport,7
no,TapHead,4,3,absent,2,3,11001100,AmbiguousEvidence,2
no,TapHead,4,3,absent,2,3,11001100,ObservedSupport,5
no,TapHead,4,3,absent,2,3,11101000,AmbiguousEvidence,10
no,TapHead,4,3,absent,2,3,11101000,LocalMismatch,2
no,TapHead,4,3,absent,2,3,11101000,ObservedSupport,1
no,TapHead,4,3,absent,2,3,11110000,AmbiguousEvidence,23
no,TapHead,4,3,absent,2,3,11110000,ObservedSupport,7
no,TapHead,4,3,absent,2,4,11101100,AmbiguousEvidence,10
no,TapHead,4,3,absent,2,4,11101100,LocalMismatch,2
no,TapHead,4,3,absent,2,4,11101100,ObservedSupport,1
no,TapHead,4,3,absent,2,4,11111000,AmbiguousEvidence,21
no,TapHead,4,3,absent,2,4,11111000,ObservedSupport,1
no,TapHead,4,3,absent,2,5,11111100,AmbiguousEvidence,5
no,TapHead,4,3,absent,2,7,11111111,AmbiguousEvidence,19
no,TapHead,4,3,absent,2,7,11111111,LocalMismatch,2
no,TapHead,4,3,absent,2,7,11111111,ObservedSupport,2
no,TapHead,4,3,absent,3,0,10000000,NoComparableContext,35
no,TapHead,4,3,absent,3,1,10100000,LocalMismatch,1
no,TapHead,4,3,absent,3,1,10100000,ObservedSupport,1
no,TapHead,4,3,absent,3,1,11000000,LocalMismatch,38
no,TapHead,4,3,absent,3,1,11000000,ObservedSupport,187
no,TapHead,4,3,absent,3,2,11001000,AmbiguousEvidence,40
no,TapHead,4,3,absent,3,2,11001000,LocalMismatch,11
no,TapHead,4,3,absent,3,2,11001000,ObservedSupport,14
no,TapHead,4,3,absent,3,2,11100000,AmbiguousEvidence,72
no,TapHead,4,3,absent,3,2,11100000,LocalMismatch,4
no,TapHead,4,3,absent,3,2,11100000,ObservedSupport,31
no,TapHead,4,3,absent,3,3,11001100,AmbiguousEvidence,64
no,TapHead,4,3,absent,3,3,11001100,LocalMismatch,2
no,TapHead,4,3,absent,3,3,11001100,ObservedSupport,11
no,TapHead,4,3,absent,3,3,11101000,AmbiguousEvidence,74
no,TapHead,4,3,absent,3,3,11101000,LocalMismatch,4
no,TapHead,4,3,absent,3,3,11101000,ObservedSupport,9
no,TapHead,4,3,absent,3,3,11110000,AmbiguousEvidence,65
no,TapHead,4,3,absent,3,3,11110000,ObservedSupport,16
no,TapHead,4,3,absent,3,4,11101100,AmbiguousEvidence,57
no,TapHead,4,3,absent,3,4,11101100,ObservedSupport,7
no,TapHead,4,3,absent,3,4,11111000,AmbiguousEvidence,81
no,TapHead,4,3,absent,3,4,11111000,ObservedSupport,3
no,TapHead,4,3,absent,3,5,11111100,AmbiguousEvidence,80
no,TapHead,4,3,absent,3,7,11111111,AmbiguousEvidence,73
no,TapHead,4,3,absent,3,7,11111111,LocalMismatch,1
no,TapHead,4,3,absent,3,7,11111111,ObservedSupport,16
no,TapHead,4,3,absent,4,0,10000000,NoComparableContext,21
no,TapHead,4,3,absent,4,1,10001000,LocalMismatch,3
no,TapHead,4,3,absent,4,1,11000000,LocalMismatch,53
no,TapHead,4,3,absent,4,1,11000000,ObservedSupport,889
no,TapHead,4,3,absent,4,2,11001000,AmbiguousEvidence,335
no,TapHead,4,3,absent,4,2,11001000,LocalMismatch,21
no,TapHead,4,3,absent,4,2,11001000,ObservedSupport,138
no,TapHead,4,3,absent,4,2,11100000,AmbiguousEvidence,422
no,TapHead,4,3,absent,4,2,11100000,LocalMismatch,14
no,TapHead,4,3,absent,4,2,11100000,ObservedSupport,142
no,TapHead,4,3,absent,4,3,11001100,AmbiguousEvidence,580
no,TapHead,4,3,absent,4,3,11001100,LocalMismatch,5
no,TapHead,4,3,absent,4,3,11001100,ObservedSupport,264
no,TapHead,4,3,absent,4,3,11101000,AmbiguousEvidence,582
no,TapHead,4,3,absent,4,3,11101000,LocalMismatch,10
no,TapHead,4,3,absent,4,3,11101000,ObservedSupport,77
no,TapHead,4,3,absent,4,3,11110000,AmbiguousEvidence,754
no,TapHead,4,3,absent,4,3,11110000,LocalMismatch,4
no,TapHead,4,3,absent,4,3,11110000,ObservedSupport,261
no,TapHead,4,3,absent,4,4,11101100,AmbiguousEvidence,1133
no,TapHead,4,3,absent,4,4,11101100,LocalMismatch,1
no,TapHead,4,3,absent,4,4,11101100,ObservedSupport,96
no,TapHead,4,3,absent,4,4,11111000,AmbiguousEvidence,956
no,TapHead,4,3,absent,4,4,11111000,ObservedSupport,109
no,TapHead,4,3,absent,4,5,11111100,AmbiguousEvidence,4508
no,TapHead,4,3,absent,4,5,11111100,LocalMismatch,2
no,TapHead,4,3,absent,4,7,11111111,AmbiguousEvidence,5042
no,TapHead,4,3,absent,4,7,11111111,LocalMismatch,3
no,TapHead,4,3,absent,4,7,11111111,ObservedSupport,730
no,TapHead,4,3,absent,5,0,10000000,NoComparableContext,4
no,TapHead,4,3,absent,5,1,11000000,LocalMismatch,78
no,TapHead,4,3,absent,5,1,11000000,ObservedSupport,193
no,TapHead,4,3,absent,5,2,11001000,AmbiguousEvidence,55
no,TapHead,4,3,absent,5,2,11001000,LocalMismatch,48
no,TapHead,4,3,absent,5,2,11001000,ObservedSupport,26
no,TapHead,4,3,absent,5,2,11100000,AmbiguousEvidence,115
no,TapHead,4,3,absent,5,2,11100000,LocalMismatch,35
no,TapHead,4,3,absent,5,2,11100000,ObservedSupport,26
no,TapHead,4,3,absent,5,3,11001100,AmbiguousEvidence,66
no,TapHead,4,3,absent,5,3,11001100,LocalMismatch,7
no,TapHead,4,3,absent,5,3,11001100,ObservedSupport,12
no,TapHead,4,3,absent,5,3,11101000,AmbiguousEvidence,160
no,TapHead,4,3,absent,5,3,11101000,LocalMismatch,29
no,TapHead,4,3,absent,5,3,11101000,ObservedSupport,12
no,TapHead,4,3,absent,5,3,11110000,AmbiguousEvidence,31
no,TapHead,4,3,absent,5,3,11110000,LocalMismatch,2
no,TapHead,4,3,absent,5,3,11110000,ObservedSupport,7
no,TapHead,4,3,absent,5,4,11101100,AmbiguousEvidence,88
no,TapHead,4,3,absent,5,4,11101100,LocalMismatch,5
no,TapHead,4,3,absent,5,4,11101100,ObservedSupport,7
no,TapHead,4,3,absent,5,4,11111000,AmbiguousEvidence,73
no,TapHead,4,3,absent,5,4,11111000,LocalMismatch,7
no,TapHead,4,3,absent,5,4,11111000,ObservedSupport,5
no,TapHead,4,3,absent,5,5,11111100,AmbiguousEvidence,80
no,TapHead,4,3,absent,5,7,11111111,AmbiguousEvidence,8
no,TapHead,4,3,absent,6,0,10000000,NoComparableContext,11
no,TapHead,4,3,absent,6,1,11000000,LocalMismatch,39
no,TapHead,4,3,absent,6,1,11000000,ObservedSupport,63
no,TapHead,4,3,absent,6,2,11001000,AmbiguousEvidence,31
no,TapHead,4,3,absent,6,2,11001000,LocalMismatch,20
no,TapHead,4,3,absent,6,2,11001000,ObservedSupport,9
no,TapHead,4,3,absent,6,2,11100000,AmbiguousEvidence,34
no,TapHead,4,3,absent,6,2,11100000,LocalMismatch,18
no,TapHead,4,3,absent,6,2,11100000,ObservedSupport,13
no,TapHead,4,3,absent,6,3,11001100,AmbiguousEvidence,11
no,TapHead,4,3,absent,6,3,11001100,LocalMismatch,4
no,TapHead,4,3,absent,6,3,11101000,AmbiguousEvidence,94
no,TapHead,4,3,absent,6,3,11101000,LocalMismatch,43
no,TapHead,4,3,absent,6,3,11101000,ObservedSupport,8
no,TapHead,4,3,absent,6,3,11110000,AmbiguousEvidence,21
no,TapHead,4,3,absent,6,3,11110000,LocalMismatch,10
no,TapHead,4,3,absent,6,3,11110000,ObservedSupport,4
no,TapHead,4,3,absent,6,4,11101100,AmbiguousEvidence,17
no,TapHead,4,3,absent,6,4,11101100,LocalMismatch,8
no,TapHead,4,3,absent,6,4,11111000,AmbiguousEvidence,35
no,TapHead,4,3,absent,6,4,11111000,LocalMismatch,18
no,TapHead,4,3,absent,6,4,11111000,ObservedSupport,2
no,TapHead,4,3,absent,6,5,11111100,AmbiguousEvidence,15
no,TapHead,4,3,absent,6,5,11111100,LocalMismatch,5
no,TapHead,4,3,absent,7,1,11000000,LocalMismatch,6
no,TapHead,4,3,absent,7,1,11000000,ObservedSupport,12
no,TapHead,4,3,absent,7,2,11001000,AmbiguousEvidence,11
no,TapHead,4,3,absent,7,2,11001000,LocalMismatch,5
no,TapHead,4,3,absent,7,2,11001000,ObservedSupport,2
no,TapHead,4,3,absent,7,2,11100000,AmbiguousEvidence,10
no,TapHead,4,3,absent,7,2,11100000,LocalMismatch,6
no,TapHead,4,3,absent,7,2,11100000,ObservedSupport,2
no,TapHead,4,3,absent,7,3,11101000,AmbiguousEvidence,10
no,TapHead,4,3,absent,7,3,11101000,LocalMismatch,5
no,TapHead,4,3,absent,7,3,11101000,ObservedSupport,3
no,TapHead,4,3,absent,7,3,11110000,AmbiguousEvidence,3
no,TapHead,4,3,absent,7,3,11110000,LocalMismatch,2
no,TapHead,4,3,absent,7,3,11110000,ObservedSupport,1
no,TapHead,4,3,absent,7,7,11111111,AmbiguousEvidence,8
no,TapHead,4,3,absent,7,7,11111111,LocalMismatch,4
no,TapHead,4,3,absent,8,1,11000000,LocalMismatch,5
no,TapHead,4,3,absent,8,1,11000000,ObservedSupport,30
no,TapHead,4,3,absent,8,2,11001000,AmbiguousEvidence,10
no,TapHead,4,3,absent,8,2,11001000,LocalMismatch,2
no,TapHead,4,3,absent,8,2,11001000,ObservedSupport,2
no,TapHead,4,3,absent,8,2,11100000,AmbiguousEvidence,56
no,TapHead,4,3,absent,8,2,11100000,LocalMismatch,13
no,TapHead,4,3,absent,8,2,11100000,ObservedSupport,22
no,TapHead,4,3,absent,8,3,11001100,AmbiguousEvidence,6
no,TapHead,4,3,absent,8,3,11001100,LocalMismatch,1
no,TapHead,4,3,absent,8,3,11101000,AmbiguousEvidence,109
no,TapHead,4,3,absent,8,3,11101000,LocalMismatch,16
no,TapHead,4,3,absent,8,3,11101000,ObservedSupport,8
no,TapHead,4,3,absent,8,3,11110000,AmbiguousEvidence,6
no,TapHead,4,3,absent,8,3,11110000,LocalMismatch,1
no,TapHead,4,3,absent,8,4,11101100,AmbiguousEvidence,55
no,TapHead,4,3,absent,8,4,11101100,LocalMismatch,7
no,TapHead,4,3,absent,8,4,11101100,ObservedSupport,1
no,TapHead,4,3,absent,8,4,11111000,AmbiguousEvidence,18
no,TapHead,4,3,absent,8,4,11111000,LocalMismatch,3
no,TapHead,4,3,absent,8,5,11111100,AmbiguousEvidence,12
no,TapHead,4,3,absent,8,5,11111100,LocalMismatch,2
no,TapHead,4,3,absent,8,7,11111111,AmbiguousEvidence,10
no,TapHead,4,3,absent,8,7,11111111,LocalMismatch,2
no,TapHead,4,3,absent,8,7,11111111,ObservedSupport,2
no,TapHead,4,3,present,1,0,10000000,NoComparableContext,109
no,TapHead,4,3,present,1,1,10001000,ObservedSupport,1
no,TapHead,4,3,present,1,1,10100000,ObservedSupport,1
no,TapHead,4,3,present,1,1,11000000,ObservedSupport,7
no,TapHead,4,3,present,1,2,10001100,ObservedSupport,3
no,TapHead,4,3,present,1,2,10110000,ObservedSupport,1
no,TapHead,4,3,present,1,2,11100000,ObservedSupport,2
no,TapHead,4,3,present,1,3,11101000,ObservedSupport,1
no,TapHead,4,3,present,2,0,10000000,NoComparableContext,202
no,TapHead,4,3,present,2,1,10001000,LocalMismatch,6
no,TapHead,4,3,present,2,1,10001000,ObservedSupport,6
no,TapHead,4,3,present,2,1,10100000,LocalMismatch,8
no,TapHead,4,3,present,2,1,10100000,ObservedSupport,10
no,TapHead,4,3,present,2,1,11000000,LocalMismatch,25
no,TapHead,4,3,present,2,1,11000000,ObservedSupport,19
no,TapHead,4,3,present,2,2,10001100,LocalMismatch,5
no,TapHead,4,3,present,2,2,10001100,ObservedSupport,1
no,TapHead,4,3,present,2,2,10101000,AmbiguousEvidence,3
no,TapHead,4,3,present,2,2,10110000,LocalMismatch,2
no,TapHead,4,3,present,2,2,10110000,ObservedSupport,3
no,TapHead,4,3,present,2,2,11001000,AmbiguousEvidence,3
no,TapHead,4,3,present,2,2,11001000,LocalMismatch,5
no,TapHead,4,3,present,2,2,11001000,ObservedSupport,1
no,TapHead,4,3,present,2,2,11100000,AmbiguousEvidence,1
no,TapHead,4,3,present,2,2,11100000,LocalMismatch,2
no,TapHead,4,3,present,2,2,11100000,ObservedSupport,4
no,TapHead,4,3,present,2,3,10101100,LocalMismatch,4
no,TapHead,4,3,present,2,3,11001100,AmbiguousEvidence,1
no,TapHead,4,3,present,2,3,11001100,LocalMismatch,2
no,TapHead,4,3,present,2,3,11101000,AmbiguousEvidence,2
no,TapHead,4,3,present,2,3,11101000,LocalMismatch,5
no,TapHead,4,3,present,2,3,11110000,AmbiguousEvidence,2
no,TapHead,4,3,present,2,3,11110000,LocalMismatch,2
no,TapHead,4,3,present,2,3,11110000,ObservedSupport,1
no,TapHead,4,3,present,2,4,11101100,AmbiguousEvidence,2
no,TapHead,4,3,present,2,4,11101100,LocalMismatch,3
no,TapHead,4,3,present,2,4,11111000,AmbiguousEvidence,1
no,TapHead,4,3,present,2,4,11111000,LocalMismatch,1
no,TapHead,4,3,present,2,5,11111100,AmbiguousEvidence,4
no,TapHead,4,3,present,2,5,11111100,LocalMismatch,1
no,TapHead,4,3,present,2,6,11111110,AmbiguousEvidence,2
no,TapHead,4,3,present,2,7,11111111,LocalMismatch,4
no,TapHead,4,3,present,3,0,10000000,NoComparableContext,244
no,TapHead,4,3,present,3,1,10001000,LocalMismatch,7
no,TapHead,4,3,present,3,1,10001000,ObservedSupport,3
no,TapHead,4,3,present,3,1,10100000,LocalMismatch,17
no,TapHead,4,3,present,3,1,10100000,ObservedSupport,9
no,TapHead,4,3,present,3,1,11000000,LocalMismatch,42
no,TapHead,4,3,present,3,1,11000000,ObservedSupport,24
no,TapHead,4,3,present,3,2,10001100,LocalMismatch,8
no,TapHead,4,3,present,3,2,10001100,ObservedSupport,3
no,TapHead,4,3,present,3,2,10101000,AmbiguousEvidence,1
no,TapHead,4,3,present,3,2,10101000,LocalMismatch,12
no,TapHead,4,3,present,3,2,10101000,ObservedSupport,7
no,TapHead,4,3,present,3,2,10110000,LocalMismatch,5
no,TapHead,4,3,present,3,2,10110000,ObservedSupport,3
no,TapHead,4,3,present,3,2,11001000,AmbiguousEvidence,3
no,TapHead,4,3,present,3,2,11001000,LocalMismatch,13
no,TapHead,4,3,present,3,2,11001000,ObservedSupport,1
no,TapHead,4,3,present,3,2,11100000,AmbiguousEvidence,3
no,TapHead,4,3,present,3,2,11100000,LocalMismatch,4
no,TapHead,4,3,present,3,3,10101100,LocalMismatch,2
no,TapHead,4,3,present,3,3,11001100,AmbiguousEvidence,3
no,TapHead,4,3,present,3,3,11001100,LocalMismatch,9
no,TapHead,4,3,present,3,3,11001100,ObservedSupport,1
no,TapHead,4,3,present,3,3,11101000,AmbiguousEvidence,4
no,TapHead,4,3,present,3,3,11101000,LocalMismatch,14
no,TapHead,4,3,present,3,3,11101000,ObservedSupport,1
no,TapHead,4,3,present,3,3,11110000,AmbiguousEvidence,8
no,TapHead,4,3,present,3,3,11110000,LocalMismatch,10
no,TapHead,4,3,present,3,3,11110000,ObservedSupport,1
no,TapHead,4,3,present,3,4,10111100,AmbiguousEvidence,3
no,TapHead,4,3,present,3,4,11101100,LocalMismatch,2
no,TapHead,4,3,present,3,4,11111000,AmbiguousEvidence,3
no,TapHead,4,3,present,3,4,11111000,LocalMismatch,9
no,TapHead,4,3,present,3,5,10111110,LocalMismatch,2
no,TapHead,4,3,present,3,5,10111110,ObservedSupport,1
no,TapHead,4,3,present,3,5,11111100,AmbiguousEvidence,4
no,TapHead,4,3,present,3,5,11111100,LocalMismatch,4
no,TapHead,4,3,present,3,6,11111110,LocalMismatch,4
no,TapHead,4,3,present,3,7,11111111,AmbiguousEvidence,4
no,TapHead,4,3,present,3,7,11111111,LocalMismatch,4
no,TapHead,4,3,present,4,0,10000000,NoComparableContext,92
no,TapHead,4,3,present,4,1,10001000,LocalMismatch,25
no,TapHead,4,3,present,4,1,10001000,ObservedSupport,13
no,TapHead,4,3,present,4,1,10100000,LocalMismatch,15
no,TapHead,4,3,present,4,1,10100000,ObservedSupport,6
no,TapHead,4,3,present,4,1,11000000,LocalMismatch,56
no,TapHead,4,3,present,4,1,11000000,ObservedSupport,14
no,TapHead,4,3,present,4,2,10001100,LocalMismatch,9
no,TapHead,4,3,present,4,2,10001100,ObservedSupport,1
no,TapHead,4,3,present,4,2,10101000,AmbiguousEvidence,2
no,TapHead,4,3,present,4,2,10101000,LocalMismatch,4
no,TapHead,4,3,present,4,2,10101000,ObservedSupport,1
no,TapHead,4,3,present,4,2,10110000,LocalMismatch,5
no,TapHead,4,3,present,4,2,10110000,ObservedSupport,2
no,TapHead,4,3,present,4,2,11001000,AmbiguousEvidence,8
no,TapHead,4,3,present,4,2,11001000,LocalMismatch,22
no,TapHead,4,3,present,4,2,11001000,ObservedSupport,3
no,TapHead,4,3,present,4,2,11100000,AmbiguousEvidence,4
no,TapHead,4,3,present,4,2,11100000,LocalMismatch,4
no,TapHead,4,3,present,4,2,11100000,ObservedSupport,1
no,TapHead,4,3,present,4,3,10101100,AmbiguousEvidence,5
no,TapHead,4,3,present,4,3,10101100,LocalMismatch,7
no,TapHead,4,3,present,4,3,11001100,AmbiguousEvidence,5
no,TapHead,4,3,present,4,3,11001100,LocalMismatch,8
no,TapHead,4,3,present,4,3,11001100,ObservedSupport,1
no,TapHead,4,3,present,4,3,11101000,AmbiguousEvidence,10
no,TapHead,4,3,present,4,3,11101000,LocalMismatch,3
no,TapHead,4,3,present,4,3,11110000,AmbiguousEvidence,4
no,TapHead,4,3,present,4,3,11110000,LocalMismatch,12
no,TapHead,4,3,present,4,3,11110000,ObservedSupport,2
no,TapHead,4,3,present,4,4,11101100,AmbiguousEvidence,10
no,TapHead,4,3,present,4,4,11101100,LocalMismatch,6
no,TapHead,4,3,present,4,4,11111000,AmbiguousEvidence,11
no,TapHead,4,3,present,4,4,11111000,LocalMismatch,13
no,TapHead,4,3,present,4,5,11111100,AmbiguousEvidence,24
no,TapHead,4,3,present,4,5,11111100,LocalMismatch,9
no,TapHead,4,3,present,4,6,11111110,AmbiguousEvidence,8
no,TapHead,4,3,present,4,6,11111110,LocalMismatch,4
no,TapHead,4,3,present,4,7,11111111,AmbiguousEvidence,2
no,TapHead,4,3,present,4,7,11111111,LocalMismatch,10
no,TapHead,4,3,present,5,0,10000000,NoComparableContext,89
no,TapHead,4,3,present,5,1,10001000,LocalMismatch,16
no,TapHead,4,3,present,5,1,10001000,ObservedSupport,4
no,TapHead,4,3,present,5,1,10100000,LocalMismatch,13
no,TapHead,4,3,present,5,1,10100000,ObservedSupport,4
no,TapHead,4,3,present,5,1,11000000,LocalMismatch,57
no,TapHead,4,3,present,5,1,11000000,ObservedSupport,20
no,TapHead,4,3,present,5,2,10001100,AmbiguousEvidence,2
no,TapHead,4,3,present,5,2,10001100,LocalMismatch,15
no,TapHead,4,3,present,5,2,10001100,ObservedSupport,3
no,TapHead,4,3,present,5,2,10101000,AmbiguousEvidence,2
no,TapHead,4,3,present,5,2,10101000,LocalMismatch,5
no,TapHead,4,3,present,5,2,10101000,ObservedSupport,1
no,TapHead,4,3,present,5,2,10110000,LocalMismatch,4
no,TapHead,4,3,present,5,2,10110000,ObservedSupport,1
no,TapHead,4,3,present,5,2,11001000,AmbiguousEvidence,9
no,TapHead,4,3,present,5,2,11001000,LocalMismatch,31
no,TapHead,4,3,present,5,2,11001000,ObservedSupport,1
no,TapHead,4,3,present,5,2,11100000,AmbiguousEvidence,15
no,TapHead,4,3,present,5,2,11100000,LocalMismatch,19
no,TapHead,4,3,present,5,2,11100000,ObservedSupport,3
no,TapHead,4,3,present,5,3,10101100,AmbiguousEvidence,2
no,TapHead,4,3,present,5,3,10101100,LocalMismatch,2
no,TapHead,4,3,present,5,3,11001100,AmbiguousEvidence,10
no,TapHead,4,3,present,5,3,11001100,LocalMismatch,17
no,TapHead,4,3,present,5,3,11001100,ObservedSupport,2
no,TapHead,4,3,present,5,3,11101000,LocalMismatch,27
no,TapHead,4,3,present,5,3,11101000,ObservedSupport,1
no,TapHead,4,3,present,5,3,11110000,AmbiguousEvidence,2
no,TapHead,4,3,present,5,3,11110000,LocalMismatch,6
no,TapHead,4,3,present,5,4,11101100,AmbiguousEvidence,16
no,TapHead,4,3,present,5,4,11101100,LocalMismatch,8
no,TapHead,4,3,present,5,4,11111000,AmbiguousEvidence,6
no,TapHead,4,3,present,5,4,11111000,LocalMismatch,6
no,TapHead,4,3,present,5,5,11111100,AmbiguousEvidence,24
no,TapHead,4,3,present,5,5,11111100,LocalMismatch,16
no,TapHead,4,3,present,5,6,11111110,AmbiguousEvidence,8
no,TapHead,4,3,present,5,6,11111110,LocalMismatch,8
no,TapHead,4,3,present,6,0,10000000,NoComparableContext,51
no,TapHead,4,3,present,6,1,10100000,LocalMismatch,7
no,TapHead,4,3,present,6,1,10100000,ObservedSupport,3
no,TapHead,4,3,present,6,1,11000000,LocalMismatch,13
no,TapHead,4,3,present,6,1,11000000,ObservedSupport,4
no,TapHead,4,3,present,6,2,10001100,LocalMismatch,5
no,TapHead,4,3,present,6,2,10101000,LocalMismatch,9
no,TapHead,4,3,present,6,2,10101000,ObservedSupport,1
no,TapHead,4,3,present,6,2,11001000,AmbiguousEvidence,12
no,TapHead,4,3,present,6,2,11001000,LocalMismatch,43
no,TapHead,4,3,present,6,2,11001000,ObservedSupport,2
no,TapHead,4,3,present,6,2,11100000,AmbiguousEvidence,3
no,TapHead,4,3,present,6,2,11100000,LocalMismatch,7
no,TapHead,4,3,present,6,3,10101100,AmbiguousEvidence,1
no,TapHead,4,3,present,6,3,10101100,LocalMismatch,3
no,TapHead,4,3,present,6,3,10101100,ObservedSupport,1
no,TapHead,4,3,present,6,3,11001100,AmbiguousEvidence,1
no,TapHead,4,3,present,6,3,11001100,LocalMismatch,4
no,TapHead,4,3,present,6,3,11101000,AmbiguousEvidence,2
no,TapHead,4,3,present,6,3,11101000,LocalMismatch,13
no,TapHead,4,3,present,6,3,11110000,AmbiguousEvidence,1
no,TapHead,4,3,present,6,3,11110000,LocalMismatch,3
no,TapHead,4,3,present,6,3,11110000,ObservedSupport,1
no,TapHead,4,3,present,6,4,11101100,AmbiguousEvidence,3
no,TapHead,4,3,present,6,4,11101100,LocalMismatch,12
no,TapHead,4,3,present,6,4,11111000,AmbiguousEvidence,5
no,TapHead,4,3,present,6,4,11111000,LocalMismatch,14
no,TapHead,4,3,present,6,4,11111000,ObservedSupport,1
no,TapHead,4,3,present,6,5,11111100,AmbiguousEvidence,2
no,TapHead,4,3,present,6,5,11111100,LocalMismatch,3
no,TapHead,4,3,present,7,0,10000000,NoComparableContext,6
no,TapHead,4,3,present,7,1,10001000,LocalMismatch,6
no,TapHead,4,3,present,7,2,10101000,AmbiguousEvidence,1
no,TapHead,4,3,present,7,2,10101000,LocalMismatch,5
no,TapHead,4,3,present,7,2,11100000,AmbiguousEvidence,2
no,TapHead,4,3,present,7,2,11100000,LocalMismatch,4
no,TapHead,4,3,present,7,3,11101000,AmbiguousEvidence,4
no,TapHead,4,3,present,7,3,11101000,LocalMismatch,32
no,TapHead,4,3,present,8,4,11101100,AmbiguousEvidence,4
no,TapHead,4,3,present,8,4,11101100,LocalMismatch,3
no,TapHead,5,4,absent,1,0,10000000,NoComparableContext,10
no,TapHead,5,4,absent,1,1,10001000,ObservedSupport,1
no,TapHead,5,4,absent,1,1,10100000,ObservedSupport,1
no,TapHead,5,4,absent,1,1,11000000,ObservedSupport,34
no,TapHead,5,4,absent,1,2,11001000,ObservedSupport,2
no,TapHead,5,4,absent,1,3,11001100,ObservedSupport,2
no,TapHead,5,4,absent,2,0,10000000,NoComparableContext,4
no,TapHead,5,4,absent,2,1,10100000,LocalMismatch,1
no,TapHead,5,4,absent,2,1,10100000,ObservedSupport,1
no,TapHead,5,4,absent,2,1,11000000,LocalMismatch,10
no,TapHead,5,4,absent,2,1,11000000,ObservedSupport,91
no,TapHead,5,4,absent,2,2,11001000,AmbiguousEvidence,12
no,TapHead,5,4,absent,2,2,11001000,ObservedSupport,9
no,TapHead,5,4,absent,2,2,11100000,AmbiguousEvidence,14
no,TapHead,5,4,absent,2,2,11100000,LocalMismatch,1
no,TapHead,5,4,absent,2,2,11100000,ObservedSupport,8
no,TapHead,5,4,absent,2,3,11001100,AmbiguousEvidence,35
no,TapHead,5,4,absent,2,3,11001100,ObservedSupport,3
no,TapHead,5,4,absent,2,3,11101000,AmbiguousEvidence,40
no,TapHead,5,4,absent,2,3,11101000,LocalMismatch,2
no,TapHead,5,4,absent,2,3,11101000,ObservedSupport,3
no,TapHead,5,4,absent,2,3,11110000,AmbiguousEvidence,10
no,TapHead,5,4,absent,2,3,11110000,ObservedSupport,6
no,TapHead,5,4,absent,2,4,11101100,AmbiguousEvidence,19
no,TapHead,5,4,absent,2,4,11111000,AmbiguousEvidence,14
no,TapHead,5,4,absent,2,5,11111100,AmbiguousEvidence,31
no,TapHead,5,4,absent,2,7,11111111,AmbiguousEvidence,37
no,TapHead,5,4,absent,2,7,11111111,ObservedSupport,2
no,TapHead,5,4,absent,3,0,10000000,NoComparableContext,3
no,TapHead,5,4,absent,3,1,11000000,LocalMismatch,19
no,TapHead,5,4,absent,3,1,11000000,ObservedSupport,345
no,TapHead,5,4,absent,3,2,11001000,AmbiguousEvidence,83
no,TapHead,5,4,absent,3,2,11001000,LocalMismatch,4
no,TapHead,5,4,absent,3,2,11001000,ObservedSupport,29
no,TapHead,5,4,absent,3,2,11100000,AmbiguousEvidence,98
no,TapHead,5,4,absent,3,2,11100000,LocalMismatch,5
no,TapHead,5,4,absent,3,2,11100000,ObservedSupport,31
no,TapHead,5,4,absent,3,3,11001100,AmbiguousEvidence,102
no,TapHead,5,4,absent,3,3,11001100,LocalMismatch,3
no,TapHead,5,4,absent,3,3,11001100,ObservedSupport,31
no,TapHead,5,4,absent,3,3,11101000,AmbiguousEvidence,239
no,TapHead,5,4,absent,3,3,11101000,LocalMismatch,1
no,TapHead,5,4,absent,3,3,11101000,ObservedSupport,14
no,TapHead,5,4,absent,3,3,11110000,AmbiguousEvidence,155
no,TapHead,5,4,absent,3,3,11110000,LocalMismatch,2
no,TapHead,5,4,absent,3,3,11110000,ObservedSupport,49
no,TapHead,5,4,absent,3,4,11101100,AmbiguousEvidence,235
no,TapHead,5,4,absent,3,4,11101100,LocalMismatch,3
no,TapHead,5,4,absent,3,4,11101100,ObservedSupport,12
no,TapHead,5,4,absent,3,4,11111000,AmbiguousEvidence,232
no,TapHead,5,4,absent,3,4,11111000,LocalMismatch,2
no,TapHead,5,4,absent,3,4,11111000,ObservedSupport,22
no,TapHead,5,4,absent,3,5,11111100,AmbiguousEvidence,458
no,TapHead,5,4,absent,3,7,11111111,AmbiguousEvidence,408
no,TapHead,5,4,absent,3,7,11111111,ObservedSupport,6
no,TapHead,5,4,absent,4,1,11000000,LocalMismatch,4
no,TapHead,5,4,absent,4,1,11000000,ObservedSupport,32
no,TapHead,5,4,absent,4,2,10110000,LocalMismatch,3
no,TapHead,5,4,absent,4,2,10110000,ObservedSupport,1
no,TapHead,5,4,absent,4,2,11001000,AmbiguousEvidence,3
no,TapHead,5,4,absent,4,2,11100000,AmbiguousEvidence,14
no,TapHead,5,4,absent,4,2,11100000,LocalMismatch,4
no,TapHead,5,4,absent,4,2,11100000,ObservedSupport,3
no,TapHead,5,4,absent,4,3,11001100,AmbiguousEvidence,3
no,TapHead,5,4,absent,4,3,11101000,AmbiguousEvidence,13
no,TapHead,5,4,absent,4,3,11101000,LocalMismatch,5
no,TapHead,5,4,absent,4,3,11110000,AmbiguousEvidence,3
no,TapHead,5,4,absent,4,3,11110000,LocalMismatch,2
no,TapHead,5,4,absent,4,3,11110000,ObservedSupport,1
no,TapHead,5,4,absent,4,4,11101100,AmbiguousEvidence,6
no,TapHead,5,4,absent,4,4,11111000,AmbiguousEvidence,9
no,TapHead,5,4,absent,4,5,11111100,AmbiguousEvidence,9
no,TapHead,5,4,absent,5,1,11000000,LocalMismatch,3
no,TapHead,5,4,absent,5,1,11000000,ObservedSupport,2
no,TapHead,5,4,present,1,0,10000000,NoComparableContext,43
no,TapHead,5,4,present,1,1,10001000,ObservedSupport,1
no,TapHead,5,4,present,1,1,10100000,ObservedSupport,1
no,TapHead,5,4,present,1,1,11000000,ObservedSupport,7
no,TapHead,5,4,present,1,3,11110000,ObservedSupport,1
no,TapHead,5,4,present,2,0,10000000,NoComparableContext,32
no,TapHead,5,4,present,2,1,10001000,ObservedSupport,1
no,TapHead,5,4,present,2,1,11000000,LocalMismatch,3
no,TapHead,5,4,present,2,1,11000000,ObservedSupport,3
no,TapHead,5,4,present,2,2,10001100,LocalMismatch,4
no,TapHead,5,4,present,2,2,10001100,ObservedSupport,2
no,TapHead,5,4,present,2,7,11111111,LocalMismatch,2
no,TapHead,5,4,present,3,0,10000000,NoComparableContext,33
no,TapHead,5,4,present,3,1,10001000,LocalMismatch,2
no,TapHead,5,4,present,3,1,10001000,ObservedSupport,1
no,TapHead,5,4,present,3,1,10100000,LocalMismatch,2
no,TapHead,5,4,present,3,1,10100000,ObservedSupport,2
no,TapHead,5,4,present,3,1,11000000,LocalMismatch,4
no,TapHead,5,4,present,3,1,11000000,ObservedSupport,2
no,TapHead,5,4,present,3,2,10001100,LocalMismatch,6
no,TapHead,5,4,present,3,2,10001100,ObservedSupport,3
no,TapHead,5,4,present,3,2,10101000,AmbiguousEvidence,2
no,TapHead,5,4,present,3,2,10101000,LocalMismatch,1
no,TapHead,5,4,present,3,2,10110000,LocalMismatch,4
no,TapHead,5,4,present,3,2,10110000,ObservedSupport,2
no,TapHead,5,4,present,3,2,11001000,AmbiguousEvidence,3
no,TapHead,5,4,present,3,3,11101000,LocalMismatch,2
no,TapHead,5,4,present,3,4,11101100,LocalMismatch,2
no,TapHead,5,4,present,3,4,11111000,LocalMismatch,2
no,TapHead,5,4,present,3,7,11111111,LocalMismatch,12
no,TapHead,5,4,present,4,0,10000000,NoComparableContext,13
no,TapHead,5,4,present,4,1,10001000,LocalMismatch,1
no,TapHead,5,4,present,4,1,10001000,ObservedSupport,2
no,TapHead,5,4,present,4,1,11000000,LocalMismatch,11
no,TapHead,5,4,present,4,1,11000000,ObservedSupport,4
no,TapHead,5,4,present,4,2,10101000,AmbiguousEvidence,1
no,TapHead,5,4,present,4,2,10101000,LocalMismatch,2
no,TapHead,5,4,present,4,2,10110000,LocalMismatch,3
no,TapHead,5,4,present,4,2,10110000,ObservedSupport,1
no,TapHead,5,4,present,4,2,11001000,LocalMismatch,2
no,TapHead,5,4,present,4,2,11001000,ObservedSupport,1
no,TapHead,5,4,present,4,4,10111100,AmbiguousEvidence,2
no,TapHead,5,4,present,4,4,10111100,LocalMismatch,2
no,TapHead,5,4,present,4,5,11111100,AmbiguousEvidence,2
no,TapHead,5,4,present,4,5,11111100,LocalMismatch,1
no,TapHead,5,4,present,4,7,11111111,AmbiguousEvidence,4
no,TapHead,5,4,present,4,7,11111111,LocalMismatch,2
no,TapHead,5,4,present,5,0,10000000,NoComparableContext,5
no,TapHead,5,4,present,5,1,11000000,LocalMismatch,3
no,TapHead,5,4,present,5,1,11000000,ObservedSupport,2
no,TapHead,6,5,absent,1,0,10000000,NoComparableContext,1
no,TapHead,6,5,absent,1,1,11000000,ObservedSupport,41
no,TapHead,6,5,absent,1,3,11001100,ObservedSupport,2
no,TapHead,6,5,absent,2,1,11000000,ObservedSupport,40
no,TapHead,6,5,absent,2,2,11001000,AmbiguousEvidence,10
no,TapHead,6,5,absent,2,3,11001100,AmbiguousEvidence,10
no,TapHead,6,5,absent,2,3,11001100,ObservedSupport,1
no,TapHead,6,5,absent,2,3,11110000,AmbiguousEvidence,12
no,TapHead,6,5,absent,2,3,11110000,ObservedSupport,2
no,TapHead,6,5,absent,2,4,11111000,AmbiguousEvidence,6
no,TapHead,6,5,absent,2,5,11111100,AmbiguousEvidence,12
no,TapHead,6,5,present,1,0,10000000,NoComparableContext,3
no,TapHead,7,6,absent,1,1,11000000,ObservedSupport,1
no,TapHead,7,6,absent,2,1,11000000,ObservedSupport,10
no,TapHead,7,6,absent,2,2,11001000,AmbiguousEvidence,8
no,TapHead,7,6,absent,2,2,11100000,AmbiguousEvidence,4
no,TapHead,7,6,absent,2,2,11100000,ObservedSupport,2
no,TapHead,7,6,absent,2,3,11001100,ObservedSupport,1
no,TapHead,7,6,absent,2,3,11110000,AmbiguousEvidence,4
no,TapHead,7,6,absent,2,4,11111000,AmbiguousEvidence,4
no,TapHead,7,6,absent,2,5,11111100,AmbiguousEvidence,2
yes,LongNoteHead,2,1,absent,0,0,00000000,NoComparableContext,1
yes,LongNoteHead,2,1,absent,1,0,10000000,NoComparableContext,1
yes,LongNoteHead,2,1,absent,10,1,11000000,ObservedSupport,6
yes,LongNoteHead,2,1,absent,10,2,11001000,AmbiguousEvidence,3
yes,LongNoteHead,2,1,absent,10,2,11100000,AmbiguousEvidence,2
yes,LongNoteHead,2,1,absent,10,3,11001100,AmbiguousEvidence,3
yes,LongNoteHead,2,1,absent,10,3,11101000,AmbiguousEvidence,2
yes,LongNoteHead,2,1,absent,10,3,11101000,LocalMismatch,1
yes,LongNoteHead,2,1,absent,10,3,11101000,ObservedSupport,2
yes,LongNoteHead,2,1,absent,10,3,11110000,AmbiguousEvidence,1
yes,LongNoteHead,2,1,absent,10,5,11111100,AmbiguousEvidence,5
yes,LongNoteHead,2,1,absent,10,5,11111100,LocalMismatch,1
yes,LongNoteHead,2,1,absent,11,1,11000000,LocalMismatch,2
yes,LongNoteHead,2,1,absent,11,1,11000000,ObservedSupport,14
yes,LongNoteHead,2,1,absent,11,2,11001000,AmbiguousEvidence,2
yes,LongNoteHead,2,1,absent,11,2,11001000,ObservedSupport,2
yes,LongNoteHead,2,1,absent,11,2,11100000,AmbiguousEvidence,4
yes,LongNoteHead,2,1,absent,11,3,11001100,AmbiguousEvidence,8
yes,LongNoteHead,2,1,absent,11,3,11001100,LocalMismatch,1
yes,LongNoteHead,2,1,absent,11,3,11001100,ObservedSupport,2
yes,LongNoteHead,2,1,absent,11,3,11101000,AmbiguousEvidence,14
yes,LongNoteHead,2,1,absent,11,3,11101000,LocalMismatch,1
yes,LongNoteHead,2,1,absent,11,3,11101000,ObservedSupport,2
yes,LongNoteHead,2,1,absent,11,3,11110000,AmbiguousEvidence,3
yes,LongNoteHead,2,1,absent,11,3,11110000,LocalMismatch,1
yes,LongNoteHead,2,1,absent,11,3,11110000,ObservedSupport,3
yes,LongNoteHead,2,1,absent,11,4,11101100,AmbiguousEvidence,8
yes,LongNoteHead,2,1,absent,11,4,11111000,AmbiguousEvidence,4
yes,LongNoteHead,2,1,absent,11,5,11111100,AmbiguousEvidence,8
yes,LongNoteHead,2,1,absent,11,5,11111100,LocalMismatch,1
yes,LongNoteHead,2,1,absent,11,6,11111110,AmbiguousEvidence,1
yes,LongNoteHead,2,1,absent,12,1,11000000,LocalMismatch,8
yes,LongNoteHead,2,1,absent,12,1,11000000,ObservedSupport,27
yes,LongNoteHead,2,1,absent,12,2,11001000,AmbiguousEvidence,6
yes,LongNoteHead,2,1,absent,12,2,11001000,LocalMismatch,7
yes,LongNoteHead,2,1,absent,12,2,11100000,AmbiguousEvidence,8
yes,LongNoteHead,2,1,absent,12,2,11100000,LocalMismatch,2
yes,LongNoteHead,2,1,absent,12,2,11100000,ObservedSupport,7
yes,LongNoteHead,2,1,absent,12,3,11001100,AmbiguousEvidence,11
yes,LongNoteHead,2,1,absent,12,3,11001100,LocalMismatch,3
yes,LongNoteHead,2,1,absent,12,3,11001100,ObservedSupport,6
yes,LongNoteHead,2,1,absent,12,3,11101000,AmbiguousEvidence,25
yes,LongNoteHead,2,1,absent,12,3,11101000,LocalMismatch,3
yes,LongNoteHead,2,1,absent,12,3,11101000,ObservedSupport,5
yes,LongNoteHead,2,1,absent,12,3,11110000,AmbiguousEvidence,5
yes,LongNoteHead,2,1,absent,12,3,11110000,LocalMismatch,2
yes,LongNoteHead,2,1,absent,12,3,11110000,ObservedSupport,1
yes,LongNoteHead,2,1,absent,12,4,11101100,AmbiguousEvidence,16
yes,LongNoteHead,2,1,absent,12,4,11101100,LocalMismatch,3
yes,LongNoteHead,2,1,absent,12,4,11101100,ObservedSupport,1
yes,LongNoteHead,2,1,absent,12,4,11111000,AmbiguousEvidence,9
yes,LongNoteHead,2,1,absent,12,5,11111100,AmbiguousEvidence,15
yes,LongNoteHead,2,1,absent,12,5,11111100,LocalMismatch,1
yes,LongNoteHead,2,1,absent,12,6,11111110,AmbiguousEvidence,1
yes,LongNoteHead,2,1,absent,12,7,11111111,ObservedSupport,2
yes,LongNoteHead,2,1,absent,5,3,11110000,LocalMismatch,1
yes,LongNoteHead,2,1,absent,6,1,11000000,LocalMismatch,1
yes,LongNoteHead,2,1,absent,6,2,11001000,LocalMismatch,1
yes,LongNoteHead,2,1,absent,6,2,11100000,LocalMismatch,1
yes,LongNoteHead,2,1,absent,6,2,11100000,ObservedSupport,2
yes,LongNoteHead,2,1,absent,6,3,11001100,ObservedSupport,5
yes,LongNoteHead,2,1,absent,6,3,11101000,AmbiguousEvidence,1
yes,LongNoteHead,2,1,absent,6,3,11101000,ObservedSupport,1
yes,LongNoteHead,2,1,absent,6,3,11110000,AmbiguousEvidence,1
yes,LongNoteHead,2,1,absent,6,3,11110000,ObservedSupport,2
yes,LongNoteHead,2,1,absent,6,4,11101100,AmbiguousEvidence,3
yes,LongNoteHead,2,1,absent,6,4,11101100,ObservedSupport,1
yes,LongNoteHead,2,1,absent,6,4,11111000,AmbiguousEvidence,2
yes,LongNoteHead,2,1,absent,6,4,11111000,ObservedSupport,4
yes,LongNoteHead,2,1,absent,6,5,11111100,AmbiguousEvidence,8
yes,LongNoteHead,2,1,absent,6,7,11111111,ObservedSupport,22
yes,LongNoteHead,2,1,absent,7,1,11000000,LocalMismatch,6
yes,LongNoteHead,2,1,absent,7,2,11001000,AmbiguousEvidence,1
yes,LongNoteHead,2,1,absent,7,2,11100000,LocalMismatch,1
yes,LongNoteHead,2,1,absent,7,3,11001100,AmbiguousEvidence,2
yes,LongNoteHead,2,1,absent,7,3,11001100,LocalMismatch,1
yes,LongNoteHead,2,1,absent,7,3,11110000,AmbiguousEvidence,1
yes,LongNoteHead,2,1,absent,7,4,11101100,AmbiguousEvidence,1
yes,LongNoteHead,2,1,absent,8,1,11000000,LocalMismatch,1
yes,LongNoteHead,2,1,absent,8,1,11000000,ObservedSupport,1
yes,LongNoteHead,2,1,absent,8,3,11001100,ObservedSupport,2
yes,LongNoteHead,2,1,absent,8,3,11110000,ObservedSupport,1
yes,LongNoteHead,2,1,absent,8,4,11101100,LocalMismatch,1
yes,LongNoteHead,2,1,absent,8,4,11111000,AmbiguousEvidence,1
yes,LongNoteHead,2,1,absent,8,5,11111100,AmbiguousEvidence,1
yes,LongNoteHead,2,1,absent,8,5,11111100,LocalMismatch,1
yes,LongNoteHead,2,1,absent,9,1,11000000,LocalMismatch,3
yes,LongNoteHead,2,1,absent,9,1,11000000,ObservedSupport,5
yes,LongNoteHead,2,1,absent,9,2,11001000,AmbiguousEvidence,1
yes,LongNoteHead,2,1,absent,9,3,11001100,AmbiguousEvidence,3
yes,LongNoteHead,2,1,absent,9,3,11001100,LocalMismatch,1
yes,LongNoteHead,2,1,absent,9,3,11101000,LocalMismatch,1
yes,LongNoteHead,2,1,absent,9,3,11110000,LocalMismatch,1
yes,LongNoteHead,2,1,absent,9,4,11111000,LocalMismatch,1
yes,LongNoteHead,2,1,present,0,0,00000000,NoComparableContext,2
yes,LongNoteHead,2,1,present,10,0,10000000,NoComparableContext,1
yes,LongNoteHead,2,1,present,10,1,11000000,LocalMismatch,8
yes,LongNoteHead,2,1,present,10,1,11000000,ObservedSupport,6
yes,LongNoteHead,2,1,present,10,2,10001100,ObservedSupport,2
yes,LongNoteHead,2,1,present,10,2,10101000,AmbiguousEvidence,1
yes,LongNoteHead,2,1,present,10,2,10101000,LocalMismatch,1
yes,LongNoteHead,2,1,present,10,2,11001000,LocalMismatch,1
yes,LongNoteHead,2,1,present,10,2,11001000,ObservedSupport,1
yes,LongNoteHead,2,1,present,10,2,11100000,AmbiguousEvidence,5
yes,LongNoteHead,2,1,present,10,2,11100000,ObservedSupport,4
yes,LongNoteHead,2,1,present,10,3,10101100,LocalMismatch,1
yes,LongNoteHead,2,1,present,10,3,11001100,AmbiguousEvidence,11
yes,LongNoteHead,2,1,present,10,3,11001100,LocalMismatch,1
yes,LongNoteHead,2,1,present,10,3,11001100,ObservedSupport,7
yes,LongNoteHead,2,1,present,10,3,11101000,AmbiguousEvidence,2
yes,LongNoteHead,2,1,present,10,3,11101000,LocalMismatch,2
yes,LongNoteHead,2,1,present,10,3,11101000,ObservedSupport,1
yes,LongNoteHead,2,1,present,10,3,11110000,AmbiguousEvidence,10
yes,LongNoteHead,2,1,present,10,3,11110000,LocalMismatch,5
yes,LongNoteHead,2,1,present,10,3,11110000,ObservedSupport,7
yes,LongNoteHead,2,1,present,10,4,10111100,AmbiguousEvidence,5
yes,LongNoteHead,2,1,present,10,4,10111100,LocalMismatch,1
yes,LongNoteHead,2,1,present,10,4,11101100,AmbiguousEvidence,5
yes,LongNoteHead,2,1,present,10,4,11111000,AmbiguousEvidence,2
yes,LongNoteHead,2,1,present,10,5,10111110,AmbiguousEvidence,1
yes,LongNoteHead,2,1,present,10,5,10111110,ObservedSupport,1
yes,LongNoteHead,2,1,present,10,5,11111100,AmbiguousEvidence,47
yes,LongNoteHead,2,1,present,10,5,11111100,LocalMismatch,2
yes,LongNoteHead,2,1,present,10,6,11111110,AmbiguousEvidence,11
yes,LongNoteHead,2,1,present,10,7,11111111,ObservedSupport,4
yes,LongNoteHead,2,1,present,11,0,10000000,NoComparableContext,11
yes,LongNoteHead,2,1,present,11,1,10100000,LocalMismatch,3
yes,LongNoteHead,2,1,present,11,1,10100000,ObservedSupport,1
yes,LongNoteHead,2,1,present,11,1,11000000,LocalMismatch,18
yes,LongNoteHead,2,1,present,11,1,11000000,ObservedSupport,23
yes,LongNoteHead,2,1,present,11,2,10001100,AmbiguousEvidence,1
yes,LongNoteHead,2,1,present,11,2,10001100,LocalMismatch,4
yes,LongNoteHead,2,1,present,11,2,10001100,ObservedSupport,4
yes,LongNoteHead,2,1,present,11,2,10101000,AmbiguousEvidence,1
yes,LongNoteHead,2,1,present,11,2,10101000,ObservedSupport,1
yes,LongNoteHead,2,1,present,11,2,10110000,LocalMismatch,4
yes,LongNoteHead,2,1,present,11,2,10110000,ObservedSupport,2
yes,LongNoteHead,2,1,present,11,2,11001000,AmbiguousEvidence,2
yes,LongNoteHead,2,1,present,11,2,11001000,LocalMismatch,2
yes,LongNoteHead,2,1,present,11,2,11100000,AmbiguousEvidence,9
yes,LongNoteHead,2,1,present,11,2,11100000,LocalMismatch,4
yes,LongNoteHead,2,1,present,11,2,11100000,ObservedSupport,1
yes,LongNoteHead,2,1,present,11,3,10101100,AmbiguousEvidence,2
yes,LongNoteHead,2,1,present,11,3,10101100,ObservedSupport,1
yes,LongNoteHead,2,1,present,11,3,11001100,AmbiguousEvidence,15
yes,LongNoteHead,2,1,present,11,3,11001100,LocalMismatch,12
yes,LongNoteHead,2,1,present,11,3,11001100,ObservedSupport,20
yes,LongNoteHead,2,1,present,11,3,11101000,AmbiguousEvidence,7
yes,LongNoteHead,2,1,present,11,3,11101000,LocalMismatch,1
yes,LongNoteHead,2,1,present,11,3,11101000,ObservedSupport,5
yes,LongNoteHead,2,1,present,11,3,11110000,AmbiguousEvidence,16
yes,LongNoteHead,2,1,present,11,3,11110000,LocalMismatch,13
yes,LongNoteHead,2,1,present,11,3,11110000,ObservedSupport,18
yes,LongNoteHead,2,1,present,11,4,10111100,AmbiguousEvidence,27
yes,LongNoteHead,2,1,present,11,4,10111100,LocalMismatch,2
yes,LongNoteHead,2,1,present,11,4,11101100,AmbiguousEvidence,8
yes,LongNoteHead,2,1,present,11,4,11101100,ObservedSupport,1
yes,LongNoteHead,2,1,present,11,4,11111000,AmbiguousEvidence,15
yes,LongNoteHead,2,1,present,11,4,11111000,ObservedSupport,1
yes,LongNoteHead,2,1,present,11,5,10111110,AmbiguousEvidence,1
yes,LongNoteHead,2,1,present,11,5,10111110,LocalMismatch,1
yes,LongNoteHead,2,1,present,11,5,10111110,ObservedSupport,5
yes,LongNoteHead,2,1,present,11,5,11111100,AmbiguousEvidence,167
yes,LongNoteHead,2,1,present,11,5,11111100,LocalMismatch,2
yes,LongNoteHead,2,1,present,11,6,11111110,AmbiguousEvidence,47
yes,LongNoteHead,2,1,present,11,6,11111110,LocalMismatch,2
yes,LongNoteHead,2,1,present,11,7,11111111,AmbiguousEvidence,2
yes,LongNoteHead,2,1,present,11,7,11111111,LocalMismatch,2
yes,LongNoteHead,2,1,present,11,7,11111111,ObservedSupport,6
yes,LongNoteHead,2,1,present,12,0,10000000,NoComparableContext,85
yes,LongNoteHead,2,1,present,12,1,10001000,LocalMismatch,25
yes,LongNoteHead,2,1,present,12,1,10001000,ObservedSupport,12
yes,LongNoteHead,2,1,present,12,1,10100000,LocalMismatch,31
yes,LongNoteHead,2,1,present,12,1,10100000,ObservedSupport,10
yes,LongNoteHead,2,1,present,12,1,11000000,LocalMismatch,181
yes,LongNoteHead,2,1,present,12,1,11000000,ObservedSupport,150
yes,LongNoteHead,2,1,present,12,2,10001100,LocalMismatch,15
yes,LongNoteHead,2,1,present,12,2,10001100,ObservedSupport,18
yes,LongNoteHead,2,1,present,12,2,10101000,AmbiguousEvidence,11
yes,LongNoteHead,2,1,present,12,2,10101000,LocalMismatch,18
yes,LongNoteHead,2,1,present,12,2,10101000,ObservedSupport,7
yes,LongNoteHead,2,1,present,12,2,10110000,LocalMismatch,6
yes,LongNoteHead,2,1,present,12,2,10110000,ObservedSupport,5
yes,LongNoteHead,2,1,present,12,2,11001000,AmbiguousEvidence,77
yes,LongNoteHead,2,1,present,12,2,11001000,LocalMismatch,60
yes,LongNoteHead,2,1,present,12,2,11001000,ObservedSupport,41
yes,LongNoteHead,2,1,present,12,2,11100000,AmbiguousEvidence,57
yes,LongNoteHead,2,1,present,12,2,11100000,LocalMismatch,60
yes,LongNoteHead,2,1,present,12,2,11100000,ObservedSupport,52
yes,LongNoteHead,2,1,present,12,3,10101100,AmbiguousEvidence,7
yes,LongNoteHead,2,1,present,12,3,10101100,LocalMismatch,6
yes,LongNoteHead,2,1,present,12,3,10101100,ObservedSupport,3
yes,LongNoteHead,2,1,present,12,3,10111000,AmbiguousEvidence,6
yes,LongNoteHead,2,1,present,12,3,10111000,LocalMismatch,8
yes,LongNoteHead,2,1,present,12,3,10111000,ObservedSupport,1
yes,LongNoteHead,2,1,present,12,3,11001100,AmbiguousEvidence,62
yes,LongNoteHead,2,1,present,12,3,11001100,LocalMismatch,24
yes,LongNoteHead,2,1,present,12,3,11001100,ObservedSupport,50
yes,LongNoteHead,2,1,present,12,3,11101000,AmbiguousEvidence,146
yes,LongNoteHead,2,1,present,12,3,11101000,LocalMismatch,45
yes,LongNoteHead,2,1,present,12,3,11101000,ObservedSupport,82
yes,LongNoteHead,2,1,present,12,3,11110000,AmbiguousEvidence,51
yes,LongNoteHead,2,1,present,12,3,11110000,LocalMismatch,22
yes,LongNoteHead,2,1,present,12,3,11110000,ObservedSupport,49
yes,LongNoteHead,2,1,present,12,4,10111100,AmbiguousEvidence,24
yes,LongNoteHead,2,1,present,12,4,10111100,LocalMismatch,2
yes,LongNoteHead,2,1,present,12,4,11101100,AmbiguousEvidence,110
yes,LongNoteHead,2,1,present,12,4,11101100,LocalMismatch,18
yes,LongNoteHead,2,1,present,12,4,11101100,ObservedSupport,86
yes,LongNoteHead,2,1,present,12,4,11111000,AmbiguousEvidence,64
yes,LongNoteHead,2,1,present,12,4,11111000,LocalMismatch,8
yes,LongNoteHead,2,1,present,12,4,11111000,ObservedSupport,35
yes,LongNoteHead,2,1,present,12,5,10111110,AmbiguousEvidence,7
yes,LongNoteHead,2,1,present,12,5,10111110,LocalMismatch,2
yes,LongNoteHead,2,1,present,12,5,10111110,ObservedSupport,2
yes,LongNoteHead,2,1,present,12,5,11111100,AmbiguousEvidence,253
yes,LongNoteHead,2,1,present,12,5,11111100,LocalMismatch,12
yes,LongNoteHead,2,1,present,12,6,11111110,AmbiguousEvidence,123
yes,LongNoteHead,2,1,present,12,6,11111110,LocalMismatch,4
yes,LongNoteHead,2,1,present,12,7,11111111,AmbiguousEvidence,1
yes,LongNoteHead,2,1,present,12,7,11111111,LocalMismatch,1
yes,LongNoteHead,2,1,present,12,7,11111111,ObservedSupport,117
yes,LongNoteHead,2,1,present,5,3,10101100,LocalMismatch,1
yes,LongNoteHead,2,1,present,6,0,10000000,NoComparableContext,1
yes,LongNoteHead,2,1,present,6,1,11000000,LocalMismatch,1
yes,LongNoteHead,2,1,present,6,1,11000000,ObservedSupport,4
yes,LongNoteHead,2,1,present,6,2,11001000,ObservedSupport,3
yes,LongNoteHead,2,1,present,6,2,11100000,AmbiguousEvidence,2
yes,LongNoteHead,2,1,present,6,2,11100000,ObservedSupport,3
yes,LongNoteHead,2,1,present,6,3,10101100,AmbiguousEvidence,1
yes,LongNoteHead,2,1,present,6,3,11001100,AmbiguousEvidence,6
yes,LongNoteHead,2,1,present,6,3,11001100,ObservedSupport,14
yes,LongNoteHead,2,1,present,6,3,11101000,AmbiguousEvidence,9
yes,LongNoteHead,2,1,present,6,3,11101000,ObservedSupport,2
yes,LongNoteHead,2,1,present,6,3,11110000,AmbiguousEvidence,7
yes,LongNoteHead,2,1,present,6,3,11110000,LocalMismatch,1
yes,LongNoteHead,2,1,present,6,3,11110000,ObservedSupport,13
yes,LongNoteHead,2,1,present,6,4,11101100,AmbiguousEvidence,14
yes,LongNoteHead,2,1,present,6,4,11101100,ObservedSupport,23
yes,LongNoteHead,2,1,present,6,4,11111000,AmbiguousEvidence,7
yes,LongNoteHead,2,1,present,6,4,11111000,ObservedSupport,19
yes,LongNoteHead,2,1,present,6,5,11111100,AmbiguousEvidence,156
yes,LongNoteHead,2,1,present,6,6,11111110,AmbiguousEvidence,50
yes,LongNoteHead,2,1,present,6,7,11111111,AmbiguousEvidence,5
yes,LongNoteHead,2,1,present,6,7,11111111,ObservedSupport,462
yes,LongNoteHead,2,1,present,7,0,10000000,NoComparableContext,3
yes,LongNoteHead,2,1,present,7,1,10001000,LocalMismatch,2
yes,LongNoteHead,2,1,present,7,1,11000000,LocalMismatch,1
yes,LongNoteHead,2,1,present,7,2,10110000,LocalMismatch,1
yes,LongNoteHead,2,1,present,7,3,10101100,AmbiguousEvidence,1
yes,LongNoteHead,2,1,present,7,3,11001100,LocalMismatch,1
yes,LongNoteHead,2,1,present,7,7,11111111,LocalMismatch,2
yes,LongNoteHead,2,1,present,8,0,10000000,NoComparableContext,3
yes,LongNoteHead,2,1,present,8,1,10100000,LocalMismatch,2
yes,LongNoteHead,2,1,present,8,1,11000000,LocalMismatch,1
yes,LongNoteHead,2,1,present,8,2,11001000,LocalMismatch,1
yes,LongNoteHead,2,1,present,8,3,11110000,LocalMismatch,1
yes,LongNoteHead,2,1,present,8,3,11110000,ObservedSupport,1
yes,LongNoteHead,2,1,present,8,4,11111000,ObservedSupport,2
yes,LongNoteHead,2,1,present,8,7,11111111,ObservedSupport,4
yes,LongNoteHead,2,1,present,9,0,10000000,NoComparableContext,7
yes,LongNoteHead,2,1,present,9,1,10001000,LocalMismatch,2
yes,LongNoteHead,2,1,present,9,1,11000000,LocalMismatch,10
yes,LongNoteHead,2,1,present,9,1,11000000,ObservedSupport,4
yes,LongNoteHead,2,1,present,9,2,10001100,LocalMismatch,1
yes,LongNoteHead,2,1,present,9,2,10110000,LocalMismatch,1
yes,LongNoteHead,2,1,present,9,2,11001000,AmbiguousEvidence,1
yes,LongNoteHead,2,1,present,9,2,11001000,LocalMismatch,2
yes,LongNoteHead,2,1,present,9,3,11001100,AmbiguousEvidence,2
yes,LongNoteHead,2,1,present,9,3,11001100,LocalMismatch,1
yes,LongNoteHead,2,1,present,9,3,11001100,ObservedSupport,1
yes,LongNoteHead,2,1,present,9,3,11101000,AmbiguousEvidence,1
yes,LongNoteHead,2,1,present,9,3,11110000,AmbiguousEvidence,1
yes,LongNoteHead,2,1,present,9,3,11110000,LocalMismatch,1
yes,LongNoteHead,2,1,present,9,4,11111000,AmbiguousEvidence,1
yes,LongNoteHead,2,1,present,9,4,11111000,LocalMismatch,2
yes,LongNoteHead,2,1,present,9,5,11111100,AmbiguousEvidence,1
yes,LongNoteHead,2,1,present,9,5,11111100,LocalMismatch,1
yes,LongNoteHead,2,1,present,9,7,11111111,ObservedSupport,4
yes,LongNoteHead,3,2,absent,0,0,00000000,NoComparableContext,10
yes,LongNoteHead,3,2,absent,1,0,10000000,NoComparableContext,7
yes,LongNoteHead,3,2,absent,1,1,10001000,LocalMismatch,1
yes,LongNoteHead,3,2,absent,1,1,10001000,ObservedSupport,1
yes,LongNoteHead,3,2,absent,1,1,11000000,LocalMismatch,6
yes,LongNoteHead,3,2,absent,1,1,11000000,ObservedSupport,2
yes,LongNoteHead,3,2,absent,1,2,10001100,LocalMismatch,1
yes,LongNoteHead,3,2,absent,1,2,11001000,ObservedSupport,2
yes,LongNoteHead,3,2,absent,1,3,11001100,ObservedSupport,2
yes,LongNoteHead,3,2,absent,1,3,11110000,LocalMismatch,1
yes,LongNoteHead,3,2,absent,10,0,10000000,NoComparableContext,2
yes,LongNoteHead,3,2,absent,10,1,11000000,LocalMismatch,1
yes,LongNoteHead,3,2,absent,10,1,11000000,ObservedSupport,3
yes,LongNoteHead,3,2,absent,10,2,11001000,AmbiguousEvidence,4
yes,LongNoteHead,3,2,absent,10,2,11001000,LocalMismatch,2
yes,LongNoteHead,3,2,absent,10,2,11001000,ObservedSupport,2
yes,LongNoteHead,3,2,absent,10,2,11100000,AmbiguousEvidence,7
yes,LongNoteHead,3,2,absent,10,2,11100000,LocalMismatch,2
yes,LongNoteHead,3,2,absent,10,2,11100000,ObservedSupport,1
yes,LongNoteHead,3,2,absent,10,3,11001100,AmbiguousEvidence,4
yes,LongNoteHead,3,2,absent,10,3,11001100,LocalMismatch,3
yes,LongNoteHead,3,2,absent,10,3,11001100,ObservedSupport,3
yes,LongNoteHead,3,2,absent,10,3,11101000,AmbiguousEvidence,4
yes,LongNoteHead,3,2,absent,10,3,11101000,LocalMismatch,1
yes,LongNoteHead,3,2,absent,10,3,11110000,AmbiguousEvidence,1
yes,LongNoteHead,3,2,absent,10,3,11110000,ObservedSupport,1
yes,LongNoteHead,3,2,absent,10,4,11101100,AmbiguousEvidence,3
yes,LongNoteHead,3,2,absent,10,4,11111000,AmbiguousEvidence,4
yes,LongNoteHead,3,2,absent,10,5,11111100,AmbiguousEvidence,1
yes,LongNoteHead,3,2,absent,2,0,10000000,NoComparableContext,4
yes,LongNoteHead,3,2,absent,2,1,11000000,LocalMismatch,1
yes,LongNoteHead,3,2,absent,2,1,11000000,ObservedSupport,15
yes,LongNoteHead,3,2,absent,2,2,10001100,LocalMismatch,1
yes,LongNoteHead,3,2,absent,2,2,11001000,LocalMismatch,1
yes,LongNoteHead,3,2,absent,2,2,11001000,ObservedSupport,3
yes,LongNoteHead,3,2,absent,2,3,11101000,AmbiguousEvidence,1
yes,LongNoteHead,3,2,absent,2,3,11110000,ObservedSupport,1
yes,LongNoteHead,3,2,absent,2,4,11101100,ObservedSupport,2
yes,LongNoteHead,3,2,absent,2,4,11111000,ObservedSupport,1
yes,LongNoteHead,3,2,absent,2,7,11111111,ObservedSupport,13
yes,LongNoteHead,3,2,absent,3,0,10000000,NoComparableContext,1
yes,LongNoteHead,3,2,absent,3,1,11000000,LocalMismatch,6
yes,LongNoteHead,3,2,absent,3,2,11001000,AmbiguousEvidence,1
yes,LongNoteHead,3,2,absent,3,2,11001000,ObservedSupport,1
yes,LongNoteHead,3,2,absent,3,2,11100000,ObservedSupport,2
yes,LongNoteHead,3,2,absent,3,3,11001100,ObservedSupport,3
yes,LongNoteHead,3,2,absent,3,3,11101000,AmbiguousEvidence,1
yes,LongNoteHead,3,2,absent,3,4,11101100,ObservedSupport,2
yes,LongNoteHead,3,2,absent,3,5,11111100,AmbiguousEvidence,2
yes,LongNoteHead,3,2,absent,3,7,11111111,ObservedSupport,18
yes,LongNoteHead,3,2,absent,4,1,11000000,LocalMismatch,1
yes,LongNoteHead,3,2,absent,4,1,11000000,ObservedSupport,3
yes,LongNoteHead,3,2,absent,4,2,11001000,LocalMismatch,1
yes,LongNoteHead,3,2,absent,4,2,11001000,ObservedSupport,3
yes,LongNoteHead,3,2,absent,4,2,11100000,AmbiguousEvidence,2
yes,LongNoteHead,3,2,absent,4,2,11100000,LocalMismatch,1
yes,LongNoteHead,3,2,absent,4,2,11100000,ObservedSupport,1
yes,LongNoteHead,3,2,absent,4,3,11001100,ObservedSupport,3
yes,LongNoteHead,3,2,absent,4,3,11101000,AmbiguousEvidence,1
yes,LongNoteHead,3,2,absent,4,3,11110000,ObservedSupport,1
yes,LongNoteHead,3,2,absent,4,4,11101100,AmbiguousEvidence,2
yes,LongNoteHead,3,2,absent,4,4,11101100,ObservedSupport,4
yes,LongNoteHead,3,2,absent,4,4,11111000,AmbiguousEvidence,2
yes,LongNoteHead,3,2,absent,4,4,11111000,ObservedSupport,2
yes,LongNoteHead,3,2,absent,4,5,11111100,AmbiguousEvidence,2
yes,LongNoteHead,3,2,absent,4,7,11111111,AmbiguousEvidence,1
yes,LongNoteHead,3,2,absent,4,7,11111111,ObservedSupport,38
yes,LongNoteHead,3,2,absent,5,0,10000000,NoComparableContext,2
yes,LongNoteHead,3,2,absent,5,1,11000000,LocalMismatch,8
yes,LongNoteHead,3,2,absent,5,1,11000000,ObservedSupport,5
yes,LongNoteHead,3,2,absent,5,2,11001000,AmbiguousEvidence,3
yes,LongNoteHead,3,2,absent,5,2,11001000,LocalMismatch,2
yes,LongNoteHead,3,2,absent,5,2,11001000,ObservedSupport,2
yes,LongNoteHead,3,2,absent,5,2,11100000,AmbiguousEvidence,1
yes,LongNoteHead,3,2,absent,5,2,11100000,LocalMismatch,2
yes,LongNoteHead,3,2,absent,5,3,11001100,ObservedSupport,4
yes,LongNoteHead,3,2,absent,5,3,11101000,AmbiguousEvidence,3
yes,LongNoteHead,3,2,absent,5,3,11101000,ObservedSupport,2
yes,LongNoteHead,3,2,absent,5,3,11110000,LocalMismatch,1
yes,LongNoteHead,3,2,absent,5,4,11101100,LocalMismatch,1
yes,LongNoteHead,3,2,absent,5,5,11111100,AmbiguousEvidence,1
yes,LongNoteHead,3,2,absent,5,7,11111111,ObservedSupport,2
yes,LongNoteHead,3,2,absent,6,0,10000000,NoComparableContext,2
yes,LongNoteHead,3,2,absent,6,1,11000000,LocalMismatch,6
yes,LongNoteHead,3,2,absent,6,1,11000000,ObservedSupport,16
yes,LongNoteHead,3,2,absent,6,2,11001000,AmbiguousEvidence,4
yes,LongNoteHead,3,2,absent,6,2,11001000,LocalMismatch,2
yes,LongNoteHead,3,2,absent,6,2,11001000,ObservedSupport,6
yes,LongNoteHead,3,2,absent,6,2,11100000,AmbiguousEvidence,2
yes,LongNoteHead,3,2,absent,6,2,11100000,LocalMismatch,3
yes,LongNoteHead,3,2,absent,6,3,11001100,AmbiguousEvidence,12
yes,LongNoteHead,3,2,absent,6,3,11001100,LocalMismatch,2
yes,LongNoteHead,3,2,absent,6,3,11001100,ObservedSupport,4
yes,LongNoteHead,3,2,absent,6,3,11101000,AmbiguousEvidence,4
yes,LongNoteHead,3,2,absent,6,3,11110000,AmbiguousEvidence,3
yes,LongNoteHead,3,2,absent,6,3,11110000,ObservedSupport,2
yes,LongNoteHead,3,2,absent,6,4,11101100,AmbiguousEvidence,5
yes,LongNoteHead,3,2,absent,6,5,11111100,AmbiguousEvidence,3
yes,LongNoteHead,3,2,absent,7,0,10000000,NoComparableContext,2
yes,LongNoteHead,3,2,absent,7,1,11000000,LocalMismatch,6
yes,LongNoteHead,3,2,absent,7,1,11000000,ObservedSupport,26
yes,LongNoteHead,3,2,absent,7,2,11001000,AmbiguousEvidence,10
yes,LongNoteHead,3,2,absent,7,2,11001000,LocalMismatch,3
yes,LongNoteHead,3,2,absent,7,2,11001000,ObservedSupport,4
yes,LongNoteHead,3,2,absent,7,2,11100000,AmbiguousEvidence,3
yes,LongNoteHead,3,2,absent,7,2,11100000,LocalMismatch,4
yes,LongNoteHead,3,2,absent,7,2,11100000,ObservedSupport,2
yes,LongNoteHead,3,2,absent,7,3,11001100,AmbiguousEvidence,11
yes,LongNoteHead,3,2,absent,7,3,11001100,LocalMismatch,3
yes,LongNoteHead,3,2,absent,7,3,11001100,ObservedSupport,7
yes,LongNoteHead,3,2,absent,7,3,11101000,AmbiguousEvidence,8
yes,LongNoteHead,3,2,absent,7,3,11101000,LocalMismatch,1
yes,LongNoteHead,3,2,absent,7,3,11101000,ObservedSupport,2
yes,LongNoteHead,3,2,absent,7,3,11110000,AmbiguousEvidence,4
yes,LongNoteHead,3,2,absent,7,3,11110000,LocalMismatch,4
yes,LongNoteHead,3,2,absent,7,3,11110000,ObservedSupport,5
yes,LongNoteHead,3,2,absent,7,4,11101100,AmbiguousEvidence,2
yes,LongNoteHead,3,2,absent,7,4,11111000,AmbiguousEvidence,2
yes,LongNoteHead,3,2,absent,7,5,11111100,AmbiguousEvidence,6
yes,LongNoteHead,3,2,absent,7,6,11111110,AmbiguousEvidence,1
yes,LongNoteHead,3,2,absent,7,7,11111111,AmbiguousEvidence,2
yes,LongNoteHead,3,2,absent,7,7,11111111,ObservedSupport,2
yes,LongNoteHead,3,2,absent,8,0,10000000,NoComparableContext,2
yes,LongNoteHead,3,2,absent,8,1,10001000,ObservedSupport,1
yes,LongNoteHead,3,2,absent,8,1,11000000,LocalMismatch,18
yes,LongNoteHead,3,2,absent,8,1,11000000,ObservedSupport,14
yes,LongNoteHead,3,2,absent,8,2,11001000,AmbiguousEvidence,3
yes,LongNoteHead,3,2,absent,8,2,11001000,LocalMismatch,4
yes,LongNoteHead,3,2,absent,8,2,11001000,ObservedSupport,4
yes,LongNoteHead,3,2,absent,8,2,11100000,AmbiguousEvidence,7
yes,LongNoteHead,3,2,absent,8,2,11100000,LocalMismatch,1
yes,LongNoteHead,3,2,absent,8,2,11100000,ObservedSupport,4
yes,LongNoteHead,3,2,absent,8,3,11001100,AmbiguousEvidence,6
yes,LongNoteHead,3,2,absent,8,3,11001100,ObservedSupport,8
yes,LongNoteHead,3,2,absent,8,3,11101000,AmbiguousEvidence,6
yes,LongNoteHead,3,2,absent,8,3,11101000,LocalMismatch,2
yes,LongNoteHead,3,2,absent,8,3,11101000,ObservedSupport,1
yes,LongNoteHead,3,2,absent,8,3,11110000,AmbiguousEvidence,2
yes,LongNoteHead,3,2,absent,8,3,11110000,LocalMismatch,3
yes,LongNoteHead,3,2,absent,8,4,11111000,AmbiguousEvidence,3
yes,LongNoteHead,3,2,absent,9,0,10000000,NoComparableContext,1
yes,LongNoteHead,3,2,absent,9,1,11000000,LocalMismatch,1
yes,LongNoteHead,3,2,absent,9,1,11000000,ObservedSupport,12
yes,LongNoteHead,3,2,absent,9,2,11001000,AmbiguousEvidence,2
yes,LongNoteHead,3,2,absent,9,2,11001000,LocalMismatch,2
yes,LongNoteHead,3,2,absent,9,2,11001000,ObservedSupport,6
yes,LongNoteHead,3,2,absent,9,2,11100000,AmbiguousEvidence,3
yes,LongNoteHead,3,2,absent,9,2,11100000,ObservedSupport,9
yes,LongNoteHead,3,2,absent,9,3,11001100,ObservedSupport,1
yes,LongNoteHead,3,2,absent,9,3,11101000,AmbiguousEvidence,5
yes,LongNoteHead,3,2,absent,9,3,11101000,LocalMismatch,3
yes,LongNoteHead,3,2,absent,9,3,11101000,ObservedSupport,1
yes,LongNoteHead,3,2,absent,9,3,11110000,ObservedSupport,2
yes,LongNoteHead,3,2,absent,9,4,11101100,AmbiguousEvidence,1
yes,LongNoteHead,3,2,present,0,0,00000000,NoComparableContext,12
yes,LongNoteHead,3,2,present,1,0,10000000,NoComparableContext,21
yes,LongNoteHead,3,2,present,1,1,10001000,LocalMismatch,2
yes,LongNoteHead,3,2,present,1,1,11000000,LocalMismatch,1
yes,LongNoteHead,3,2,present,1,1,11000000,ObservedSupport,5
yes,LongNoteHead,3,2,present,1,2,10001100,LocalMismatch,1
yes,LongNoteHead,3,2,present,1,2,11001000,ObservedSupport,2
yes,LongNoteHead,3,2,present,1,3,11001100,ObservedSupport,2
yes,LongNoteHead,3,2,present,1,3,11110000,ObservedSupport,1
yes,LongNoteHead,3,2,present,1,4,11111000,ObservedSupport,1
yes,LongNoteHead,3,2,present,10,0,10000000,NoComparableContext,26
yes,LongNoteHead,3,2,present,10,1,10001000,LocalMismatch,13
yes,LongNoteHead,3,2,present,10,1,10001000,ObservedSupport,1
yes,LongNoteHead,3,2,present,10,1,10100000,LocalMismatch,9
yes,LongNoteHead,3,2,present,10,1,10100000,ObservedSupport,3
yes,LongNoteHead,3,2,present,10,1,11000000,LocalMismatch,15
yes,LongNoteHead,3,2,present,10,1,11000000,ObservedSupport,22
yes,LongNoteHead,3,2,present,10,2,10001100,AmbiguousEvidence,1
yes,LongNoteHead,3,2,present,10,2,10001100,LocalMismatch,2
yes,LongNoteHead,3,2,present,10,2,10001100,ObservedSupport,1
yes,LongNoteHead,3,2,present,10,2,10101000,AmbiguousEvidence,1
yes,LongNoteHead,3,2,present,10,2,10101000,LocalMismatch,1
yes,LongNoteHead,3,2,present,10,2,10101000,ObservedSupport,2
yes,LongNoteHead,3,2,present,10,2,10110000,AmbiguousEvidence,1
yes,LongNoteHead,3,2,present,10,2,10110000,LocalMismatch,4
yes,LongNoteHead,3,2,present,10,2,11001000,AmbiguousEvidence,15
yes,LongNoteHead,3,2,present,10,2,11001000,LocalMismatch,6
yes,LongNoteHead,3,2,present,10,2,11001000,ObservedSupport,8
yes,LongNoteHead,3,2,present,10,2,11100000,AmbiguousEvidence,14
yes,LongNoteHead,3,2,present,10,2,11100000,LocalMismatch,8
yes,LongNoteHead,3,2,present,10,2,11100000,ObservedSupport,6
yes,LongNoteHead,3,2,present,10,3,10101100,AmbiguousEvidence,3
yes,LongNoteHead,3,2,present,10,3,10101100,LocalMismatch,4
yes,LongNoteHead,3,2,present,10,3,10101100,ObservedSupport,1
yes,LongNoteHead,3,2,present,10,3,10111000,AmbiguousEvidence,1
yes,LongNoteHead,3,2,present,10,3,11001100,AmbiguousEvidence,9
yes,LongNoteHead,3,2,present,10,3,11001100,LocalMismatch,3
yes,LongNoteHead,3,2,present,10,3,11001100,ObservedSupport,1
yes,LongNoteHead,3,2,present,10,3,11101000,AmbiguousEvidence,30
yes,LongNoteHead,3,2,present,10,3,11101000,LocalMismatch,7
yes,LongNoteHead,3,2,present,10,3,11101000,ObservedSupport,11
yes,LongNoteHead,3,2,present,10,3,11110000,AmbiguousEvidence,8
yes,LongNoteHead,3,2,present,10,3,11110000,LocalMismatch,4
yes,LongNoteHead,3,2,present,10,3,11110000,ObservedSupport,8
yes,LongNoteHead,3,2,present,10,4,10111100,AmbiguousEvidence,7
yes,LongNoteHead,3,2,present,10,4,10111100,LocalMismatch,1
yes,LongNoteHead,3,2,present,10,4,11101100,AmbiguousEvidence,22
yes,LongNoteHead,3,2,present,10,4,11101100,LocalMismatch,2
yes,LongNoteHead,3,2,present,10,4,11101100,ObservedSupport,14
yes,LongNoteHead,3,2,present,10,4,11111000,AmbiguousEvidence,7
yes,LongNoteHead,3,2,present,10,4,11111000,LocalMismatch,1
yes,LongNoteHead,3,2,present,10,4,11111000,ObservedSupport,9
yes,LongNoteHead,3,2,present,10,5,10111110,AmbiguousEvidence,1
yes,LongNoteHead,3,2,present,10,5,10111110,ObservedSupport,3
yes,LongNoteHead,3,2,present,10,5,11111100,AmbiguousEvidence,10
yes,LongNoteHead,3,2,present,10,5,11111100,LocalMismatch,3
yes,LongNoteHead,3,2,present,10,6,11111110,AmbiguousEvidence,6
yes,LongNoteHead,3,2,present,10,6,11111110,LocalMismatch,1
yes,LongNoteHead,3,2,present,10,7,11111111,ObservedSupport,13
yes,LongNoteHead,3,2,present,2,0,10000000,NoComparableContext,39
yes,LongNoteHead,3,2,present,2,1,10001000,LocalMismatch,2
yes,LongNoteHead,3,2,present,2,1,11000000,LocalMismatch,3
yes,LongNoteHead,3,2,present,2,1,11000000,ObservedSupport,4
yes,LongNoteHead,3,2,present,2,2,10001100,LocalMismatch,2
yes,LongNoteHead,3,2,present,2,2,11001000,LocalMismatch,1
yes,LongNoteHead,3,2,present,2,2,11001000,ObservedSupport,4
yes,LongNoteHead,3,2,present,2,3,11001100,ObservedSupport,3
yes,LongNoteHead,3,2,present,2,4,11101100,ObservedSupport,1
yes,LongNoteHead,3,2,present,2,5,11111100,AmbiguousEvidence,1
yes,LongNoteHead,3,2,present,2,7,11111111,ObservedSupport,22
yes,LongNoteHead,3,2,present,3,0,10000000,NoComparableContext,37
yes,LongNoteHead,3,2,present,3,1,10001000,LocalMismatch,3
yes,LongNoteHead,3,2,present,3,1,10100000,LocalMismatch,2
yes,LongNoteHead,3,2,present,3,1,11000000,LocalMismatch,4
yes,LongNoteHead,3,2,present,3,1,11000000,ObservedSupport,1
yes,LongNoteHead,3,2,present,3,2,10001100,ObservedSupport,2
yes,LongNoteHead,3,2,present,3,2,10110000,LocalMismatch,1
yes,LongNoteHead,3,2,present,3,2,10110000,ObservedSupport,2
yes,LongNoteHead,3,2,present,3,2,11001000,LocalMismatch,3
yes,LongNoteHead,3,2,present,3,2,11001000,ObservedSupport,1
yes,LongNoteHead,3,2,present,3,2,11100000,AmbiguousEvidence,1
yes,LongNoteHead,3,2,present,3,2,11100000,ObservedSupport,2
yes,LongNoteHead,3,2,present,3,3,11001100,AmbiguousEvidence,1
yes,LongNoteHead,3,2,present,3,3,11001100,ObservedSupport,3
yes,LongNoteHead,3,2,present,3,3,11110000,AmbiguousEvidence,1
yes,LongNoteHead,3,2,present,3,3,11110000,ObservedSupport,3
yes,LongNoteHead,3,2,present,3,4,11101100,AmbiguousEvidence,4
yes,LongNoteHead,3,2,present,3,4,11101100,ObservedSupport,5
yes,LongNoteHead,3,2,present,3,4,11111000,ObservedSupport,1
yes,LongNoteHead,3,2,present,3,5,11111100,AmbiguousEvidence,3
yes,LongNoteHead,3,2,present,3,7,11111111,ObservedSupport,27
yes,LongNoteHead,3,2,present,4,0,10000000,NoComparableContext,30
yes,LongNoteHead,3,2,present,4,1,10001000,LocalMismatch,2
yes,LongNoteHead,3,2,present,4,1,10100000,LocalMismatch,5
yes,LongNoteHead,3,2,present,4,1,11000000,LocalMismatch,8
yes,LongNoteHead,3,2,present,4,1,11000000,ObservedSupport,1
yes,LongNoteHead,3,2,present,4,2,10001100,LocalMismatch,2
yes,LongNoteHead,3,2,present,4,2,10001100,ObservedSupport,2
yes,LongNoteHead,3,2,present,4,2,10101000,AmbiguousEvidence,1
yes,LongNoteHead,3,2,present,4,2,10101000,LocalMismatch,1
yes,LongNoteHead,3,2,present,4,2,10110000,LocalMismatch,1
yes,LongNoteHead,3,2,present,4,2,11001000,ObservedSupport,1
yes,LongNoteHead,3,2,present,4,2,11100000,AmbiguousEvidence,3
yes,LongNoteHead,3,2,present,4,2,11100000,LocalMismatch,2
yes,LongNoteHead,3,2,present,4,3,11001100,ObservedSupport,3
yes,LongNoteHead,3,2,present,4,3,11101000,AmbiguousEvidence,1
yes,LongNoteHead,3,2,present,4,3,11101000,ObservedSupport,2
yes,LongNoteHead,3,2,present,4,3,11110000,AmbiguousEvidence,2
yes,LongNoteHead,3,2,present,4,3,11110000,ObservedSupport,6
yes,LongNoteHead,3,2,present,4,4,11101100,ObservedSupport,2
yes,LongNoteHead,3,2,present,4,4,11111000,AmbiguousEvidence,3
yes,LongNoteHead,3,2,present,4,5,11111100,AmbiguousEvidence,12
yes,LongNoteHead,3,2,present,4,7,11111111,ObservedSupport,83
yes,LongNoteHead,3,2,present,5,0,10000000,NoComparableContext,59
yes,LongNoteHead,3,2,present,5,1,10001000,LocalMismatch,7
yes,LongNoteHead,3,2,present,5,1,10001000,ObservedSupport,4
yes,LongNoteHead,3,2,present,5,1,10100000,LocalMismatch,4
yes,LongNoteHead,3,2,present,5,1,10100000,ObservedSupport,3
yes,LongNoteHead,3,2,present,5,1,11000000,LocalMismatch,13
yes,LongNoteHead,3,2,present,5,1,11000000,ObservedSupport,18
yes,LongNoteHead,3,2,present,5,2,10001100,AmbiguousEvidence,1
yes,LongNoteHead,3,2,present,5,2,10001100,LocalMismatch,6
yes,LongNoteHead,3,2,present,5,2,10101000,LocalMismatch,2
yes,LongNoteHead,3,2,present,5,2,10110000,AmbiguousEvidence,2
yes,LongNoteHead,3,2,present,5,2,10110000,LocalMismatch,3
yes,LongNoteHead,3,2,present,5,2,10110000,ObservedSupport,3
yes,LongNoteHead,3,2,present,5,2,11001000,LocalMismatch,1
yes,LongNoteHead,3,2,present,5,2,11001000,ObservedSupport,2
yes,LongNoteHead,3,2,present,5,2,11100000,AmbiguousEvidence,2
yes,LongNoteHead,3,2,present,5,2,11100000,LocalMismatch,3
yes,LongNoteHead,3,2,present,5,2,11100000,ObservedSupport,9
yes,LongNoteHead,3,2,present,5,3,10101100,LocalMismatch,3
yes,LongNoteHead,3,2,present,5,3,10111000,AmbiguousEvidence,1
yes,LongNoteHead,3,2,present,5,3,10111000,LocalMismatch,1
yes,LongNoteHead,3,2,present,5,3,11001100,AmbiguousEvidence,8
yes,LongNoteHead,3,2,present,5,3,11001100,LocalMismatch,2
yes,LongNoteHead,3,2,present,5,3,11001100,ObservedSupport,3
yes,LongNoteHead,3,2,present,5,3,11101000,AmbiguousEvidence,1
yes,LongNoteHead,3,2,present,5,3,11101000,ObservedSupport,2
yes,LongNoteHead,3,2,present,5,3,11110000,AmbiguousEvidence,10
yes,LongNoteHead,3,2,present,5,3,11110000,ObservedSupport,4
yes,LongNoteHead,3,2,present,5,4,10111100,AmbiguousEvidence,1
yes,LongNoteHead,3,2,present,5,4,10111100,LocalMismatch,3
yes,LongNoteHead,3,2,present,5,4,11101100,AmbiguousEvidence,1
yes,LongNoteHead,3,2,present,5,4,11101100,ObservedSupport,4
yes,LongNoteHead,3,2,present,5,4,11111000,AmbiguousEvidence,2
yes,LongNoteHead,3,2,present,5,4,11111000,ObservedSupport,3
yes,LongNoteHead,3,2,present,5,5,10111110,ObservedSupport,2
yes,LongNoteHead,3,2,present,5,5,11111100,AmbiguousEvidence,15
yes,LongNoteHead,3,2,present,5,6,11111110,AmbiguousEvidence,2
yes,LongNoteHead,3,2,present,5,7,11111111,ObservedSupport,6
yes,LongNoteHead,3,2,present,6,0,10000000,NoComparableContext,54
yes,LongNoteHead,3,2,present,6,1,10001000,LocalMismatch,8
yes,LongNoteHead,3,2,present,6,1,10001000,ObservedSupport,6
yes,LongNoteHead,3,2,present,6,1,10100000,LocalMismatch,11
yes,LongNoteHead,3,2,present,6,1,10100000,ObservedSupport,8
yes,LongNoteHead,3,2,present,6,1,11000000,LocalMismatch,18
yes,LongNoteHead,3,2,present,6,1,11000000,ObservedSupport,19
yes,LongNoteHead,3,2,present,6,2,10001100,AmbiguousEvidence,2
yes,LongNoteHead,3,2,present,6,2,10001100,LocalMismatch,12
yes,LongNoteHead,3,2,present,6,2,10001100,ObservedSupport,3
yes,LongNoteHead,3,2,present,6,2,10101000,AmbiguousEvidence,5
yes,LongNoteHead,3,2,present,6,2,10101000,LocalMismatch,4
yes,LongNoteHead,3,2,present,6,2,10110000,LocalMismatch,9
yes,LongNoteHead,3,2,present,6,2,10110000,ObservedSupport,4
yes,LongNoteHead,3,2,present,6,2,11001000,AmbiguousEvidence,1
yes,LongNoteHead,3,2,present,6,2,11001000,ObservedSupport,9
yes,LongNoteHead,3,2,present,6,2,11100000,AmbiguousEvidence,3
yes,LongNoteHead,3,2,present,6,2,11100000,LocalMismatch,6
yes,LongNoteHead,3,2,present,6,2,11100000,ObservedSupport,6
yes,LongNoteHead,3,2,present,6,3,10101100,AmbiguousEvidence,1
yes,LongNoteHead,3,2,present,6,3,10101100,LocalMismatch,4
yes,LongNoteHead,3,2,present,6,3,10111000,AmbiguousEvidence,2
yes,LongNoteHead,3,2,present,6,3,10111000,LocalMismatch,2
yes,LongNoteHead,3,2,present,6,3,11001100,AmbiguousEvidence,12
yes,LongNoteHead,3,2,present,6,3,11001100,LocalMismatch,2
yes,LongNoteHead,3,2,present,6,3,11001100,ObservedSupport,3
yes,LongNoteHead,3,2,present,6,3,11101000,AmbiguousEvidence,7
yes,LongNoteHead,3,2,present,6,3,11101000,LocalMismatch,1
yes,LongNoteHead,3,2,present,6,3,11101000,ObservedSupport,5
yes,LongNoteHead,3,2,present,6,3,11110000,AmbiguousEvidence,14
yes,LongNoteHead,3,2,present,6,3,11110000,LocalMismatch,5
yes,LongNoteHead,3,2,present,6,3,11110000,ObservedSupport,13
yes,LongNoteHead,3,2,present,6,4,10111100,AmbiguousEvidence,9
yes,LongNoteHead,3,2,present,6,4,10111100,LocalMismatch,2
yes,LongNoteHead,3,2,present,6,4,11101100,AmbiguousEvidence,4
yes,LongNoteHead,3,2,present,6,4,11101100,LocalMismatch,3
yes,LongNoteHead,3,2,present,6,4,11101100,ObservedSupport,5
yes,LongNoteHead,3,2,present,6,4,11111000,AmbiguousEvidence,6
yes,LongNoteHead,3,2,present,6,4,11111000,ObservedSupport,3
yes,LongNoteHead,3,2,present,6,5,10111110,AmbiguousEvidence,1
yes,LongNoteHead,3,2,present,6,5,10111110,ObservedSupport,6
yes,LongNoteHead,3,2,present,6,5,11111100,AmbiguousEvidence,57
yes,LongNoteHead,3,2,present,6,5,11111100,LocalMismatch,4
yes,LongNoteHead,3,2,present,6,6,11111110,AmbiguousEvidence,17
yes,LongNoteHead,3,2,present,6,6,11111110,LocalMismatch,1
yes,LongNoteHead,3,2,present,6,7,11111111,ObservedSupport,27
yes,LongNoteHead,3,2,present,7,0,10000000,NoComparableContext,71
yes,LongNoteHead,3,2,present,7,1,10001000,LocalMismatch,21
yes,LongNoteHead,3,2,present,7,1,10001000,ObservedSupport,8
yes,LongNoteHead,3,2,present,7,1,10100000,LocalMismatch,10
yes,LongNoteHead,3,2,present,7,1,10100000,ObservedSupport,2
yes,LongNoteHead,3,2,present,7,1,11000000,LocalMismatch,34
yes,LongNoteHead,3,2,present,7,1,11000000,ObservedSupport,41
yes,LongNoteHead,3,2,present,7,2,10001100,LocalMismatch,10
yes,LongNoteHead,3,2,present,7,2,10001100,ObservedSupport,3
yes,LongNoteHead,3,2,present,7,2,10101000,AmbiguousEvidence,3
yes,LongNoteHead,3,2,present,7,2,10101000,LocalMismatch,3
yes,LongNoteHead,3,2,present,7,2,10101000,ObservedSupport,2
yes,LongNoteHead,3,2,present,7,2,10110000,AmbiguousEvidence,1
yes,LongNoteHead,3,2,present,7,2,10110000,LocalMismatch,5
yes,LongNoteHead,3,2,present,7,2,10110000,ObservedSupport,11
yes,LongNoteHead,3,2,present,7,2,11001000,AmbiguousEvidence,9
yes,LongNoteHead,3,2,present,7,2,11001000,LocalMismatch,6
yes,LongNoteHead,3,2,present,7,2,11001000,ObservedSupport,9
yes,LongNoteHead,3,2,present,7,2,11100000,AmbiguousEvidence,10
yes,LongNoteHead,3,2,present,7,2,11100000,LocalMismatch,8
yes,LongNoteHead,3,2,present,7,2,11100000,ObservedSupport,2
yes,LongNoteHead,3,2,present,7,3,10101100,AmbiguousEvidence,4
yes,LongNoteHead,3,2,present,7,3,10101100,LocalMismatch,4
yes,LongNoteHead,3,2,present,7,3,10101100,ObservedSupport,2
yes,LongNoteHead,3,2,present,7,3,10111000,AmbiguousEvidence,1
yes,LongNoteHead,3,2,present,7,3,10111000,LocalMismatch,2
yes,LongNoteHead,3,2,present,7,3,11001100,AmbiguousEvidence,25
yes,LongNoteHead,3,2,present,7,3,11001100,LocalMismatch,9
yes,LongNoteHead,3,2,present,7,3,11001100,ObservedSupport,9
yes,LongNoteHead,3,2,present,7,3,11101000,AmbiguousEvidence,11
yes,LongNoteHead,3,2,present,7,3,11101000,LocalMismatch,7
yes,LongNoteHead,3,2,present,7,3,11101000,ObservedSupport,3
yes,LongNoteHead,3,2,present,7,3,11110000,AmbiguousEvidence,17
yes,LongNoteHead,3,2,present,7,3,11110000,LocalMismatch,5
yes,LongNoteHead,3,2,present,7,3,11110000,ObservedSupport,14
yes,LongNoteHead,3,2,present,7,4,10111100,AmbiguousEvidence,10
yes,LongNoteHead,3,2,present,7,4,10111100,LocalMismatch,7
yes,LongNoteHead,3,2,present,7,4,11101100,AmbiguousEvidence,10
yes,LongNoteHead,3,2,present,7,4,11101100,LocalMismatch,2
yes,LongNoteHead,3,2,present,7,4,11101100,ObservedSupport,1
yes,LongNoteHead,3,2,present,7,4,11111000,AmbiguousEvidence,7
yes,LongNoteHead,3,2,present,7,4,11111000,LocalMismatch,1
yes,LongNoteHead,3,2,present,7,4,11111000,ObservedSupport,4
yes,LongNoteHead,3,2,present,7,5,10111110,LocalMismatch,5
yes,LongNoteHead,3,2,present,7,5,10111110,ObservedSupport,6
yes,LongNoteHead,3,2,present,7,5,11111100,AmbiguousEvidence,44
yes,LongNoteHead,3,2,present,7,5,11111100,LocalMismatch,2
yes,LongNoteHead,3,2,present,7,6,11111110,AmbiguousEvidence,8
yes,LongNoteHead,3,2,present,7,7,11111111,LocalMismatch,1
yes,LongNoteHead,3,2,present,7,7,11111111,ObservedSupport,26
yes,LongNoteHead,3,2,present,8,0,10000000,NoComparableContext,71
yes,LongNoteHead,3,2,present,8,1,10001000,LocalMismatch,17
yes,LongNoteHead,3,2,present,8,1,10001000,ObservedSupport,7
yes,LongNoteHead,3,2,present,8,1,10100000,LocalMismatch,23
yes,LongNoteHead,3,2,present,8,1,10100000,ObservedSupport,5
yes,LongNoteHead,3,2,present,8,1,11000000,LocalMismatch,39
yes,LongNoteHead,3,2,present,8,1,11000000,ObservedSupport,78
yes,LongNoteHead,3,2,present,8,2,10001100,AmbiguousEvidence,2
yes,LongNoteHead,3,2,present,8,2,10001100,LocalMismatch,14
yes,LongNoteHead,3,2,present,8,2,10001100,ObservedSupport,1
yes,LongNoteHead,3,2,present,8,2,10101000,AmbiguousEvidence,5
yes,LongNoteHead,3,2,present,8,2,10101000,LocalMismatch,10
yes,LongNoteHead,3,2,present,8,2,10101000,ObservedSupport,6
yes,LongNoteHead,3,2,present,8,2,10110000,LocalMismatch,12
yes,LongNoteHead,3,2,present,8,2,10110000,ObservedSupport,1
yes,LongNoteHead,3,2,present,8,2,11001000,AmbiguousEvidence,14
yes,LongNoteHead,3,2,present,8,2,11001000,LocalMismatch,16
yes,LongNoteHead,3,2,present,8,2,11001000,ObservedSupport,16
yes,LongNoteHead,3,2,present,8,2,11100000,AmbiguousEvidence,18
yes,LongNoteHead,3,2,present,8,2,11100000,LocalMismatch,13
yes,LongNoteHead,3,2,present,8,2,11100000,ObservedSupport,10
yes,LongNoteHead,3,2,present,8,3,10101100,AmbiguousEvidence,5
yes,LongNoteHead,3,2,present,8,3,10101100,LocalMismatch,5
yes,LongNoteHead,3,2,present,8,3,10101100,ObservedSupport,2
yes,LongNoteHead,3,2,present,8,3,10111000,LocalMismatch,2
yes,LongNoteHead,3,2,present,8,3,10111000,ObservedSupport,1
yes,LongNoteHead,3,2,present,8,3,11001100,AmbiguousEvidence,9
yes,LongNoteHead,3,2,present,8,3,11001100,LocalMismatch,7
yes,LongNoteHead,3,2,present,8,3,11001100,ObservedSupport,6
yes,LongNoteHead,3,2,present,8,3,11101000,AmbiguousEvidence,19
yes,LongNoteHead,3,2,present,8,3,11101000,LocalMismatch,7
yes,LongNoteHead,3,2,present,8,3,11101000,ObservedSupport,17
yes,LongNoteHead,3,2,present,8,3,11110000,AmbiguousEvidence,10
yes,LongNoteHead,3,2,present,8,3,11110000,LocalMismatch,6
yes,LongNoteHead,3,2,present,8,3,11110000,ObservedSupport,12
yes,LongNoteHead,3,2,present,8,4,10111100,AmbiguousEvidence,9
yes,LongNoteHead,3,2,present,8,4,10111100,LocalMismatch,6
yes,LongNoteHead,3,2,present,8,4,11101100,AmbiguousEvidence,23
yes,LongNoteHead,3,2,present,8,4,11101100,LocalMismatch,3
yes,LongNoteHead,3,2,present,8,4,11101100,ObservedSupport,11
yes,LongNoteHead,3,2,present,8,4,11111000,AmbiguousEvidence,14
yes,LongNoteHead,3,2,present,8,4,11111000,LocalMismatch,1
yes,LongNoteHead,3,2,present,8,4,11111000,ObservedSupport,16
yes,LongNoteHead,3,2,present,8,5,10111110,AmbiguousEvidence,2
yes,LongNoteHead,3,2,present,8,5,10111110,ObservedSupport,5
yes,LongNoteHead,3,2,present,8,5,11111100,AmbiguousEvidence,29
yes,LongNoteHead,3,2,present,8,5,11111100,LocalMismatch,1
yes,LongNoteHead,3,2,present,8,6,11111110,AmbiguousEvidence,15
yes,LongNoteHead,3,2,present,8,7,11111111,ObservedSupport,42
yes,LongNoteHead,3,2,present,9,0,10000000,NoComparableContext,57
yes,LongNoteHead,3,2,present,9,1,10001000,LocalMismatch,14
yes,LongNoteHead,3,2,present,9,1,10001000,ObservedSupport,9
yes,LongNoteHead,3,2,present,9,1,10100000,LocalMismatch,17
yes,LongNoteHead,3,2,present,9,1,10100000,ObservedSupport,1
yes,LongNoteHead,3,2,present,9,1,11000000,LocalMismatch,38
yes,LongNoteHead,3,2,present,9,1,11000000,ObservedSupport,46
yes,LongNoteHead,3,2,present,9,2,10001100,LocalMismatch,5
yes,LongNoteHead,3,2,present,9,2,10001100,ObservedSupport,1
yes,LongNoteHead,3,2,present,9,2,10101000,AmbiguousEvidence,1
yes,LongNoteHead,3,2,present,9,2,10101000,LocalMismatch,6
yes,LongNoteHead,3,2,present,9,2,10101000,ObservedSupport,2
yes,LongNoteHead,3,2,present,9,2,10110000,LocalMismatch,11
yes,LongNoteHead,3,2,present,9,2,10110000,ObservedSupport,2
yes,LongNoteHead,3,2,present,9,2,11001000,AmbiguousEvidence,9
yes,LongNoteHead,3,2,present,9,2,11001000,LocalMismatch,8
yes,LongNoteHead,3,2,present,9,2,11001000,ObservedSupport,14
yes,LongNoteHead,3,2,present,9,2,11100000,AmbiguousEvidence,17
yes,LongNoteHead,3,2,present,9,2,11100000,LocalMismatch,10
yes,LongNoteHead,3,2,present,9,2,11100000,ObservedSupport,9
yes,LongNoteHead,3,2,present,9,3,10101100,AmbiguousEvidence,2
yes,LongNoteHead,3,2,present,9,3,10101100,LocalMismatch,6
yes,LongNoteHead,3,2,present,9,3,10101100,ObservedSupport,4
yes,LongNoteHead,3,2,present,9,3,10111000,AmbiguousEvidence,3
yes,LongNoteHead,3,2,present,9,3,10111000,LocalMismatch,1
yes,LongNoteHead,3,2,present,9,3,10111000,ObservedSupport,1
yes,LongNoteHead,3,2,present,9,3,11001100,AmbiguousEvidence,8
yes,LongNoteHead,3,2,present,9,3,11001100,LocalMismatch,2
yes,LongNoteHead,3,2,present,9,3,11001100,ObservedSupport,7
yes,LongNoteHead,3,2,present,9,3,11101000,AmbiguousEvidence,20
yes,LongNoteHead,3,2,present,9,3,11101000,LocalMismatch,3
yes,LongNoteHead,3,2,present,9,3,11101000,ObservedSupport,24
yes,LongNoteHead,3,2,present,9,3,11110000,AmbiguousEvidence,4
yes,LongNoteHead,3,2,present,9,3,11110000,LocalMismatch,3
yes,LongNoteHead,3,2,present,9,3,11110000,ObservedSupport,4
yes,LongNoteHead,3,2,present,9,4,10111100,AmbiguousEvidence,1
yes,LongNoteHead,3,2,present,9,4,10111100,LocalMismatch,1
yes,LongNoteHead,3,2,present,9,4,11101100,AmbiguousEvidence,12
yes,LongNoteHead,3,2,present,9,4,11101100,LocalMismatch,5
yes,LongNoteHead,3,2,present,9,4,11101100,ObservedSupport,3
yes,LongNoteHead,3,2,present,9,4,11111000,AmbiguousEvidence,7
yes,LongNoteHead,3,2,present,9,4,11111000,LocalMismatch,1
yes,LongNoteHead,3,2,present,9,4,11111000,ObservedSupport,21
yes,LongNoteHead,3,2,present,9,5,10111110,AmbiguousEvidence,2
yes,LongNoteHead,3,2,present,9,5,10111110,LocalMismatch,1
yes,LongNoteHead,3,2,present,9,5,11111100,AmbiguousEvidence,9
yes,LongNoteHead,3,2,present,9,5,11111100,LocalMismatch,3
yes,LongNoteHead,3,2,present,9,6,11111110,AmbiguousEvidence,9
yes,LongNoteHead,3,2,present,9,6,11111110,LocalMismatch,1
yes,LongNoteHead,3,2,present,9,7,11111111,ObservedSupport,50
yes,LongNoteHead,4,3,absent,0,0,00000000,NoComparableContext,13
yes,LongNoteHead,4,3,absent,1,0,10000000,NoComparableContext,25
yes,LongNoteHead,4,3,absent,1,1,10001000,LocalMismatch,1
yes,LongNoteHead,4,3,absent,1,1,10001000,ObservedSupport,1
yes,LongNoteHead,4,3,absent,1,1,11000000,LocalMismatch,4
yes,LongNoteHead,4,3,absent,1,1,11000000,ObservedSupport,2
yes,LongNoteHead,4,3,absent,1,2,11001000,LocalMismatch,1
yes,LongNoteHead,4,3,absent,1,2,11100000,LocalMismatch,1
yes,LongNoteHead,4,3,absent,1,3,11101000,ObservedSupport,5
yes,LongNoteHead,4,3,absent,1,3,11110000,ObservedSupport,3
yes,LongNoteHead,4,3,absent,1,4,11111000,ObservedSupport,9
yes,LongNoteHead,4,3,absent,1,5,11111100,AmbiguousEvidence,4
yes,LongNoteHead,4,3,absent,1,7,11111111,ObservedSupport,39
yes,LongNoteHead,4,3,absent,2,0,10000000,NoComparableContext,12
yes,LongNoteHead,4,3,absent,2,1,11000000,LocalMismatch,10
yes,LongNoteHead,4,3,absent,2,1,11000000,ObservedSupport,7
yes,LongNoteHead,4,3,absent,2,2,11001000,ObservedSupport,1
yes,LongNoteHead,4,3,absent,2,2,11100000,LocalMismatch,2
yes,LongNoteHead,4,3,absent,2,2,11100000,ObservedSupport,3
yes,LongNoteHead,4,3,absent,2,3,11101000,ObservedSupport,2
yes,LongNoteHead,4,3,absent,2,5,11111100,AmbiguousEvidence,4
yes,LongNoteHead,4,3,absent,2,7,11111111,ObservedSupport,18
yes,LongNoteHead,4,3,absent,3,0,10000000,NoComparableContext,10
yes,LongNoteHead,4,3,absent,3,1,10001000,LocalMismatch,1
yes,LongNoteHead,4,3,absent,3,1,10100000,LocalMismatch,2
yes,LongNoteHead,4,3,absent,3,1,11000000,LocalMismatch,11
yes,LongNoteHead,4,3,absent,3,1,11000000,ObservedSupport,20
yes,LongNoteHead,4,3,absent,3,2,11001000,AmbiguousEvidence,1
yes,LongNoteHead,4,3,absent,3,2,11001000,LocalMismatch,2
yes,LongNoteHead,4,3,absent,3,2,11001000,ObservedSupport,5
yes,LongNoteHead,4,3,absent,3,2,11100000,LocalMismatch,3
yes,LongNoteHead,4,3,absent,3,2,11100000,ObservedSupport,7
yes,LongNoteHead,4,3,absent,3,3,11001100,AmbiguousEvidence,1
yes,LongNoteHead,4,3,absent,3,3,11101000,LocalMismatch,1
yes,LongNoteHead,4,3,absent,3,3,11110000,LocalMismatch,1
yes,LongNoteHead,4,3,absent,4,0,10000000,NoComparableContext,4
yes,LongNoteHead,4,3,absent,4,1,10001000,LocalMismatch,1
yes,LongNoteHead,4,3,absent,4,1,10001000,ObservedSupport,2
yes,LongNoteHead,4,3,absent,4,1,11000000,LocalMismatch,36
yes,LongNoteHead,4,3,absent,4,1,11000000,ObservedSupport,47
yes,LongNoteHead,4,3,absent,4,2,11001000,AmbiguousEvidence,7
yes,LongNoteHead,4,3,absent,4,2,11001000,LocalMismatch,4
yes,LongNoteHead,4,3,absent,4,2,11001000,ObservedSupport,5
yes,LongNoteHead,4,3,absent,4,2,11100000,AmbiguousEvidence,5
yes,LongNoteHead,4,3,absent,4,2,11100000,LocalMismatch,3
yes,LongNoteHead,4,3,absent,4,2,11100000,ObservedSupport,1
yes,LongNoteHead,4,3,absent,4,3,11001100,AmbiguousEvidence,6
yes,LongNoteHead,4,3,absent,4,3,11001100,ObservedSupport,1
yes,LongNoteHead,4,3,absent,4,3,11101000,AmbiguousEvidence,1
yes,LongNoteHead,4,3,absent,4,3,11101000,LocalMismatch,5
yes,LongNoteHead,4,3,absent,4,3,11110000,LocalMismatch,3
yes,LongNoteHead,4,3,absent,4,3,11110000,ObservedSupport,1
yes,LongNoteHead,4,3,absent,4,4,11101100,LocalMismatch,1
yes,LongNoteHead,4,3,absent,4,4,11111000,LocalMismatch,1
yes,LongNoteHead,4,3,absent,4,4,11111000,ObservedSupport,3
yes,LongNoteHead,4,3,absent,4,5,11111100,AmbiguousEvidence,1
yes,LongNoteHead,4,3,absent,5,0,10000000,NoComparableContext,3
yes,LongNoteHead,4,3,absent,5,1,11000000,LocalMismatch,19
yes,LongNoteHead,4,3,absent,5,1,11000000,ObservedSupport,13
yes,LongNoteHead,4,3,absent,5,2,11001000,AmbiguousEvidence,4
yes,LongNoteHead,4,3,absent,5,2,11001000,LocalMismatch,2
yes,LongNoteHead,4,3,absent,5,2,11001000,ObservedSupport,1
yes,LongNoteHead,4,3,absent,5,2,11100000,AmbiguousEvidence,1
yes,LongNoteHead,4,3,absent,5,2,11100000,ObservedSupport,2
yes,LongNoteHead,4,3,absent,5,3,11001100,AmbiguousEvidence,1
yes,LongNoteHead,4,3,absent,5,3,11001100,LocalMismatch,1
yes,LongNoteHead,4,3,absent,5,3,11101000,AmbiguousEvidence,2
yes,LongNoteHead,4,3,absent,5,3,11101000,LocalMismatch,1
yes,LongNoteHead,4,3,absent,5,3,11110000,AmbiguousEvidence,1
yes,LongNoteHead,4,3,absent,5,4,11101100,ObservedSupport,2
yes,LongNoteHead,4,3,absent,5,4,11111000,AmbiguousEvidence,1
yes,LongNoteHead,4,3,absent,6,1,11000000,LocalMismatch,4
yes,LongNoteHead,4,3,absent,6,1,11000000,ObservedSupport,4
yes,LongNoteHead,4,3,absent,6,2,11001000,AmbiguousEvidence,2
yes,LongNoteHead,4,3,absent,6,2,11001000,ObservedSupport,6
yes,LongNoteHead,4,3,absent,6,2,11100000,LocalMismatch,1
yes,LongNoteHead,4,3,absent,6,2,11100000,ObservedSupport,7
yes,LongNoteHead,4,3,absent,6,3,11001100,AmbiguousEvidence,1
yes,LongNoteHead,4,3,absent,6,3,11001100,ObservedSupport,3
yes,LongNoteHead,4,3,absent,6,3,11101000,AmbiguousEvidence,3
yes,LongNoteHead,4,3,absent,6,3,11101000,LocalMismatch,1
yes,LongNoteHead,4,3,absent,6,3,11110000,ObservedSupport,3
yes,LongNoteHead,4,3,absent,6,4,11101100,AmbiguousEvidence,4
yes,LongNoteHead,4,3,absent,6,4,11101100,ObservedSupport,1
yes,LongNoteHead,4,3,absent,6,4,11111000,ObservedSupport,9
yes,LongNoteHead,4,3,absent,6,5,11111100,AmbiguousEvidence,3
yes,LongNoteHead,4,3,absent,6,7,11111111,ObservedSupport,2
yes,LongNoteHead,4,3,absent,7,1,11000000,ObservedSupport,2
yes,LongNoteHead,4,3,absent,7,2,11001000,AmbiguousEvidence,1
yes,LongNoteHead,4,3,absent,7,2,11100000,AmbiguousEvidence,1
yes,LongNoteHead,4,3,absent,7,2,11100000,LocalMismatch,1
yes,LongNoteHead,4,3,absent,7,3,11101000,AmbiguousEvidence,2
yes,LongNoteHead,4,3,absent,7,3,11101000,LocalMismatch,2
yes,LongNoteHead,4,3,absent,7,4,11111000,LocalMismatch,1
yes,LongNoteHead,4,3,absent,8,2,11001000,LocalMismatch,1
yes,LongNoteHead,4,3,absent,8,2,11100000,AmbiguousEvidence,1
yes,LongNoteHead,4,3,absent,8,3,11101000,AmbiguousEvidence,3
yes,LongNoteHead,4,3,absent,8,3,11101000,ObservedSupport,1
yes,LongNoteHead,4,3,absent,8,4,11101100,AmbiguousEvidence,1
yes,LongNoteHead,4,3,absent,8,4,11101100,ObservedSupport,1
yes,LongNoteHead,4,3,present,0,0,00000000,NoComparableContext,72
yes,LongNoteHead,4,3,present,1,0,10000000,NoComparableContext,141
yes,LongNoteHead,4,3,present,1,1,10001000,LocalMismatch,1
yes,LongNoteHead,4,3,present,1,1,10100000,LocalMismatch,3
yes,LongNoteHead,4,3,present,1,1,11000000,LocalMismatch,9
yes,LongNoteHead,4,3,present,1,1,11000000,ObservedSupport,10
yes,LongNoteHead,4,3,present,1,2,10001100,LocalMismatch,1
yes,LongNoteHead,4,3,present,1,2,10001100,ObservedSupport,3
yes,LongNoteHead,4,3,present,1,2,10110000,LocalMismatch,5
yes,LongNoteHead,4,3,present,1,2,11001000,LocalMismatch,1
yes,LongNoteHead,4,3,present,1,2,11001000,ObservedSupport,2
yes,LongNoteHead,4,3,present,1,3,11001100,LocalMismatch,1
yes,LongNoteHead,4,3,present,1,3,11001100,ObservedSupport,1
yes,LongNoteHead,4,3,present,1,3,11101000,LocalMismatch,1
yes,LongNoteHead,4,3,present,1,3,11101000,ObservedSupport,4
yes,LongNoteHead,4,3,present,1,3,11110000,ObservedSupport,2
yes,LongNoteHead,4,3,present,1,4,11101100,ObservedSupport,2
yes,LongNoteHead,4,3,present,1,4,11111000,ObservedSupport,1
yes,LongNoteHead,4,3,present,1,5,11111100,AmbiguousEvidence,1
yes,LongNoteHead,4,3,present,1,7,11111111,ObservedSupport,2
yes,LongNoteHead,4,3,present,2,0,10000000,NoComparableContext,136
yes,LongNoteHead,4,3,present,2,1,10001000,LocalMismatch,3
yes,LongNoteHead,4,3,present,2,1,10001000,ObservedSupport,5
yes,LongNoteHead,4,3,present,2,1,10100000,LocalMismatch,9
yes,LongNoteHead,4,3,present,2,1,11000000,LocalMismatch,20
yes,LongNoteHead,4,3,present,2,1,11000000,ObservedSupport,17
yes,LongNoteHead,4,3,present,2,2,10001100,LocalMismatch,3
yes,LongNoteHead,4,3,present,2,2,10001100,ObservedSupport,5
yes,LongNoteHead,4,3,present,2,2,10101000,LocalMismatch,1
yes,LongNoteHead,4,3,present,2,2,10101000,ObservedSupport,1
yes,LongNoteHead,4,3,present,2,2,10110000,LocalMismatch,3
yes,LongNoteHead,4,3,present,2,2,10110000,ObservedSupport,4
yes,LongNoteHead,4,3,present,2,2,11001000,AmbiguousEvidence,1
yes,LongNoteHead,4,3,present,2,2,11001000,ObservedSupport,3
yes,LongNoteHead,4,3,present,2,2,11100000,LocalMismatch,2
yes,LongNoteHead,4,3,present,2,3,10101100,AmbiguousEvidence,1
yes,LongNoteHead,4,3,present,2,3,10101100,ObservedSupport,5
yes,LongNoteHead,4,3,present,2,3,10111000,AmbiguousEvidence,2
yes,LongNoteHead,4,3,present,2,3,10111000,LocalMismatch,2
yes,LongNoteHead,4,3,present,2,3,11001100,ObservedSupport,2
yes,LongNoteHead,4,3,present,2,3,11101000,ObservedSupport,7
yes,LongNoteHead,4,3,present,2,4,11101100,AmbiguousEvidence,1
yes,LongNoteHead,4,3,present,2,4,11101100,ObservedSupport,5
yes,LongNoteHead,4,3,present,2,5,10111110,LocalMismatch,1
yes,LongNoteHead,4,3,present,2,5,10111110,ObservedSupport,1
yes,LongNoteHead,4,3,present,2,5,11111100,AmbiguousEvidence,4
yes,LongNoteHead,4,3,present,2,6,11111110,AmbiguousEvidence,3
yes,LongNoteHead,4,3,present,2,7,11111111,ObservedSupport,6
yes,LongNoteHead,4,3,present,3,0,10000000,NoComparableContext,116
yes,LongNoteHead,4,3,present,3,1,10001000,LocalMismatch,12
yes,LongNoteHead,4,3,present,3,1,10001000,ObservedSupport,1
yes,LongNoteHead,4,3,present,3,1,10100000,LocalMismatch,13
yes,LongNoteHead,4,3,present,3,1,11000000,LocalMismatch,22
yes,LongNoteHead,4,3,present,3,1,11000000,ObservedSupport,14
yes,LongNoteHead,4,3,present,3,2,10001100,LocalMismatch,6
yes,LongNoteHead,4,3,present,3,2,10001100,ObservedSupport,3
yes,LongNoteHead,4,3,present,3,2,10101000,LocalMismatch,3
yes,LongNoteHead,4,3,present,3,2,10110000,LocalMismatch,3
yes,LongNoteHead,4,3,present,3,2,11001000,AmbiguousEvidence,4
yes,LongNoteHead,4,3,present,3,2,11001000,ObservedSupport,3
yes,LongNoteHead,4,3,present,3,2,11100000,AmbiguousEvidence,2
yes,LongNoteHead,4,3,present,3,2,11100000,LocalMismatch,3
yes,LongNoteHead,4,3,present,3,3,10101100,AmbiguousEvidence,1
yes,LongNoteHead,4,3,present,3,3,10101100,LocalMismatch,1
yes,LongNoteHead,4,3,present,3,3,10111000,AmbiguousEvidence,1
yes,LongNoteHead,4,3,present,3,3,11001100,AmbiguousEvidence,4
yes,LongNoteHead,4,3,present,3,3,11001100,ObservedSupport,1
yes,LongNoteHead,4,3,present,3,3,11101000,AmbiguousEvidence,4
yes,LongNoteHead,4,3,present,3,3,11101000,ObservedSupport,16
yes,LongNoteHead,4,3,present,3,3,11110000,AmbiguousEvidence,1
yes,LongNoteHead,4,3,present,3,3,11110000,LocalMismatch,3
yes,LongNoteHead,4,3,present,3,3,11110000,ObservedSupport,1
yes,LongNoteHead,4,3,present,3,4,11101100,AmbiguousEvidence,1
yes,LongNoteHead,4,3,present,3,4,11101100,ObservedSupport,6
yes,LongNoteHead,4,3,present,3,4,11111000,AmbiguousEvidence,3
yes,LongNoteHead,4,3,present,3,4,11111000,ObservedSupport,2
yes,LongNoteHead,4,3,present,3,5,11111100,AmbiguousEvidence,3
yes,LongNoteHead,4,3,present,3,6,11111110,LocalMismatch,2
yes,LongNoteHead,4,3,present,3,7,11111111,ObservedSupport,6
yes,LongNoteHead,4,3,present,4,0,10000000,NoComparableContext,136
yes,LongNoteHead,4,3,present,4,1,10001000,LocalMismatch,7
yes,LongNoteHead,4,3,present,4,1,10001000,ObservedSupport,1
yes,LongNoteHead,4,3,present,4,1,10100000,LocalMismatch,9
yes,LongNoteHead,4,3,present,4,1,10100000,ObservedSupport,1
yes,LongNoteHead,4,3,present,4,1,11000000,LocalMismatch,39
yes,LongNoteHead,4,3,present,4,1,11000000,ObservedSupport,31
yes,LongNoteHead,4,3,present,4,2,10001100,LocalMismatch,8
yes,LongNoteHead,4,3,present,4,2,10001100,ObservedSupport,4
yes,LongNoteHead,4,3,present,4,2,10101000,ObservedSupport,2
yes,LongNoteHead,4,3,present,4,2,10110000,LocalMismatch,9
yes,LongNoteHead,4,3,present,4,2,10110000,ObservedSupport,5
yes,LongNoteHead,4,3,present,4,2,11001000,AmbiguousEvidence,3
yes,LongNoteHead,4,3,present,4,2,11001000,LocalMismatch,9
yes,LongNoteHead,4,3,present,4,2,11001000,ObservedSupport,11
yes,LongNoteHead,4,3,present,4,2,11100000,AmbiguousEvidence,4
yes,LongNoteHead,4,3,present,4,2,11100000,LocalMismatch,5
yes,LongNoteHead,4,3,present,4,2,11100000,ObservedSupport,2
yes,LongNoteHead,4,3,present,4,3,10101100,AmbiguousEvidence,7
yes,LongNoteHead,4,3,present,4,3,10101100,LocalMismatch,1
yes,LongNoteHead,4,3,present,4,3,11001100,AmbiguousEvidence,4
yes,LongNoteHead,4,3,present,4,3,11001100,LocalMismatch,4
yes,LongNoteHead,4,3,present,4,3,11001100,ObservedSupport,9
yes,LongNoteHead,4,3,present,4,3,11101000,AmbiguousEvidence,5
yes,LongNoteHead,4,3,present,4,3,11101000,LocalMismatch,2
yes,LongNoteHead,4,3,present,4,3,11101000,ObservedSupport,4
yes,LongNoteHead,4,3,present,4,3,11110000,AmbiguousEvidence,3
yes,LongNoteHead,4,3,present,4,3,11110000,LocalMismatch,5
yes,LongNoteHead,4,3,present,4,3,11110000,ObservedSupport,5
yes,LongNoteHead,4,3,present,4,4,11101100,AmbiguousEvidence,2
yes,LongNoteHead,4,3,present,4,4,11101100,ObservedSupport,8
yes,LongNoteHead,4,3,present,4,4,11111000,AmbiguousEvidence,3
yes,LongNoteHead,4,3,present,4,4,11111000,ObservedSupport,5
yes,LongNoteHead,4,3,present,4,5,10111110,AmbiguousEvidence,4
yes,LongNoteHead,4,3,present,4,5,11111100,AmbiguousEvidence,10
yes,LongNoteHead,4,3,present,4,5,11111100,LocalMismatch,1
yes,LongNoteHead,4,3,present,4,6,11111110,AmbiguousEvidence,4
yes,LongNoteHead,4,3,present,4,7,11111111,ObservedSupport,18
yes,LongNoteHead,4,3,present,5,0,10000000,NoComparableContext,47
yes,LongNoteHead,4,3,present,5,1,10001000,LocalMismatch,7
yes,LongNoteHead,4,3,present,5,1,10001000,ObservedSupport,2
yes,LongNoteHead,4,3,present,5,1,10100000,LocalMismatch,6
yes,LongNoteHead,4,3,present,5,1,10100000,ObservedSupport,2
yes,LongNoteHead,4,3,present,5,1,11000000,LocalMismatch,10
yes,LongNoteHead,4,3,present,5,1,11000000,ObservedSupport,7
yes,LongNoteHead,4,3,present,5,2,10001100,LocalMismatch,7
yes,LongNoteHead,4,3,present,5,2,10001100,ObservedSupport,1
yes,LongNoteHead,4,3,present,5,2,10101000,LocalMismatch,1
yes,LongNoteHead,4,3,present,5,2,10101000,ObservedSupport,5
yes,LongNoteHead,4,3,present,5,2,10110000,LocalMismatch,4
yes,LongNoteHead,4,3,present,5,2,10110000,ObservedSupport,2
yes,LongNoteHead,4,3,present,5,2,11001000,AmbiguousEvidence,3
yes,LongNoteHead,4,3,present,5,2,11001000,LocalMismatch,4
yes,LongNoteHead,4,3,present,5,2,11001000,ObservedSupport,9
yes,LongNoteHead,4,3,present,5,2,11100000,AmbiguousEvidence,2
yes,LongNoteHead,4,3,present,5,2,11100000,LocalMismatch,5
yes,LongNoteHead,4,3,present,5,2,11100000,ObservedSupport,1
yes,LongNoteHead,4,3,present,5,3,10101100,LocalMismatch,1
yes,LongNoteHead,4,3,present,5,3,10101100,ObservedSupport,4
yes,LongNoteHead,4,3,present,5,3,10111000,AmbiguousEvidence,1
yes,LongNoteHead,4,3,present,5,3,11001100,AmbiguousEvidence,1
yes,LongNoteHead,4,3,present,5,3,11001100,LocalMismatch,1
yes,LongNoteHead,4,3,present,5,3,11001100,ObservedSupport,3
yes,LongNoteHead,4,3,present,5,3,11101000,AmbiguousEvidence,2
yes,LongNoteHead,4,3,present,5,3,11101000,LocalMismatch,1
yes,LongNoteHead,4,3,present,5,3,11101000,ObservedSupport,9
yes,LongNoteHead,4,3,present,5,3,11110000,AmbiguousEvidence,2
yes,LongNoteHead,4,3,present,5,3,11110000,LocalMismatch,3
yes,LongNoteHead,4,3,present,5,3,11110000,ObservedSupport,1
yes,LongNoteHead,4,3,present,5,4,10111100,AmbiguousEvidence,1
yes,LongNoteHead,4,3,present,5,4,10111100,LocalMismatch,1
yes,LongNoteHead,4,3,present,5,4,11101100,AmbiguousEvidence,2
yes,LongNoteHead,4,3,present,5,4,11101100,LocalMismatch,1
yes,LongNoteHead,4,3,present,5,4,11101100,ObservedSupport,3
yes,LongNoteHead,4,3,present,5,4,11111000,AmbiguousEvidence,1
yes,LongNoteHead,4,3,present,5,4,11111000,ObservedSupport,3
yes,LongNoteHead,4,3,present,5,5,10111110,ObservedSupport,1
yes,LongNoteHead,4,3,present,5,5,11111100,AmbiguousEvidence,7
yes,LongNoteHead,4,3,present,5,6,11111110,AmbiguousEvidence,1
yes,LongNoteHead,4,3,present,5,7,11111111,ObservedSupport,8
yes,LongNoteHead,4,3,present,6,0,10000000,NoComparableContext,19
yes,LongNoteHead,4,3,present,6,1,10001000,LocalMismatch,2
yes,LongNoteHead,4,3,present,6,1,10001000,ObservedSupport,2
yes,LongNoteHead,4,3,present,6,1,10100000,LocalMismatch,4
yes,LongNoteHead,4,3,present,6,1,11000000,LocalMismatch,12
yes,LongNoteHead,4,3,present,6,1,11000000,ObservedSupport,2
yes,LongNoteHead,4,3,present,6,2,10001100,LocalMismatch,5
yes,LongNoteHead,4,3,present,6,2,10101000,AmbiguousEvidence,1
yes,LongNoteHead,4,3,present,6,2,10101000,LocalMismatch,1
yes,LongNoteHead,4,3,present,6,2,10110000,LocalMismatch,1
yes,LongNoteHead,4,3,present,6,2,10110000,ObservedSupport,1
yes,LongNoteHead,4,3,present,6,2,11001000,AmbiguousEvidence,4
yes,LongNoteHead,4,3,present,6,2,11001000,LocalMismatch,3
yes,LongNoteHead,4,3,present,6,2,11001000,ObservedSupport,6
yes,LongNoteHead,4,3,present,6,2,11100000,LocalMismatch,2
yes,LongNoteHead,4,3,present,6,2,11100000,ObservedSupport,5
yes,LongNoteHead,4,3,present,6,3,10101100,LocalMismatch,1
yes,LongNoteHead,4,3,present,6,3,10101100,ObservedSupport,1
yes,LongNoteHead,4,3,present,6,3,11001100,AmbiguousEvidence,1
yes,LongNoteHead,4,3,present,6,3,11001100,LocalMismatch,1
yes,LongNoteHead,4,3,present,6,3,11001100,ObservedSupport,6
yes,LongNoteHead,4,3,present,6,3,11101000,AmbiguousEvidence,3
yes,LongNoteHead,4,3,present,6,3,11101000,ObservedSupport,1
yes,LongNoteHead,4,3,present,6,3,11110000,AmbiguousEvidence,3
yes,LongNoteHead,4,3,present,6,4,10111100,AmbiguousEvidence,1
yes,LongNoteHead,4,3,present,6,4,11101100,AmbiguousEvidence,2
yes,LongNoteHead,4,3,present,6,4,11101100,ObservedSupport,2
yes,LongNoteHead,4,3,present,6,4,11111000,ObservedSupport,5
yes,LongNoteHead,4,3,present,6,5,10111110,LocalMismatch,2
yes,LongNoteHead,4,3,present,6,5,11111100,AmbiguousEvidence,4
yes,LongNoteHead,4,3,present,6,5,11111100,LocalMismatch,1
yes,LongNoteHead,4,3,present,6,6,11111110,AmbiguousEvidence,2
yes,LongNoteHead,4,3,present,6,7,11111111,ObservedSupport,8
yes,LongNoteHead,4,3,present,7,0,10000000,NoComparableContext,2
yes,LongNoteHead,4,3,present,7,1,10001000,LocalMismatch,1
yes,LongNoteHead,4,3,present,7,1,10001000,ObservedSupport,2
yes,LongNoteHead,4,3,present,7,1,10100000,LocalMismatch,1
yes,LongNoteHead,4,3,present,7,1,11000000,LocalMismatch,1
yes,LongNoteHead,4,3,present,7,2,11001000,AmbiguousEvidence,2
yes,LongNoteHead,4,3,present,7,2,11001000,ObservedSupport,1
yes,LongNoteHead,4,3,present,7,3,11110000,ObservedSupport,1
yes,LongNoteHead,4,3,present,7,4,11111000,ObservedSupport,1
yes,LongNoteHead,4,3,present,8,1,10001000,ObservedSupport,1
yes,LongNoteHead,4,3,present,8,1,11000000,ObservedSupport,1
yes,LongNoteHead,4,3,present,8,2,10101000,LocalMismatch,1
yes,LongNoteHead,4,3,present,8,2,11001000,AmbiguousEvidence,1
yes,LongNoteHead,4,3,present,8,2,11100000,LocalMismatch,1
yes,LongNoteHead,4,3,present,8,3,11101000,AmbiguousEvidence,1
yes,LongNoteHead,4,3,present,8,3,11101000,ObservedSupport,1
yes,LongNoteHead,4,3,present,8,3,11110000,ObservedSupport,1
yes,LongNoteHead,4,3,present,8,4,11101100,AmbiguousEvidence,1
yes,LongNoteHead,4,3,present,8,4,11111000,ObservedSupport,1
yes,LongNoteHead,5,4,absent,0,0,00000000,NoComparableContext,45
yes,LongNoteHead,5,4,absent,1,0,10000000,NoComparableContext,25
yes,LongNoteHead,5,4,absent,1,1,10001000,ObservedSupport,2
yes,LongNoteHead,5,4,absent,1,1,11000000,LocalMismatch,11
yes,LongNoteHead,5,4,absent,1,1,11000000,ObservedSupport,8
yes,LongNoteHead,5,4,absent,1,2,11100000,LocalMismatch,1
yes,LongNoteHead,5,4,absent,1,3,11101000,ObservedSupport,2
yes,LongNoteHead,5,4,absent,1,3,11110000,LocalMismatch,2
yes,LongNoteHead,5,4,absent,2,0,10000000,NoComparableContext,8
yes,LongNoteHead,5,4,absent,2,1,11000000,LocalMismatch,5
yes,LongNoteHead,5,4,absent,2,1,11000000,ObservedSupport,7
yes,LongNoteHead,5,4,absent,2,2,10101000,ObservedSupport,1
yes,LongNoteHead,5,4,absent,2,2,11001000,ObservedSupport,1
yes,LongNoteHead,5,4,absent,2,2,11100000,LocalMismatch,4
yes,LongNoteHead,5,4,absent,2,3,11101000,LocalMismatch,1
yes,LongNoteHead,5,4,absent,2,3,11101000,ObservedSupport,1
yes,LongNoteHead,5,4,absent,2,4,11101100,AmbiguousEvidence,1
yes,LongNoteHead,5,4,absent,3,0,10000000,NoComparableContext,2
yes,LongNoteHead,5,4,absent,3,1,11000000,LocalMismatch,5
yes,LongNoteHead,5,4,absent,3,1,11000000,ObservedSupport,5
yes,LongNoteHead,5,4,absent,3,2,10001100,ObservedSupport,1
yes,LongNoteHead,5,4,absent,3,2,10101000,ObservedSupport,1
yes,LongNoteHead,5,4,absent,3,2,11001000,ObservedSupport,2
yes,LongNoteHead,5,4,absent,3,3,11001100,AmbiguousEvidence,2
yes,LongNoteHead,5,4,absent,3,3,11101000,AmbiguousEvidence,1
yes,LongNoteHead,5,4,absent,3,3,11101000,ObservedSupport,6
yes,LongNoteHead,5,4,absent,3,4,11101100,LocalMismatch,1
yes,LongNoteHead,5,4,absent,4,0,10000000,NoComparableContext,1
yes,LongNoteHead,5,4,absent,4,1,11000000,ObservedSupport,2
yes,LongNoteHead,5,4,absent,4,2,10101000,ObservedSupport,1
yes,LongNoteHead,5,4,absent,4,2,11001000,LocalMismatch,1
yes,LongNoteHead,5,4,absent,4,2,11001000,ObservedSupport,2
yes,LongNoteHead,5,4,absent,4,3,11001100,AmbiguousEvidence,2
yes,LongNoteHead,5,4,absent,4,3,11101000,AmbiguousEvidence,1
yes,LongNoteHead,5,4,absent,5,1,11000000,LocalMismatch,2
yes,LongNoteHead,5,4,absent,5,2,11001000,LocalMismatch,1
yes,LongNoteHead,5,4,absent,6,1,11000000,LocalMismatch,1
yes,LongNoteHead,5,4,present,0,0,00000000,NoComparableContext,119
yes,LongNoteHead,5,4,present,1,0,10000000,NoComparableContext,84
yes,LongNoteHead,5,4,present,1,1,10001000,ObservedSupport,2
yes,LongNoteHead,5,4,present,1,1,10100000,LocalMismatch,1
yes,LongNoteHead,5,4,present,1,1,11000000,LocalMismatch,7
yes,LongNoteHead,5,4,present,1,1,11000000,ObservedSupport,6
yes,LongNoteHead,5,4,present,1,2,10001100,LocalMismatch,1
yes,LongNoteHead,5,4,present,1,3,11101000,ObservedSupport,1
yes,LongNoteHead,5,4,present,1,3,11110000,LocalMismatch,1
yes,LongNoteHead,5,4,present,1,3,11110000,ObservedSupport,2
yes,LongNoteHead,5,4,present,1,4,11111000,ObservedSupport,3
yes,LongNoteHead,5,4,present,1,7,11111111,ObservedSupport,12
yes,LongNoteHead,5,4,present,2,0,10000000,NoComparableContext,32
yes,LongNoteHead,5,4,present,2,1,10001000,LocalMismatch,2
yes,LongNoteHead,5,4,present,2,1,10100000,LocalMismatch,2
yes,LongNoteHead,5,4,present,2,1,11000000,LocalMismatch,2
yes,LongNoteHead,5,4,present,2,1,11000000,ObservedSupport,9
yes,LongNoteHead,5,4,present,2,2,10101000,ObservedSupport,1
yes,LongNoteHead,5,4,present,2,3,11101000,AmbiguousEvidence,1
yes,LongNoteHead,5,4,present,2,3,11101000,ObservedSupport,3
yes,LongNoteHead,5,4,present,2,3,11110000,ObservedSupport,2
yes,LongNoteHead,5,4,present,2,4,11101100,ObservedSupport,2
yes,LongNoteHead,5,4,present,2,4,11111000,ObservedSupport,3
yes,LongNoteHead,5,4,present,2,7,11111111,ObservedSupport,18
yes,LongNoteHead,5,4,present,3,0,10000000,NoComparableContext,14
yes,LongNoteHead,5,4,present,3,1,10001000,LocalMismatch,1
yes,LongNoteHead,5,4,present,3,1,10001000,ObservedSupport,1
yes,LongNoteHead,5,4,present,3,1,11000000,LocalMismatch,3
yes,LongNoteHead,5,4,present,3,1,11000000,ObservedSupport,8
yes,LongNoteHead,5,4,present,3,2,10001100,LocalMismatch,1
yes,LongNoteHead,5,4,present,3,2,10101000,ObservedSupport,1
yes,LongNoteHead,5,4,present,3,2,11001000,LocalMismatch,1
yes,LongNoteHead,5,4,present,3,2,11001000,ObservedSupport,2
yes,LongNoteHead,5,4,present,3,2,11100000,AmbiguousEvidence,1
yes,LongNoteHead,5,4,present,3,3,11001100,ObservedSupport,3
yes,LongNoteHead,5,4,present,3,3,11110000,ObservedSupport,6
yes,LongNoteHead,5,4,present,3,4,11101100,ObservedSupport,1
yes,LongNoteHead,5,4,present,3,4,11111000,ObservedSupport,1
yes,LongNoteHead,5,4,present,3,7,11111111,ObservedSupport,4
yes,LongNoteHead,5,4,present,4,0,10000000,NoComparableContext,4
yes,LongNoteHead,5,4,present,4,1,11000000,LocalMismatch,3
yes,LongNoteHead,5,4,present,4,1,11000000,ObservedSupport,9
yes,LongNoteHead,5,4,present,4,2,10001100,LocalMismatch,1
yes,LongNoteHead,5,4,present,4,2,10101000,ObservedSupport,1
yes,LongNoteHead,5,4,present,4,2,11001000,ObservedSupport,2
yes,LongNoteHead,5,4,present,4,2,11100000,AmbiguousEvidence,1
yes,LongNoteHead,5,4,present,4,3,10111000,AmbiguousEvidence,1
yes,LongNoteHead,5,4,present,4,3,11001100,ObservedSupport,2
yes,LongNoteHead,5,4,present,4,5,11111100,AmbiguousEvidence,1
yes,LongNoteHead,5,4,present,4,7,11111111,ObservedSupport,4
yes,LongNoteHead,5,4,present,5,0,10000000,NoComparableContext,1
yes,LongNoteHead,5,4,present,5,1,11000000,ObservedSupport,2
yes,LongNoteHead,5,4,present,5,4,11111000,ObservedSupport,1
yes,LongNoteHead,5,4,present,5,7,11111111,ObservedSupport,2
yes,LongNoteHead,5,4,present,6,2,11100000,AmbiguousEvidence,3
yes,LongNoteHead,5,4,present,6,3,11101000,AmbiguousEvidence,1
yes,LongNoteHead,6,5,absent,0,0,00000000,NoComparableContext,17
yes,LongNoteHead,6,5,absent,1,0,10000000,NoComparableContext,3
yes,LongNoteHead,6,5,absent,1,1,11000000,LocalMismatch,2
yes,LongNoteHead,6,5,absent,1,1,11000000,ObservedSupport,12
yes,LongNoteHead,6,5,absent,1,2,11100000,LocalMismatch,2
yes,LongNoteHead,6,5,absent,1,3,11101000,ObservedSupport,8
yes,LongNoteHead,6,5,absent,2,0,10000000,NoComparableContext,1
yes,LongNoteHead,6,5,absent,2,1,11000000,LocalMismatch,2
yes,LongNoteHead,6,5,present,0,0,00000000,NoComparableContext,25
yes,LongNoteHead,6,5,present,1,0,10000000,NoComparableContext,1
yes,LongNoteHead,6,5,present,1,1,11000000,ObservedSupport,6
yes,LongNoteHead,6,5,present,1,7,11111111,ObservedSupport,8
yes,LongNoteHead,6,5,present,2,1,11000000,ObservedSupport,6
yes,LongNoteHead,7,6,absent,0,0,00000000,NoComparableContext,7
yes,LongNoteHead,7,6,absent,1,1,11000000,LocalMismatch,5
yes,LongNoteHead,7,6,absent,2,1,11000000,ObservedSupport,1
yes,LongNoteHead,7,6,absent,2,2,11001000,ObservedSupport,1
yes,LongNoteHead,7,6,absent,2,3,11001100,AmbiguousEvidence,3
yes,LongNoteHead,7,6,absent,2,3,11101000,AmbiguousEvidence,2
yes,TapHead,2,1,absent,0,0,00000000,NoComparableContext,6
yes,TapHead,2,1,absent,1,2,10001100,ObservedSupport,1
yes,TapHead,2,1,absent,10,1,11000000,LocalMismatch,3
yes,TapHead,2,1,absent,10,1,11000000,ObservedSupport,6
yes,TapHead,2,1,absent,10,2,11001000,AmbiguousEvidence,1
yes,TapHead,2,1,absent,10,2,11001000,LocalMismatch,2
yes,TapHead,2,1,absent,10,2,11001000,ObservedSupport,2
yes,TapHead,2,1,absent,10,2,11100000,AmbiguousEvidence,1
yes,TapHead,2,1,absent,10,2,11100000,ObservedSupport,4
yes,TapHead,2,1,absent,10,3,11001100,AmbiguousEvidence,4
yes,TapHead,2,1,absent,10,3,11001100,ObservedSupport,1
yes,TapHead,2,1,absent,10,3,11101000,AmbiguousEvidence,2
yes,TapHead,2,1,absent,10,3,11101000,ObservedSupport,2
yes,TapHead,2,1,absent,10,3,11110000,AmbiguousEvidence,4
yes,TapHead,2,1,absent,10,3,11110000,ObservedSupport,7
yes,TapHead,2,1,absent,10,4,11101100,AmbiguousEvidence,11
yes,TapHead,2,1,absent,10,4,11101100,ObservedSupport,3
yes,TapHead,2,1,absent,10,4,11111000,AmbiguousEvidence,6
yes,TapHead,2,1,absent,10,4,11111000,ObservedSupport,1
yes,TapHead,2,1,absent,10,5,11111100,AmbiguousEvidence,20
yes,TapHead,2,1,absent,10,6,11111110,AmbiguousEvidence,3
yes,TapHead,2,1,absent,10,7,11111111,AmbiguousEvidence,3
yes,TapHead,2,1,absent,10,7,11111111,ObservedSupport,10
yes,TapHead,2,1,absent,11,1,11000000,LocalMismatch,4
yes,TapHead,2,1,absent,11,2,11001000,AmbiguousEvidence,2
yes,TapHead,2,1,absent,11,2,11100000,LocalMismatch,2
yes,TapHead,2,1,absent,11,3,11001100,LocalMismatch,4
yes,TapHead,2,1,absent,11,3,11110000,AmbiguousEvidence,1
yes,TapHead,2,1,absent,11,3,11110000,ObservedSupport,1
yes,TapHead,2,1,absent,11,4,11101100,AmbiguousEvidence,1
yes,TapHead,2,1,absent,11,5,11111100,AmbiguousEvidence,1
yes,TapHead,2,1,absent,11,5,11111100,LocalMismatch,1
yes,TapHead,2,1,absent,11,7,11111111,ObservedSupport,2
yes,TapHead,2,1,absent,12,0,10000000,NoComparableContext,1
yes,TapHead,2,1,absent,12,1,11000000,LocalMismatch,15
yes,TapHead,2,1,absent,12,1,11000000,ObservedSupport,56
yes,TapHead,2,1,absent,12,2,11001000,AmbiguousEvidence,22
yes,TapHead,2,1,absent,12,2,11001000,LocalMismatch,2
yes,TapHead,2,1,absent,12,2,11001000,ObservedSupport,49
yes,TapHead,2,1,absent,12,2,11100000,AmbiguousEvidence,26
yes,TapHead,2,1,absent,12,2,11100000,LocalMismatch,6
yes,TapHead,2,1,absent,12,2,11100000,ObservedSupport,53
yes,TapHead,2,1,absent,12,3,11001100,AmbiguousEvidence,10
yes,TapHead,2,1,absent,12,3,11001100,LocalMismatch,4
yes,TapHead,2,1,absent,12,3,11001100,ObservedSupport,9
yes,TapHead,2,1,absent,12,3,11101000,AmbiguousEvidence,186
yes,TapHead,2,1,absent,12,3,11101000,LocalMismatch,5
yes,TapHead,2,1,absent,12,3,11101000,ObservedSupport,130
yes,TapHead,2,1,absent,12,3,11110000,AmbiguousEvidence,12
yes,TapHead,2,1,absent,12,3,11110000,LocalMismatch,2
yes,TapHead,2,1,absent,12,3,11110000,ObservedSupport,7
yes,TapHead,2,1,absent,12,4,11101100,AmbiguousEvidence,62
yes,TapHead,2,1,absent,12,4,11101100,LocalMismatch,3
yes,TapHead,2,1,absent,12,4,11101100,ObservedSupport,34
yes,TapHead,2,1,absent,12,4,11111000,AmbiguousEvidence,48
yes,TapHead,2,1,absent,12,4,11111000,LocalMismatch,2
yes,TapHead,2,1,absent,12,4,11111000,ObservedSupport,40
yes,TapHead,2,1,absent,12,5,11111100,AmbiguousEvidence,155
yes,TapHead,2,1,absent,12,6,11111110,AmbiguousEvidence,4
yes,TapHead,2,1,absent,12,7,11111111,AmbiguousEvidence,17
yes,TapHead,2,1,absent,12,7,11111111,ObservedSupport,28
yes,TapHead,2,1,absent,3,2,11001000,ObservedSupport,1
yes,TapHead,2,1,absent,3,2,11100000,ObservedSupport,2
yes,TapHead,2,1,absent,3,3,11001100,ObservedSupport,5
yes,TapHead,2,1,absent,3,3,11101000,AmbiguousEvidence,1
yes,TapHead,2,1,absent,3,3,11101000,ObservedSupport,21
yes,TapHead,2,1,absent,3,4,11101100,AmbiguousEvidence,16
yes,TapHead,2,1,absent,3,4,11101100,ObservedSupport,65
yes,TapHead,2,1,absent,3,4,11111000,AmbiguousEvidence,18
yes,TapHead,2,1,absent,3,4,11111000,ObservedSupport,73
yes,TapHead,2,1,absent,3,5,11111100,AmbiguousEvidence,248
yes,TapHead,2,1,absent,3,7,11111111,AmbiguousEvidence,24
yes,TapHead,2,1,absent,3,7,11111111,ObservedSupport,180
yes,TapHead,2,1,absent,5,2,11001000,LocalMismatch,1
yes,TapHead,2,1,absent,6,1,11000000,ObservedSupport,67
yes,TapHead,2,1,absent,6,2,11001000,AmbiguousEvidence,28
yes,TapHead,2,1,absent,6,2,11001000,ObservedSupport,59
yes,TapHead,2,1,absent,6,2,11100000,AmbiguousEvidence,26
yes,TapHead,2,1,absent,6,2,11100000,ObservedSupport,24
yes,TapHead,2,1,absent,6,3,11001100,AmbiguousEvidence,60
yes,TapHead,2,1,absent,6,3,11001100,ObservedSupport,99
yes,TapHead,2,1,absent,6,3,11101000,AmbiguousEvidence,117
yes,TapHead,2,1,absent,6,3,11101000,ObservedSupport,83
yes,TapHead,2,1,absent,6,3,11110000,AmbiguousEvidence,60
yes,TapHead,2,1,absent,6,3,11110000,ObservedSupport,95
yes,TapHead,2,1,absent,6,4,11101100,AmbiguousEvidence,174
yes,TapHead,2,1,absent,6,4,11101100,ObservedSupport,129
yes,TapHead,2,1,absent,6,4,11111000,AmbiguousEvidence,157
yes,TapHead,2,1,absent,6,4,11111000,ObservedSupport,133
yes,TapHead,2,1,absent,6,5,11111100,AmbiguousEvidence,923
yes,TapHead,2,1,absent,6,6,11111110,AmbiguousEvidence,12
yes,TapHead,2,1,absent,6,7,11111111,AmbiguousEvidence,112
yes,TapHead,2,1,absent,6,7,11111111,ObservedSupport,499
yes,TapHead,2,1,absent,7,1,11000000,LocalMismatch,4
yes,TapHead,2,1,absent,7,1,11000000,ObservedSupport,2
yes,TapHead,2,1,absent,7,2,11001000,ObservedSupport,4
yes,TapHead,2,1,absent,7,2,11100000,AmbiguousEvidence,3
yes,TapHead,2,1,absent,7,3,11001100,AmbiguousEvidence,9
yes,TapHead,2,1,absent,7,3,11001100,ObservedSupport,17
yes,TapHead,2,1,absent,7,3,11101000,AmbiguousEvidence,5
yes,TapHead,2,1,absent,7,3,11101000,ObservedSupport,1
yes,TapHead,2,1,absent,7,3,11110000,AmbiguousEvidence,2
yes,TapHead,2,1,absent,7,3,11110000,ObservedSupport,9
yes,TapHead,2,1,absent,7,4,11101100,AmbiguousEvidence,7
yes,TapHead,2,1,absent,7,4,11101100,ObservedSupport,6
yes,TapHead,2,1,absent,7,4,11111000,AmbiguousEvidence,4
yes,TapHead,2,1,absent,7,4,11111000,ObservedSupport,9
yes,TapHead,2,1,absent,7,5,11111100,AmbiguousEvidence,197
yes,TapHead,2,1,absent,7,7,11111111,AmbiguousEvidence,17
yes,TapHead,2,1,absent,7,7,11111111,ObservedSupport,88
yes,TapHead,2,1,absent,8,1,11000000,LocalMismatch,2
yes,TapHead,2,1,absent,8,1,11000000,ObservedSupport,35
yes,TapHead,2,1,absent,8,2,11001000,AmbiguousEvidence,13
yes,TapHead,2,1,absent,8,2,11001000,LocalMismatch,1
yes,TapHead,2,1,absent,8,2,11001000,ObservedSupport,17
yes,TapHead,2,1,absent,8,2,11100000,AmbiguousEvidence,20
yes,TapHead,2,1,absent,8,2,11100000,ObservedSupport,10
yes,TapHead,2,1,absent,8,3,11001100,AmbiguousEvidence,27
yes,TapHead,2,1,absent,8,3,11001100,LocalMismatch,1
yes,TapHead,2,1,absent,8,3,11001100,ObservedSupport,56
yes,TapHead,2,1,absent,8,3,11101000,AmbiguousEvidence,53
yes,TapHead,2,1,absent,8,3,11101000,ObservedSupport,69
yes,TapHead,2,1,absent,8,3,11110000,AmbiguousEvidence,14
yes,TapHead,2,1,absent,8,3,11110000,ObservedSupport,42
yes,TapHead,2,1,absent,8,4,11101100,AmbiguousEvidence,63
yes,TapHead,2,1,absent,8,4,11101100,ObservedSupport,71
yes,TapHead,2,1,absent,8,4,11111000,AmbiguousEvidence,58
yes,TapHead,2,1,absent,8,4,11111000,ObservedSupport,65
yes,TapHead,2,1,absent,8,5,11111100,AmbiguousEvidence,361
yes,TapHead,2,1,absent,8,7,11111111,AmbiguousEvidence,56
yes,TapHead,2,1,absent,8,7,11111111,ObservedSupport,381
yes,TapHead,2,1,absent,9,1,11000000,LocalMismatch,2
yes,TapHead,2,1,absent,9,1,11000000,ObservedSupport,18
yes,TapHead,2,1,absent,9,2,11001000,AmbiguousEvidence,15
yes,TapHead,2,1,absent,9,2,11001000,ObservedSupport,10
yes,TapHead,2,1,absent,9,2,11100000,AmbiguousEvidence,19
yes,TapHead,2,1,absent,9,2,11100000,LocalMismatch,1
yes,TapHead,2,1,absent,9,2,11100000,ObservedSupport,19
yes,TapHead,2,1,absent,9,3,11001100,AmbiguousEvidence,28
yes,TapHead,2,1,absent,9,3,11001100,ObservedSupport,24
yes,TapHead,2,1,absent,9,3,11101000,AmbiguousEvidence,29
yes,TapHead,2,1,absent,9,3,11101000,ObservedSupport,38
yes,TapHead,2,1,absent,9,3,11110000,AmbiguousEvidence,13
yes,TapHead,2,1,absent,9,3,11110000,ObservedSupport,35
yes,TapHead,2,1,absent,9,4,11101100,AmbiguousEvidence,38
yes,TapHead,2,1,absent,9,4,11101100,ObservedSupport,50
yes,TapHead,2,1,absent,9,4,11111000,AmbiguousEvidence,43
yes,TapHead,2,1,absent,9,4,11111000,LocalMismatch,1
yes,TapHead,2,1,absent,9,4,11111000,ObservedSupport,68
yes,TapHead,2,1,absent,9,5,11111100,AmbiguousEvidence,174
yes,TapHead,2,1,absent,9,6,11111110,AmbiguousEvidence,4
yes,TapHead,2,1,absent,9,7,11111111,AmbiguousEvidence,47
yes,TapHead,2,1,absent,9,7,11111111,ObservedSupport,352
yes,TapHead,2,1,present,0,0,00000000,NoComparableContext,3
yes,TapHead,2,1,present,1,0,10000000,NoComparableContext,2
yes,TapHead,2,1,present,1,1,10001000,LocalMismatch,2
yes,TapHead,2,1,present,1,2,10001100,ObservedSupport,1
yes,TapHead,2,1,present,10,0,10000000,NoComparableContext,5
yes,TapHead,2,1,present,10,1,10100000,ObservedSupport,1
yes,TapHead,2,1,present,10,1,11000000,LocalMismatch,3
yes,TapHead,2,1,present,10,1,11000000,ObservedSupport,2
yes,TapHead,2,1,present,10,2,10001100,LocalMismatch,2
yes,TapHead,2,1,present,10,2,10001100,ObservedSupport,1
yes,TapHead,2,1,present,10,2,11001000,AmbiguousEvidence,1
yes,TapHead,2,1,present,10,2,11001000,LocalMismatch,1
yes,TapHead,2,1,present,10,2,11001000,ObservedSupport,1
yes,TapHead,2,1,present,10,3,10111000,LocalMismatch,1
yes,TapHead,2,1,present,10,3,11001100,AmbiguousEvidence,2
yes,TapHead,2,1,present,10,3,11001100,LocalMismatch,2
yes,TapHead,2,1,present,10,3,11001100,ObservedSupport,1
yes,TapHead,2,1,present,10,3,11110000,LocalMismatch,1
yes,TapHead,2,1,present,10,3,11110000,ObservedSupport,1
yes,TapHead,2,1,present,10,4,11101100,AmbiguousEvidence,1
yes,TapHead,2,1,present,10,4,11111000,AmbiguousEvidence,1
yes,TapHead,2,1,present,10,4,11111000,LocalMismatch,1
yes,TapHead,2,1,present,10,4,11111000,ObservedSupport,2
yes,TapHead,2,1,present,10,5,11111100,AmbiguousEvidence,4
yes,TapHead,2,1,present,10,6,11111110,AmbiguousEvidence,3
yes,TapHead,2,1,present,10,7,11111111,ObservedSupport,2
yes,TapHead,2,1,present,11,0,10000000,NoComparableContext,11
yes,TapHead,2,1,present,11,1,10001000,LocalMismatch,1
yes,TapHead,2,1,present,11,1,11000000,LocalMismatch,18
yes,TapHead,2,1,present,11,2,10101000,LocalMismatch,1
yes,TapHead,2,1,present,11,2,10110000,LocalMismatch,2
yes,TapHead,2,1,present,11,2,11001000,AmbiguousEvidence,1
yes,TapHead,2,1,present,11,2,11001000,LocalMismatch,8
yes,TapHead,2,1,present,11,2,11100000,LocalMismatch,5
yes,TapHead,2,1,present,11,3,11001100,LocalMismatch,2
yes,TapHead,2,1,present,11,3,11101000,AmbiguousEvidence,2
yes,TapHead,2,1,present,11,3,11101000,LocalMismatch,4
yes,TapHead,2,1,present,11,3,11110000,AmbiguousEvidence,1
yes,TapHead,2,1,present,11,3,11110000,LocalMismatch,3
yes,TapHead,2,1,present,11,4,10111100,AmbiguousEvidence,1
yes,TapHead,2,1,present,11,4,10111100,LocalMismatch,1
yes,TapHead,2,1,present,11,4,11101100,LocalMismatch,2
yes,TapHead,2,1,present,11,5,11111100,LocalMismatch,1
yes,TapHead,2,1,present,12,0,10000000,NoComparableContext,76
yes,TapHead,2,1,present,12,1,10001000,LocalMismatch,18
yes,TapHead,2,1,present,12,1,10001000,ObservedSupport,10
yes,TapHead,2,1,present,12,1,10100000,LocalMismatch,17
yes,TapHead,2,1,present,12,1,10100000,ObservedSupport,7
yes,TapHead,2,1,present,12,1,11000000,LocalMismatch,184
yes,TapHead,2,1,present,12,1,11000000,ObservedSupport,149
yes,TapHead,2,1,present,12,2,10001100,LocalMismatch,5
yes,TapHead,2,1,present,12,2,10001100,ObservedSupport,6
yes,TapHead,2,1,present,12,2,10101000,AmbiguousEvidence,5
yes,TapHead,2,1,present,12,2,10101000,LocalMismatch,6
yes,TapHead,2,1,present,12,2,10101000,ObservedSupport,7
yes,TapHead,2,1,present,12,2,10110000,AmbiguousEvidence,1
yes,TapHead,2,1,present,12,2,10110000,LocalMismatch,4
yes,TapHead,2,1,present,12,2,10110000,ObservedSupport,1
yes,TapHead,2,1,present,12,2,11001000,AmbiguousEvidence,63
yes,TapHead,2,1,present,12,2,11001000,LocalMismatch,61
yes,TapHead,2,1,present,12,2,11001000,ObservedSupport,39
yes,TapHead,2,1,present,12,2,11100000,AmbiguousEvidence,65
yes,TapHead,2,1,present,12,2,11100000,LocalMismatch,52
yes,TapHead,2,1,present,12,2,11100000,ObservedSupport,90
yes,TapHead,2,1,present,12,3,10101100,AmbiguousEvidence,4
yes,TapHead,2,1,present,12,3,10101100,LocalMismatch,4
yes,TapHead,2,1,present,12,3,10101100,ObservedSupport,1
yes,TapHead,2,1,present,12,3,10111000,AmbiguousEvidence,6
yes,TapHead,2,1,present,12,3,10111000,LocalMismatch,2
yes,TapHead,2,1,present,12,3,10111000,ObservedSupport,2
yes,TapHead,2,1,present,12,3,11001100,AmbiguousEvidence,30
yes,TapHead,2,1,present,12,3,11001100,LocalMismatch,23
yes,TapHead,2,1,present,12,3,11001100,ObservedSupport,45
yes,TapHead,2,1,present,12,3,11101000,AmbiguousEvidence,129
yes,TapHead,2,1,present,12,3,11101000,LocalMismatch,46
yes,TapHead,2,1,present,12,3,11101000,ObservedSupport,71
yes,TapHead,2,1,present,12,3,11110000,AmbiguousEvidence,24
yes,TapHead,2,1,present,12,3,11110000,LocalMismatch,18
yes,TapHead,2,1,present,12,3,11110000,ObservedSupport,31
yes,TapHead,2,1,present,12,4,10111100,AmbiguousEvidence,5
yes,TapHead,2,1,present,12,4,10111100,LocalMismatch,3
yes,TapHead,2,1,present,12,4,11101100,AmbiguousEvidence,60
yes,TapHead,2,1,present,12,4,11101100,LocalMismatch,14
yes,TapHead,2,1,present,12,4,11101100,ObservedSupport,67
yes,TapHead,2,1,present,12,4,11111000,AmbiguousEvidence,53
yes,TapHead,2,1,present,12,4,11111000,LocalMismatch,21
yes,TapHead,2,1,present,12,4,11111000,ObservedSupport,40
yes,TapHead,2,1,present,12,5,10111110,AmbiguousEvidence,1
yes,TapHead,2,1,present,12,5,10111110,ObservedSupport,2
yes,TapHead,2,1,present,12,5,11111100,AmbiguousEvidence,56
yes,TapHead,2,1,present,12,5,11111100,LocalMismatch,6
yes,TapHead,2,1,present,12,6,11111110,AmbiguousEvidence,21
yes,TapHead,2,1,present,12,6,11111110,LocalMismatch,3
yes,TapHead,2,1,present,12,7,11111111,AmbiguousEvidence,6
yes,TapHead,2,1,present,12,7,11111111,LocalMismatch,2
yes,TapHead,2,1,present,12,7,11111111,ObservedSupport,31
yes,TapHead,2,1,present,2,4,11111000,ObservedSupport,2
yes,TapHead,2,1,present,5,4,11101100,LocalMismatch,1
yes,TapHead,2,1,present,5,5,11111100,LocalMismatch,1
yes,TapHead,2,1,present,5,6,11111110,LocalMismatch,1
yes,TapHead,2,1,present,6,1,11000000,LocalMismatch,5
yes,TapHead,2,1,present,6,1,11000000,ObservedSupport,8
yes,TapHead,2,1,present,6,2,11001000,AmbiguousEvidence,2
yes,TapHead,2,1,present,6,2,11001000,LocalMismatch,1
yes,TapHead,2,1,present,6,2,11001000,ObservedSupport,5
yes,TapHead,2,1,present,6,2,11100000,AmbiguousEvidence,1
yes,TapHead,2,1,present,6,2,11100000,LocalMismatch,2
yes,TapHead,2,1,present,6,3,11001100,AmbiguousEvidence,3
yes,TapHead,2,1,present,6,3,11001100,LocalMismatch,1
yes,TapHead,2,1,present,6,3,11001100,ObservedSupport,4
yes,TapHead,2,1,present,6,3,11101000,AmbiguousEvidence,4
yes,TapHead,2,1,present,6,3,11101000,ObservedSupport,3
yes,TapHead,2,1,present,6,3,11110000,AmbiguousEvidence,6
yes,TapHead,2,1,present,6,3,11110000,LocalMismatch,1
yes,TapHead,2,1,present,6,3,11110000,ObservedSupport,6
yes,TapHead,2,1,present,6,4,10111100,AmbiguousEvidence,3
yes,TapHead,2,1,present,6,4,11101100,AmbiguousEvidence,13
yes,TapHead,2,1,present,6,4,11101100,LocalMismatch,2
yes,TapHead,2,1,present,6,4,11101100,ObservedSupport,8
yes,TapHead,2,1,present,6,4,11111000,AmbiguousEvidence,6
yes,TapHead,2,1,present,6,4,11111000,ObservedSupport,3
yes,TapHead,2,1,present,6,5,10111110,AmbiguousEvidence,2
yes,TapHead,2,1,present,6,5,10111110,LocalMismatch,2
yes,TapHead,2,1,present,6,5,11111100,AmbiguousEvidence,40
yes,TapHead,2,1,present,6,5,11111100,LocalMismatch,3
yes,TapHead,2,1,present,6,6,11111110,AmbiguousEvidence,26
yes,TapHead,2,1,present,6,6,11111110,LocalMismatch,1
yes,TapHead,2,1,present,6,7,11111111,AmbiguousEvidence,7
yes,TapHead,2,1,present,6,7,11111111,ObservedSupport,30
yes,TapHead,2,1,present,7,0,10000000,NoComparableContext,1
yes,TapHead,2,1,present,7,1,10001000,LocalMismatch,1
yes,TapHead,2,1,present,7,1,11000000,LocalMismatch,2
yes,TapHead,2,1,present,7,2,10001100,LocalMismatch,1
yes,TapHead,2,1,present,7,2,10110000,LocalMismatch,1
yes,TapHead,2,1,present,7,2,11100000,LocalMismatch,1
yes,TapHead,2,1,present,7,3,11001100,LocalMismatch,1
yes,TapHead,2,1,present,8,0,10000000,NoComparableContext,4
yes,TapHead,2,1,present,8,1,10001000,LocalMismatch,1
yes,TapHead,2,1,present,8,1,10001000,ObservedSupport,1
yes,TapHead,2,1,present,8,1,11000000,LocalMismatch,3
yes,TapHead,2,1,present,8,1,11000000,ObservedSupport,1
yes,TapHead,2,1,present,8,2,10001100,LocalMismatch,1
yes,TapHead,2,1,present,8,2,11001000,AmbiguousEvidence,1
yes,TapHead,2,1,present,8,2,11001000,LocalMismatch,1
yes,TapHead,2,1,present,8,2,11001000,ObservedSupport,1
yes,TapHead,2,1,present,8,2,11100000,ObservedSupport,1
yes,TapHead,2,1,present,8,3,11001100,AmbiguousEvidence,2
yes,TapHead,2,1,present,8,3,11101000,AmbiguousEvidence,1
yes,TapHead,2,1,present,8,3,11101000,LocalMismatch,1
yes,TapHead,2,1,present,8,3,11110000,LocalMismatch,1
yes,TapHead,2,1,present,8,4,11101100,LocalMismatch,1
yes,TapHead,2,1,present,9,0,10000000,NoComparableContext,8
yes,TapHead,2,1,present,9,1,10001000,LocalMismatch,4
yes,TapHead,2,1,present,9,1,11000000,LocalMismatch,7
yes,TapHead,2,1,present,9,1,11000000,ObservedSupport,2
yes,TapHead,2,1,present,9,2,10001100,LocalMismatch,1
yes,TapHead,2,1,present,9,2,10001100,ObservedSupport,2
yes,TapHead,2,1,present,9,2,11001000,AmbiguousEvidence,3
yes,TapHead,2,1,present,9,2,11001000,LocalMismatch,2
yes,TapHead,2,1,present,9,2,11100000,LocalMismatch,1
yes,TapHead,2,1,present,9,2,11100000,ObservedSupport,5
yes,TapHead,2,1,present,9,3,10111000,ObservedSupport,1
yes,TapHead,2,1,present,9,3,11001100,AmbiguousEvidence,4
yes,TapHead,2,1,present,9,3,11001100,LocalMismatch,1
yes,TapHead,2,1,present,9,3,11001100,ObservedSupport,4
yes,TapHead,2,1,present,9,3,11101000,AmbiguousEvidence,2
yes,TapHead,2,1,present,9,3,11110000,AmbiguousEvidence,4
yes,TapHead,2,1,present,9,3,11110000,LocalMismatch,4
yes,TapHead,2,1,present,9,3,11110000,ObservedSupport,5
yes,TapHead,2,1,present,9,4,11101100,AmbiguousEvidence,1
yes,TapHead,2,1,present,9,4,11111000,AmbiguousEvidence,2
yes,TapHead,2,1,present,9,4,11111000,ObservedSupport,3
yes,TapHead,2,1,present,9,5,10111110,ObservedSupport,1
yes,TapHead,2,1,present,9,5,11111100,AmbiguousEvidence,9
yes,TapHead,2,1,present,9,6,11111110,AmbiguousEvidence,8
yes,TapHead,2,1,present,9,7,11111111,ObservedSupport,4
yes,TapHead,3,2,absent,0,0,00000000,NoComparableContext,10
yes,TapHead,3,2,absent,1,0,10000000,NoComparableContext,5
yes,TapHead,3,2,absent,1,1,11000000,LocalMismatch,2
yes,TapHead,3,2,absent,1,1,11000000,ObservedSupport,2
yes,TapHead,3,2,absent,10,1,11000000,ObservedSupport,22
yes,TapHead,3,2,absent,10,2,10101000,LocalMismatch,1
yes,TapHead,3,2,absent,10,2,11001000,AmbiguousEvidence,19
yes,TapHead,3,2,absent,10,2,11001000,ObservedSupport,9
yes,TapHead,3,2,absent,10,2,11100000,AmbiguousEvidence,8
yes,TapHead,3,2,absent,10,2,11100000,ObservedSupport,11
yes,TapHead,3,2,absent,10,3,11001100,LocalMismatch,1
yes,TapHead,3,2,absent,10,3,11001100,ObservedSupport,4
yes,TapHead,3,2,absent,10,3,11101000,AmbiguousEvidence,44
yes,TapHead,3,2,absent,10,3,11101000,LocalMismatch,1
yes,TapHead,3,2,absent,10,3,11101000,ObservedSupport,19
yes,TapHead,3,2,absent,10,3,11110000,AmbiguousEvidence,5
yes,TapHead,3,2,absent,10,3,11110000,ObservedSupport,4
yes,TapHead,3,2,absent,10,4,11101100,AmbiguousEvidence,11
yes,TapHead,3,2,absent,10,4,11101100,ObservedSupport,7
yes,TapHead,3,2,absent,10,4,11111000,AmbiguousEvidence,17
yes,TapHead,3,2,absent,10,4,11111000,ObservedSupport,7
yes,TapHead,3,2,absent,10,5,11111100,AmbiguousEvidence,7
yes,TapHead,3,2,absent,10,7,11111111,ObservedSupport,6
yes,TapHead,3,2,absent,2,0,10000000,NoComparableContext,6
yes,TapHead,3,2,absent,2,1,11000000,LocalMismatch,6
yes,TapHead,3,2,absent,2,1,11000000,ObservedSupport,5
yes,TapHead,3,2,absent,2,2,11001000,AmbiguousEvidence,2
yes,TapHead,3,2,absent,2,2,11001000,ObservedSupport,6
yes,TapHead,3,2,absent,2,2,11100000,ObservedSupport,3
yes,TapHead,3,2,absent,2,3,11001100,AmbiguousEvidence,7
yes,TapHead,3,2,absent,2,3,11001100,ObservedSupport,6
yes,TapHead,3,2,absent,2,3,11101000,AmbiguousEvidence,4
yes,TapHead,3,2,absent,2,3,11101000,ObservedSupport,11
yes,TapHead,3,2,absent,2,3,11110000,AmbiguousEvidence,3
yes,TapHead,3,2,absent,2,3,11110000,ObservedSupport,7
yes,TapHead,3,2,absent,2,4,11101100,AmbiguousEvidence,11
yes,TapHead,3,2,absent,2,4,11101100,ObservedSupport,22
yes,TapHead,3,2,absent,2,4,11111000,AmbiguousEvidence,13
yes,TapHead,3,2,absent,2,4,11111000,ObservedSupport,30
yes,TapHead,3,2,absent,2,5,11111100,AmbiguousEvidence,46
yes,TapHead,3,2,absent,2,5,11111100,LocalMismatch,1
yes,TapHead,3,2,absent,2,7,11111111,AmbiguousEvidence,12
yes,TapHead,3,2,absent,2,7,11111111,ObservedSupport,51
yes,TapHead,3,2,absent,3,0,10000000,NoComparableContext,2
yes,TapHead,3,2,absent,3,1,11000000,LocalMismatch,5
yes,TapHead,3,2,absent,3,1,11000000,ObservedSupport,22
yes,TapHead,3,2,absent,3,2,11001000,ObservedSupport,12
yes,TapHead,3,2,absent,3,2,11100000,AmbiguousEvidence,1
yes,TapHead,3,2,absent,3,2,11100000,LocalMismatch,1
yes,TapHead,3,2,absent,3,2,11100000,ObservedSupport,5
yes,TapHead,3,2,absent,3,3,11001100,AmbiguousEvidence,2
yes,TapHead,3,2,absent,3,3,11001100,LocalMismatch,1
yes,TapHead,3,2,absent,3,3,11001100,ObservedSupport,10
yes,TapHead,3,2,absent,3,3,11101000,AmbiguousEvidence,1
yes,TapHead,3,2,absent,3,3,11110000,AmbiguousEvidence,2
yes,TapHead,3,2,absent,3,3,11110000,ObservedSupport,5
yes,TapHead,3,2,absent,3,4,11101100,AmbiguousEvidence,2
yes,TapHead,3,2,absent,3,4,11101100,LocalMismatch,1
yes,TapHead,3,2,absent,3,4,11101100,ObservedSupport,5
yes,TapHead,3,2,absent,3,4,11111000,LocalMismatch,3
yes,TapHead,3,2,absent,3,4,11111000,ObservedSupport,3
yes,TapHead,3,2,absent,3,5,11111100,AmbiguousEvidence,11
yes,TapHead,3,2,absent,3,5,11111100,LocalMismatch,1
yes,TapHead,3,2,absent,3,7,11111111,LocalMismatch,1
yes,TapHead,3,2,absent,3,7,11111111,ObservedSupport,6
yes,TapHead,3,2,absent,4,0,10000000,NoComparableContext,10
yes,TapHead,3,2,absent,4,1,10001000,ObservedSupport,1
yes,TapHead,3,2,absent,4,1,11000000,LocalMismatch,8
yes,TapHead,3,2,absent,4,1,11000000,ObservedSupport,49
yes,TapHead,3,2,absent,4,2,11001000,AmbiguousEvidence,12
yes,TapHead,3,2,absent,4,2,11001000,LocalMismatch,1
yes,TapHead,3,2,absent,4,2,11001000,ObservedSupport,14
yes,TapHead,3,2,absent,4,2,11100000,AmbiguousEvidence,13
yes,TapHead,3,2,absent,4,2,11100000,LocalMismatch,3
yes,TapHead,3,2,absent,4,2,11100000,ObservedSupport,15
yes,TapHead,3,2,absent,4,3,11001100,AmbiguousEvidence,9
yes,TapHead,3,2,absent,4,3,11001100,LocalMismatch,2
yes,TapHead,3,2,absent,4,3,11001100,ObservedSupport,20
yes,TapHead,3,2,absent,4,3,11101000,AmbiguousEvidence,19
yes,TapHead,3,2,absent,4,3,11101000,LocalMismatch,3
yes,TapHead,3,2,absent,4,3,11101000,ObservedSupport,23
yes,TapHead,3,2,absent,4,3,11110000,AmbiguousEvidence,10
yes,TapHead,3,2,absent,4,3,11110000,LocalMismatch,2
yes,TapHead,3,2,absent,4,3,11110000,ObservedSupport,20
yes,TapHead,3,2,absent,4,4,11101100,AmbiguousEvidence,14
yes,TapHead,3,2,absent,4,4,11101100,LocalMismatch,2
yes,TapHead,3,2,absent,4,4,11101100,ObservedSupport,23
yes,TapHead,3,2,absent,4,4,11111000,AmbiguousEvidence,15
yes,TapHead,3,2,absent,4,4,11111000,LocalMismatch,1
yes,TapHead,3,2,absent,4,4,11111000,ObservedSupport,20
yes,TapHead,3,2,absent,4,5,11111100,AmbiguousEvidence,76
yes,TapHead,3,2,absent,4,5,11111100,LocalMismatch,1
yes,TapHead,3,2,absent,4,7,11111111,AmbiguousEvidence,9
yes,TapHead,3,2,absent,4,7,11111111,ObservedSupport,68
yes,TapHead,3,2,absent,5,0,10000000,NoComparableContext,3
yes,TapHead,3,2,absent,5,1,10001000,LocalMismatch,1
yes,TapHead,3,2,absent,5,1,11000000,LocalMismatch,8
yes,TapHead,3,2,absent,5,1,11000000,ObservedSupport,228
yes,TapHead,3,2,absent,5,2,10001100,LocalMismatch,1
yes,TapHead,3,2,absent,5,2,11001000,AmbiguousEvidence,92
yes,TapHead,3,2,absent,5,2,11001000,LocalMismatch,1
yes,TapHead,3,2,absent,5,2,11001000,ObservedSupport,129
yes,TapHead,3,2,absent,5,2,11100000,AmbiguousEvidence,95
yes,TapHead,3,2,absent,5,2,11100000,LocalMismatch,3
yes,TapHead,3,2,absent,5,2,11100000,ObservedSupport,143
yes,TapHead,3,2,absent,5,3,11001100,AmbiguousEvidence,123
yes,TapHead,3,2,absent,5,3,11001100,LocalMismatch,4
yes,TapHead,3,2,absent,5,3,11001100,ObservedSupport,227
yes,TapHead,3,2,absent,5,3,11101000,AmbiguousEvidence,216
yes,TapHead,3,2,absent,5,3,11101000,LocalMismatch,1
yes,TapHead,3,2,absent,5,3,11101000,ObservedSupport,193
yes,TapHead,3,2,absent,5,3,11110000,AmbiguousEvidence,133
yes,TapHead,3,2,absent,5,3,11110000,LocalMismatch,1
yes,TapHead,3,2,absent,5,3,11110000,ObservedSupport,248
yes,TapHead,3,2,absent,5,4,11101100,AmbiguousEvidence,262
yes,TapHead,3,2,absent,5,4,11101100,ObservedSupport,208
yes,TapHead,3,2,absent,5,4,11111000,AmbiguousEvidence,299
yes,TapHead,3,2,absent,5,4,11111000,ObservedSupport,246
yes,TapHead,3,2,absent,5,5,11111100,AmbiguousEvidence,1180
yes,TapHead,3,2,absent,5,7,11111111,AmbiguousEvidence,198
yes,TapHead,3,2,absent,5,7,11111111,ObservedSupport,728
yes,TapHead,3,2,absent,6,0,10000000,NoComparableContext,2
yes,TapHead,3,2,absent,6,1,10100000,LocalMismatch,1
yes,TapHead,3,2,absent,6,1,11000000,LocalMismatch,6
yes,TapHead,3,2,absent,6,1,11000000,ObservedSupport,62
yes,TapHead,3,2,absent,6,2,11001000,AmbiguousEvidence,19
yes,TapHead,3,2,absent,6,2,11001000,ObservedSupport,25
yes,TapHead,3,2,absent,6,2,11100000,AmbiguousEvidence,18
yes,TapHead,3,2,absent,6,2,11100000,LocalMismatch,2
yes,TapHead,3,2,absent,6,2,11100000,ObservedSupport,29
yes,TapHead,3,2,absent,6,3,11001100,AmbiguousEvidence,22
yes,TapHead,3,2,absent,6,3,11001100,LocalMismatch,2
yes,TapHead,3,2,absent,6,3,11001100,ObservedSupport,34
yes,TapHead,3,2,absent,6,3,11101000,AmbiguousEvidence,43
yes,TapHead,3,2,absent,6,3,11101000,ObservedSupport,31
yes,TapHead,3,2,absent,6,3,11110000,AmbiguousEvidence,17
yes,TapHead,3,2,absent,6,3,11110000,ObservedSupport,23
yes,TapHead,3,2,absent,6,4,11101100,AmbiguousEvidence,42
yes,TapHead,3,2,absent,6,4,11101100,LocalMismatch,1
yes,TapHead,3,2,absent,6,4,11101100,ObservedSupport,49
yes,TapHead,3,2,absent,6,4,11111000,AmbiguousEvidence,42
yes,TapHead,3,2,absent,6,4,11111000,LocalMismatch,3
yes,TapHead,3,2,absent,6,4,11111000,ObservedSupport,38
yes,TapHead,3,2,absent,6,5,11111100,AmbiguousEvidence,93
yes,TapHead,3,2,absent,6,7,11111111,AmbiguousEvidence,9
yes,TapHead,3,2,absent,6,7,11111111,ObservedSupport,95
yes,TapHead,3,2,absent,7,0,10000000,NoComparableContext,5
yes,TapHead,3,2,absent,7,1,10001000,LocalMismatch,1
yes,TapHead,3,2,absent,7,1,11000000,LocalMismatch,16
yes,TapHead,3,2,absent,7,1,11000000,ObservedSupport,44
yes,TapHead,3,2,absent,7,2,10101000,LocalMismatch,1
yes,TapHead,3,2,absent,7,2,11001000,AmbiguousEvidence,16
yes,TapHead,3,2,absent,7,2,11001000,LocalMismatch,4
yes,TapHead,3,2,absent,7,2,11001000,ObservedSupport,14
yes,TapHead,3,2,absent,7,2,11100000,AmbiguousEvidence,23
yes,TapHead,3,2,absent,7,2,11100000,LocalMismatch,1
yes,TapHead,3,2,absent,7,2,11100000,ObservedSupport,29
yes,TapHead,3,2,absent,7,3,10111000,LocalMismatch,1
yes,TapHead,3,2,absent,7,3,11001100,AmbiguousEvidence,6
yes,TapHead,3,2,absent,7,3,11001100,LocalMismatch,3
yes,TapHead,3,2,absent,7,3,11001100,ObservedSupport,17
yes,TapHead,3,2,absent,7,3,11101000,AmbiguousEvidence,23
yes,TapHead,3,2,absent,7,3,11101000,LocalMismatch,1
yes,TapHead,3,2,absent,7,3,11101000,ObservedSupport,10
yes,TapHead,3,2,absent,7,3,11110000,AmbiguousEvidence,15
yes,TapHead,3,2,absent,7,3,11110000,LocalMismatch,2
yes,TapHead,3,2,absent,7,3,11110000,ObservedSupport,15
yes,TapHead,3,2,absent,7,4,11101100,AmbiguousEvidence,10
yes,TapHead,3,2,absent,7,4,11101100,LocalMismatch,2
yes,TapHead,3,2,absent,7,4,11101100,ObservedSupport,21
yes,TapHead,3,2,absent,7,4,11111000,AmbiguousEvidence,11
yes,TapHead,3,2,absent,7,4,11111000,ObservedSupport,15
yes,TapHead,3,2,absent,7,5,11111100,AmbiguousEvidence,28
yes,TapHead,3,2,absent,7,5,11111100,LocalMismatch,5
yes,TapHead,3,2,absent,7,7,11111111,AmbiguousEvidence,8
yes,TapHead,3,2,absent,7,7,11111111,ObservedSupport,99
yes,TapHead,3,2,absent,8,0,10000000,NoComparableContext,3
yes,TapHead,3,2,absent,8,1,10001000,LocalMismatch,1
yes,TapHead,3,2,absent,8,1,11000000,LocalMismatch,8
yes,TapHead,3,2,absent,8,1,11000000,ObservedSupport,84
yes,TapHead,3,2,absent,8,2,11001000,AmbiguousEvidence,34
yes,TapHead,3,2,absent,8,2,11001000,LocalMismatch,3
yes,TapHead,3,2,absent,8,2,11001000,ObservedSupport,10
yes,TapHead,3,2,absent,8,2,11100000,AmbiguousEvidence,21
yes,TapHead,3,2,absent,8,2,11100000,LocalMismatch,3
yes,TapHead,3,2,absent,8,2,11100000,ObservedSupport,27
yes,TapHead,3,2,absent,8,3,11001100,AmbiguousEvidence,14
yes,TapHead,3,2,absent,8,3,11001100,ObservedSupport,23
yes,TapHead,3,2,absent,8,3,11101000,AmbiguousEvidence,56
yes,TapHead,3,2,absent,8,3,11101000,LocalMismatch,2
yes,TapHead,3,2,absent,8,3,11101000,ObservedSupport,34
yes,TapHead,3,2,absent,8,3,11110000,AmbiguousEvidence,20
yes,TapHead,3,2,absent,8,3,11110000,ObservedSupport,30
yes,TapHead,3,2,absent,8,4,11101100,AmbiguousEvidence,22
yes,TapHead,3,2,absent,8,4,11101100,ObservedSupport,23
yes,TapHead,3,2,absent,8,4,11111000,AmbiguousEvidence,22
yes,TapHead,3,2,absent,8,4,11111000,LocalMismatch,1
yes,TapHead,3,2,absent,8,4,11111000,ObservedSupport,32
yes,TapHead,3,2,absent,8,5,11111100,AmbiguousEvidence,47
yes,TapHead,3,2,absent,8,6,11111110,AmbiguousEvidence,2
yes,TapHead,3,2,absent,8,7,11111111,AmbiguousEvidence,6
yes,TapHead,3,2,absent,8,7,11111111,ObservedSupport,125
yes,TapHead,3,2,absent,9,0,10000000,NoComparableContext,2
yes,TapHead,3,2,absent,9,1,10001000,LocalMismatch,1
yes,TapHead,3,2,absent,9,1,11000000,LocalMismatch,6
yes,TapHead,3,2,absent,9,1,11000000,ObservedSupport,16
yes,TapHead,3,2,absent,9,2,11001000,AmbiguousEvidence,10
yes,TapHead,3,2,absent,9,2,11001000,LocalMismatch,1
yes,TapHead,3,2,absent,9,2,11001000,ObservedSupport,1
yes,TapHead,3,2,absent,9,2,11100000,AmbiguousEvidence,6
yes,TapHead,3,2,absent,9,2,11100000,ObservedSupport,4
yes,TapHead,3,2,absent,9,3,11101000,AmbiguousEvidence,19
yes,TapHead,3,2,absent,9,3,11101000,LocalMismatch,2
yes,TapHead,3,2,absent,9,3,11101000,ObservedSupport,4
yes,TapHead,3,2,absent,9,3,11110000,AmbiguousEvidence,1
yes,TapHead,3,2,absent,9,4,11101100,AmbiguousEvidence,5
yes,TapHead,3,2,absent,9,4,11101100,LocalMismatch,1
yes,TapHead,3,2,absent,9,4,11101100,ObservedSupport,2
yes,TapHead,3,2,absent,9,4,11111000,AmbiguousEvidence,4
yes,TapHead,3,2,absent,9,4,11111000,ObservedSupport,2
yes,TapHead,3,2,absent,9,5,11111100,AmbiguousEvidence,1
yes,TapHead,3,2,present,0,0,00000000,NoComparableContext,21
yes,TapHead,3,2,present,1,0,10000000,NoComparableContext,19
yes,TapHead,3,2,present,1,1,10001000,LocalMismatch,1
yes,TapHead,3,2,present,1,1,11000000,LocalMismatch,6
yes,TapHead,3,2,present,1,1,11000000,ObservedSupport,2
yes,TapHead,3,2,present,1,2,10001100,LocalMismatch,1
yes,TapHead,3,2,present,1,2,11001000,ObservedSupport,2
yes,TapHead,3,2,present,1,2,11100000,LocalMismatch,3
yes,TapHead,3,2,present,10,0,10000000,NoComparableContext,18
yes,TapHead,3,2,present,10,1,10001000,LocalMismatch,7
yes,TapHead,3,2,present,10,1,10001000,ObservedSupport,4
yes,TapHead,3,2,present,10,1,10100000,LocalMismatch,4
yes,TapHead,3,2,present,10,1,10100000,ObservedSupport,2
yes,TapHead,3,2,present,10,1,11000000,LocalMismatch,19
yes,TapHead,3,2,present,10,1,11000000,ObservedSupport,9
yes,TapHead,3,2,present,10,2,10001100,AmbiguousEvidence,1
yes,TapHead,3,2,present,10,2,10001100,LocalMismatch,3
yes,TapHead,3,2,present,10,2,10101000,AmbiguousEvidence,2
yes,TapHead,3,2,present,10,2,10101000,LocalMismatch,3
yes,TapHead,3,2,present,10,2,10110000,LocalMismatch,4
yes,TapHead,3,2,present,10,2,10110000,ObservedSupport,1
yes,TapHead,3,2,present,10,2,11001000,AmbiguousEvidence,3
yes,TapHead,3,2,present,10,2,11001000,LocalMismatch,7
yes,TapHead,3,2,present,10,2,11100000,AmbiguousEvidence,5
yes,TapHead,3,2,present,10,2,11100000,LocalMismatch,7
yes,TapHead,3,2,present,10,2,11100000,ObservedSupport,4
yes,TapHead,3,2,present,10,3,10101100,AmbiguousEvidence,2
yes,TapHead,3,2,present,10,3,10101100,LocalMismatch,2
yes,TapHead,3,2,present,10,3,10111000,AmbiguousEvidence,1
yes,TapHead,3,2,present,10,3,10111000,LocalMismatch,2
yes,TapHead,3,2,present,10,3,11001100,AmbiguousEvidence,5
yes,TapHead,3,2,present,10,3,11001100,LocalMismatch,2
yes,TapHead,3,2,present,10,3,11001100,ObservedSupport,2
yes,TapHead,3,2,present,10,3,11101000,AmbiguousEvidence,11
yes,TapHead,3,2,present,10,3,11101000,LocalMismatch,6
yes,TapHead,3,2,present,10,3,11101000,ObservedSupport,9
yes,TapHead,3,2,present,10,3,11110000,AmbiguousEvidence,4
yes,TapHead,3,2,present,10,3,11110000,LocalMismatch,2
yes,TapHead,3,2,present,10,3,11110000,ObservedSupport,3
yes,TapHead,3,2,present,10,4,10111100,LocalMismatch,1
yes,TapHead,3,2,present,10,4,11101100,AmbiguousEvidence,6
yes,TapHead,3,2,present,10,4,11101100,LocalMismatch,2
yes,TapHead,3,2,present,10,4,11101100,ObservedSupport,2
yes,TapHead,3,2,present,10,4,11111000,AmbiguousEvidence,11
yes,TapHead,3,2,present,10,4,11111000,LocalMismatch,2
yes,TapHead,3,2,present,10,4,11111000,ObservedSupport,11
yes,TapHead,3,2,present,10,5,11111100,AmbiguousEvidence,2
yes,TapHead,3,2,present,10,5,11111100,LocalMismatch,3
yes,TapHead,3,2,present,10,6,11111110,AmbiguousEvidence,1
yes,TapHead,3,2,present,10,7,11111111,ObservedSupport,18
yes,TapHead,3,2,present,2,0,10000000,NoComparableContext,32
yes,TapHead,3,2,present,2,1,10001000,LocalMismatch,1
yes,TapHead,3,2,present,2,1,10001000,ObservedSupport,1
yes,TapHead,3,2,present,2,1,10100000,LocalMismatch,2
yes,TapHead,3,2,present,2,1,11000000,LocalMismatch,2
yes,TapHead,3,2,present,2,1,11000000,ObservedSupport,3
yes,TapHead,3,2,present,2,2,10001100,AmbiguousEvidence,1
yes,TapHead,3,2,present,2,2,11001000,ObservedSupport,1
yes,TapHead,3,2,present,2,3,10101100,ObservedSupport,2
yes,TapHead,3,2,present,2,3,11001100,AmbiguousEvidence,1
yes,TapHead,3,2,present,2,3,11001100,ObservedSupport,1
yes,TapHead,3,2,present,2,3,11110000,LocalMismatch,2
yes,TapHead,3,2,present,2,3,11110000,ObservedSupport,2
yes,TapHead,3,2,present,3,0,10000000,NoComparableContext,22
yes,TapHead,3,2,present,3,1,10001000,LocalMismatch,1
yes,TapHead,3,2,present,3,1,10001000,ObservedSupport,1
yes,TapHead,3,2,present,3,1,10100000,LocalMismatch,1
yes,TapHead,3,2,present,3,1,11000000,LocalMismatch,12
yes,TapHead,3,2,present,3,1,11000000,ObservedSupport,1
yes,TapHead,3,2,present,3,2,10001100,ObservedSupport,1
yes,TapHead,3,2,present,3,2,10110000,ObservedSupport,1
yes,TapHead,3,2,present,3,2,11001000,LocalMismatch,1
yes,TapHead,3,2,present,3,2,11001000,ObservedSupport,1
yes,TapHead,3,2,present,3,2,11100000,ObservedSupport,2
yes,TapHead,3,2,present,3,3,10101100,ObservedSupport,3
yes,TapHead,3,2,present,3,5,11111100,AmbiguousEvidence,1
yes,TapHead,3,2,present,3,7,11111111,ObservedSupport,4
yes,TapHead,3,2,present,4,0,10000000,NoComparableContext,33
yes,TapHead,3,2,present,4,1,10001000,LocalMismatch,5
yes,TapHead,3,2,present,4,1,10001000,ObservedSupport,2
yes,TapHead,3,2,present,4,1,10100000,LocalMismatch,4
yes,TapHead,3,2,present,4,1,10100000,ObservedSupport,2
yes,TapHead,3,2,present,4,1,11000000,LocalMismatch,5
yes,TapHead,3,2,present,4,1,11000000,ObservedSupport,8
yes,TapHead,3,2,present,4,2,10001100,LocalMismatch,2
yes,TapHead,3,2,present,4,2,10101000,LocalMismatch,1
yes,TapHead,3,2,present,4,2,10110000,LocalMismatch,1
yes,TapHead,3,2,present,4,2,10110000,ObservedSupport,5
yes,TapHead,3,2,present,4,2,11001000,AmbiguousEvidence,3
yes,TapHead,3,2,present,4,2,11001000,LocalMismatch,2
yes,TapHead,3,2,present,4,2,11001000,ObservedSupport,3
yes,TapHead,3,2,present,4,2,11100000,LocalMismatch,1
yes,TapHead,3,2,present,4,2,11100000,ObservedSupport,4
yes,TapHead,3,2,present,4,3,10101100,AmbiguousEvidence,1
yes,TapHead,3,2,present,4,3,10101100,ObservedSupport,1
yes,TapHead,3,2,present,4,3,11101000,AmbiguousEvidence,2
yes,TapHead,3,2,present,4,3,11110000,AmbiguousEvidence,3
yes,TapHead,3,2,present,4,3,11110000,LocalMismatch,2
yes,TapHead,3,2,present,4,3,11110000,ObservedSupport,2
yes,TapHead,3,2,present,4,5,11111100,AmbiguousEvidence,5
yes,TapHead,3,2,present,4,7,11111111,ObservedSupport,6
yes,TapHead,3,2,present,5,0,10000000,NoComparableContext,42
yes,TapHead,3,2,present,5,1,10001000,LocalMismatch,2
yes,TapHead,3,2,present,5,1,10001000,ObservedSupport,6
yes,TapHead,3,2,present,5,1,10100000,LocalMismatch,9
yes,TapHead,3,2,present,5,1,10100000,ObservedSupport,4
yes,TapHead,3,2,present,5,1,11000000,LocalMismatch,10
yes,TapHead,3,2,present,5,1,11000000,ObservedSupport,16
yes,TapHead,3,2,present,5,2,10001100,LocalMismatch,4
yes,TapHead,3,2,present,5,2,10001100,ObservedSupport,4
yes,TapHead,3,2,present,5,2,10101000,AmbiguousEvidence,1
yes,TapHead,3,2,present,5,2,10101000,LocalMismatch,1
yes,TapHead,3,2,present,5,2,10110000,LocalMismatch,2
yes,TapHead,3,2,present,5,2,10110000,ObservedSupport,1
yes,TapHead,3,2,present,5,2,11001000,AmbiguousEvidence,1
yes,TapHead,3,2,present,5,2,11001000,LocalMismatch,1
yes,TapHead,3,2,present,5,2,11001000,ObservedSupport,4
yes,TapHead,3,2,present,5,2,11100000,LocalMismatch,2
yes,TapHead,3,2,present,5,2,11100000,ObservedSupport,6
yes,TapHead,3,2,present,5,3,10101100,AmbiguousEvidence,3
yes,TapHead,3,2,present,5,3,10111000,LocalMismatch,1
yes,TapHead,3,2,present,5,3,11001100,LocalMismatch,2
yes,TapHead,3,2,present,5,3,11101000,AmbiguousEvidence,4
yes,TapHead,3,2,present,5,3,11101000,LocalMismatch,2
yes,TapHead,3,2,present,5,3,11101000,ObservedSupport,7
yes,TapHead,3,2,present,5,3,11110000,LocalMismatch,1
yes,TapHead,3,2,present,5,3,11110000,ObservedSupport,4
yes,TapHead,3,2,present,5,4,10111100,AmbiguousEvidence,2
yes,TapHead,3,2,present,5,4,10111100,LocalMismatch,1
yes,TapHead,3,2,present,5,4,11101100,AmbiguousEvidence,3
yes,TapHead,3,2,present,5,4,11111000,AmbiguousEvidence,1
yes,TapHead,3,2,present,5,4,11111000,ObservedSupport,2
yes,TapHead,3,2,present,5,5,10111110,LocalMismatch,1
yes,TapHead,3,2,present,5,5,11111100,LocalMismatch,1
yes,TapHead,3,2,present,6,0,10000000,NoComparableContext,30
yes,TapHead,3,2,present,6,1,10001000,LocalMismatch,4
yes,TapHead,3,2,present,6,1,10001000,ObservedSupport,6
yes,TapHead,3,2,present,6,1,10100000,LocalMismatch,5
yes,TapHead,3,2,present,6,1,10100000,ObservedSupport,1
yes,TapHead,3,2,present,6,1,11000000,LocalMismatch,13
yes,TapHead,3,2,present,6,1,11000000,ObservedSupport,7
yes,TapHead,3,2,present,6,2,10001100,AmbiguousEvidence,1
yes,TapHead,3,2,present,6,2,10001100,LocalMismatch,3
yes,TapHead,3,2,present,6,2,10001100,ObservedSupport,2
yes,TapHead,3,2,present,6,2,10101000,AmbiguousEvidence,2
yes,TapHead,3,2,present,6,2,10101000,LocalMismatch,1
yes,TapHead,3,2,present,6,2,10110000,LocalMismatch,1
yes,TapHead,3,2,present,6,2,11001000,AmbiguousEvidence,1
yes,TapHead,3,2,present,6,2,11001000,LocalMismatch,2
yes,TapHead,3,2,present,6,2,11001000,ObservedSupport,2
yes,TapHead,3,2,present,6,2,11100000,AmbiguousEvidence,4
yes,TapHead,3,2,present,6,2,11100000,LocalMismatch,1
yes,TapHead,3,2,present,6,2,11100000,ObservedSupport,7
yes,TapHead,3,2,present,6,3,10101100,AmbiguousEvidence,1
yes,TapHead,3,2,present,6,3,10101100,LocalMismatch,2
yes,TapHead,3,2,present,6,3,10111000,AmbiguousEvidence,1
yes,TapHead,3,2,present,6,3,10111000,LocalMismatch,1
yes,TapHead,3,2,present,6,3,11001100,AmbiguousEvidence,1
yes,TapHead,3,2,present,6,3,11001100,ObservedSupport,1
yes,TapHead,3,2,present,6,3,11101000,AmbiguousEvidence,3
yes,TapHead,3,2,present,6,3,11101000,LocalMismatch,3
yes,TapHead,3,2,present,6,3,11101000,ObservedSupport,8
yes,TapHead,3,2,present,6,3,11110000,LocalMismatch,1
yes,TapHead,3,2,present,6,4,10111100,AmbiguousEvidence,1
yes,TapHead,3,2,present,6,4,11101100,AmbiguousEvidence,1
yes,TapHead,3,2,present,6,4,11101100,LocalMismatch,1
yes,TapHead,3,2,present,6,4,11101100,ObservedSupport,3
yes,TapHead,3,2,present,6,4,11111000,LocalMismatch,2
yes,TapHead,3,2,present,6,4,11111000,ObservedSupport,4
yes,TapHead,3,2,present,6,5,11111100,LocalMismatch,2
yes,TapHead,3,2,present,6,7,11111111,LocalMismatch,1
yes,TapHead,3,2,present,6,7,11111111,ObservedSupport,4
yes,TapHead,3,2,present,7,0,10000000,NoComparableContext,57
yes,TapHead,3,2,present,7,1,10001000,LocalMismatch,17
yes,TapHead,3,2,present,7,1,10001000,ObservedSupport,5
yes,TapHead,3,2,present,7,1,10100000,LocalMismatch,11
yes,TapHead,3,2,present,7,1,10100000,ObservedSupport,5
yes,TapHead,3,2,present,7,1,11000000,LocalMismatch,26
yes,TapHead,3,2,present,7,1,11000000,ObservedSupport,11
yes,TapHead,3,2,present,7,2,10001100,AmbiguousEvidence,1
yes,TapHead,3,2,present,7,2,10001100,LocalMismatch,7
yes,TapHead,3,2,present,7,2,10001100,ObservedSupport,1
yes,TapHead,3,2,present,7,2,10101000,AmbiguousEvidence,3
yes,TapHead,3,2,present,7,2,10101000,LocalMismatch,3
yes,TapHead,3,2,present,7,2,10101000,ObservedSupport,3
yes,TapHead,3,2,present,7,2,10110000,AmbiguousEvidence,1
yes,TapHead,3,2,present,7,2,10110000,LocalMismatch,1
yes,TapHead,3,2,present,7,2,11001000,AmbiguousEvidence,6
yes,TapHead,3,2,present,7,2,11001000,LocalMismatch,6
yes,TapHead,3,2,present,7,2,11001000,ObservedSupport,4
yes,TapHead,3,2,present,7,2,11100000,AmbiguousEvidence,1
yes,TapHead,3,2,present,7,2,11100000,LocalMismatch,11
yes,TapHead,3,2,present,7,2,11100000,ObservedSupport,4
yes,TapHead,3,2,present,7,3,10101100,LocalMismatch,2
yes,TapHead,3,2,present,7,3,10101100,ObservedSupport,1
yes,TapHead,3,2,present,7,3,10111000,LocalMismatch,5
yes,TapHead,3,2,present,7,3,11001100,AmbiguousEvidence,4
yes,TapHead,3,2,present,7,3,11001100,LocalMismatch,2
yes,TapHead,3,2,present,7,3,11001100,ObservedSupport,1
yes,TapHead,3,2,present,7,3,11101000,AmbiguousEvidence,5
yes,TapHead,3,2,present,7,3,11101000,LocalMismatch,6
yes,TapHead,3,2,present,7,3,11101000,ObservedSupport,10
yes,TapHead,3,2,present,7,3,11110000,AmbiguousEvidence,3
yes,TapHead,3,2,present,7,3,11110000,LocalMismatch,2
yes,TapHead,3,2,present,7,3,11110000,ObservedSupport,9
yes,TapHead,3,2,present,7,4,10111100,LocalMismatch,2
yes,TapHead,3,2,present,7,4,11101100,AmbiguousEvidence,6
yes,TapHead,3,2,present,7,4,11101100,LocalMismatch,1
yes,TapHead,3,2,present,7,4,11101100,ObservedSupport,3
yes,TapHead,3,2,present,7,4,11111000,LocalMismatch,1
yes,TapHead,3,2,present,7,4,11111000,ObservedSupport,9
yes,TapHead,3,2,present,7,5,10111110,LocalMismatch,4
yes,TapHead,3,2,present,7,5,11111100,AmbiguousEvidence,4
yes,TapHead,3,2,present,7,7,11111111,AmbiguousEvidence,1
yes,TapHead,3,2,present,7,7,11111111,ObservedSupport,10
yes,TapHead,3,2,present,8,0,10000000,NoComparableContext,58
yes,TapHead,3,2,present,8,1,10001000,LocalMismatch,13
yes,TapHead,3,2,present,8,1,10001000,ObservedSupport,5
yes,TapHead,3,2,present,8,1,10100000,LocalMismatch,18
yes,TapHead,3,2,present,8,1,10100000,ObservedSupport,8
yes,TapHead,3,2,present,8,1,11000000,LocalMismatch,22
yes,TapHead,3,2,present,8,1,11000000,ObservedSupport,21
yes,TapHead,3,2,present,8,2,10001100,LocalMismatch,5
yes,TapHead,3,2,present,8,2,10001100,ObservedSupport,5
yes,TapHead,3,2,present,8,2,10101000,AmbiguousEvidence,2
yes,TapHead,3,2,present,8,2,10101000,LocalMismatch,6
yes,TapHead,3,2,present,8,2,10101000,ObservedSupport,2
yes,TapHead,3,2,present,8,2,11001000,AmbiguousEvidence,7
yes,TapHead,3,2,present,8,2,11001000,LocalMismatch,14
yes,TapHead,3,2,present,8,2,11001000,ObservedSupport,9
yes,TapHead,3,2,present,8,2,11100000,AmbiguousEvidence,10
yes,TapHead,3,2,present,8,2,11100000,LocalMismatch,10
yes,TapHead,3,2,present,8,2,11100000,ObservedSupport,14
yes,TapHead,3,2,present,8,3,10101100,LocalMismatch,1
yes,TapHead,3,2,present,8,3,10111000,AmbiguousEvidence,1
yes,TapHead,3,2,present,8,3,10111000,LocalMismatch,1
yes,TapHead,3,2,present,8,3,11001100,AmbiguousEvidence,2
yes,TapHead,3,2,present,8,3,11001100,LocalMismatch,3
yes,TapHead,3,2,present,8,3,11001100,ObservedSupport,1
yes,TapHead,3,2,present,8,3,11101000,AmbiguousEvidence,11
yes,TapHead,3,2,present,8,3,11101000,LocalMismatch,6
yes,TapHead,3,2,present,8,3,11101000,ObservedSupport,15
yes,TapHead,3,2,present,8,3,11110000,AmbiguousEvidence,2
yes,TapHead,3,2,present,8,3,11110000,LocalMismatch,3
yes,TapHead,3,2,present,8,3,11110000,ObservedSupport,3
yes,TapHead,3,2,present,8,4,10111100,AmbiguousEvidence,1
yes,TapHead,3,2,present,8,4,10111100,LocalMismatch,2
yes,TapHead,3,2,present,8,4,11101100,AmbiguousEvidence,10
yes,TapHead,3,2,present,8,4,11101100,LocalMismatch,2
yes,TapHead,3,2,present,8,4,11101100,ObservedSupport,5
yes,TapHead,3,2,present,8,4,11111000,AmbiguousEvidence,3
yes,TapHead,3,2,present,8,4,11111000,LocalMismatch,2
yes,TapHead,3,2,present,8,4,11111000,ObservedSupport,6
yes,TapHead,3,2,present,8,5,10111110,ObservedSupport,1
yes,TapHead,3,2,present,8,5,11111100,AmbiguousEvidence,4
yes,TapHead,3,2,present,8,5,11111100,LocalMismatch,1
yes,TapHead,3,2,present,8,6,11111110,LocalMismatch,1
yes,TapHead,3,2,present,8,7,11111111,AmbiguousEvidence,1
yes,TapHead,3,2,present,8,7,11111111,ObservedSupport,16
yes,TapHead,3,2,present,9,0,10000000,NoComparableContext,31
yes,TapHead,3,2,present,9,1,10001000,LocalMismatch,10
yes,TapHead,3,2,present,9,1,10001000,ObservedSupport,3
yes,TapHead,3,2,present,9,1,10100000,LocalMismatch,8
yes,TapHead,3,2,present,9,1,10100000,ObservedSupport,1
yes,TapHead,3,2,present,9,1,11000000,LocalMismatch,28
yes,TapHead,3,2,present,9,1,11000000,ObservedSupport,12
yes,TapHead,3,2,present,9,2,10001100,LocalMismatch,7
yes,TapHead,3,2,present,9,2,10101000,AmbiguousEvidence,1
yes,TapHead,3,2,present,9,2,10101000,LocalMismatch,3
yes,TapHead,3,2,present,9,2,10110000,AmbiguousEvidence,1
yes,TapHead,3,2,present,9,2,10110000,LocalMismatch,3
yes,TapHead,3,2,present,9,2,10110000,ObservedSupport,2
yes,TapHead,3,2,present,9,2,11001000,AmbiguousEvidence,4
yes,TapHead,3,2,present,9,2,11001000,LocalMismatch,10
yes,TapHead,3,2,present,9,2,11001000,ObservedSupport,8
yes,TapHead,3,2,present,9,2,11100000,AmbiguousEvidence,6
yes,TapHead,3,2,present,9,2,11100000,LocalMismatch,8
yes,TapHead,3,2,present,9,2,11100000,ObservedSupport,8
yes,TapHead,3,2,present,9,3,10101100,AmbiguousEvidence,1
yes,TapHead,3,2,present,9,3,10101100,LocalMismatch,1
yes,TapHead,3,2,present,9,3,10111000,AmbiguousEvidence,2
yes,TapHead,3,2,present,9,3,10111000,LocalMismatch,1
yes,TapHead,3,2,present,9,3,11001100,AmbiguousEvidence,2
yes,TapHead,3,2,present,9,3,11001100,LocalMismatch,2
yes,TapHead,3,2,present,9,3,11101000,AmbiguousEvidence,5
yes,TapHead,3,2,present,9,3,11101000,LocalMismatch,5
yes,TapHead,3,2,present,9,3,11101000,ObservedSupport,13
yes,TapHead,3,2,present,9,3,11110000,AmbiguousEvidence,3
yes,TapHead,3,2,present,9,3,11110000,LocalMismatch,1
yes,TapHead,3,2,present,9,3,11110000,ObservedSupport,1
yes,TapHead,3,2,present,9,4,11101100,AmbiguousEvidence,8
yes,TapHead,3,2,present,9,4,11101100,LocalMismatch,3
yes,TapHead,3,2,present,9,4,11101100,ObservedSupport,2
yes,TapHead,3,2,present,9,4,11111000,AmbiguousEvidence,3
yes,TapHead,3,2,present,9,4,11111000,ObservedSupport,3
yes,TapHead,3,2,present,9,5,11111100,AmbiguousEvidence,3
yes,TapHead,3,2,present,9,5,11111100,LocalMismatch,2
yes,TapHead,4,3,absent,0,0,00000000,NoComparableContext,57
yes,TapHead,4,3,absent,1,0,10000000,NoComparableContext,33
yes,TapHead,4,3,absent,1,1,11000000,LocalMismatch,70
yes,TapHead,4,3,absent,1,1,11000000,ObservedSupport,22
yes,TapHead,4,3,absent,1,2,11001000,LocalMismatch,5
yes,TapHead,4,3,absent,1,2,11001000,ObservedSupport,11
yes,TapHead,4,3,absent,1,2,11100000,LocalMismatch,2
yes,TapHead,4,3,absent,1,2,11100000,ObservedSupport,7
yes,TapHead,4,3,absent,1,3,11001100,LocalMismatch,1
yes,TapHead,4,3,absent,1,3,11001100,ObservedSupport,12
yes,TapHead,4,3,absent,1,3,11101000,ObservedSupport,4
yes,TapHead,4,3,absent,1,3,11110000,LocalMismatch,2
yes,TapHead,4,3,absent,1,3,11110000,ObservedSupport,8
yes,TapHead,4,3,absent,1,4,11101100,ObservedSupport,16
yes,TapHead,4,3,absent,1,4,11111000,ObservedSupport,25
yes,TapHead,4,3,absent,1,5,11111100,AmbiguousEvidence,5
yes,TapHead,4,3,absent,1,7,11111111,ObservedSupport,42
yes,TapHead,4,3,absent,2,0,10000000,NoComparableContext,22
yes,TapHead,4,3,absent,2,1,10100000,LocalMismatch,3
yes,TapHead,4,3,absent,2,1,11000000,LocalMismatch,22
yes,TapHead,4,3,absent,2,1,11000000,ObservedSupport,64
yes,TapHead,4,3,absent,2,2,10001100,LocalMismatch,1
yes,TapHead,4,3,absent,2,2,10110000,LocalMismatch,1
yes,TapHead,4,3,absent,2,2,11001000,AmbiguousEvidence,3
yes,TapHead,4,3,absent,2,2,11001000,LocalMismatch,2
yes,TapHead,4,3,absent,2,2,11001000,ObservedSupport,13
yes,TapHead,4,3,absent,2,2,11100000,AmbiguousEvidence,3
yes,TapHead,4,3,absent,2,2,11100000,LocalMismatch,1
yes,TapHead,4,3,absent,2,2,11100000,ObservedSupport,25
yes,TapHead,4,3,absent,2,3,11001100,AmbiguousEvidence,5
yes,TapHead,4,3,absent,2,3,11001100,ObservedSupport,2
yes,TapHead,4,3,absent,2,3,11101000,AmbiguousEvidence,1
yes,TapHead,4,3,absent,2,3,11101000,ObservedSupport,12
yes,TapHead,4,3,absent,2,3,11110000,AmbiguousEvidence,3
yes,TapHead,4,3,absent,2,3,11110000,LocalMismatch,2
yes,TapHead,4,3,absent,2,3,11110000,ObservedSupport,23
yes,TapHead,4,3,absent,2,4,11101100,AmbiguousEvidence,3
yes,TapHead,4,3,absent,2,4,11101100,ObservedSupport,10
yes,TapHead,4,3,absent,2,4,11111000,AmbiguousEvidence,4
yes,TapHead,4,3,absent,2,4,11111000,ObservedSupport,18
yes,TapHead,4,3,absent,2,5,11111100,AmbiguousEvidence,5
yes,TapHead,4,3,absent,2,7,11111111,AmbiguousEvidence,2
yes,TapHead,4,3,absent,2,7,11111111,ObservedSupport,21
yes,TapHead,4,3,absent,3,0,10000000,NoComparableContext,13
yes,TapHead,4,3,absent,3,1,10100000,LocalMismatch,1
yes,TapHead,4,3,absent,3,1,11000000,LocalMismatch,22
yes,TapHead,4,3,absent,3,1,11000000,ObservedSupport,81
yes,TapHead,4,3,absent,3,2,11001000,AmbiguousEvidence,6
yes,TapHead,4,3,absent,3,2,11001000,LocalMismatch,7
yes,TapHead,4,3,absent,3,2,11001000,ObservedSupport,16
yes,TapHead,4,3,absent,3,2,11100000,AmbiguousEvidence,13
yes,TapHead,4,3,absent,3,2,11100000,LocalMismatch,5
yes,TapHead,4,3,absent,3,2,11100000,ObservedSupport,33
yes,TapHead,4,3,absent,3,3,11001100,AmbiguousEvidence,4
yes,TapHead,4,3,absent,3,3,11001100,LocalMismatch,3
yes,TapHead,4,3,absent,3,3,11001100,ObservedSupport,30
yes,TapHead,4,3,absent,3,3,11101000,AmbiguousEvidence,16
yes,TapHead,4,3,absent,3,3,11101000,LocalMismatch,5
yes,TapHead,4,3,absent,3,3,11101000,ObservedSupport,20
yes,TapHead,4,3,absent,3,3,11110000,AmbiguousEvidence,6
yes,TapHead,4,3,absent,3,3,11110000,LocalMismatch,1
yes,TapHead,4,3,absent,3,3,11110000,ObservedSupport,33
yes,TapHead,4,3,absent,3,4,11101100,AmbiguousEvidence,13
yes,TapHead,4,3,absent,3,4,11101100,LocalMismatch,2
yes,TapHead,4,3,absent,3,4,11101100,ObservedSupport,16
yes,TapHead,4,3,absent,3,4,11111000,AmbiguousEvidence,10
yes,TapHead,4,3,absent,3,4,11111000,ObservedSupport,32
yes,TapHead,4,3,absent,3,5,11111100,AmbiguousEvidence,37
yes,TapHead,4,3,absent,3,5,11111100,LocalMismatch,2
yes,TapHead,4,3,absent,3,7,11111111,AmbiguousEvidence,10
yes,TapHead,4,3,absent,3,7,11111111,LocalMismatch,2
yes,TapHead,4,3,absent,3,7,11111111,ObservedSupport,32
yes,TapHead,4,3,absent,4,0,10000000,NoComparableContext,6
yes,TapHead,4,3,absent,4,1,10001000,ObservedSupport,1
yes,TapHead,4,3,absent,4,1,11000000,LocalMismatch,13
yes,TapHead,4,3,absent,4,1,11000000,ObservedSupport,298
yes,TapHead,4,3,absent,4,2,11001000,AmbiguousEvidence,58
yes,TapHead,4,3,absent,4,2,11001000,LocalMismatch,6
yes,TapHead,4,3,absent,4,2,11001000,ObservedSupport,99
yes,TapHead,4,3,absent,4,2,11100000,AmbiguousEvidence,82
yes,TapHead,4,3,absent,4,2,11100000,LocalMismatch,2
yes,TapHead,4,3,absent,4,2,11100000,ObservedSupport,108
yes,TapHead,4,3,absent,4,3,11001100,AmbiguousEvidence,64
yes,TapHead,4,3,absent,4,3,11001100,ObservedSupport,219
yes,TapHead,4,3,absent,4,3,11101000,AmbiguousEvidence,78
yes,TapHead,4,3,absent,4,3,11101000,LocalMismatch,3
yes,TapHead,4,3,absent,4,3,11101000,ObservedSupport,141
yes,TapHead,4,3,absent,4,3,11110000,AmbiguousEvidence,92
yes,TapHead,4,3,absent,4,3,11110000,LocalMismatch,2
yes,TapHead,4,3,absent,4,3,11110000,ObservedSupport,245
yes,TapHead,4,3,absent,4,4,11101100,AmbiguousEvidence,152
yes,TapHead,4,3,absent,4,4,11101100,ObservedSupport,258
yes,TapHead,4,3,absent,4,4,11111000,AmbiguousEvidence,208
yes,TapHead,4,3,absent,4,4,11111000,ObservedSupport,147
yes,TapHead,4,3,absent,4,5,11111100,AmbiguousEvidence,1502
yes,TapHead,4,3,absent,4,5,11111100,LocalMismatch,1
yes,TapHead,4,3,absent,4,7,11111111,AmbiguousEvidence,347
yes,TapHead,4,3,absent,4,7,11111111,ObservedSupport,1578
yes,TapHead,4,3,absent,5,0,10000000,NoComparableContext,1
yes,TapHead,4,3,absent,5,1,11000000,LocalMismatch,11
yes,TapHead,4,3,absent,5,1,11000000,ObservedSupport,55
yes,TapHead,4,3,absent,5,2,11001000,AmbiguousEvidence,15
yes,TapHead,4,3,absent,5,2,11001000,LocalMismatch,4
yes,TapHead,4,3,absent,5,2,11001000,ObservedSupport,13
yes,TapHead,4,3,absent,5,2,11100000,AmbiguousEvidence,20
yes,TapHead,4,3,absent,5,2,11100000,LocalMismatch,1
yes,TapHead,4,3,absent,5,2,11100000,ObservedSupport,23
yes,TapHead,4,3,absent,5,3,11001100,AmbiguousEvidence,7
yes,TapHead,4,3,absent,5,3,11001100,LocalMismatch,1
yes,TapHead,4,3,absent,5,3,11001100,ObservedSupport,13
yes,TapHead,4,3,absent,5,3,11101000,AmbiguousEvidence,24
yes,TapHead,4,3,absent,5,3,11101000,LocalMismatch,1
yes,TapHead,4,3,absent,5,3,11101000,ObservedSupport,25
yes,TapHead,4,3,absent,5,3,11110000,AmbiguousEvidence,4
yes,TapHead,4,3,absent,5,3,11110000,ObservedSupport,6
yes,TapHead,4,3,absent,5,4,11101100,AmbiguousEvidence,14
yes,TapHead,4,3,absent,5,4,11101100,ObservedSupport,11
yes,TapHead,4,3,absent,5,4,11111000,AmbiguousEvidence,7
yes,TapHead,4,3,absent,5,4,11111000,LocalMismatch,1
yes,TapHead,4,3,absent,5,4,11111000,ObservedSupport,13
yes,TapHead,4,3,absent,5,5,11111100,AmbiguousEvidence,20
yes,TapHead,4,3,absent,5,7,11111111,ObservedSupport,2
yes,TapHead,4,3,absent,6,0,10000000,NoComparableContext,2
yes,TapHead,4,3,absent,6,1,11000000,LocalMismatch,2
yes,TapHead,4,3,absent,6,1,11000000,ObservedSupport,18
yes,TapHead,4,3,absent,6,2,11001000,AmbiguousEvidence,4
yes,TapHead,4,3,absent,6,2,11001000,ObservedSupport,8
yes,TapHead,4,3,absent,6,2,11100000,AmbiguousEvidence,8
yes,TapHead,4,3,absent,6,2,11100000,ObservedSupport,5
yes,TapHead,4,3,absent,6,3,11001100,ObservedSupport,3
yes,TapHead,4,3,absent,6,3,11101000,AmbiguousEvidence,17
yes,TapHead,4,3,absent,6,3,11101000,ObservedSupport,12
yes,TapHead,4,3,absent,6,3,11110000,AmbiguousEvidence,4
yes,TapHead,4,3,absent,6,3,11110000,ObservedSupport,3
yes,TapHead,4,3,absent,6,4,11101100,AmbiguousEvidence,5
yes,TapHead,4,3,absent,6,4,11111000,AmbiguousEvidence,7
yes,TapHead,4,3,absent,6,4,11111000,ObservedSupport,4
yes,TapHead,4,3,absent,6,5,11111100,AmbiguousEvidence,4
yes,TapHead,4,3,absent,7,1,11000000,ObservedSupport,3
yes,TapHead,4,3,absent,7,2,11001000,AmbiguousEvidence,2
yes,TapHead,4,3,absent,7,2,11001000,LocalMismatch,1
yes,TapHead,4,3,absent,7,2,11100000,ObservedSupport,3
yes,TapHead,4,3,absent,7,3,11101000,AmbiguousEvidence,3
yes,TapHead,4,3,absent,7,3,11110000,AmbiguousEvidence,1
yes,TapHead,4,3,absent,7,7,11111111,ObservedSupport,2
yes,TapHead,4,3,absent,8,1,11000000,ObservedSupport,5
yes,TapHead,4,3,absent,8,2,11001000,ObservedSupport,2
yes,TapHead,4,3,absent,8,2,11100000,AmbiguousEvidence,7
yes,TapHead,4,3,absent,8,2,11100000,ObservedSupport,6
yes,TapHead,4,3,absent,8,3,11001100,ObservedSupport,1
yes,TapHead,4,3,absent,8,3,11101000,AmbiguousEvidence,9
yes,TapHead,4,3,absent,8,3,11101000,ObservedSupport,10
yes,TapHead,4,3,absent,8,3,11110000,ObservedSupport,1
yes,TapHead,4,3,absent,8,4,11101100,AmbiguousEvidence,7
yes,TapHead,4,3,absent,8,4,11101100,ObservedSupport,2
yes,TapHead,4,3,absent,8,4,11111000,AmbiguousEvidence,1
yes,TapHead,4,3,absent,8,4,11111000,ObservedSupport,2
yes,TapHead,4,3,absent,8,5,11111100,AmbiguousEvidence,2
yes,TapHead,4,3,absent,8,7,11111111,AmbiguousEvidence,2
yes,TapHead,4,3,present,0,0,00000000,NoComparableContext,63
yes,TapHead,4,3,present,1,0,10000000,NoComparableContext,136
yes,TapHead,4,3,present,1,1,10001000,LocalMismatch,1
yes,TapHead,4,3,present,1,1,10100000,LocalMismatch,1
yes,TapHead,4,3,present,1,1,11000000,LocalMismatch,7
yes,TapHead,4,3,present,1,1,11000000,ObservedSupport,6
yes,TapHead,4,3,present,1,2,10001100,LocalMismatch,3
yes,TapHead,4,3,present,1,2,10001100,ObservedSupport,4
yes,TapHead,4,3,present,1,2,10110000,LocalMismatch,1
yes,TapHead,4,3,present,1,2,11001000,ObservedSupport,8
yes,TapHead,4,3,present,1,2,11100000,LocalMismatch,2
yes,TapHead,4,3,present,1,3,11001100,ObservedSupport,2
yes,TapHead,4,3,present,1,3,11101000,LocalMismatch,1
yes,TapHead,4,3,present,1,3,11101000,ObservedSupport,8
yes,TapHead,4,3,present,1,3,11110000,ObservedSupport,6
yes,TapHead,4,3,present,1,4,11101100,ObservedSupport,2
yes,TapHead,4,3,present,1,7,11111111,ObservedSupport,4
yes,TapHead,4,3,present,2,0,10000000,NoComparableContext,121
yes,TapHead,4,3,present,2,1,10001000,LocalMismatch,5
yes,TapHead,4,3,present,2,1,10001000,ObservedSupport,2
yes,TapHead,4,3,present,2,1,10100000,LocalMismatch,9
yes,TapHead,4,3,present,2,1,10100000,ObservedSupport,2
yes,TapHead,4,3,present,2,1,11000000,LocalMismatch,18
yes,TapHead,4,3,present,2,1,11000000,ObservedSupport,10
yes,TapHead,4,3,present,2,2,10001100,LocalMismatch,1
yes,TapHead,4,3,present,2,2,10001100,ObservedSupport,5
yes,TapHead,4,3,present,2,2,10101000,LocalMismatch,1
yes,TapHead,4,3,present,2,2,10101000,ObservedSupport,1
yes,TapHead,4,3,present,2,2,10110000,LocalMismatch,3
yes,TapHead,4,3,present,2,2,11001000,AmbiguousEvidence,1
yes,TapHead,4,3,present,2,2,11001000,LocalMismatch,1
yes,TapHead,4,3,present,2,2,11001000,ObservedSupport,7
yes,TapHead,4,3,present,2,2,11100000,AmbiguousEvidence,2
yes,TapHead,4,3,present,2,2,11100000,LocalMismatch,1
yes,TapHead,4,3,present,2,2,11100000,ObservedSupport,4
yes,TapHead,4,3,present,2,3,10101100,ObservedSupport,4
yes,TapHead,4,3,present,2,3,11001100,AmbiguousEvidence,1
yes,TapHead,4,3,present,2,3,11001100,ObservedSupport,2
yes,TapHead,4,3,present,2,3,11101000,ObservedSupport,7
yes,TapHead,4,3,present,2,3,11110000,LocalMismatch,2
yes,TapHead,4,3,present,2,3,11110000,ObservedSupport,1
yes,TapHead,4,3,present,2,4,11101100,AmbiguousEvidence,1
yes,TapHead,4,3,present,2,4,11101100,ObservedSupport,4
yes,TapHead,4,3,present,2,4,11111000,AmbiguousEvidence,1
yes,TapHead,4,3,present,2,4,11111000,ObservedSupport,1
yes,TapHead,4,3,present,2,5,11111100,AmbiguousEvidence,5
yes,TapHead,4,3,present,2,6,11111110,AmbiguousEvidence,2
yes,TapHead,4,3,present,2,7,11111111,ObservedSupport,4
yes,TapHead,4,3,present,3,0,10000000,NoComparableContext,94
yes,TapHead,4,3,present,3,1,10001000,LocalMismatch,2
yes,TapHead,4,3,present,3,1,10001000,ObservedSupport,2
yes,TapHead,4,3,present,3,1,10100000,LocalMismatch,8
yes,TapHead,4,3,present,3,1,10100000,ObservedSupport,2
yes,TapHead,4,3,present,3,1,11000000,LocalMismatch,20
yes,TapHead,4,3,present,3,1,11000000,ObservedSupport,9
yes,TapHead,4,3,present,3,2,10001100,LocalMismatch,3
yes,TapHead,4,3,present,3,2,10001100,ObservedSupport,1
yes,TapHead,4,3,present,3,2,10101000,LocalMismatch,7
yes,TapHead,4,3,present,3,2,10110000,LocalMismatch,3
yes,TapHead,4,3,present,3,2,11001000,LocalMismatch,1
yes,TapHead,4,3,present,3,2,11001000,ObservedSupport,7
yes,TapHead,4,3,present,3,2,11100000,LocalMismatch,1
yes,TapHead,4,3,present,3,2,11100000,ObservedSupport,2
yes,TapHead,4,3,present,3,3,10101100,ObservedSupport,1
yes,TapHead,4,3,present,3,3,11001100,AmbiguousEvidence,3
yes,TapHead,4,3,present,3,3,11001100,LocalMismatch,1
yes,TapHead,4,3,present,3,3,11001100,ObservedSupport,2
yes,TapHead,4,3,present,3,3,11101000,LocalMismatch,1
yes,TapHead,4,3,present,3,3,11101000,ObservedSupport,8
yes,TapHead,4,3,present,3,3,11110000,LocalMismatch,2
yes,TapHead,4,3,present,3,3,11110000,ObservedSupport,7
yes,TapHead,4,3,present,3,4,10111100,LocalMismatch,1
yes,TapHead,4,3,present,3,4,11101100,ObservedSupport,1
yes,TapHead,4,3,present,3,4,11111000,AmbiguousEvidence,2
yes,TapHead,4,3,present,3,4,11111000,ObservedSupport,4
yes,TapHead,4,3,present,3,5,10111110,LocalMismatch,1
yes,TapHead,4,3,present,3,5,11111100,AmbiguousEvidence,4
yes,TapHead,4,3,present,3,6,11111110,AmbiguousEvidence,2
yes,TapHead,4,3,present,3,7,11111111,ObservedSupport,4
yes,TapHead,4,3,present,4,0,10000000,NoComparableContext,25
yes,TapHead,4,3,present,4,1,10001000,LocalMismatch,9
yes,TapHead,4,3,present,4,1,10001000,ObservedSupport,2
yes,TapHead,4,3,present,4,1,10100000,LocalMismatch,6
yes,TapHead,4,3,present,4,1,11000000,LocalMismatch,9
yes,TapHead,4,3,present,4,1,11000000,ObservedSupport,13
yes,TapHead,4,3,present,4,2,10001100,LocalMismatch,1
yes,TapHead,4,3,present,4,2,10001100,ObservedSupport,2
yes,TapHead,4,3,present,4,2,10101000,AmbiguousEvidence,1
yes,TapHead,4,3,present,4,2,10101000,LocalMismatch,1
yes,TapHead,4,3,present,4,2,10110000,LocalMismatch,2
yes,TapHead,4,3,present,4,2,11001000,AmbiguousEvidence,1
yes,TapHead,4,3,present,4,2,11001000,LocalMismatch,3
yes,TapHead,4,3,present,4,2,11001000,ObservedSupport,6
yes,TapHead,4,3,present,4,2,11100000,AmbiguousEvidence,2
yes,TapHead,4,3,present,4,2,11100000,LocalMismatch,1
yes,TapHead,4,3,present,4,3,10101100,AmbiguousEvidence,2
yes,TapHead,4,3,present,4,3,10101100,ObservedSupport,2
yes,TapHead,4,3,present,4,3,11001100,LocalMismatch,2
yes,TapHead,4,3,present,4,3,11001100,ObservedSupport,2
yes,TapHead,4,3,present,4,3,11101000,LocalMismatch,2
yes,TapHead,4,3,present,4,3,11101000,ObservedSupport,2
yes,TapHead,4,3,present,4,3,11110000,LocalMismatch,1
yes,TapHead,4,3,present,4,3,11110000,ObservedSupport,5
yes,TapHead,4,3,present,4,4,11101100,AmbiguousEvidence,2
yes,TapHead,4,3,present,4,4,11101100,LocalMismatch,1
yes,TapHead,4,3,present,4,4,11101100,ObservedSupport,2
yes,TapHead,4,3,present,4,4,11111000,AmbiguousEvidence,2
yes,TapHead,4,3,present,4,4,11111000,ObservedSupport,6
yes,TapHead,4,3,present,4,5,11111100,AmbiguousEvidence,11
yes,TapHead,4,3,present,4,6,11111110,AmbiguousEvidence,4
yes,TapHead,4,3,present,4,7,11111111,ObservedSupport,4
yes,TapHead,4,3,present,5,0,10000000,NoComparableContext,20
yes,TapHead,4,3,present,5,1,10001000,LocalMismatch,4
yes,TapHead,4,3,present,5,1,10001000,ObservedSupport,1
yes,TapHead,4,3,present,5,1,10100000,LocalMismatch,3
yes,TapHead,4,3,present,5,1,10100000,ObservedSupport,1
yes,TapHead,4,3,present,5,1,11000000,LocalMismatch,13
yes,TapHead,4,3,present,5,1,11000000,ObservedSupport,5
yes,TapHead,4,3,present,5,2,10001100,LocalMismatch,2
yes,TapHead,4,3,present,5,2,10001100,ObservedSupport,3
yes,TapHead,4,3,present,5,2,10101000,LocalMismatch,1
yes,TapHead,4,3,present,5,2,10101000,ObservedSupport,1
yes,TapHead,4,3,present,5,2,10110000,LocalMismatch,1
yes,TapHead,4,3,present,5,2,11001000,AmbiguousEvidence,4
yes,TapHead,4,3,present,5,2,11001000,LocalMismatch,2
yes,TapHead,4,3,present,5,2,11001000,ObservedSupport,4
yes,TapHead,4,3,present,5,2,11100000,AmbiguousEvidence,2
yes,TapHead,4,3,present,5,2,11100000,LocalMismatch,5
yes,TapHead,4,3,present,5,2,11100000,ObservedSupport,2
yes,TapHead,4,3,present,5,3,10101100,LocalMismatch,1
yes,TapHead,4,3,present,5,3,11001100,AmbiguousEvidence,2
yes,TapHead,4,3,present,5,3,11001100,LocalMismatch,2
yes,TapHead,4,3,present,5,3,11001100,ObservedSupport,3
yes,TapHead,4,3,present,5,3,11101000,AmbiguousEvidence,1
yes,TapHead,4,3,present,5,3,11101000,ObservedSupport,6
yes,TapHead,4,3,present,5,3,11110000,ObservedSupport,2
yes,TapHead,4,3,present,5,4,11101100,AmbiguousEvidence,5
yes,TapHead,4,3,present,5,4,11101100,ObservedSupport,1
yes,TapHead,4,3,present,5,4,11111000,ObservedSupport,3
yes,TapHead,4,3,present,5,5,11111100,AmbiguousEvidence,9
yes,TapHead,4,3,present,5,5,11111100,LocalMismatch,1
yes,TapHead,4,3,present,5,6,11111110,AmbiguousEvidence,4
yes,TapHead,4,3,present,6,0,10000000,NoComparableContext,10
yes,TapHead,4,3,present,6,1,10100000,LocalMismatch,1
yes,TapHead,4,3,present,6,1,10100000,ObservedSupport,1
yes,TapHead,4,3,present,6,1,11000000,LocalMismatch,3
yes,TapHead,4,3,present,6,2,10001100,ObservedSupport,1
yes,TapHead,4,3,present,6,2,10101000,ObservedSupport,2
yes,TapHead,4,3,present,6,2,11001000,LocalMismatch,4
yes,TapHead,4,3,present,6,2,11001000,ObservedSupport,7
yes,TapHead,4,3,present,6,2,11100000,AmbiguousEvidence,1
yes,TapHead,4,3,present,6,2,11100000,ObservedSupport,1
yes,TapHead,4,3,present,6,3,10101100,LocalMismatch,1
yes,TapHead,4,3,present,6,3,11001100,AmbiguousEvidence,1
yes,TapHead,4,3,present,6,3,11101000,AmbiguousEvidence,1
yes,TapHead,4,3,present,6,3,11101000,ObservedSupport,2
yes,TapHead,4,3,present,6,3,11110000,AmbiguousEvidence,1
yes,TapHead,4,3,present,6,4,11101100,ObservedSupport,3
yes,TapHead,4,3,present,6,4,11111000,AmbiguousEvidence,2
yes,TapHead,4,3,present,6,4,11111000,ObservedSupport,2
yes,TapHead,4,3,present,6,5,11111100,AmbiguousEvidence,1
yes,TapHead,4,3,present,7,0,10000000,NoComparableContext,1
yes,TapHead,4,3,present,7,1,10001000,ObservedSupport,1
yes,TapHead,4,3,present,7,2,10101000,ObservedSupport,1
yes,TapHead,4,3,present,7,2,11100000,LocalMismatch,1
yes,TapHead,4,3,present,7,3,11101000,AmbiguousEvidence,1
yes,TapHead,4,3,present,7,3,11101000,LocalMismatch,1
yes,TapHead,4,3,present,7,3,11101000,ObservedSupport,4
yes,TapHead,4,3,present,8,4,11101100,AmbiguousEvidence,1
yes,TapHead,5,4,absent,0,0,00000000,NoComparableContext,80
yes,TapHead,5,4,absent,1,0,10000000,NoComparableContext,10
yes,TapHead,5,4,absent,1,1,10001000,LocalMismatch,1
yes,TapHead,5,4,absent,1,1,10001000,ObservedSupport,1
yes,TapHead,5,4,absent,1,1,10100000,LocalMismatch,1
yes,TapHead,5,4,absent,1,1,11000000,LocalMismatch,34
yes,TapHead,5,4,absent,1,1,11000000,ObservedSupport,35
yes,TapHead,5,4,absent,1,2,11001000,LocalMismatch,2
yes,TapHead,5,4,absent,1,2,11001000,ObservedSupport,4
yes,TapHead,5,4,absent,1,2,11100000,ObservedSupport,5
yes,TapHead,5,4,absent,1,3,11001100,LocalMismatch,2
yes,TapHead,5,4,absent,1,3,11001100,ObservedSupport,13
yes,TapHead,5,4,absent,1,3,11101000,ObservedSupport,10
yes,TapHead,5,4,absent,1,3,11110000,ObservedSupport,3
yes,TapHead,5,4,absent,1,4,11101100,ObservedSupport,3
yes,TapHead,5,4,absent,1,4,11111000,ObservedSupport,2
yes,TapHead,5,4,absent,1,5,11111100,AmbiguousEvidence,4
yes,TapHead,5,4,absent,1,7,11111111,ObservedSupport,22
yes,TapHead,5,4,absent,2,0,10000000,NoComparableContext,3
yes,TapHead,5,4,absent,2,1,10100000,LocalMismatch,1
yes,TapHead,5,4,absent,2,1,11000000,LocalMismatch,21
yes,TapHead,5,4,absent,2,1,11000000,ObservedSupport,59
yes,TapHead,5,4,absent,2,2,11001000,AmbiguousEvidence,2
yes,TapHead,5,4,absent,2,2,11001000,LocalMismatch,5
yes,TapHead,5,4,absent,2,2,11001000,ObservedSupport,9
yes,TapHead,5,4,absent,2,2,11100000,AmbiguousEvidence,4
yes,TapHead,5,4,absent,2,2,11100000,LocalMismatch,3
yes,TapHead,5,4,absent,2,2,11100000,ObservedSupport,13
yes,TapHead,5,4,absent,2,3,11001100,AmbiguousEvidence,2
yes,TapHead,5,4,absent,2,3,11001100,LocalMismatch,1
yes,TapHead,5,4,absent,2,3,11001100,ObservedSupport,34
yes,TapHead,5,4,absent,2,3,11101000,AmbiguousEvidence,2
yes,TapHead,5,4,absent,2,3,11101000,LocalMismatch,4
yes,TapHead,5,4,absent,2,3,11101000,ObservedSupport,35
yes,TapHead,5,4,absent,2,3,11110000,LocalMismatch,4
yes,TapHead,5,4,absent,2,3,11110000,ObservedSupport,8
yes,TapHead,5,4,absent,2,4,11101100,AmbiguousEvidence,4
yes,TapHead,5,4,absent,2,4,11101100,LocalMismatch,1
yes,TapHead,5,4,absent,2,4,11101100,ObservedSupport,13
yes,TapHead,5,4,absent,2,4,11111000,AmbiguousEvidence,5
yes,TapHead,5,4,absent,2,4,11111000,ObservedSupport,9
yes,TapHead,5,4,absent,2,5,11111100,AmbiguousEvidence,29
yes,TapHead,5,4,absent,2,5,11111100,LocalMismatch,1
yes,TapHead,5,4,absent,2,7,11111111,AmbiguousEvidence,2
yes,TapHead,5,4,absent,2,7,11111111,ObservedSupport,37
yes,TapHead,5,4,absent,3,0,10000000,NoComparableContext,1
yes,TapHead,5,4,absent,3,1,11000000,LocalMismatch,4
yes,TapHead,5,4,absent,3,1,11000000,ObservedSupport,177
yes,TapHead,5,4,absent,3,2,11001000,AmbiguousEvidence,11
yes,TapHead,5,4,absent,3,2,11001000,ObservedSupport,47
yes,TapHead,5,4,absent,3,2,11100000,AmbiguousEvidence,16
yes,TapHead,5,4,absent,3,2,11100000,LocalMismatch,2
yes,TapHead,5,4,absent,3,2,11100000,ObservedSupport,48
yes,TapHead,5,4,absent,3,3,11001100,AmbiguousEvidence,20
yes,TapHead,5,4,absent,3,3,11001100,ObservedSupport,48
yes,TapHead,5,4,absent,3,3,11101000,AmbiguousEvidence,31
yes,TapHead,5,4,absent,3,3,11101000,ObservedSupport,96
yes,TapHead,5,4,absent,3,3,11110000,AmbiguousEvidence,9
yes,TapHead,5,4,absent,3,3,11110000,ObservedSupport,94
yes,TapHead,5,4,absent,3,4,11101100,AmbiguousEvidence,51
yes,TapHead,5,4,absent,3,4,11101100,ObservedSupport,74
yes,TapHead,5,4,absent,3,4,11111000,AmbiguousEvidence,47
yes,TapHead,5,4,absent,3,4,11111000,ObservedSupport,81
yes,TapHead,5,4,absent,3,5,11111100,AmbiguousEvidence,229
yes,TapHead,5,4,absent,3,7,11111111,AmbiguousEvidence,6
yes,TapHead,5,4,absent,3,7,11111111,ObservedSupport,201
yes,TapHead,5,4,absent,4,1,11000000,ObservedSupport,12
yes,TapHead,5,4,absent,4,2,10110000,LocalMismatch,1
yes,TapHead,5,4,absent,4,2,11001000,ObservedSupport,1
yes,TapHead,5,4,absent,4,2,11100000,AmbiguousEvidence,2
yes,TapHead,5,4,absent,4,2,11100000,ObservedSupport,5
yes,TapHead,5,4,absent,4,3,11001100,ObservedSupport,1
yes,TapHead,5,4,absent,4,3,11101000,AmbiguousEvidence,2
yes,TapHead,5,4,absent,4,3,11101000,ObservedSupport,4
yes,TapHead,5,4,absent,4,3,11110000,LocalMismatch,1
yes,TapHead,5,4,absent,4,3,11110000,ObservedSupport,1
yes,TapHead,5,4,absent,4,4,11101100,ObservedSupport,2
yes,TapHead,5,4,absent,4,4,11111000,AmbiguousEvidence,1
yes,TapHead,5,4,absent,4,4,11111000,ObservedSupport,2
yes,TapHead,5,4,absent,4,5,11111100,AmbiguousEvidence,3
yes,TapHead,5,4,absent,5,1,11000000,LocalMismatch,1
yes,TapHead,5,4,present,0,0,00000000,NoComparableContext,116
yes,TapHead,5,4,present,1,0,10000000,NoComparableContext,49
yes,TapHead,5,4,present,1,1,10001000,LocalMismatch,1
yes,TapHead,5,4,present,1,1,10001000,ObservedSupport,1
yes,TapHead,5,4,present,1,1,10100000,LocalMismatch,1
yes,TapHead,5,4,present,1,1,11000000,LocalMismatch,7
yes,TapHead,5,4,present,1,3,11110000,LocalMismatch,1
yes,TapHead,5,4,present,2,0,10000000,NoComparableContext,18
yes,TapHead,5,4,present,2,1,10001000,ObservedSupport,1
yes,TapHead,5,4,present,2,1,11000000,LocalMismatch,3
yes,TapHead,5,4,present,2,2,10001100,LocalMismatch,2
yes,TapHead,5,4,present,2,2,10001100,ObservedSupport,2
yes,TapHead,5,4,present,2,7,11111111,ObservedSupport,2
yes,TapHead,5,4,present,3,0,10000000,NoComparableContext,13
yes,TapHead,5,4,present,3,1,10001000,LocalMismatch,1
yes,TapHead,5,4,present,3,1,10100000,LocalMismatch,2
yes,TapHead,5,4,present,3,1,11000000,LocalMismatch,2
yes,TapHead,5,4,present,3,2,10001100,LocalMismatch,1
yes,TapHead,5,4,present,3,2,10001100,ObservedSupport,3
yes,TapHead,5,4,present,3,2,10101000,LocalMismatch,1
yes,TapHead,5,4,present,3,2,10110000,LocalMismatch,2
yes,TapHead,5,4,present,3,2,11001000,LocalMismatch,1
yes,TapHead,5,4,present,3,3,11101000,ObservedSupport,1
yes,TapHead,5,4,present,3,4,11101100,ObservedSupport,1
yes,TapHead,5,4,present,3,4,11111000,ObservedSupport,1
yes,TapHead,5,4,present,3,7,11111111,ObservedSupport,6
yes,TapHead,5,4,present,4,0,10000000,NoComparableContext,4
yes,TapHead,5,4,present,4,1,10001000,LocalMismatch,1
yes,TapHead,5,4,present,4,1,11000000,LocalMismatch,4
yes,TapHead,5,4,present,4,2,10101000,ObservedSupport,1
yes,TapHead,5,4,present,4,2,10110000,LocalMismatch,1
yes,TapHead,5,4,present,4,2,11001000,LocalMismatch,1
yes,TapHead,5,4,present,4,4,10111100,LocalMismatch,1
yes,TapHead,5,4,present,4,5,11111100,AmbiguousEvidence,1
yes,TapHead,5,4,present,4,7,11111111,ObservedSupport,2
yes,TapHead,5,4,present,5,0,10000000,NoComparableContext,1
yes,TapHead,5,4,present,5,1,11000000,LocalMismatch,1
yes,TapHead,6,5,absent,0,0,00000000,NoComparableContext,19
yes,TapHead,6,5,absent,1,0,10000000,NoComparableContext,1
yes,TapHead,6,5,absent,1,1,11000000,LocalMismatch,41
yes,TapHead,6,5,absent,1,1,11000000,ObservedSupport,12
yes,TapHead,6,5,absent,1,2,11001000,ObservedSupport,1
yes,TapHead,6,5,absent,1,3,11001100,LocalMismatch,2
yes,TapHead,6,5,absent,1,3,11001100,ObservedSupport,2
yes,TapHead,6,5,absent,1,3,11101000,ObservedSupport,4
yes,TapHead,6,5,absent,2,1,11000000,ObservedSupport,40
yes,TapHead,6,5,absent,2,2,11001000,ObservedSupport,10
yes,TapHead,6,5,absent,2,3,11001100,AmbiguousEvidence,1
yes,TapHead,6,5,absent,2,3,11001100,ObservedSupport,10
yes,TapHead,6,5,absent,2,3,11110000,AmbiguousEvidence,2
yes,TapHead,6,5,absent,2,3,11110000,ObservedSupport,12
yes,TapHead,6,5,absent,2,4,11111000,ObservedSupport,6
yes,TapHead,6,5,absent,2,5,11111100,AmbiguousEvidence,12
yes,TapHead,6,5,present,0,0,00000000,NoComparableContext,37
yes,TapHead,6,5,present,1,0,10000000,NoComparableContext,3
yes,TapHead,6,5,present,1,7,11111111,ObservedSupport,4
yes,TapHead,7,6,absent,0,0,00000000,NoComparableContext,29
yes,TapHead,7,6,absent,1,1,11000000,LocalMismatch,1
yes,TapHead,7,6,absent,1,1,11000000,ObservedSupport,9
yes,TapHead,7,6,absent,1,2,11001000,ObservedSupport,34
yes,TapHead,7,6,absent,1,2,11100000,ObservedSupport,2
yes,TapHead,7,6,absent,1,3,11001100,ObservedSupport,7
yes,TapHead,7,6,absent,1,3,11110000,ObservedSupport,9
yes,TapHead,7,6,absent,1,4,11101100,ObservedSupport,7
yes,TapHead,7,6,absent,1,4,11111000,ObservedSupport,9
yes,TapHead,7,6,absent,2,1,11000000,ObservedSupport,10
yes,TapHead,7,6,absent,2,2,11001000,ObservedSupport,8
yes,TapHead,7,6,absent,2,2,11100000,AmbiguousEvidence,1
yes,TapHead,7,6,absent,2,2,11100000,ObservedSupport,5
yes,TapHead,7,6,absent,2,3,11001100,AmbiguousEvidence,1
yes,TapHead,7,6,absent,2,3,11110000,ObservedSupport,4
yes,TapHead,7,6,absent,2,4,11111000,ObservedSupport,4
yes,TapHead,7,6,absent,2,5,11111100,AmbiguousEvidence,2
