transition_kind,exact_gap_beats,local_state,final_action,resolutions
TapHeadToTapHead,0.24749999999999975250000000,LocalMismatch,SkipLocalMismatch,1
TapHeadToTapHead,0.24753333333333331683111111,LocalMismatch,SkipLocalMismatch,1
TapHeadToTapHead,0.24826666666666676597333333,LocalMismatch,SkipLocalMismatch,3
TapHeadToTapHead,0.24826666666666676597333333,AmbiguousEvidence,SkipLocalAmbiguity,4
TapHeadToTapHead,0.24826666666666676597333334,LocalMismatch,SkipLocalMismatch,4
TapHeadToTapHead,0.24840000000000009936000000,LocalMismatch,SkipLocalMismatch,1
TapHeadToTapHead,0.24840000000000024840000000,LocalMismatch,SkipLocalMismatch,3
TapHeadToTapHead,0.24849999999999978463333333,LocalMismatch,SkipLocalMismatch,1
TapHeadToTapHead,0.24873333333333358206666666,LocalMismatch,SkipLocalMismatch,3
TapHeadToTapHead,0.24873333333333358206666666,AmbiguousEvidence,SkipLocalAmbiguity,14
TapHeadToTapHead,0.248733333333333582066666666,LocalMismatch,SkipLocalMismatch,3
TapHeadToTapHead,0.248733333333333582066666666,AmbiguousEvidence,SkipLocalAmbiguity,2
TapHeadToTapHead,0.248733333333333582066666667,LocalMismatch,SkipLocalMismatch,1
TapHeadToTapHead,0.24873333333333358206666667,AmbiguousEvidence,SkipLocalAmbiguity,44
TapHeadToTapHead,0.24896666666666641770000000,LocalMismatch,SkipLocalMismatch,2
TapHeadToTapHead,0.24915000000000027821750000,LocalMismatch,SkipLocalMismatch,2
TapHeadToTapHead,0.249333333333333084,LocalMismatch,SkipLocalMismatch,1
TapHeadToTapHead,0.249333333333333084,AmbiguousEvidence,SkipLocalAmbiguity,17
TapHeadToTapHead,0.2493333333333334995555555,AmbiguousEvidence,SkipLocalAmbiguity,56
TapHeadToTapHead,0.24933333333333349955555555,AmbiguousEvidence,SkipLocalAmbiguity,52
TapHeadToTapHead,0.24933333333333349955555556,AmbiguousEvidence,SkipLocalAmbiguity,71
TapHeadToTapHead,0.2493333333333334995555556,AmbiguousEvidence,SkipLocalAmbiguity,93
TapHeadToTapHead,0.24955000000000009982000000,LocalMismatch,SkipLocalMismatch,4
TapHeadToTapHead,0.24959999999999975040000000,AmbiguousEvidence,SkipLocalAmbiguity,2
TapHeadToTapHead,0.24966666666666641700000000,LocalMismatch,SkipLocalMismatch,2
TapHeadToTapHead,0.249900000000000024990,AmbiguousEvidence,SkipLocalAmbiguity,80
TapHeadToTapHead,0.24990000000000027489000000,LocalMismatch,SkipLocalMismatch,4
TapHeadToTapHead,0.25016666666666664998888889,LocalMismatch,SkipLocalMismatch,1
TapHeadToTapHead,0.25024999999999974975000000,LocalMismatch,SkipLocalMismatch,3
TapHeadToTapHead,0.25048333333333343352666666,AmbiguousEvidence,SkipLocalAmbiguity,14
TapHeadToTapHead,0.250483333333333433526666666,LocalMismatch,SkipLocalMismatch,1
TapHeadToTapHead,0.250483333333333433526666667,LocalMismatch,SkipLocalMismatch,2
TapHeadToTapHead,0.25048333333333343352666667,AmbiguousEvidence,SkipLocalAmbiguity,34
TapHeadToTapHead,0.25070000000000010028000000,LocalMismatch,SkipLocalMismatch,3
TapHeadToTapHead,0.25070000000000012535,LocalMismatch,SkipLocalMismatch,2
TapHeadToTapHead,0.25110000000000025110000000,LocalMismatch,SkipLocalMismatch,1
TapHeadToTapHead,0.25146666666666691813333333,AmbiguousEvidence,SkipLocalAmbiguity,46
TapHeadToTapHead,0.251466666666666918133333333,LocalMismatch,SkipLocalMismatch,4
TapHeadToTapHead,0.251466666666666918133333333,AmbiguousEvidence,SkipLocalAmbiguity,6
TapHeadToTapHead,0.2514666666666669181333333334,LocalMismatch,SkipLocalMismatch,1
TapHeadToTapHead,0.251466666666666918133333334,LocalMismatch,SkipLocalMismatch,3
TapHeadToTapHead,0.251466666666666918133333334,AmbiguousEvidence,SkipLocalAmbiguity,2
TapHeadToTapHead,0.25146666666666691813333334,AmbiguousEvidence,SkipLocalAmbiguity,32
TapHeadToTapHead,0.25153333333333308180000000,LocalMismatch,SkipLocalMismatch,2
TapHeadToTapHead,0.25166666666666694769444444,LocalMismatch,SkipLocalMismatch,1
TapHeadToTapHead,0.2521666666666668347777777,LocalMismatch,SkipLocalMismatch,3
TapHeadToTapHead,0.2521666666666668347777777,AmbiguousEvidence,SkipLocalAmbiguity,8
TapHeadToTapHead,0.25216666666666683477777777,LocalMismatch,SkipLocalMismatch,3
TapHeadToTapHead,0.25216666666666683477777777,AmbiguousEvidence,SkipLocalAmbiguity,3
TapHeadToTapHead,0.25216666666666683477777778,LocalMismatch,SkipLocalMismatch,3
TapHeadToTapHead,0.25216666666666683477777778,AmbiguousEvidence,SkipLocalAmbiguity,13
TapHeadToTapHead,0.2521666666666668347777778,AmbiguousEvidence,SkipLocalAmbiguity,32
TapHeadToTapHead,0.252450000000000025245,LocalMismatch,SkipLocalMismatch,4
TapHeadToTapHead,0.252999999999999747,LocalMismatch,SkipLocalMismatch,1
TapHeadToTapHead,0.252999999999999747,AmbiguousEvidence,SkipLocalAmbiguity,2
TapHeadToTapHead,0.2918333333333335278888889,LocalMismatch,SkipLocalMismatch,1
TapHeadToTapHead,0.30033333333333353355555556,LocalMismatch,SkipLocalMismatch,1
TapHeadToTapHead,0.31166666666666687444444445,LocalMismatch,SkipLocalMismatch,1
TapHeadToTapHead,0.31255000000000012502000000,LocalMismatch,SkipLocalMismatch,1
TapHeadToTapHead,0.313650000000000031365,LocalMismatch,SkipLocalMismatch,3
TapHeadToTapHead,0.3315000000000002210000000,LocalMismatch,SkipLocalMismatch,1
TapHeadToTapHead,0.33150000000000022100000000,AmbiguousEvidence,SkipLocalAmbiguity,18
TapHeadToTapHead,0.33250000000000013300000000,LocalMismatch,SkipLocalMismatch,2
TapHeadToTapHead,0.33250000000000013300000000,AmbiguousEvidence,SkipLocalAmbiguity,9
TapHeadToTapHead,0.33320000000000013328000000,LocalMismatch,SkipLocalMismatch,2
TapHeadToTapHead,0.3343333333333335562222222,LocalMismatch,SkipLocalMismatch,2
TapHeadToTapHead,0.3343333333333335562222222,AmbiguousEvidence,SkipLocalAmbiguity,2
TapHeadToTapHead,0.33433333333333355622222222,LocalMismatch,SkipLocalMismatch,2
TapHeadToTapHead,0.33433333333333355622222222,AmbiguousEvidence,SkipLocalAmbiguity,30
TapHeadToTapHead,0.33433333333333355622222223,LocalMismatch,SkipLocalMismatch,2
TapHeadToTapHead,0.33433333333333355622222223,AmbiguousEvidence,SkipLocalAmbiguity,16
TapHeadToTapHead,0.3343333333333335562222223,LocalMismatch,SkipLocalMismatch,3
TapHeadToTapHead,0.3343333333333335562222223,AmbiguousEvidence,SkipLocalAmbiguity,2
TapHeadToTapHead,0.33471666666666680055333333,LocalMismatch,SkipLocalMismatch,1
TapHeadToTapHead,0.33471666666666680055333333,AmbiguousEvidence,SkipLocalAmbiguity,4
TapHeadToTapHead,0.33471666666666680055333334,LocalMismatch,SkipLocalMismatch,3
TapHeadToTapHead,0.3740000000000002493333333,LocalMismatch,SkipLocalMismatch,1
TapHeadToTapHead,0.3740000000000002493333333,AmbiguousEvidence,SkipLocalAmbiguity,15
TapHeadToTapHead,0.37400000000000024933333333,AmbiguousEvidence,SkipLocalAmbiguity,40
TapHeadToTapHead,0.37400000000000024933333334,LocalMismatch,SkipLocalMismatch,2
TapHeadToTapHead,0.37400000000000024933333334,AmbiguousEvidence,SkipLocalAmbiguity,12
TapHeadToTapHead,0.3740000000000002493333334,LocalMismatch,SkipLocalMismatch,4
TapHeadToTapHead,0.3740000000000002493333334,AmbiguousEvidence,SkipLocalAmbiguity,2
TapHeadToTapHead,0.37423333333333352045,LocalMismatch,SkipLocalMismatch,1
TapHeadToTapHead,0.37423333333333352045,AmbiguousEvidence,SkipLocalAmbiguity,6
TapHeadToTapHead,0.37446666666666704113333333,LocalMismatch,SkipLocalMismatch,2
TapHeadToTapHead,0.37446666666666704113333333,AmbiguousEvidence,SkipLocalAmbiguity,4
TapHeadToTapHead,0.374466666666667041133333333,LocalMismatch,SkipLocalMismatch,1
TapHeadToTapHead,0.37446666666666704113333334,LocalMismatch,SkipLocalMismatch,2
TapHeadToTapHead,0.37461666666666681651333333,LocalMismatch,SkipLocalMismatch,5
TapHeadToTapHead,0.37461666666666681651333333,AmbiguousEvidence,SkipLocalAmbiguity,6
TapHeadToTapHead,0.374616666666666816513333333,LocalMismatch,SkipLocalMismatch,2
TapHeadToTapHead,0.374616666666666816513333334,LocalMismatch,SkipLocalMismatch,1
TapHeadToTapHead,0.37461666666666681651333334,LocalMismatch,SkipLocalMismatch,2
TapHeadToTapHead,0.374850000000000037485,LocalMismatch,SkipLocalMismatch,6
TapHeadToTapHead,0.374850000000000037485,AmbiguousEvidence,SkipLocalAmbiguity,20
TapHeadToTapHead,0.37485000000000041233500000,LocalMismatch,SkipLocalMismatch,1
TapHeadToTapHead,0.37546666666666656654222222,LocalMismatch,SkipLocalMismatch,1
TapHeadToTapHead,0.37546666666666656654222222,AmbiguousEvidence,SkipLocalAmbiguity,2
TapHeadToTapHead,0.37683333333333348406666667,LocalMismatch,SkipLocalMismatch,3
TapHeadToTapHead,0.3768333333333335845555555,AmbiguousEvidence,SkipLocalAmbiguity,5
TapHeadToTapHead,0.37683333333333358455555555,LocalMismatch,SkipLocalMismatch,1
TapHeadToTapHead,0.37683333333333358455555555,AmbiguousEvidence,SkipLocalAmbiguity,19
TapHeadToTapHead,0.37683333333333358455555556,LocalMismatch,SkipLocalMismatch,1
TapHeadToTapHead,0.37683333333333358455555556,AmbiguousEvidence,SkipLocalAmbiguity,17
TapHeadToTapHead,0.3768333333333335845555556,LocalMismatch,SkipLocalMismatch,4
TapHeadToTapHead,0.3768333333333335845555556,AmbiguousEvidence,SkipLocalAmbiguity,2
TapHeadToTapHead,0.37720000000000037720000000,LocalMismatch,SkipLocalMismatch,2
TapHeadToTapHead,0.377200000000000377200000000,AmbiguousEvidence,SkipLocalAmbiguity,2
TapHeadToTapHead,0.37740000000000003774,LocalMismatch,SkipLocalMismatch,1
TapHeadToTapHead,0.39950000000000026633333333,LocalMismatch,SkipLocalMismatch,3
TapHeadToTapHead,0.39950000000000026633333333,AmbiguousEvidence,SkipLocalAmbiguity,2
TapHeadToTapHead,0.39950000000000026633333334,LocalMismatch,SkipLocalMismatch,1
TapHeadToTapHead,0.40233333333333360155555555,LocalMismatch,SkipLocalMismatch,1
TapHeadToTapHead,0.41173333333333356451555556,LocalMismatch,SkipLocalMismatch,1
TapHeadToTapHead,0.4136666666666669424444444,LocalMismatch,SkipLocalMismatch,1
TapHeadToTapHead,0.41524999999999958475,AmbiguousEvidence,SkipLocalAmbiguity,2
TapHeadToTapHead,0.4165000000000002776666666,LocalMismatch,SkipLocalMismatch,2
TapHeadToTapHead,0.41650000000000027766666666,LocalMismatch,SkipLocalMismatch,3
TapHeadToTapHead,0.41650000000000027766666666,AmbiguousEvidence,SkipLocalAmbiguity,2
TapHeadToTapHead,0.41650000000000027766666667,LocalMismatch,SkipLocalMismatch,1
TapHeadToTapHead,0.41650000000000027766666667,AmbiguousEvidence,SkipLocalAmbiguity,2
TapHeadToTapHead,0.4165000000000002776666667,LocalMismatch,SkipLocalMismatch,1
TapHeadToTapHead,0.4165000000000002776666667,AmbiguousEvidence,SkipLocalAmbiguity,7
TapHeadToTapHead,0.41653333333333322225777777,AmbiguousEvidence,SkipLocalAmbiguity,6
TapHeadToTapHead,0.41653333333333322225777778,AmbiguousEvidence,SkipLocalAmbiguity,20
TapHeadToTapHead,0.41673333333333350002666666,LocalMismatch,SkipLocalMismatch,1
TapHeadToTapHead,0.41673333333333350002666667,LocalMismatch,SkipLocalMismatch,1
TapHeadToTapHead,0.41799999999999958200,AmbiguousEvidence,SkipLocalAmbiguity,2
TapHeadToTapHead,0.41946666666666655480888889,AmbiguousEvidence,SkipLocalAmbiguity,2
TapHeadToTapHead,0.425850000000000042585,LocalMismatch,SkipLocalMismatch,1
TapHeadToTapHead,0.42826666666666655246222222,AmbiguousEvidence,SkipLocalAmbiguity,7
TapHeadToTapHead,0.42826666666666655246222223,LocalMismatch,SkipLocalMismatch,1
TapHeadToTapHead,0.4363333333333336242222222,LocalMismatch,SkipLocalMismatch,3
TapHeadToTapHead,0.43633333333333362422222222,LocalMismatch,SkipLocalMismatch,1
TapHeadToTapHead,0.43633333333333362422222222,AmbiguousEvidence,SkipLocalAmbiguity,4
TapHeadToTapHead,0.43633333333333362422222223,LocalMismatch,SkipLocalMismatch,1
TapHeadToTapHead,0.4363333333333336242222223,LocalMismatch,SkipLocalMismatch,1
TapHeadToTapHead,0.43668333333333350800666666,LocalMismatch,SkipLocalMismatch,2
TapHeadToTapHead,0.43668333333333350800666666,AmbiguousEvidence,SkipLocalAmbiguity,7
TapHeadToTapHead,0.43668333333333350800666667,LocalMismatch,SkipLocalMismatch,1
TapHeadToTapHead,0.43668333333333350800666667,AmbiguousEvidence,SkipLocalAmbiguity,12
TapHeadToTapHead,0.43706666666666655011555555,LocalMismatch,SkipLocalMismatch,1
TapHeadToTapHead,0.43890000000000017556000000,LocalMismatch,SkipLocalMismatch,3
TapHeadToTapHead,0.43890000000000017556000000,AmbiguousEvidence,SkipLocalAmbiguity,10
TapHeadToTapHead,0.4391666666666669594444444,LocalMismatch,SkipLocalMismatch,1
TapHeadToTapHead,0.43916666666666695944444444,LocalMismatch,SkipLocalMismatch,1
TapHeadToTapHead,0.43916666666666695944444445,LocalMismatch,SkipLocalMismatch,1
TapHeadToTapHead,0.4391666666666669594444445,LocalMismatch,SkipLocalMismatch,1
TapHeadToTapHead,0.44766666666666696511111111,LocalMismatch,SkipLocalMismatch,2
TapHeadToTapHead,0.45050000000000030033333333,LocalMismatch,SkipLocalMismatch,2
TapHeadToTapHead,0.45050000000000030033333334,LocalMismatch,SkipLocalMismatch,1
TapHeadToTapHead,0.45900000000000030600000000,LocalMismatch,SkipLocalMismatch,2
TapHeadToTapHead,0.45900000000000030600000000,AmbiguousEvidence,SkipLocalAmbiguity,2
TapHeadToTapHead,0.48399999999999951600000000,LocalMismatch,SkipLocalMismatch,1
TapHeadToTapHead,0.49140000000000049140000000,LocalMismatch,SkipLocalMismatch,1
TapHeadToTapHead,0.49560000000000019824000000,LocalMismatch,SkipLocalMismatch,2
TapHeadToTapHead,0.497250000000000049725,LocalMismatch,SkipLocalMismatch,1
TapHeadToTapHead,0.4974666666666661692,LocalMismatch,SkipLocalMismatch,2
TapHeadToTapHead,0.4974666666666661692,AmbiguousEvidence,SkipLocalAmbiguity,16
TapHeadToTapHead,0.49746666666666716413333333,AmbiguousEvidence,SkipLocalAmbiguity,90
TapHeadToTapHead,0.497466666666667164133333333,LocalMismatch,SkipLocalMismatch,3
TapHeadToTapHead,0.497466666666667164133333333,AmbiguousEvidence,SkipLocalAmbiguity,7
TapHeadToTapHead,0.4974666666666671641333333333,LocalMismatch,SkipLocalMismatch,3
TapHeadToTapHead,0.497466666666667164133333334,LocalMismatch,SkipLocalMismatch,4
TapHeadToTapHead,0.49746666666666716413333334,AmbiguousEvidence,SkipLocalAmbiguity,38
TapHeadToTapHead,0.49769999999999996682000000,LocalMismatch,SkipLocalMismatch,2
TapHeadToTapHead,0.49774999999999950225000000,LocalMismatch,SkipLocalMismatch,2
TapHeadToTapHead,0.49774999999999950225,AmbiguousEvidence,SkipLocalAmbiguity,65
TapHeadToTapHead,0.49776666666666691555,AmbiguousEvidence,SkipLocalAmbiguity,368
TapHeadToTapHead,0.49793333333333283540000000,LocalMismatch,SkipLocalMismatch,1
TapHeadToTapHead,0.498000000000000498,AmbiguousEvidence,SkipLocalAmbiguity,35
TapHeadToTapHead,0.49830000000000055643500000,LocalMismatch,SkipLocalMismatch,4
TapHeadToTapHead,0.49840000000000019936000000,LocalMismatch,SkipLocalMismatch,2
TapHeadToTapHead,0.49840000000000019936000000,AmbiguousEvidence,SkipLocalAmbiguity,6
TapHeadToTapHead,0.49856666666666616810000000,LocalMismatch,SkipLocalMismatch,1
TapHeadToTapHead,0.498666666666666168,AmbiguousEvidence,SkipLocalAmbiguity,1708
TapHeadToTapHead,0.49866666666666653368888888,LocalMismatch,SkipLocalMismatch,2
TapHeadToTapHead,0.49866666666666653368888888,AmbiguousEvidence,SkipLocalAmbiguity,52
TapHeadToTapHead,0.498666666666666533688888888,LocalMismatch,SkipLocalMismatch,2
TapHeadToTapHead,0.498666666666666533688888888,AmbiguousEvidence,SkipLocalAmbiguity,5
TapHeadToTapHead,0.4986666666666665336888888889,LocalMismatch,SkipLocalMismatch,2
TapHeadToTapHead,0.498666666666666533688888889,AmbiguousEvidence,SkipLocalAmbiguity,70
TapHeadToTapHead,0.49866666666666653368888889,AmbiguousEvidence,SkipLocalAmbiguity,481
TapHeadToTapHead,0.4986666666666669991111111,AmbiguousEvidence,SkipLocalAmbiguity,202
TapHeadToTapHead,0.49866666666666699911111111,AmbiguousEvidence,SkipLocalAmbiguity,205
TapHeadToTapHead,0.49866666666666699911111112,AmbiguousEvidence,SkipLocalAmbiguity,29
TapHeadToTapHead,0.4986666666666669991111112,AmbiguousEvidence,SkipLocalAmbiguity,31
TapHeadToTapHead,0.498750000000000199500000000,AmbiguousEvidence,SkipLocalAmbiguity,141
TapHeadToTapHead,0.49910000000000019964000000,LocalMismatch,SkipLocalMismatch,2
TapHeadToTapHead,0.49910000000000019964000000,AmbiguousEvidence,SkipLocalAmbiguity,2
TapHeadToTapHead,0.49915000000000032444750000,LocalMismatch,SkipLocalMismatch,1
TapHeadToTapHead,0.49915000000000032444750000,AmbiguousEvidence,SkipLocalAmbiguity,12
TapHeadToTapHead,0.49919999999999950080000000,LocalMismatch,SkipLocalMismatch,1
TapHeadToTapHead,0.49919999999999950080000000,AmbiguousEvidence,SkipLocalAmbiguity,9
TapHeadToTapHead,0.49933333333333283400000000,LocalMismatch,SkipLocalMismatch,2
TapHeadToTapHead,0.49936666666666623388222222,LocalMismatch,SkipLocalMismatch,4
TapHeadToTapHead,0.49936666666666623388222223,LocalMismatch,SkipLocalMismatch,1
TapHeadToTapHead,0.49950000000000049950000000,LocalMismatch,SkipLocalMismatch,4
TapHeadToTapHead,0.499800000000000049980,AmbiguousEvidence,SkipLocalAmbiguity,1972
TapHeadToTapHead,0.49980000000000054978000000,LocalMismatch,SkipLocalMismatch,4
TapHeadToTapHead,0.49980000000000054978000000,AmbiguousEvidence,SkipLocalAmbiguity,2
TapHeadToTapHead,0.49986666666666728316888888,LocalMismatch,SkipLocalMismatch,2
TapHeadToTapHead,0.49986666666666728316888889,LocalMismatch,SkipLocalMismatch,6
TapHeadToTapHead,0.49986666666666728316888889,AmbiguousEvidence,SkipLocalAmbiguity,8
TapHeadToTapHead,0.5002000000000005002000000000,AmbiguousEvidence,SkipLocalAmbiguity,1809
TapHeadToTapHead,0.50024999999999983325000000,LocalMismatch,SkipLocalMismatch,2
TapHeadToTapHead,0.50024999999999983325000000,AmbiguousEvidence,SkipLocalAmbiguity,4
TapHeadToTapHead,0.50033333333333329997777778,LocalMismatch,SkipLocalMismatch,4
TapHeadToTapHead,0.50033333333333329997777778,AmbiguousEvidence,SkipLocalAmbiguity,2
TapHeadToTapHead,0.50049999999999949950000000,LocalMismatch,SkipLocalMismatch,1
TapHeadToTapHead,0.5004999999999994995,AmbiguousEvidence,SkipLocalAmbiguity,405
TapHeadToTapHead,0.50081666666666722591194444,LocalMismatch,SkipLocalMismatch,5
TapHeadToTapHead,0.50081666666666722591194445,LocalMismatch,SkipLocalMismatch,2
TapHeadToTapHead,0.50081666666666722591194445,AmbiguousEvidence,SkipLocalAmbiguity,2
TapHeadToTapHead,0.50096666666666686705333333,AmbiguousEvidence,SkipLocalAmbiguity,88
TapHeadToTapHead,0.500966666666666867053333333,LocalMismatch,SkipLocalMismatch,1
TapHeadToTapHead,0.500966666666666867053333333,AmbiguousEvidence,SkipLocalAmbiguity,31
TapHeadToTapHead,0.500966666666666867053333334,LocalMismatch,SkipLocalMismatch,1
TapHeadToTapHead,0.500966666666666867053333334,AmbiguousEvidence,SkipLocalAmbiguity,15
TapHeadToTapHead,0.50096666666666686705333334,LocalMismatch,SkipLocalMismatch,1
TapHeadToTapHead,0.50096666666666686705333334,AmbiguousEvidence,SkipLocalAmbiguity,33
TapHeadToTapHead,0.501000000000000501,AmbiguousEvidence,SkipLocalAmbiguity,65
TapHeadToTapHead,0.50120000000000020048000000,LocalMismatch,SkipLocalMismatch,6
TapHeadToTapHead,0.50120000000000020048000000,AmbiguousEvidence,SkipLocalAmbiguity,2
TapHeadToTapHead,0.50140000000000020056000000,LocalMismatch,SkipLocalMismatch,2
TapHeadToTapHead,0.5014000000000002507,AmbiguousEvidence,SkipLocalAmbiguity,644
TapHeadToTapHead,0.5015000000000003343333333,AmbiguousEvidence,SkipLocalAmbiguity,168
TapHeadToTapHead,0.50150000000000033433333333,AmbiguousEvidence,SkipLocalAmbiguity,146
TapHeadToTapHead,0.50150000000000033433333334,AmbiguousEvidence,SkipLocalAmbiguity,77
TapHeadToTapHead,0.5015000000000003343333334,AmbiguousEvidence,SkipLocalAmbiguity,76
TapHeadToTapHead,0.501599999999999866239999997,LocalMismatch,SkipLocalMismatch,2
TapHeadToTapHead,0.5015999999999998662400000000,AmbiguousEvidence,SkipLocalAmbiguity,525
TapHeadToTapHead,0.50163333333333365939500000,LocalMismatch,SkipLocalMismatch,3
TapHeadToTapHead,0.50166666666666616500000000,LocalMismatch,SkipLocalMismatch,2
TapHeadToTapHead,0.50178333333333353404666667,LocalMismatch,SkipLocalMismatch,1
TapHeadToTapHead,0.50179999999999949820000000,LocalMismatch,SkipLocalMismatch,1
TapHeadToTapHead,0.50179999999999949820000000,AmbiguousEvidence,SkipLocalAmbiguity,2
TapHeadToTapHead,0.502333333333332831,AmbiguousEvidence,SkipLocalAmbiguity,992
TapHeadToTapHead,0.502350000000000050235,LocalMismatch,SkipLocalMismatch,2
TapHeadToTapHead,0.502350000000000050235,AmbiguousEvidence,SkipLocalAmbiguity,166
TapHeadToTapHead,0.52416666666666701611111112,LocalMismatch,SkipLocalMismatch,1
TapHeadToTapHead,0.54116666666666702744444444,LocalMismatch,SkipLocalMismatch,1
TapHeadToTapHead,0.54116666666666702744444445,LocalMismatch,SkipLocalMismatch,1
TapHeadToTapHead,0.5411666666666670274444445,LocalMismatch,SkipLocalMismatch,1
TapHeadToTapHead,0.56081666666666689099333333,LocalMismatch,SkipLocalMismatch,3
TapHeadToTapHead,0.56081666666666689099333333,AmbiguousEvidence,SkipLocalAmbiguity,2
TapHeadToTapHead,0.56081666666666689099333334,LocalMismatch,SkipLocalMismatch,2
TapHeadToTapHead,0.56081666666666689099333334,AmbiguousEvidence,SkipLocalAmbiguity,2
TapHeadToTapHead,0.56100000000000037400000000,LocalMismatch,SkipLocalMismatch,1
TapHeadToTapHead,0.56303333333333355854666666,LocalMismatch,SkipLocalMismatch,3
TapHeadToTapHead,0.56303333333333355854666666,AmbiguousEvidence,SkipLocalAmbiguity,2
TapHeadToTapHead,0.563033333333333558546666666,LocalMismatch,SkipLocalMismatch,1
TapHeadToTapHead,0.56303333333333355854666667,LocalMismatch,SkipLocalMismatch,4
TapHeadToTapHead,0.56303333333333355854666667,AmbiguousEvidence,SkipLocalAmbiguity,6
TapHeadToTapHead,0.5638333333333337092222222,LocalMismatch,SkipLocalMismatch,2
TapHeadToTapHead,0.56383333333333370922222222,LocalMismatch,SkipLocalMismatch,1
TapHeadToTapHead,0.56694999999999989953000000,LocalMismatch,SkipLocalMismatch,2
TapHeadToTapHead,0.56906666666666651491555555,LocalMismatch,SkipLocalMismatch,2
TapHeadToTapHead,0.56906666666666651491555556,LocalMismatch,SkipLocalMismatch,2
TapHeadToTapHead,0.57199999999999984746666666,LocalMismatch,SkipLocalMismatch,3
TapHeadToTapHead,0.57199999999999984746666667,LocalMismatch,SkipLocalMismatch,3
TapHeadToTapHead,0.57199999999999984746666667,AmbiguousEvidence,SkipLocalAmbiguity,2
TapHeadToTapHead,0.58079999999999984512000000,LocalMismatch,SkipLocalMismatch,2
TapHeadToTapHead,0.58079999999999984512000000,AmbiguousEvidence,SkipLocalAmbiguity,12
TapHeadToTapHead,0.5808333333333337205555556,LocalMismatch,SkipLocalMismatch,1
TapHeadToTapHead,0.58298333333333356652666666,LocalMismatch,SkipLocalMismatch,2
TapHeadToTapHead,0.58298333333333356652666667,LocalMismatch,SkipLocalMismatch,3
TapHeadToTapHead,0.58298333333333356652666667,AmbiguousEvidence,SkipLocalAmbiguity,2
TapHeadToTapHead,0.582999999999999417,LocalMismatch,SkipLocalMismatch,3
TapHeadToTapHead,0.58299999999999941700,AmbiguousEvidence,SkipLocalAmbiguity,26
TapHeadToTapHead,0.5836666666666670557777777,AmbiguousEvidence,SkipLocalAmbiguity,2
TapHeadToTapHead,0.58366666666666705577777777,LocalMismatch,SkipLocalMismatch,1
TapHeadToTapHead,0.58366666666666705577777778,LocalMismatch,SkipLocalMismatch,3
TapHeadToTapHead,0.58366666666666705577777778,AmbiguousEvidence,SkipLocalAmbiguity,2
TapHeadToTapHead,0.5836666666666670557777778,LocalMismatch,SkipLocalMismatch,2
TapHeadToTapHead,0.5836666666666670557777778,AmbiguousEvidence,SkipLocalAmbiguity,2
TapHeadToTapHead,0.58373333333333317767111111,AmbiguousEvidence,SkipLocalAmbiguity,69
TapHeadToTapHead,0.583733333333333177671111111,LocalMismatch,SkipLocalMismatch,1
TapHeadToTapHead,0.583733333333333177671111111,AmbiguousEvidence,SkipLocalAmbiguity,2
TapHeadToTapHead,0.58373333333333317767111112,LocalMismatch,SkipLocalMismatch,2
TapHeadToTapHead,0.58373333333333317767111112,AmbiguousEvidence,SkipLocalAmbiguity,8
TapHeadToTapHead,0.58459999999999996102666667,LocalMismatch,SkipLocalMismatch,1
TapHeadToTapHead,0.58496666666666695915,LocalMismatch,SkipLocalMismatch,2
TapHeadToTapHead,0.58496666666666695915,AmbiguousEvidence,SkipLocalAmbiguity,2
TapHeadToTapHead,0.58574999999999941425,AmbiguousEvidence,SkipLocalAmbiguity,6
TapHeadToTapHead,0.60066666666666706711111111,LocalMismatch,SkipLocalMismatch,1
TapHeadToTapHead,0.60066666666666706711111111,AmbiguousEvidence,SkipLocalAmbiguity,2
TapHeadToTapHead,0.61893333333333316828444444,LocalMismatch,SkipLocalMismatch,2
TapHeadToTapHead,0.61893333333333316828444445,LocalMismatch,SkipLocalMismatch,2
TapHeadToTapHead,0.62050000000000041366666667,LocalMismatch,SkipLocalMismatch,1
TapHeadToTapHead,0.6232000000000006232,LocalMismatch,SkipLocalMismatch,3
TapHeadToTapHead,0.623200000000000623200000000,AmbiguousEvidence,SkipLocalAmbiguity,10
TapHeadToTapHead,0.623333333333332710,AmbiguousEvidence,SkipLocalAmbiguity,79
TapHeadToTapHead,0.6233333333333337488888888,LocalMismatch,SkipLocalMismatch,1
TapHeadToTapHead,0.62333333333333374888888888,LocalMismatch,SkipLocalMismatch,3
TapHeadToTapHead,0.62333333333333374888888888,AmbiguousEvidence,SkipLocalAmbiguity,2
TapHeadToTapHead,0.62333333333333374888888889,AmbiguousEvidence,SkipLocalAmbiguity,29
TapHeadToTapHead,0.6233333333333337488888889,AmbiguousEvidence,SkipLocalAmbiguity,44
TapHeadToTapHead,0.62424999999999937575,LocalMismatch,SkipLocalMismatch,3
TapHeadToTapHead,0.62424999999999937575,AmbiguousEvidence,SkipLocalAmbiguity,2
TapHeadToTapHead,0.624750000000000062475,LocalMismatch,SkipLocalMismatch,3
TapHeadToTapHead,0.624750000000000062475,AmbiguousEvidence,SkipLocalAmbiguity,34
TapHeadToTapHead,0.62475000000000068722500000,LocalMismatch,SkipLocalMismatch,1
TapHeadToTapHead,0.62479999999999983338666667,LocalMismatch,SkipLocalMismatch,2
TapHeadToTapHead,0.6248666666666660418,LocalMismatch,SkipLocalMismatch,1
TapHeadToTapHead,0.6249333333333336458,LocalMismatch,SkipLocalMismatch,2
TapHeadToTapHead,0.6249333333333336458,AmbiguousEvidence,SkipLocalAmbiguity,18
TapHeadToTapHead,0.62510000000000025004,LocalMismatch,SkipLocalMismatch,2
TapHeadToTapHead,0.625100000000000250040000000,AmbiguousEvidence,SkipLocalAmbiguity,18
TapHeadToTapHead,0.62593333333333395926666666,LocalMismatch,SkipLocalMismatch,1
TapHeadToTapHead,0.62593333333333395926666666,AmbiguousEvidence,SkipLocalAmbiguity,7
TapHeadToTapHead,0.625933333333333959266666667,LocalMismatch,SkipLocalMismatch,2
TapHeadToTapHead,0.62593333333333395926666667,LocalMismatch,SkipLocalMismatch,1
TapHeadToTapHead,0.62593333333333395926666667,AmbiguousEvidence,SkipLocalAmbiguity,12
TapHeadToTapHead,0.6261666666666670841111111,AmbiguousEvidence,SkipLocalAmbiguity,70
TapHeadToTapHead,0.62616666666666708411111111,AmbiguousEvidence,SkipLocalAmbiguity,33
TapHeadToTapHead,0.62616666666666708411111112,AmbiguousEvidence,SkipLocalAmbiguity,2
TapHeadToTapHead,0.6261666666666670841111112,LocalMismatch,SkipLocalMismatch,2
TapHeadToTapHead,0.6261666666666670841111112,AmbiguousEvidence,SkipLocalAmbiguity,8
TapHeadToTapHead,0.626999999999999373,AmbiguousEvidence,SkipLocalAmbiguity,69
TapHeadToTapHead,0.62730000000000006273,LocalMismatch,SkipLocalMismatch,5
TapHeadToTapHead,0.627300000000000062730,AmbiguousEvidence,SkipLocalAmbiguity,2
TapHeadToTapHead,0.64239999999999982869333333,LocalMismatch,SkipLocalMismatch,2
TapHeadToTapHead,0.64239999999999982869333334,LocalMismatch,SkipLocalMismatch,2
TapHeadToTapHead,0.64919999999999958208000000,LocalMismatch,SkipLocalMismatch,1
TapHeadToTapHead,0.66360000000000026544000000,LocalMismatch,SkipLocalMismatch,1
TapHeadToTapHead,0.663666666666666003,LocalMismatch,SkipLocalMismatch,2
TapHeadToTapHead,0.663666666666666003,AmbiguousEvidence,SkipLocalAmbiguity,2
TapHeadToTapHead,0.66490000000000033245,LocalMismatch,SkipLocalMismatch,1
TapHeadToTapHead,0.66490000000000033245,AmbiguousEvidence,SkipLocalAmbiguity,9
TapHeadToTapHead,0.66499999999999933500000000,LocalMismatch,SkipLocalMismatch,1
TapHeadToTapHead,0.66500000000000026600000000,LocalMismatch,SkipLocalMismatch,1
TapHeadToTapHead,0.6654999999999993345,LocalMismatch,SkipLocalMismatch,1
TapHeadToTapHead,0.66549999999999933450,AmbiguousEvidence,SkipLocalAmbiguity,30
TapHeadToTapHead,0.6658333333333337772222222,LocalMismatch,SkipLocalMismatch,3
TapHeadToTapHead,0.6658333333333337772222222,AmbiguousEvidence,SkipLocalAmbiguity,11
TapHeadToTapHead,0.66583333333333377722222222,AmbiguousEvidence,SkipLocalAmbiguity,105
TapHeadToTapHead,0.66583333333333377722222223,LocalMismatch,SkipLocalMismatch,3
TapHeadToTapHead,0.66583333333333377722222223,AmbiguousEvidence,SkipLocalAmbiguity,23
TapHeadToTapHead,0.6658333333333337772222223,LocalMismatch,SkipLocalMismatch,3
TapHeadToTapHead,0.6658333333333337772222223,AmbiguousEvidence,SkipLocalAmbiguity,2
TapHeadToTapHead,0.66586666666666635509333334,LocalMismatch,SkipLocalMismatch,1
TapHeadToTapHead,0.66586666666666648910222222,AmbiguousEvidence,SkipLocalAmbiguity,215
TapHeadToTapHead,0.665866666666666489102222222,LocalMismatch,SkipLocalMismatch,1
TapHeadToTapHead,0.665866666666666489102222222,AmbiguousEvidence,SkipLocalAmbiguity,11
TapHeadToTapHead,0.665866666666666489102222223,LocalMismatch,SkipLocalMismatch,1
TapHeadToTapHead,0.66586666666666648910222223,AmbiguousEvidence,SkipLocalAmbiguity,65
TapHeadToTapHead,0.66623333333333328891777777,LocalMismatch,SkipLocalMismatch,2
TapHeadToTapHead,0.66623333333333328891777778,LocalMismatch,SkipLocalMismatch,5
TapHeadToTapHead,0.66640000000000026656000000,LocalMismatch,SkipLocalMismatch,4
TapHeadToTapHead,0.66640000000000026656000000,AmbiguousEvidence,SkipLocalAmbiguity,8
TapHeadToTapHead,0.66640000000000073304000000,LocalMismatch,SkipLocalMismatch,1
TapHeadToTapHead,0.66699999999999977766666667,LocalMismatch,SkipLocalMismatch,3
TapHeadToTapHead,0.66721666666666693355333333,LocalMismatch,SkipLocalMismatch,5
TapHeadToTapHead,0.66721666666666693355333334,LocalMismatch,SkipLocalMismatch,1
TapHeadToTapHead,0.66721666666666693355333334,AmbiguousEvidence,SkipLocalAmbiguity,2
TapHeadToTapHead,0.667333333333332666,LocalMismatch,SkipLocalMismatch,3
TapHeadToTapHead,0.667333333333332666,AmbiguousEvidence,SkipLocalAmbiguity,18
TapHeadToTapHead,0.66824999999999933175,LocalMismatch,SkipLocalMismatch,2
TapHeadToTapHead,0.66824999999999933175,AmbiguousEvidence,SkipLocalAmbiguity,19
TapHeadToTapHead,0.66853333333333366760,LocalMismatch,SkipLocalMismatch,3
TapHeadToTapHead,0.6685333333333336676,AmbiguousEvidence,SkipLocalAmbiguity,9
TapHeadToTapHead,0.6686666666666671124444444,LocalMismatch,SkipLocalMismatch,4
TapHeadToTapHead,0.6686666666666671124444444,AmbiguousEvidence,SkipLocalAmbiguity,2
TapHeadToTapHead,0.66866666666666711244444444,AmbiguousEvidence,SkipLocalAmbiguity,27
TapHeadToTapHead,0.66866666666666711244444445,AmbiguousEvidence,SkipLocalAmbiguity,17
TapHeadToTapHead,0.6686666666666671124444445,LocalMismatch,SkipLocalMismatch,1
TapHeadToTapHead,0.66879999999999982165333333,AmbiguousEvidence,SkipLocalAmbiguity,75
TapHeadToTapHead,0.668799999999999821653333333,LocalMismatch,SkipLocalMismatch,1
TapHeadToTapHead,0.668799999999999821653333334,LocalMismatch,SkipLocalMismatch,1
TapHeadToTapHead,0.668799999999999821653333334,AmbiguousEvidence,SkipLocalAmbiguity,2
TapHeadToTapHead,0.66879999999999982165333334,AmbiguousEvidence,SkipLocalAmbiguity,36
TapHeadToTapHead,0.66920000000000026768000000,LocalMismatch,SkipLocalMismatch,1
TapHeadToTapHead,0.685950000000000068595,LocalMismatch,SkipLocalMismatch,1
TapHeadToTapHead,0.68716666666666694153333333,LocalMismatch,SkipLocalMismatch,1
TapHeadToTapHead,0.687166666666666941533333333,LocalMismatch,SkipLocalMismatch,1
TapHeadToTapHead,0.68716666666666694153333334,LocalMismatch,SkipLocalMismatch,1
TapHeadToTapHead,0.68716666666666694153333334,AmbiguousEvidence,SkipLocalAmbiguity,2
TapHeadToTapHead,0.688500000000000068850,LocalMismatch,SkipLocalMismatch,1
TapHeadToTapHead,0.68850000000000045900000000,LocalMismatch,SkipLocalMismatch,2
TapHeadToTapHead,0.70674999999999929325,LocalMismatch,SkipLocalMismatch,1
TapHeadToTapHead,0.707666666666665959,LocalMismatch,SkipLocalMismatch,2
TapHeadToTapHead,0.7083333333333338055555555,LocalMismatch,SkipLocalMismatch,2
TapHeadToTapHead,0.70890000000000007089,LocalMismatch,SkipLocalMismatch,1
TapHeadToTapHead,0.7094999999999992905,AmbiguousEvidence,SkipLocalAmbiguity,11
TapHeadToTapHead,0.73424999999999926575000000,LocalMismatch,SkipLocalMismatch,1
TapHeadToTapHead,0.73919999999999980288000000,AmbiguousEvidence,SkipLocalAmbiguity,4
TapHeadToTapHead,0.74016666666666752346888889,LocalMismatch,SkipLocalMismatch,1
TapHeadToTapHead,0.74133333333333413298444444,LocalMismatch,SkipLocalMismatch,2
TapHeadToTapHead,0.74233333333333382822222222,LocalMismatch,SkipLocalMismatch,1
TapHeadToTapHead,0.74233333333333382822222223,LocalMismatch,SkipLocalMismatch,1
TapHeadToTapHead,0.74250000000000074250000000,LocalMismatch,SkipLocalMismatch,2
TapHeadToTapHead,0.74516666666666716344444445,LocalMismatch,SkipLocalMismatch,1
TapHeadToTapHead,0.74708333333333311361750000,LocalMismatch,SkipLocalMismatch,1
TapHeadToTapHead,0.74729999999999971722000000,LocalMismatch,SkipLocalMismatch,1
TapHeadToTapHead,0.74736666666666703566888889,LocalMismatch,SkipLocalMismatch,1
TapHeadToTapHead,0.74768333333333314383444444,LocalMismatch,SkipLocalMismatch,2
TapHeadToTapHead,0.74786666666666601851555556,LocalMismatch,SkipLocalMismatch,2
TapHeadToTapHead,0.74786666666666661680888889,LocalMismatch,SkipLocalMismatch,1
TapHeadToTapHead,0.747999999999999252,LocalMismatch,SkipLocalMismatch,5
TapHeadToTapHead,0.7479999999999992520,AmbiguousEvidence,SkipLocalAmbiguity,998
TapHeadToTapHead,0.74799999999999980053333333,AmbiguousEvidence,SkipLocalAmbiguity,48
TapHeadToTapHead,0.747999999999999800533333333,LocalMismatch,SkipLocalMismatch,2
TapHeadToTapHead,0.747999999999999800533333334,LocalMismatch,SkipLocalMismatch,1
TapHeadToTapHead,0.74799999999999980053333334,LocalMismatch,SkipLocalMismatch,3
TapHeadToTapHead,0.74799999999999980053333334,AmbiguousEvidence,SkipLocalAmbiguity,16
TapHeadToTapHead,0.7480000000000004986666666,LocalMismatch,SkipLocalMismatch,1
TapHeadToTapHead,0.7480000000000004986666666,AmbiguousEvidence,SkipLocalAmbiguity,26
TapHeadToTapHead,0.74800000000000049866666666,LocalMismatch,SkipLocalMismatch,1
TapHeadToTapHead,0.74800000000000049866666666,AmbiguousEvidence,SkipLocalAmbiguity,19
TapHeadToTapHead,0.74800000000000049866666667,AmbiguousEvidence,SkipLocalAmbiguity,33
TapHeadToTapHead,0.7480000000000004986666667,AmbiguousEvidence,SkipLocalAmbiguity,60
TapHeadToTapHead,0.7484666666666670409,AmbiguousEvidence,SkipLocalAmbiguity,328
TapHeadToTapHead,0.74865000000000029946000000,LocalMismatch,SkipLocalMismatch,1
TapHeadToTapHead,0.74879999999999925120000000,LocalMismatch,SkipLocalMismatch,5
TapHeadToTapHead,0.74879999999999925120000000,AmbiguousEvidence,SkipLocalAmbiguity,4
TapHeadToTapHead,0.74893333333333408226666666,AmbiguousEvidence,SkipLocalAmbiguity,197
TapHeadToTapHead,0.748933333333334082266666666,AmbiguousEvidence,SkipLocalAmbiguity,25
TapHeadToTapHead,0.748933333333334082266666667,AmbiguousEvidence,SkipLocalAmbiguity,49
TapHeadToTapHead,0.74893333333333408226666667,AmbiguousEvidence,SkipLocalAmbiguity,336
TapHeadToTapHead,0.74899999999999925100000000,LocalMismatch,SkipLocalMismatch,1
TapHeadToTapHead,0.74916666666666641694444444,LocalMismatch,SkipLocalMismatch,2
TapHeadToTapHead,0.7492333333333325841,AmbiguousEvidence,SkipLocalAmbiguity,81
TapHeadToTapHead,0.74923333333333363302666666,LocalMismatch,SkipLocalMismatch,1
TapHeadToTapHead,0.74923333333333363302666666,AmbiguousEvidence,SkipLocalAmbiguity,22
TapHeadToTapHead,0.749233333333333633026666666,LocalMismatch,SkipLocalMismatch,1
TapHeadToTapHead,0.749233333333333633026666666,AmbiguousEvidence,SkipLocalAmbiguity,2
TapHeadToTapHead,0.749233333333333633026666667,LocalMismatch,SkipLocalMismatch,5
TapHeadToTapHead,0.749233333333333633026666667,AmbiguousEvidence,SkipLocalAmbiguity,3
TapHeadToTapHead,0.74923333333333363302666667,LocalMismatch,SkipLocalMismatch,1
TapHeadToTapHead,0.74923333333333363302666667,AmbiguousEvidence,SkipLocalAmbiguity,29
TapHeadToTapHead,0.74946666666666591720000000,LocalMismatch,SkipLocalMismatch,3
TapHeadToTapHead,0.74946666666666591720000000,AmbiguousEvidence,SkipLocalAmbiguity,10
TapHeadToTapHead,0.749700000000000074970,AmbiguousEvidence,SkipLocalAmbiguity,1353
TapHeadToTapHead,0.74980000000000029992000000,LocalMismatch,SkipLocalMismatch,2
TapHeadToTapHead,0.74980000000000092475333333,LocalMismatch,SkipLocalMismatch,7
TapHeadToTapHead,0.74980000000000092475333333,AmbiguousEvidence,SkipLocalAmbiguity,4
TapHeadToTapHead,0.74980000000000092475333334,LocalMismatch,SkipLocalMismatch,4
TapHeadToTapHead,0.74980000000000092475333334,AmbiguousEvidence,SkipLocalAmbiguity,2
TapHeadToTapHead,0.74996666666666750412944444,LocalMismatch,SkipLocalMismatch,4
TapHeadToTapHead,0.74996666666666750412944444,AmbiguousEvidence,SkipLocalAmbiguity,2
TapHeadToTapHead,0.74996666666666750412944445,LocalMismatch,SkipLocalMismatch,1
TapHeadToTapHead,0.74996666666666750412944445,AmbiguousEvidence,SkipLocalAmbiguity,2
TapHeadToTapHead,0.750000000000000750,AmbiguousEvidence,SkipLocalAmbiguity,29
TapHeadToTapHead,0.75023333333333268313111111,LocalMismatch,SkipLocalMismatch,2
TapHeadToTapHead,0.75049999999999994996666666,LocalMismatch,SkipLocalMismatch,1
TapHeadToTapHead,0.75049999999999994996666667,LocalMismatch,SkipLocalMismatch,2
TapHeadToTapHead,0.75049999999999994996666667,AmbiguousEvidence,SkipLocalAmbiguity,2
TapHeadToTapHead,0.75060000000000075060000000,LocalMismatch,SkipLocalMismatch,4
TapHeadToTapHead,0.75074999999999924925000000,LocalMismatch,SkipLocalMismatch,7
TapHeadToTapHead,0.75074999999999924925,AmbiguousEvidence,SkipLocalAmbiguity,126
TapHeadToTapHead,0.7508333333333338338888888,LocalMismatch,SkipLocalMismatch,2
TapHeadToTapHead,0.7508333333333338338888888,AmbiguousEvidence,SkipLocalAmbiguity,18
TapHeadToTapHead,0.75083333333333383388888888,AmbiguousEvidence,SkipLocalAmbiguity,16
TapHeadToTapHead,0.75083333333333383388888889,AmbiguousEvidence,SkipLocalAmbiguity,120
TapHeadToTapHead,0.7508333333333338338888889,AmbiguousEvidence,SkipLocalAmbiguity,169
TapHeadToTapHead,0.75093333333333313308444444,AmbiguousEvidence,SkipLocalAmbiguity,72
TapHeadToTapHead,0.750933333333333133084444445,LocalMismatch,SkipLocalMismatch,1
TapHeadToTapHead,0.750933333333333133084444446,LocalMismatch,SkipLocalMismatch,1
TapHeadToTapHead,0.75093333333333313308444445,LocalMismatch,SkipLocalMismatch,2
TapHeadToTapHead,0.75093333333333313308444445,AmbiguousEvidence,SkipLocalAmbiguity,56
TapHeadToTapHead,0.75133333333333363386666667,LocalMismatch,SkipLocalMismatch,1
TapHeadToTapHead,0.75139999999999924860000000,LocalMismatch,SkipLocalMismatch,3
TapHeadToTapHead,0.75139999999999924860000000,AmbiguousEvidence,SkipLocalAmbiguity,4
TapHeadToTapHead,0.751450000000000300580000000,AmbiguousEvidence,SkipLocalAmbiguity,42
TapHeadToTapHead,0.75158333333333308280555556,LocalMismatch,SkipLocalMismatch,1
TapHeadToTapHead,0.751666666666665915,AmbiguousEvidence,SkipLocalAmbiguity,1161
TapHeadToTapHead,0.75166666666666741833333333,AmbiguousEvidence,SkipLocalAmbiguity,185
TapHeadToTapHead,0.751666666666667418333333333,AmbiguousEvidence,SkipLocalAmbiguity,18
TapHeadToTapHead,0.751666666666667418333333334,AmbiguousEvidence,SkipLocalAmbiguity,21
TapHeadToTapHead,0.75166666666666741833333334,AmbiguousEvidence,SkipLocalAmbiguity,114
TapHeadToTapHead,0.75203333333333258130000000,LocalMismatch,SkipLocalMismatch,1
TapHeadToTapHead,0.75210000000000037605,AmbiguousEvidence,SkipLocalAmbiguity,226
TapHeadToTapHead,0.752250000000000075225,LocalMismatch,SkipLocalMismatch,1
TapHeadToTapHead,0.752250000000000075225,AmbiguousEvidence,SkipLocalAmbiguity,171
TapHeadToTapHead,0.7522666666666659144,LocalMismatch,SkipLocalMismatch,1
TapHeadToTapHead,0.7522666666666659144,AmbiguousEvidence,SkipLocalAmbiguity,34
TapHeadToTapHead,0.78613333333333312369777778,AmbiguousEvidence,SkipLocalAmbiguity,4
TapHeadToTapHead,0.79199999999999920800,LocalMismatch,SkipLocalMismatch,3
TapHeadToTapHead,0.79199999999999920800,AmbiguousEvidence,SkipLocalAmbiguity,2
TapHeadToTapHead,0.79333333333333386222222222,LocalMismatch,SkipLocalMismatch,1
TapHeadToTapHead,0.8038333333333325295,LocalMismatch,SkipLocalMismatch,2
TapHeadToTapHead,0.80959999999999978410666666,LocalMismatch,SkipLocalMismatch,2
TapHeadToTapHead,0.80959999999999978410666667,LocalMismatch,SkipLocalMismatch,2
TapHeadToTapHead,0.8098999999999991901,LocalMismatch,SkipLocalMismatch,1
TapHeadToTapHead,0.81130000000000032452000000,LocalMismatch,SkipLocalMismatch,3
TapHeadToTapHead,0.81253333333333311665777778,LocalMismatch,SkipLocalMismatch,1
TapHeadToTapHead,0.8129333333333325204,LocalMismatch,SkipLocalMismatch,4
TapHeadToTapHead,0.8129333333333325204,AmbiguousEvidence,SkipLocalAmbiguity,5
TapHeadToTapHead,0.8131666666666672087777777,LocalMismatch,SkipLocalMismatch,1
TapHeadToTapHead,0.81351666666666699207333333,LocalMismatch,SkipLocalMismatch,4
TapHeadToTapHead,0.813516666666666992073333334,LocalMismatch,SkipLocalMismatch,1
TapHeadToTapHead,0.81351666666666699207333334,LocalMismatch,SkipLocalMismatch,1
TapHeadToTapHead,0.8220333333333325113,LocalMismatch,SkipLocalMismatch,3
TapHeadToTapHead,0.82906666666666713127111111,LocalMismatch,SkipLocalMismatch,1
TapHeadToTapHead,0.83090000000000017752000000,LocalMismatch,SkipLocalMismatch,1
TapHeadToTapHead,0.83125000000000033250,LocalMismatch,SkipLocalMismatch,1
TapHeadToTapHead,0.83133333333333305622222222,LocalMismatch,SkipLocalMismatch,1
TapHeadToTapHead,0.83160000000000033264000000,LocalMismatch,SkipLocalMismatch,1
TapHeadToTapHead,0.83203333333333374935,LocalMismatch,SkipLocalMismatch,3
TapHeadToTapHead,0.83203333333333374935,AmbiguousEvidence,SkipLocalAmbiguity,2
TapHeadToTapHead,0.832333333333332501,LocalMismatch,SkipLocalMismatch,1
TapHeadToTapHead,0.832333333333332501,AmbiguousEvidence,SkipLocalAmbiguity,20
TapHeadToTapHead,0.83299999999999916700000000,LocalMismatch,SkipLocalMismatch,3
TapHeadToTapHead,0.8330000000000005553333333,LocalMismatch,SkipLocalMismatch,3
TapHeadToTapHead,0.8330000000000005553333333,AmbiguousEvidence,SkipLocalAmbiguity,4
TapHeadToTapHead,0.83300000000000055533333333,LocalMismatch,SkipLocalMismatch,6
TapHeadToTapHead,0.83300000000000055533333333,AmbiguousEvidence,SkipLocalAmbiguity,2
TapHeadToTapHead,0.83300000000000055533333334,LocalMismatch,SkipLocalMismatch,2
TapHeadToTapHead,0.83300000000000055533333334,AmbiguousEvidence,SkipLocalAmbiguity,2
TapHeadToTapHead,0.8330000000000005553333334,LocalMismatch,SkipLocalMismatch,3
TapHeadToTapHead,0.83300000000000091630000000,LocalMismatch,SkipLocalMismatch,2
TapHeadToTapHead,0.83306666666666594467555555,LocalMismatch,SkipLocalMismatch,1
TapHeadToTapHead,0.83306666666666594467555556,LocalMismatch,SkipLocalMismatch,2
TapHeadToTapHead,0.83306666666666644451555555,AmbiguousEvidence,SkipLocalAmbiguity,90
TapHeadToTapHead,0.833066666666666444515555555,LocalMismatch,SkipLocalMismatch,1
TapHeadToTapHead,0.833066666666666444515555555,AmbiguousEvidence,SkipLocalAmbiguity,5
TapHeadToTapHead,0.833066666666666444515555556,LocalMismatch,SkipLocalMismatch,1
TapHeadToTapHead,0.833066666666666444515555556,AmbiguousEvidence,SkipLocalAmbiguity,7
TapHeadToTapHead,0.83306666666666644451555556,AmbiguousEvidence,SkipLocalAmbiguity,123
TapHeadToTapHead,0.83324999999999916675,AmbiguousEvidence,SkipLocalAmbiguity,86
TapHeadToTapHead,0.83346666666666700005333333,LocalMismatch,SkipLocalMismatch,2
TapHeadToTapHead,0.83346666666666700005333333,AmbiguousEvidence,SkipLocalAmbiguity,4
TapHeadToTapHead,0.83346666666666700005333334,LocalMismatch,SkipLocalMismatch,1
TapHeadToTapHead,0.83346666666666700005333334,AmbiguousEvidence,SkipLocalAmbiguity,2
TapHeadToTapHead,0.83374999999999972208333333,LocalMismatch,SkipLocalMismatch,2
TapHeadToTapHead,0.8341666666666658325,LocalMismatch,SkipLocalMismatch,2
TapHeadToTapHead,0.83440000000000033376000000,LocalMismatch,SkipLocalMismatch,2
TapHeadToTapHead,0.83476666666666661101555556,LocalMismatch,SkipLocalMismatch,1
TapHeadToTapHead,0.83566666666666708450,LocalMismatch,SkipLocalMismatch,2
TapHeadToTapHead,0.8358333333333338905555555,LocalMismatch,SkipLocalMismatch,2
TapHeadToTapHead,0.83583333333333389055555556,LocalMismatch,SkipLocalMismatch,1
TapHeadToTapHead,0.835999999999999164,LocalMismatch,SkipLocalMismatch,4
TapHeadToTapHead,0.835999999999999164,AmbiguousEvidence,SkipLocalAmbiguity,10
TapHeadToTapHead,0.83599999999999977706666666,LocalMismatch,SkipLocalMismatch,1
TapHeadToTapHead,0.83599999999999977706666666,AmbiguousEvidence,SkipLocalAmbiguity,5
TapHeadToTapHead,0.83599999999999977706666667,AmbiguousEvidence,SkipLocalAmbiguity,17
TapHeadToTapHead,0.85000000000000056666666666,LocalMismatch,SkipLocalMismatch,1
TapHeadToTapHead,0.8523666666666658143,LocalMismatch,SkipLocalMismatch,3
TapHeadToTapHead,0.86983333333333391322222222,LocalMismatch,SkipLocalMismatch,1
TapHeadToTapHead,0.8720000000000004360,LocalMismatch,SkipLocalMismatch,3
TapHeadToTapHead,0.872666666666665794,LocalMismatch,SkipLocalMismatch,2
TapHeadToTapHead,0.872666666666665794,AmbiguousEvidence,SkipLocalAmbiguity,16
TapHeadToTapHead,0.8726666666666672484444444,LocalMismatch,SkipLocalMismatch,3
TapHeadToTapHead,0.8726666666666672484444444,AmbiguousEvidence,SkipLocalAmbiguity,5
TapHeadToTapHead,0.87266666666666724844444444,LocalMismatch,SkipLocalMismatch,3
TapHeadToTapHead,0.87266666666666724844444445,LocalMismatch,SkipLocalMismatch,2
TapHeadToTapHead,0.8726666666666672484444445,LocalMismatch,SkipLocalMismatch,3
TapHeadToTapHead,0.8726666666666672484444445,AmbiguousEvidence,SkipLocalAmbiguity,6
TapHeadToTapHead,0.87449999999999912550,LocalMismatch,SkipLocalMismatch,5
TapHeadToTapHead,0.87449999999999912550,AmbiguousEvidence,SkipLocalAmbiguity,2
TapHeadToTapHead,0.874650000000000087465,LocalMismatch,SkipLocalMismatch,5
TapHeadToTapHead,0.874650000000000087465,AmbiguousEvidence,SkipLocalAmbiguity,18
TapHeadToTapHead,0.87465000000000096211500000,LocalMismatch,SkipLocalMismatch,1
TapHeadToTapHead,0.87466666666666754133333333,AmbiguousEvidence,SkipLocalAmbiguity,5
TapHeadToTapHead,0.874666666666667541333333333,LocalMismatch,SkipLocalMismatch,3
TapHeadToTapHead,0.87466666666666754133333334,LocalMismatch,SkipLocalMismatch,2
TapHeadToTapHead,0.8755000000000005836666666,LocalMismatch,SkipLocalMismatch,1
TapHeadToTapHead,0.8755000000000005836666666,AmbiguousEvidence,SkipLocalAmbiguity,15
TapHeadToTapHead,0.87550000000000058366666666,LocalMismatch,SkipLocalMismatch,3
TapHeadToTapHead,0.87550000000000058366666666,AmbiguousEvidence,SkipLocalAmbiguity,5
TapHeadToTapHead,0.87550000000000058366666667,LocalMismatch,SkipLocalMismatch,2
TapHeadToTapHead,0.87550000000000058366666667,AmbiguousEvidence,SkipLocalAmbiguity,12
TapHeadToTapHead,0.8755000000000005836666667,LocalMismatch,SkipLocalMismatch,1
TapHeadToTapHead,0.8755000000000005836666667,AmbiguousEvidence,SkipLocalAmbiguity,30
TapHeadToTapHead,0.87558333333333368356666666,LocalMismatch,SkipLocalMismatch,1
TapHeadToTapHead,0.875583333333333683566666666,LocalMismatch,SkipLocalMismatch,1
TapHeadToTapHead,0.875583333333333683566666667,LocalMismatch,SkipLocalMismatch,1
TapHeadToTapHead,0.87558333333333368356666667,LocalMismatch,SkipLocalMismatch,1
TapHeadToTapHead,0.87563333333333377115,LocalMismatch,SkipLocalMismatch,1
TapHeadToTapHead,0.87563333333333377115,AmbiguousEvidence,SkipLocalAmbiguity,19
TapHeadToTapHead,0.876333333333332457,AmbiguousEvidence,SkipLocalAmbiguity,26
TapHeadToTapHead,0.87706666666666643278222222,LocalMismatch,SkipLocalMismatch,1
TapHeadToTapHead,0.877200000000000087720,LocalMismatch,SkipLocalMismatch,4
TapHeadToTapHead,0.87724999999999912275,LocalMismatch,SkipLocalMismatch,1
TapHeadToTapHead,0.8774000000000008774,LocalMismatch,SkipLocalMismatch,1
TapHeadToTapHead,0.8774000000000008774,AmbiguousEvidence,SkipLocalAmbiguity,2
TapHeadToTapHead,0.8953333333333339302222222,LocalMismatch,SkipLocalMismatch,1
TapHeadToTapHead,0.89816666666666726544444444,LocalMismatch,SkipLocalMismatch,1
TapHeadToTapHead,0.90100000000000060066666666,LocalMismatch,SkipLocalMismatch,1
TapHeadToTapHead,0.90100000000000060066666667,LocalMismatch,SkipLocalMismatch,1
TapHeadToTapHead,0.91516666666666727677777777,LocalMismatch,SkipLocalMismatch,1
TapHeadToTapHead,0.91519999999999975594666666,LocalMismatch,SkipLocalMismatch,3
TapHeadToTapHead,0.91519999999999975594666666,AmbiguousEvidence,SkipLocalAmbiguity,2
TapHeadToTapHead,0.91519999999999975594666667,LocalMismatch,SkipLocalMismatch,2
TapHeadToTapHead,0.91519999999999975594666667,AmbiguousEvidence,SkipLocalAmbiguity,5
TapHeadToTapHead,0.91560000000000045780,LocalMismatch,SkipLocalMismatch,2
TapHeadToTapHead,0.91574999999999908425,LocalMismatch,SkipLocalMismatch,2
TapHeadToTapHead,0.91574999999999908425,AmbiguousEvidence,SkipLocalAmbiguity,23
TapHeadToTapHead,0.91591666666666636136111112,LocalMismatch,SkipLocalMismatch,1
TapHeadToTapHead,0.91630000000000100793000000,LocalMismatch,SkipLocalMismatch,1
TapHeadToTapHead,0.916666666666665750,LocalMismatch,SkipLocalMismatch,3
TapHeadToTapHead,0.916666666666665750,AmbiguousEvidence,SkipLocalAmbiguity,6
TapHeadToTapHead,0.9180000000000006120000000,LocalMismatch,SkipLocalMismatch,2
TapHeadToTapHead,0.91800000000000061200000000,AmbiguousEvidence,SkipLocalAmbiguity,2
TapHeadToTapHead,0.91813333333333308849777777,LocalMismatch,SkipLocalMismatch,2
TapHeadToTapHead,0.9184999999999990815,LocalMismatch,SkipLocalMismatch,2
TapHeadToTapHead,0.9184999999999990815,AmbiguousEvidence,SkipLocalAmbiguity,12
TapHeadToTapHead,0.9350000000000006233333334,LocalMismatch,SkipLocalMismatch,1
TapHeadToTapHead,0.93765000000000037506,LocalMismatch,SkipLocalMismatch,3
TapHeadToTapHead,0.93765000000000037506000000,AmbiguousEvidence,SkipLocalAmbiguity,2
TapHeadToTapHead,0.9378333333333339585555555,LocalMismatch,SkipLocalMismatch,3
TapHeadToTapHead,0.93783333333333395855555555,LocalMismatch,SkipLocalMismatch,2
TapHeadToTapHead,0.9378333333333339585555556,LocalMismatch,SkipLocalMismatch,1
TapHeadToTapHead,0.956999999999999043,LocalMismatch,SkipLocalMismatch,1
TapHeadToTapHead,0.960666666666665706,LocalMismatch,SkipLocalMismatch,1
TapHeadToTapHead,0.98449999999999901550000000,LocalMismatch,SkipLocalMismatch,1
TapHeadToTapHead,0.99090000000000099090000000,LocalMismatch,SkipLocalMismatch,1
TapHeadToTapHead,0.99636666666666573688222222,LocalMismatch,SkipLocalMismatch,1
TapHeadToTapHead,0.99680000000000016646000000,LocalMismatch,SkipLocalMismatch,2
TapHeadToTapHead,0.99680000000000039872000000,LocalMismatch,SkipLocalMismatch,1
TapHeadToTapHead,0.99689999999999946762000000,LocalMismatch,SkipLocalMismatch,2
TapHeadToTapHead,0.997333333333332336,AmbiguousEvidence,SkipLocalAmbiguity,573
TapHeadToTapHead,0.99733333333333306737777777,LocalMismatch,SkipLocalMismatch,5
TapHeadToTapHead,0.99733333333333306737777777,AmbiguousEvidence,SkipLocalAmbiguity,7
TapHeadToTapHead,0.997333333333333067377777777,LocalMismatch,SkipLocalMismatch,5
TapHeadToTapHead,0.9973333333333330673777777778,LocalMismatch,SkipLocalMismatch,2
TapHeadToTapHead,0.997333333333333067377777778,LocalMismatch,SkipLocalMismatch,3
TapHeadToTapHead,0.997333333333333067377777778,AmbiguousEvidence,SkipLocalAmbiguity,2
TapHeadToTapHead,0.99733333333333306737777778,LocalMismatch,SkipLocalMismatch,1
TapHeadToTapHead,0.99733333333333306737777778,AmbiguousEvidence,SkipLocalAmbiguity,30
TapHeadToTapHead,0.9973333333333339982222222,LocalMismatch,SkipLocalMismatch,2
TapHeadToTapHead,0.9973333333333339982222222,AmbiguousEvidence,SkipLocalAmbiguity,10
TapHeadToTapHead,0.99733333333333399822222222,LocalMismatch,SkipLocalMismatch,3
TapHeadToTapHead,0.99733333333333399822222222,AmbiguousEvidence,SkipLocalAmbiguity,5
TapHeadToTapHead,0.99733333333333399822222223,LocalMismatch,SkipLocalMismatch,3
TapHeadToTapHead,0.99745000000000088088250000,LocalMismatch,SkipLocalMismatch,2
TapHeadToTapHead,0.99766666666666766433333333,AmbiguousEvidence,SkipLocalAmbiguity,56
TapHeadToTapHead,0.997666666666667664333333333,LocalMismatch,SkipLocalMismatch,3
TapHeadToTapHead,0.997666666666667664333333333,AmbiguousEvidence,SkipLocalAmbiguity,10
TapHeadToTapHead,0.997666666666667664333333334,LocalMismatch,SkipLocalMismatch,1
TapHeadToTapHead,0.997666666666667664333333334,AmbiguousEvidence,SkipLocalAmbiguity,4
TapHeadToTapHead,0.99766666666666766433333334,AmbiguousEvidence,SkipLocalAmbiguity,31
TapHeadToTapHead,0.9979666666666656687,AmbiguousEvidence,SkipLocalAmbiguity,111
TapHeadToTapHead,0.99803333333333326679777778,LocalMismatch,SkipLocalMismatch,1
TapHeadToTapHead,0.99808333333333300063888889,LocalMismatch,SkipLocalMismatch,2
TapHeadToTapHead,0.99820000000000039928000000,LocalMismatch,SkipLocalMismatch,1
TapHeadToTapHead,0.99824999999999900175000000,LocalMismatch,SkipLocalMismatch,3
TapHeadToTapHead,0.99824999999999900175,AmbiguousEvidence,SkipLocalAmbiguity,298
TapHeadToTapHead,0.99830000000000064889500000,LocalMismatch,SkipLocalMismatch,2
TapHeadToTapHead,0.99830000000000064889500000,AmbiguousEvidence,SkipLocalAmbiguity,2
TapHeadToTapHead,0.99839999999999900160000000,LocalMismatch,SkipLocalMismatch,1
TapHeadToTapHead,0.99843333333333233490000000,LocalMismatch,SkipLocalMismatch,1
TapHeadToTapHead,0.99843333333333233490000000,AmbiguousEvidence,SkipLocalAmbiguity,2
TapHeadToTapHead,0.99848333333333264455888889,LocalMismatch,SkipLocalMismatch,1
TapHeadToTapHead,0.99860000000000069914000000,LocalMismatch,SkipLocalMismatch,1
TapHeadToTapHead,0.99866666666666566800000000,LocalMismatch,SkipLocalMismatch,1
TapHeadToTapHead,0.99866666666666566800000000,AmbiguousEvidence,SkipLocalAmbiguity,2
TapHeadToTapHead,0.99873333333333246776444444,LocalMismatch,SkipLocalMismatch,1
TapHeadToTapHead,0.99873333333333246776444445,LocalMismatch,SkipLocalMismatch,1
TapHeadToTapHead,0.99875000000000006131194444,LocalMismatch,SkipLocalMismatch,2
TapHeadToTapHead,0.99900000000000099900000000,LocalMismatch,SkipLocalMismatch,1
TapHeadToTapHead,0.999000000000000999,AmbiguousEvidence,SkipLocalAmbiguity,22
TapHeadToTapHead,0.99911666666666778234694444,LocalMismatch,SkipLocalMismatch,4
TapHeadToTapHead,0.99911666666666778234694445,LocalMismatch,SkipLocalMismatch,1
TapHeadToTapHead,0.99916666666666716625,AmbiguousEvidence,SkipLocalAmbiguity,530
TapHeadToTapHead,0.99956666666666606588666667,LocalMismatch,SkipLocalMismatch,1
TapHeadToTapHead,0.999600000000000099960,AmbiguousEvidence,SkipLocalAmbiguity,712
TapHeadToTapHead,0.99960000000000039984000000,LocalMismatch,SkipLocalMismatch,2
TapHeadToTapHead,0.99960000000000109956000000,LocalMismatch,SkipLocalMismatch,6
TapHeadToTapHead,0.99960000000000109956000000,AmbiguousEvidence,SkipLocalAmbiguity,2
TapHeadToTapHead,0.99969999999999900030000000,LocalMismatch,SkipLocalMismatch,2
TapHeadToTapHead,0.99971666666666706655333333,AmbiguousEvidence,SkipLocalAmbiguity,51
TapHeadToTapHead,0.999716666666667066553333333,LocalMismatch,SkipLocalMismatch,1
TapHeadToTapHead,0.999716666666667066553333333,AmbiguousEvidence,SkipLocalAmbiguity,13
TapHeadToTapHead,0.9997166666666670665533333333,LocalMismatch,SkipLocalMismatch,2
TapHeadToTapHead,0.9997166666666670665533333333,AmbiguousEvidence,SkipLocalAmbiguity,2
TapHeadToTapHead,0.9997166666666670665533333334,LocalMismatch,SkipLocalMismatch,3
TapHeadToTapHead,0.999716666666667066553333334,LocalMismatch,SkipLocalMismatch,2
TapHeadToTapHead,0.999716666666667066553333334,AmbiguousEvidence,SkipLocalAmbiguity,2
TapHeadToTapHead,0.99971666666666706655333334,LocalMismatch,SkipLocalMismatch,2
TapHeadToTapHead,0.99971666666666706655333334,AmbiguousEvidence,SkipLocalAmbiguity,16
TapHeadToTapHead,0.99973333333333388226666667,LocalMismatch,SkipLocalMismatch,1
TapHeadToTapHead,0.99973333333333456633777778,LocalMismatch,SkipLocalMismatch,4
TapHeadToTapHead,1.00005000000000038303000000,LocalMismatch,SkipLocalMismatch,1
TapHeadToTapHead,1.0001666666666673334444444,AmbiguousEvidence,SkipLocalAmbiguity,109
TapHeadToTapHead,1.00016666666666733344444444,AmbiguousEvidence,SkipLocalAmbiguity,101
TapHeadToTapHead,1.00016666666666733344444445,AmbiguousEvidence,SkipLocalAmbiguity,93
TapHeadToTapHead,1.0001666666666673334444445,AmbiguousEvidence,SkipLocalAmbiguity,82
TapHeadToTapHead,1.00026666666666639992888888,LocalMismatch,SkipLocalMismatch,1
TapHeadToTapHead,1.00026666666666639992888888,AmbiguousEvidence,SkipLocalAmbiguity,43
TapHeadToTapHead,1.000266666666666399928888887,LocalMismatch,SkipLocalMismatch,2
TapHeadToTapHead,1.000266666666666399928888888,LocalMismatch,SkipLocalMismatch,1
TapHeadToTapHead,1.000266666666666399928888888,AmbiguousEvidence,SkipLocalAmbiguity,11
TapHeadToTapHead,1.0002666666666663999288888889,LocalMismatch,SkipLocalMismatch,4
TapHeadToTapHead,1.0002666666666663999288888889,AmbiguousEvidence,SkipLocalAmbiguity,7
TapHeadToTapHead,1.000266666666666399928888889,LocalMismatch,SkipLocalMismatch,1
TapHeadToTapHead,1.000266666666666399928888889,AmbiguousEvidence,SkipLocalAmbiguity,93
TapHeadToTapHead,1.00026666666666639992888889,AmbiguousEvidence,SkipLocalAmbiguity,347
TapHeadToTapHead,1.000266666666666399928888891,LocalMismatch,SkipLocalMismatch,2
TapHeadToTapHead,1.0004000000000010004000000000,AmbiguousEvidence,SkipLocalAmbiguity,679
TapHeadToTapHead,1.000400000000001000400000003,LocalMismatch,SkipLocalMismatch,1
TapHeadToTapHead,1.00049999999999966650000000,LocalMismatch,SkipLocalMismatch,5
TapHeadToTapHead,1.00049999999999966650000000,AmbiguousEvidence,SkipLocalAmbiguity,4
TapHeadToTapHead,1.00050000000000040020000000,LocalMismatch,SkipLocalMismatch,2
TapHeadToTapHead,1.00066666666666659995555555,LocalMismatch,SkipLocalMismatch,1
TapHeadToTapHead,1.00066666666666659995555556,LocalMismatch,SkipLocalMismatch,3
TapHeadToTapHead,1.00078333333333398384250000,LocalMismatch,SkipLocalMismatch,5
TapHeadToTapHead,1.00078333333333398384250000,AmbiguousEvidence,SkipLocalAmbiguity,2
TapHeadToTapHead,1.00088333333333373368666667,LocalMismatch,SkipLocalMismatch,3
TapHeadToTapHead,1.00099999999999899900000000,LocalMismatch,SkipLocalMismatch,2
TapHeadToTapHead,1.000999999999998999,AmbiguousEvidence,SkipLocalAmbiguity,2272
TapHeadToTapHead,1.00109999999999913238000000,LocalMismatch,SkipLocalMismatch,3
TapHeadToTapHead,1.00109999999999913238000000,AmbiguousEvidence,SkipLocalAmbiguity,2
TapHeadToTapHead,1.00163333333333445182388889,LocalMismatch,SkipLocalMismatch,1
TapHeadToTapHead,1.00193333333333373410666666,LocalMismatch,SkipLocalMismatch,2
TapHeadToTapHead,1.0019333333333337341066666667,LocalMismatch,SkipLocalMismatch,1
TapHeadToTapHead,1.001933333333333734106666667,LocalMismatch,SkipLocalMismatch,3
TapHeadToTapHead,1.00193333333333373410666667,LocalMismatch,SkipLocalMismatch,5
TapHeadToTapHead,1.00193333333333373410666667,AmbiguousEvidence,SkipLocalAmbiguity,4
TapHeadToTapHead,1.002000000000001002,AmbiguousEvidence,SkipLocalAmbiguity,10
TapHeadToTapHead,1.002150000000000100215,LocalMismatch,SkipLocalMismatch,1
TapHeadToTapHead,1.002150000000000100215,AmbiguousEvidence,SkipLocalAmbiguity,123
TapHeadToTapHead,1.0028000000000005014,AmbiguousEvidence,SkipLocalAmbiguity,160
TapHeadToTapHead,1.00300000000000066866666667,LocalMismatch,SkipLocalMismatch,1
TapHeadToTapHead,1.0030000000000006686666667,LocalMismatch,SkipLocalMismatch,1
TapHeadToTapHead,1.041333333333332292,LocalMismatch,SkipLocalMismatch,2
TapHeadToTapHead,1.061783333333333758046666667,LocalMismatch,SkipLocalMismatch,1
TapHeadToTapHead,1.06178333333333375804666667,LocalMismatch,SkipLocalMismatch,1
TapHeadToTapHead,1.0625000000000007083333333,LocalMismatch,SkipLocalMismatch,3
TapHeadToTapHead,1.0625000000000007083333333,AmbiguousEvidence,SkipLocalAmbiguity,2
TapHeadToTapHead,1.0625000000000007083333334,LocalMismatch,SkipLocalMismatch,2
TapHeadToTapHead,1.0625000000000007083333334,AmbiguousEvidence,SkipLocalAmbiguity,2
TapHeadToTapHead,1.063350000000000106335,LocalMismatch,SkipLocalMismatch,1
TapHeadToTapHead,1.0640000000000004256,LocalMismatch,SkipLocalMismatch,3
TapHeadToTapHead,1.08233333333333405488888889,LocalMismatch,SkipLocalMismatch,1
TapHeadToTapHead,1.08349999999999891650,LocalMismatch,SkipLocalMismatch,4
TapHeadToTapHead,1.08349999999999891650,AmbiguousEvidence,SkipLocalAmbiguity,14
TapHeadToTapHead,1.08393333333333239392444444,LocalMismatch,SkipLocalMismatch,1
TapHeadToTapHead,1.08395000000000043358,LocalMismatch,SkipLocalMismatch,1
TapHeadToTapHead,1.0851666666666673901111111,LocalMismatch,SkipLocalMismatch,1
TapHeadToTapHead,1.0851666666666673901111111,AmbiguousEvidence,SkipLocalAmbiguity,2
TapHeadToTapHead,1.08516666666666739011111111,LocalMismatch,SkipLocalMismatch,2
TapHeadToTapHead,1.085333333333332248,LocalMismatch,SkipLocalMismatch,1
TapHeadToTapHead,1.08533333333333304391111111,LocalMismatch,SkipLocalMismatch,2
TapHeadToTapHead,1.09933333333333406622222222,LocalMismatch,SkipLocalMismatch,1
TapHeadToTapHead,1.11633333333333407755555556,LocalMismatch,SkipLocalMismatch,1
TapHeadToTapHead,1.121999999999998878,LocalMismatch,SkipLocalMismatch,2
TapHeadToTapHead,1.12200000000000074800000000,LocalMismatch,SkipLocalMismatch,1
TapHeadToTapHead,1.12270000000000056135,LocalMismatch,SkipLocalMismatch,1
TapHeadToTapHead,1.12340000000000112340000000,LocalMismatch,SkipLocalMismatch,1
TapHeadToTapHead,1.12385000000000044954,LocalMismatch,SkipLocalMismatch,2
TapHeadToTapHead,1.124550000000000112455,LocalMismatch,SkipLocalMismatch,5
TapHeadToTapHead,1.124550000000000112455,AmbiguousEvidence,SkipLocalAmbiguity,14
TapHeadToTapHead,1.12455000000000123700500000,LocalMismatch,SkipLocalMismatch,1
TapHeadToTapHead,1.12474999999999887525,LocalMismatch,SkipLocalMismatch,2
TapHeadToTapHead,1.12474999999999887525,AmbiguousEvidence,SkipLocalAmbiguity,5
TapHeadToTapHead,1.1248333333333340832222222,LocalMismatch,SkipLocalMismatch,2
TapHeadToTapHead,1.1248333333333340832222222,AmbiguousEvidence,SkipLocalAmbiguity,10
TapHeadToTapHead,1.12483333333333408322222222,LocalMismatch,SkipLocalMismatch,3
TapHeadToTapHead,1.12483333333333408322222222,AmbiguousEvidence,SkipLocalAmbiguity,9
TapHeadToTapHead,1.12483333333333408322222223,LocalMismatch,SkipLocalMismatch,2
TapHeadToTapHead,1.12483333333333408322222223,AmbiguousEvidence,SkipLocalAmbiguity,2
TapHeadToTapHead,1.1248333333333340832222223,AmbiguousEvidence,SkipLocalAmbiguity,2
TapHeadToTapHead,1.125666666666665541,AmbiguousEvidence,SkipLocalAmbiguity,13
TapHeadToTapHead,1.12606666666666711709333334,LocalMismatch,SkipLocalMismatch,1
TapHeadToTapHead,1.12613333333333445946666667,LocalMismatch,SkipLocalMismatch,2
TapHeadToTapHead,1.1263333333333338965,LocalMismatch,SkipLocalMismatch,3
TapHeadToTapHead,1.12633333333333389650,AmbiguousEvidence,SkipLocalAmbiguity,2
TapHeadToTapHead,1.12710000000000011271,LocalMismatch,SkipLocalMismatch,3
TapHeadToTapHead,1.1274999999999988725,LocalMismatch,SkipLocalMismatch,1
TapHeadToTapHead,1.1276666666666674184444444,LocalMismatch,SkipLocalMismatch,1
TapHeadToTapHead,1.12766666666666741844444445,LocalMismatch,SkipLocalMismatch,1
TapHeadToTapHead,1.15039999999999978256000000,LocalMismatch,SkipLocalMismatch,1
TapHeadToTapHead,1.1645000000000007763333333,LocalMismatch,SkipLocalMismatch,1
TapHeadToTapHead,1.16453333333333302279111111,AmbiguousEvidence,SkipLocalAmbiguity,14
TapHeadToTapHead,1.164533333333333022791111111,LocalMismatch,SkipLocalMismatch,1
TapHeadToTapHead,1.164533333333333022791111112,AmbiguousEvidence,SkipLocalAmbiguity,2
TapHeadToTapHead,1.16453333333333302279111112,LocalMismatch,SkipLocalMismatch,1
TapHeadToTapHead,1.16596666666666713305333333,LocalMismatch,SkipLocalMismatch,1
TapHeadToTapHead,1.16599999999999883400,LocalMismatch,SkipLocalMismatch,4
TapHeadToTapHead,1.16599999999999883400,AmbiguousEvidence,SkipLocalAmbiguity,79
TapHeadToTapHead,1.16630000000000058315,LocalMismatch,SkipLocalMismatch,3
TapHeadToTapHead,1.16656666666666658889555555,LocalMismatch,SkipLocalMismatch,2
TapHeadToTapHead,1.16656666666666658889555556,LocalMismatch,SkipLocalMismatch,1
TapHeadToTapHead,1.16666666666666550000000000,LocalMismatch,SkipLocalMismatch,1
TapHeadToTapHead,1.16676666666666565546888888,LocalMismatch,SkipLocalMismatch,1
TapHeadToTapHead,1.16724999999999961091666667,LocalMismatch,SkipLocalMismatch,1
TapHeadToTapHead,1.1673333333333341115555555,LocalMismatch,SkipLocalMismatch,1
TapHeadToTapHead,1.16733333333333411155555555,LocalMismatch,SkipLocalMismatch,2
TapHeadToTapHead,1.16733333333333411155555556,LocalMismatch,SkipLocalMismatch,1
TapHeadToTapHead,1.1673333333333341115555556,LocalMismatch,SkipLocalMismatch,2
TapHeadToTapHead,1.16746666666666635534222222,AmbiguousEvidence,SkipLocalAmbiguity,20
TapHeadToTapHead,1.167466666666666355342222222,LocalMismatch,SkipLocalMismatch,1
TapHeadToTapHead,1.16746666666666635534222223,LocalMismatch,SkipLocalMismatch,2
TapHeadToTapHead,1.16746666666666635534222223,AmbiguousEvidence,SkipLocalAmbiguity,5
TapHeadToTapHead,1.16760000000000046704000000,LocalMismatch,SkipLocalMismatch,1
TapHeadToTapHead,1.16818333333333380060666667,LocalMismatch,SkipLocalMismatch,2
TapHeadToTapHead,1.16874999999999883125,AmbiguousEvidence,SkipLocalAmbiguity,20
TapHeadToTapHead,1.169666666666665497,LocalMismatch,SkipLocalMismatch,2
TapHeadToTapHead,1.1699333333333339183,LocalMismatch,SkipLocalMismatch,1
TapHeadToTapHead,1.18591666666666714103333333,LocalMismatch,SkipLocalMismatch,1
TapHeadToTapHead,1.18591666666666714103333333,AmbiguousEvidence,SkipLocalAmbiguity,2
TapHeadToTapHead,1.24666666666666542,AmbiguousEvidence,SkipLocalAmbiguity,30
TapHeadToTapHead,1.24700000000000094754000000,LocalMismatch,SkipLocalMismatch,1
TapHeadToTapHead,1.24798333333333383252666667,LocalMismatch,SkipLocalMismatch,2
TapHeadToTapHead,1.24799999999999875200000000,LocalMismatch,SkipLocalMismatch,1
TapHeadToTapHead,1.24826666666666806056444445,AmbiguousEvidence,SkipLocalAmbiguity,2
TapHeadToTapHead,1.24833333333333208500000000,LocalMismatch,SkipLocalMismatch,1
TapHeadToTapHead,1.24849999999999875150,AmbiguousEvidence,SkipLocalAmbiguity,152
TapHeadToTapHead,1.24885000000000114911750000,LocalMismatch,SkipLocalMismatch,1
TapHeadToTapHead,1.24913333333333458246666666,AmbiguousEvidence,SkipLocalAmbiguity,47
TapHeadToTapHead,1.249133333333334582466666666,LocalMismatch,SkipLocalMismatch,1
TapHeadToTapHead,1.249133333333334582466666666,AmbiguousEvidence,SkipLocalAmbiguity,5
TapHeadToTapHead,1.249133333333334582466666667,LocalMismatch,SkipLocalMismatch,2
TapHeadToTapHead,1.249133333333334582466666667,AmbiguousEvidence,SkipLocalAmbiguity,19
TapHeadToTapHead,1.24913333333333458246666667,AmbiguousEvidence,SkipLocalAmbiguity,65
TapHeadToTapHead,1.24941666666666625019444445,LocalMismatch,SkipLocalMismatch,1
TapHeadToTapHead,1.249500000000000124950,AmbiguousEvidence,SkipLocalAmbiguity,171
TapHeadToTapHead,1.24950000000000083300000000,AmbiguousEvidence,SkipLocalAmbiguity,59
TapHeadToTapHead,1.24950000000000137445000000,LocalMismatch,SkipLocalMismatch,2
TapHeadToTapHead,1.24959999999999966677333333,LocalMismatch,SkipLocalMismatch,2
TapHeadToTapHead,1.24959999999999966677333333,AmbiguousEvidence,SkipLocalAmbiguity,25
TapHeadToTapHead,1.249599999999999666773333333,AmbiguousEvidence,SkipLocalAmbiguity,6
TapHeadToTapHead,1.2495999999999996667733333334,LocalMismatch,SkipLocalMismatch,1
TapHeadToTapHead,1.249599999999999666773333334,LocalMismatch,SkipLocalMismatch,2
TapHeadToTapHead,1.249599999999999666773333334,AmbiguousEvidence,SkipLocalAmbiguity,5
TapHeadToTapHead,1.24959999999999966677333334,LocalMismatch,SkipLocalMismatch,3
TapHeadToTapHead,1.24959999999999966677333334,AmbiguousEvidence,SkipLocalAmbiguity,16
TapHeadToTapHead,1.24966666666666820792222222,LocalMismatch,SkipLocalMismatch,1
TapHeadToTapHead,1.2497333333333320836,AmbiguousEvidence,SkipLocalAmbiguity,72
TapHeadToTapHead,1.24986666666666729160,AmbiguousEvidence,SkipLocalAmbiguity,99
TapHeadToTapHead,1.24996666666666541670000000,LocalMismatch,SkipLocalMismatch,1
TapHeadToTapHead,1.25020000000000050008,LocalMismatch,SkipLocalMismatch,1
TapHeadToTapHead,1.250200000000000500080000000,AmbiguousEvidence,SkipLocalAmbiguity,14
TapHeadToTapHead,1.250333333333332083,AmbiguousEvidence,SkipLocalAmbiguity,302
TapHeadToTapHead,1.25059999999999874940000000,LocalMismatch,SkipLocalMismatch,1
TapHeadToTapHead,1.25083333333333324994444444,LocalMismatch,SkipLocalMismatch,1
TapHeadToTapHead,1.25124999999999874875,AmbiguousEvidence,SkipLocalAmbiguity,149
TapHeadToTapHead,1.25183333333333291605555555,LocalMismatch,SkipLocalMismatch,1
TapHeadToTapHead,1.25186666666666791853333333,LocalMismatch,SkipLocalMismatch,1
TapHeadToTapHead,1.25186666666666791853333333,AmbiguousEvidence,SkipLocalAmbiguity,27
TapHeadToTapHead,1.251866666666667918533333333,LocalMismatch,SkipLocalMismatch,3
TapHeadToTapHead,1.251866666666667918533333333,AmbiguousEvidence,SkipLocalAmbiguity,8
TapHeadToTapHead,1.25186666666666791853333334,LocalMismatch,SkipLocalMismatch,2
TapHeadToTapHead,1.25186666666666791853333334,AmbiguousEvidence,SkipLocalAmbiguity,13
TapHeadToTapHead,1.252050000000000125205,LocalMismatch,SkipLocalMismatch,3
TapHeadToTapHead,1.252050000000000125205,AmbiguousEvidence,SkipLocalAmbiguity,47
TapHeadToTapHead,1.2523333333333341682222222,LocalMismatch,SkipLocalMismatch,2
TapHeadToTapHead,1.2523333333333341682222222,AmbiguousEvidence,SkipLocalAmbiguity,6
TapHeadToTapHead,1.25233333333333416822222222,LocalMismatch,SkipLocalMismatch,3
TapHeadToTapHead,1.2523333333333341682222223,LocalMismatch,SkipLocalMismatch,1
TapHeadToTapHead,1.25253333333333299932444444,LocalMismatch,SkipLocalMismatch,2
TapHeadToTapHead,1.25253333333333299932444444,AmbiguousEvidence,SkipLocalAmbiguity,2
TapHeadToTapHead,1.252533333333332999324444444,LocalMismatch,SkipLocalMismatch,1
TapHeadToTapHead,1.252533333333332999324444445,LocalMismatch,SkipLocalMismatch,1
TapHeadToTapHead,1.25253333333333299932444445,LocalMismatch,SkipLocalMismatch,2
TapHeadToTapHead,1.2527666666666654139,AmbiguousEvidence,SkipLocalAmbiguity,6
TapHeadToTapHead,1.25350000000000062675,LocalMismatch,SkipLocalMismatch,2
TapHeadToTapHead,1.25350000000000062675,AmbiguousEvidence,SkipLocalAmbiguity,5
TapHeadToTapHead,1.3103999999999986896,LocalMismatch,SkipLocalMismatch,1
TapHeadToTapHead,1.31070000000000013107,LocalMismatch,SkipLocalMismatch,1
TapHeadToTapHead,1.31226666666666719157333333,LocalMismatch,SkipLocalMismatch,1
TapHeadToTapHead,1.31226666666666719157333334,LocalMismatch,SkipLocalMismatch,1
TapHeadToTapHead,1.3298000000000006649,LocalMismatch,SkipLocalMismatch,1
TapHeadToTapHead,1.33000000000000037716000000,LocalMismatch,SkipLocalMismatch,1
TapHeadToTapHead,1.33003333333333206988222222,LocalMismatch,SkipLocalMismatch,1
TapHeadToTapHead,1.33099999999999866900,LocalMismatch,SkipLocalMismatch,3
TapHeadToTapHead,1.33099999999999866900,AmbiguousEvidence,SkipLocalAmbiguity,4
TapHeadToTapHead,1.3316666666666675544444444,LocalMismatch,SkipLocalMismatch,1
TapHeadToTapHead,1.33166666666666755444444444,LocalMismatch,SkipLocalMismatch,3
TapHeadToTapHead,1.33166666666666755444444444,AmbiguousEvidence,SkipLocalAmbiguity,3
TapHeadToTapHead,1.33166666666666755444444445,AmbiguousEvidence,SkipLocalAmbiguity,2
TapHeadToTapHead,1.33173333333333297820444444,LocalMismatch,SkipLocalMismatch,2
TapHeadToTapHead,1.33173333333333297820444444,AmbiguousEvidence,SkipLocalAmbiguity,8
TapHeadToTapHead,1.331733333333332978204444445,LocalMismatch,SkipLocalMismatch,1
TapHeadToTapHead,1.33173333333333297820444445,AmbiguousEvidence,SkipLocalAmbiguity,11
TapHeadToTapHead,1.33221666666666719955333334,LocalMismatch,SkipLocalMismatch,1
TapHeadToTapHead,1.33343333333333400005,LocalMismatch,SkipLocalMismatch,3
TapHeadToTapHead,1.33355000000000027186333333,LocalMismatch,SkipLocalMismatch,1
TapHeadToTapHead,1.33374999999999866625,AmbiguousEvidence,SkipLocalAmbiguity,62
TapHeadToTapHead,1.33450000000000088966666666,LocalMismatch,SkipLocalMismatch,2
TapHeadToTapHead,1.33450000000000088966666666,AmbiguousEvidence,SkipLocalAmbiguity,2
TapHeadToTapHead,1.33450000000000088966666667,LocalMismatch,SkipLocalMismatch,4
TapHeadToTapHead,1.33450000000000088966666667,AmbiguousEvidence,SkipLocalAmbiguity,3
TapHeadToTapHead,1.334666666666665332,LocalMismatch,SkipLocalMismatch,2
TapHeadToTapHead,1.33466666666666631075555555,AmbiguousEvidence,SkipLocalAmbiguity,11
TapHeadToTapHead,1.334666666666666310755555555,LocalMismatch,SkipLocalMismatch,1
TapHeadToTapHead,1.334666666666666310755555556,AmbiguousEvidence,SkipLocalAmbiguity,2
TapHeadToTapHead,1.33466666666666631075555556,LocalMismatch,SkipLocalMismatch,1
TapHeadToTapHead,1.33466666666666631075555556,AmbiguousEvidence,SkipLocalAmbiguity,6
TapHeadToTapHead,1.37340000000000068670,LocalMismatch,SkipLocalMismatch,1
TapHeadToTapHead,1.37416666666666758277777778,AmbiguousEvidence,SkipLocalAmbiguity,2
TapHeadToTapHead,1.3741666666666675827777778,LocalMismatch,SkipLocalMismatch,2
TapHeadToTapHead,1.374450000000000137445,LocalMismatch,SkipLocalMismatch,7
TapHeadToTapHead,1.374450000000000137445,AmbiguousEvidence,SkipLocalAmbiguity,3
TapHeadToTapHead,1.37486666666666804153333333,LocalMismatch,SkipLocalMismatch,4
TapHeadToTapHead,1.374866666666668041533333333,LocalMismatch,SkipLocalMismatch,1
TapHeadToTapHead,1.37486666666666804153333334,LocalMismatch,SkipLocalMismatch,1
TapHeadToTapHead,1.3749999999999986250,LocalMismatch,SkipLocalMismatch,5
TapHeadToTapHead,1.37499999999999862500,AmbiguousEvidence,SkipLocalAmbiguity,6
TapHeadToTapHead,1.377000000000000137700,LocalMismatch,SkipLocalMismatch,2
TapHeadToTapHead,1.37703333333333402185,LocalMismatch,SkipLocalMismatch,1
TapHeadToTapHead,1.415333333333331918,LocalMismatch,SkipLocalMismatch,1
TapHeadToTapHead,1.41624999999999858375,LocalMismatch,SkipLocalMismatch,1
TapHeadToTapHead,1.41624999999999858375,AmbiguousEvidence,SkipLocalAmbiguity,29
TapHeadToTapHead,1.41899999999999858100,LocalMismatch,SkipLocalMismatch,1
TapHeadToTapHead,1.4365000000000009576666667,LocalMismatch,SkipLocalMismatch,1
TapHeadToTapHead,1.43733333333333295004444444,LocalMismatch,SkipLocalMismatch,1
TapHeadToTapHead,1.43861666666666724211333334,LocalMismatch,SkipLocalMismatch,1
TapHeadToTapHead,1.4393333333333342928888889,LocalMismatch,SkipLocalMismatch,1
TapHeadToTapHead,1.44026666666666628259555556,LocalMismatch,SkipLocalMismatch,1
TapHeadToTapHead,1.471350000000000147135,LocalMismatch,SkipLocalMismatch,1
TapHeadToTapHead,1.4969333333333340818,AmbiguousEvidence,SkipLocalAmbiguity,49
TapHeadToTapHead,1.49695000000000059878000000,LocalMismatch,SkipLocalMismatch,1
TapHeadToTapHead,1.49695000000000134722000000,LocalMismatch,SkipLocalMismatch,1
TapHeadToTapHead,1.49786666666666816453333333,AmbiguousEvidence,SkipLocalAmbiguity,20
TapHeadToTapHead,1.497866666666668164533333333,LocalMismatch,SkipLocalMismatch,4
TapHeadToTapHead,1.497866666666668164533333334,LocalMismatch,SkipLocalMismatch,3
TapHeadToTapHead,1.49786666666666816453333334,LocalMismatch,SkipLocalMismatch,2
TapHeadToTapHead,1.49786666666666816453333334,AmbiguousEvidence,SkipLocalAmbiguity,10
TapHeadToTapHead,1.49803333333333190188222222,LocalMismatch,SkipLocalMismatch,1
TapHeadToTapHead,1.49810000000000119867500000,LocalMismatch,SkipLocalMismatch,1
TapHeadToTapHead,1.4984666666666651682,AmbiguousEvidence,SkipLocalAmbiguity,79
TapHeadToTapHead,1.49846666666666726605333333,LocalMismatch,SkipLocalMismatch,1
TapHeadToTapHead,1.498466666666667266053333333,LocalMismatch,SkipLocalMismatch,1
TapHeadToTapHead,1.498466666666667266053333333,AmbiguousEvidence,SkipLocalAmbiguity,5
TapHeadToTapHead,1.498466666666667266053333334,LocalMismatch,SkipLocalMismatch,2
TapHeadToTapHead,1.49846666666666726605333334,LocalMismatch,SkipLocalMismatch,2
TapHeadToTapHead,1.49874999999999850125,AmbiguousEvidence,SkipLocalAmbiguity,245
TapHeadToTapHead,1.49881666666666726619333334,LocalMismatch,SkipLocalMismatch,1
TapHeadToTapHead,1.4988333333333343325555555,LocalMismatch,SkipLocalMismatch,1
TapHeadToTapHead,1.4988333333333343325555555,AmbiguousEvidence,SkipLocalAmbiguity,17
TapHeadToTapHead,1.49883333333333433255555555,LocalMismatch,SkipLocalMismatch,3
TapHeadToTapHead,1.49883333333333433255555555,AmbiguousEvidence,SkipLocalAmbiguity,2
TapHeadToTapHead,1.49883333333333433255555556,LocalMismatch,SkipLocalMismatch,4
TapHeadToTapHead,1.49883333333333433255555556,AmbiguousEvidence,SkipLocalAmbiguity,2
TapHeadToTapHead,1.4988333333333343325555556,LocalMismatch,SkipLocalMismatch,2
TapHeadToTapHead,1.4988333333333343325555556,AmbiguousEvidence,SkipLocalAmbiguity,19
TapHeadToTapHead,1.49893333333333293361777777,LocalMismatch,SkipLocalMismatch,5
TapHeadToTapHead,1.49893333333333293361777777,AmbiguousEvidence,SkipLocalAmbiguity,11
TapHeadToTapHead,1.498933333333332933617777777,LocalMismatch,SkipLocalMismatch,3
TapHeadToTapHead,1.498933333333332933617777777,AmbiguousEvidence,SkipLocalAmbiguity,7
TapHeadToTapHead,1.4989333333333329336177777777,LocalMismatch,SkipLocalMismatch,1
TapHeadToTapHead,1.4989333333333329336177777778,LocalMismatch,SkipLocalMismatch,1
TapHeadToTapHead,1.4989333333333329336177777779,LocalMismatch,SkipLocalMismatch,1
TapHeadToTapHead,1.498933333333332933617777778,LocalMismatch,SkipLocalMismatch,4
TapHeadToTapHead,1.498933333333332933617777778,AmbiguousEvidence,SkipLocalAmbiguity,12
TapHeadToTapHead,1.49893333333333293361777778,AmbiguousEvidence,SkipLocalAmbiguity,54
TapHeadToTapHead,1.499400000000000149940,LocalMismatch,SkipLocalMismatch,2
TapHeadToTapHead,1.499400000000000149940,AmbiguousEvidence,SkipLocalAmbiguity,86
TapHeadToTapHead,1.49940000000000164934000000,LocalMismatch,SkipLocalMismatch,3
TapHeadToTapHead,1.49960000000000059984000000,LocalMismatch,SkipLocalMismatch,1
TapHeadToTapHead,1.499666666666665167,AmbiguousEvidence,SkipLocalAmbiguity,291
TapHeadToTapHead,1.49983333333333323420000000,LocalMismatch,SkipLocalMismatch,1
TapHeadToTapHead,1.49993333333333430829000000,LocalMismatch,SkipLocalMismatch,2
TapHeadToTapHead,1.49993333333333500825888889,LocalMismatch,SkipLocalMismatch,1
TapHeadToTapHead,1.49998333333333393332666667,LocalMismatch,SkipLocalMismatch,1
TapHeadToTapHead,1.500000000000001500,LocalMismatch,SkipLocalMismatch,2
TapHeadToTapHead,1.500000000000001500,AmbiguousEvidence,SkipLocalAmbiguity,3
TapHeadToTapHead,1.50033333333333183300000000,LocalMismatch,SkipLocalMismatch,1
TapHeadToTapHead,1.50056666666666741695,AmbiguousEvidence,SkipLocalAmbiguity,233
TapHeadToTapHead,1.5006000000000015006000000000,AmbiguousEvidence,SkipLocalAmbiguity,130
TapHeadToTapHead,1.50068333333333393360666666,LocalMismatch,SkipLocalMismatch,2
TapHeadToTapHead,1.500683333333333933606666666,LocalMismatch,SkipLocalMismatch,2
TapHeadToTapHead,1.500683333333333933606666667,LocalMismatch,SkipLocalMismatch,4
TapHeadToTapHead,1.500683333333333933606666667,AmbiguousEvidence,SkipLocalAmbiguity,2
TapHeadToTapHead,1.50068333333333393360666667,LocalMismatch,SkipLocalMismatch,2
TapHeadToTapHead,1.50068333333333393360666667,AmbiguousEvidence,SkipLocalAmbiguity,2
TapHeadToTapHead,1.50149999999999849850,AmbiguousEvidence,SkipLocalAmbiguity,273
TapHeadToTapHead,1.5016666666666676677777777,LocalMismatch,SkipLocalMismatch,2
TapHeadToTapHead,1.50166666666666766777777777,LocalMismatch,SkipLocalMismatch,3
TapHeadToTapHead,1.50166666666666766777777777,AmbiguousEvidence,SkipLocalAmbiguity,2
TapHeadToTapHead,1.50166666666666766777777778,LocalMismatch,SkipLocalMismatch,2
TapHeadToTapHead,1.50166666666666766777777778,AmbiguousEvidence,SkipLocalAmbiguity,7
TapHeadToTapHead,1.5016666666666676677777778,LocalMismatch,SkipLocalMismatch,5
TapHeadToTapHead,1.5016666666666676677777778,AmbiguousEvidence,SkipLocalAmbiguity,7
TapHeadToTapHead,1.50186666666666626616888888,LocalMismatch,SkipLocalMismatch,3
TapHeadToTapHead,1.501866666666666266168888886,LocalMismatch,SkipLocalMismatch,1
TapHeadToTapHead,1.501866666666666266168888888,LocalMismatch,SkipLocalMismatch,1
TapHeadToTapHead,1.5018666666666662661688888888,LocalMismatch,SkipLocalMismatch,1
TapHeadToTapHead,1.501866666666666266168888889,LocalMismatch,SkipLocalMismatch,3
TapHeadToTapHead,1.501866666666666266168888889,AmbiguousEvidence,SkipLocalAmbiguity,12
TapHeadToTapHead,1.50186666666666626616888889,LocalMismatch,SkipLocalMismatch,4
TapHeadToTapHead,1.50186666666666626616888889,AmbiguousEvidence,SkipLocalAmbiguity,23
TapHeadToTapHead,1.501950000000000150195,LocalMismatch,SkipLocalMismatch,3
TapHeadToTapHead,1.501950000000000150195,AmbiguousEvidence,SkipLocalAmbiguity,19
TapHeadToTapHead,1.50333333333333183,AmbiguousEvidence,SkipLocalAmbiguity,25
TapHeadToTapHead,1.53999999999999846000,LocalMismatch,SkipLocalMismatch,1
TapHeadToTapHead,1.53999999999999846000,AmbiguousEvidence,SkipLocalAmbiguity,2
TapHeadToTapHead,1.54274999999999845725,LocalMismatch,SkipLocalMismatch,1
TapHeadToTapHead,1.54274999999999845725,AmbiguousEvidence,SkipLocalAmbiguity,2
TapHeadToTapHead,1.5611666666666677074444445,LocalMismatch,SkipLocalMismatch,1
TapHeadToTapHead,1.5640000000000010426666666,LocalMismatch,SkipLocalMismatch,1
TapHeadToTapHead,1.5810000000000010540000000,LocalMismatch,SkipLocalMismatch,1
TapHeadToTapHead,1.58270000000000063308,LocalMismatch,SkipLocalMismatch,1
TapHeadToTapHead,1.5838333333333343892222223,LocalMismatch,SkipLocalMismatch,1
TapHeadToTapHead,1.583999999999998416,LocalMismatch,SkipLocalMismatch,5
TapHeadToTapHead,1.6046333333333317287,LocalMismatch,SkipLocalMismatch,1
TapHeadToTapHead,1.6235000000000010823333334,LocalMismatch,SkipLocalMismatch,1
TapHeadToTapHead,1.62410000000000081205,LocalMismatch,SkipLocalMismatch,2
TapHeadToTapHead,1.624350000000000162435,LocalMismatch,SkipLocalMismatch,1
TapHeadToTapHead,1.62481666666666731659333333,LocalMismatch,SkipLocalMismatch,2
TapHeadToTapHead,1.6258666666666650408,LocalMismatch,SkipLocalMismatch,1
TapHeadToTapHead,1.62633333333333441755555555,LocalMismatch,SkipLocalMismatch,1
TapHeadToTapHead,1.62633333333333441755555556,LocalMismatch,SkipLocalMismatch,2
TapHeadToTapHead,1.626900000000000162690,LocalMismatch,SkipLocalMismatch,2
TapHeadToTapHead,1.664666666666665002,LocalMismatch,SkipLocalMismatch,1
TapHeadToTapHead,1.66599999999999833400000000,LocalMismatch,SkipLocalMismatch,1
TapHeadToTapHead,1.6660000000000011106666666,LocalMismatch,SkipLocalMismatch,1
TapHeadToTapHead,1.66600000000000111066666667,LocalMismatch,SkipLocalMismatch,1
TapHeadToTapHead,1.66600000000000111066666667,AmbiguousEvidence,SkipLocalAmbiguity,2
TapHeadToTapHead,1.6660000000000011106666667,LocalMismatch,SkipLocalMismatch,1
TapHeadToTapHead,1.66649999999999833350,AmbiguousEvidence,SkipLocalAmbiguity,42
TapHeadToTapHead,1.66770000000000083385,LocalMismatch,SkipLocalMismatch,1
TapHeadToTapHead,1.668333333333331665,LocalMismatch,SkipLocalMismatch,2
TapHeadToTapHead,1.66883333333333444588888889,LocalMismatch,SkipLocalMismatch,1
TapHeadToTapHead,1.66906666666666622158222222,LocalMismatch,SkipLocalMismatch,1
TapHeadToTapHead,1.66906666666666622158222223,LocalMismatch,SkipLocalMismatch,1
TapHeadToTapHead,1.66924999999999833075,LocalMismatch,SkipLocalMismatch,2
TapHeadToTapHead,1.68688333333333400808666667,LocalMismatch,SkipLocalMismatch,1
TapHeadToTapHead,1.70774999999999829225,AmbiguousEvidence,SkipLocalAmbiguity,6
TapHeadToTapHead,1.746750000000000174675,LocalMismatch,SkipLocalMismatch,1
TapHeadToTapHead,1.7471999999999982528,LocalMismatch,SkipLocalMismatch,3
TapHeadToTapHead,1.74763333333333420715,LocalMismatch,SkipLocalMismatch,2
TapHeadToTapHead,1.74763333333333420715,AmbiguousEvidence,SkipLocalAmbiguity,15
TapHeadToTapHead,1.7481666666666678321111111,LocalMismatch,SkipLocalMismatch,3
TapHeadToTapHead,1.7481666666666678321111111,AmbiguousEvidence,SkipLocalAmbiguity,2
TapHeadToTapHead,1.74816666666666783211111111,LocalMismatch,SkipLocalMismatch,1
TapHeadToTapHead,1.74826666666666620046222222,LocalMismatch,SkipLocalMismatch,1
TapHeadToTapHead,1.74826666666666620046222222,AmbiguousEvidence,SkipLocalAmbiguity,2
TapHeadToTapHead,1.748266666666666200462222222,LocalMismatch,SkipLocalMismatch,1
TapHeadToTapHead,1.748950000000000699580000000,LocalMismatch,SkipLocalMismatch,4
TapHeadToTapHead,1.74895000000000069958,AmbiguousEvidence,SkipLocalAmbiguity,2
TapHeadToTapHead,1.748999999999998251,AmbiguousEvidence,SkipLocalAmbiguity,171
TapHeadToTapHead,1.749000000000001749,LocalMismatch,SkipLocalMismatch,1
TapHeadToTapHead,1.749000000000001749,AmbiguousEvidence,SkipLocalAmbiguity,4
TapHeadToTapHead,1.74930000000000017493,LocalMismatch,SkipLocalMismatch,5
TapHeadToTapHead,1.749300000000000174930,AmbiguousEvidence,SkipLocalAmbiguity,49
TapHeadToTapHead,1.74933333333333508266666666,LocalMismatch,SkipLocalMismatch,3
TapHeadToTapHead,1.74933333333333508266666666,AmbiguousEvidence,SkipLocalAmbiguity,9
TapHeadToTapHead,1.749333333333335082666666666,LocalMismatch,SkipLocalMismatch,3
TapHeadToTapHead,1.749333333333335082666666666,AmbiguousEvidence,SkipLocalAmbiguity,2
TapHeadToTapHead,1.749333333333335082666666667,LocalMismatch,SkipLocalMismatch,1
TapHeadToTapHead,1.749333333333335082666666667,AmbiguousEvidence,SkipLocalAmbiguity,2
TapHeadToTapHead,1.74933333333333508266666667,LocalMismatch,SkipLocalMismatch,3
TapHeadToTapHead,1.74933333333333508266666667,AmbiguousEvidence,SkipLocalAmbiguity,9
TapHeadToTapHead,1.7502333333333315831,LocalMismatch,SkipLocalMismatch,1
TapHeadToTapHead,1.7502333333333315831,AmbiguousEvidence,SkipLocalAmbiguity,28
TapHeadToTapHead,1.75100000000000116733333330,LocalMismatch,SkipLocalMismatch,4
TapHeadToTapHead,1.7510000000000011673333333,AmbiguousEvidence,SkipLocalAmbiguity,2
TapHeadToTapHead,1.75100000000000116733333333,LocalMismatch,SkipLocalMismatch,1
TapHeadToTapHead,1.75100000000000116733333333,AmbiguousEvidence,SkipLocalAmbiguity,2
TapHeadToTapHead,1.75100000000000116733333334,LocalMismatch,SkipLocalMismatch,2
TapHeadToTapHead,1.7510000000000011673333334,LocalMismatch,SkipLocalMismatch,1
TapHeadToTapHead,1.7510000000000011673333334,AmbiguousEvidence,SkipLocalAmbiguity,4
TapHeadToTapHead,1.75119999999999953301333333,LocalMismatch,SkipLocalMismatch,4
TapHeadToTapHead,1.75119999999999953301333333,AmbiguousEvidence,SkipLocalAmbiguity,2
TapHeadToTapHead,1.751199999999999533013333333,LocalMismatch,SkipLocalMismatch,2
TapHeadToTapHead,1.7512666666666675423,LocalMismatch,SkipLocalMismatch,2
TapHeadToTapHead,1.7512666666666675423,AmbiguousEvidence,SkipLocalAmbiguity,16
TapHeadToTapHead,1.75160000000000195595333334,LocalMismatch,SkipLocalMismatch,1
TapHeadToTapHead,1.75174999999999824825,AmbiguousEvidence,SkipLocalAmbiguity,69
TapHeadToTapHead,1.751850000000000175185,LocalMismatch,SkipLocalMismatch,3
TapHeadToTapHead,1.751850000000000175185,AmbiguousEvidence,SkipLocalAmbiguity,12
TapHeadToTapHead,1.752000000000001752,LocalMismatch,SkipLocalMismatch,1
TapHeadToTapHead,1.75206666666666841873333333,LocalMismatch,SkipLocalMismatch,4
TapHeadToTapHead,1.752066666666668418733333333,LocalMismatch,SkipLocalMismatch,4
TapHeadToTapHead,1.75206666666666841873333334,LocalMismatch,SkipLocalMismatch,2
TapHeadToTapHead,1.75206666666666841873333334,AmbiguousEvidence,SkipLocalAmbiguity,2
TapHeadToTapHead,1.752666666666664914,LocalMismatch,SkipLocalMismatch,2
TapHeadToTapHead,1.752666666666664914,AmbiguousEvidence,SkipLocalAmbiguity,7
TapHeadToTapHead,1.8312000000000009156,LocalMismatch,SkipLocalMismatch,1
TapHeadToTapHead,1.83149999999999816850,LocalMismatch,SkipLocalMismatch,1
TapHeadToTapHead,1.8314999999999981685,AmbiguousEvidence,SkipLocalAmbiguity,23
TapHeadToTapHead,1.8331666666666678887777777,LocalMismatch,SkipLocalMismatch,1
TapHeadToTapHead,1.8331666666666678887777778,LocalMismatch,SkipLocalMismatch,1
TapHeadToTapHead,1.83424999999999816575,AmbiguousEvidence,SkipLocalAmbiguity,45
TapHeadToTapHead,1.83483333333333425075,LocalMismatch,SkipLocalMismatch,1
TapHeadToTapHead,1.87274999999999812725,LocalMismatch,SkipLocalMismatch,1
TapHeadToTapHead,1.87283333333333458188888889,LocalMismatch,SkipLocalMismatch,2
TapHeadToTapHead,1.874250000000000187425,LocalMismatch,SkipLocalMismatch,2
TapHeadToTapHead,1.874250000000000187425,AmbiguousEvidence,SkipLocalAmbiguity,2
TapHeadToTapHead,1.875066666666668541733333334,LocalMismatch,SkipLocalMismatch,1
TapHeadToTapHead,1.8754999999999981245,LocalMismatch,SkipLocalMismatch,2
TapHeadToTapHead,1.8754999999999981245,AmbiguousEvidence,SkipLocalAmbiguity,5
TapHeadToTapHead,1.87850000000000125233333333,LocalMismatch,SkipLocalMismatch,1
TapHeadToTapHead,1.89210000000000018921,LocalMismatch,SkipLocalMismatch,1
TapHeadToTapHead,1.8955000000000012636666666,LocalMismatch,SkipLocalMismatch,1
TapHeadToTapHead,1.913999999999998086,LocalMismatch,SkipLocalMismatch,1
TapHeadToTapHead,1.91674999999999808325,AmbiguousEvidence,SkipLocalAmbiguity,9
TapHeadToTapHead,1.9351666666666679567777778,LocalMismatch,SkipLocalMismatch,1
TapHeadToTapHead,1.93736666666666744161333333,LocalMismatch,SkipLocalMismatch,1
TapHeadToTapHead,1.93736666666666744161333334,LocalMismatch,SkipLocalMismatch,1
TapHeadToTapHead,1.9975000000000013316666666,LocalMismatch,SkipLocalMismatch,1
TapHeadToTapHead,1.99750000000000133166666667,LocalMismatch,SkipLocalMismatch,1
TapHeadToTapHead,1.9975000000000013316666667,LocalMismatch,SkipLocalMismatch,3
TapHeadToTapHead,1.99759999999999946730666666,LocalMismatch,SkipLocalMismatch,4
TapHeadToTapHead,1.997599999999999467306666666,LocalMismatch,SkipLocalMismatch,2
TapHeadToTapHead,1.997599999999999467306666666,AmbiguousEvidence,SkipLocalAmbiguity,2
TapHeadToTapHead,1.9975999999999994673066666667,LocalMismatch,SkipLocalMismatch,2
TapHeadToTapHead,1.997599999999999467306666667,LocalMismatch,SkipLocalMismatch,3
TapHeadToTapHead,1.997599999999999467306666667,AmbiguousEvidence,SkipLocalAmbiguity,2
TapHeadToTapHead,1.99759999999999946730666667,LocalMismatch,SkipLocalMismatch,5
TapHeadToTapHead,1.99759999999999946730666667,AmbiguousEvidence,SkipLocalAmbiguity,2
TapHeadToTapHead,1.99806666666666866473333333,LocalMismatch,SkipLocalMismatch,3
TapHeadToTapHead,1.99806666666666866473333333,AmbiguousEvidence,SkipLocalAmbiguity,5
TapHeadToTapHead,1.998066666666668664733333333,LocalMismatch,SkipLocalMismatch,3
TapHeadToTapHead,1.9980666666666686647333333337,LocalMismatch,SkipLocalMismatch,3
TapHeadToTapHead,1.998066666666668664733333334,LocalMismatch,SkipLocalMismatch,1
TapHeadToTapHead,1.99806666666666866473333334,LocalMismatch,SkipLocalMismatch,3
TapHeadToTapHead,1.998333333333331335,AmbiguousEvidence,SkipLocalAmbiguity,106
TapHeadToTapHead,1.99833333333333433250,AmbiguousEvidence,SkipLocalAmbiguity,60
TapHeadToTapHead,1.9989666666666646677,AmbiguousEvidence,SkipLocalAmbiguity,81
TapHeadToTapHead,1.99908333333333463273750000,LocalMismatch,SkipLocalMismatch,1
TapHeadToTapHead,1.999200000000000199920,LocalMismatch,SkipLocalMismatch,4
TapHeadToTapHead,1.999200000000000199920,AmbiguousEvidence,SkipLocalAmbiguity,58
TapHeadToTapHead,1.99924999999999800075,AmbiguousEvidence,SkipLocalAmbiguity,286
TapHeadToTapHead,1.999433333333334133106666666,LocalMismatch,SkipLocalMismatch,1
TapHeadToTapHead,1.999433333333334133106666667,LocalMismatch,SkipLocalMismatch,2
TapHeadToTapHead,1.99943333333333413310666667,LocalMismatch,SkipLocalMismatch,1
TapHeadToTapHead,1.99943333333333413310666667,AmbiguousEvidence,SkipLocalAmbiguity,2
TapHeadToTapHead,1.99973333333333485807000000,LocalMismatch,SkipLocalMismatch,1
TapHeadToTapHead,2.0003333333333346668888888,LocalMismatch,SkipLocalMismatch,1
TapHeadToTapHead,2.00033333333333466688888889,LocalMismatch,SkipLocalMismatch,3
TapHeadToTapHead,2.00033333333333466688888889,AmbiguousEvidence,SkipLocalAmbiguity,10
TapHeadToTapHead,2.00033333333333466688888890,AmbiguousEvidence,SkipLocalAmbiguity,15
TapHeadToTapHead,2.00053333333333279985777777,LocalMismatch,SkipLocalMismatch,4
TapHeadToTapHead,2.00053333333333279985777777,AmbiguousEvidence,SkipLocalAmbiguity,11
TapHeadToTapHead,2.000533333333332799857777777,LocalMismatch,SkipLocalMismatch,2
TapHeadToTapHead,2.000533333333332799857777777,AmbiguousEvidence,SkipLocalAmbiguity,6
TapHeadToTapHead,2.0005333333333327998577777777,LocalMismatch,SkipLocalMismatch,2
TapHeadToTapHead,2.0005333333333327998577777778,LocalMismatch,SkipLocalMismatch,1
TapHeadToTapHead,2.000533333333332799857777778,LocalMismatch,SkipLocalMismatch,3
TapHeadToTapHead,2.000533333333332799857777778,AmbiguousEvidence,SkipLocalAmbiguity,26
TapHeadToTapHead,2.00053333333333279985777778,AmbiguousEvidence,SkipLocalAmbiguity,32
TapHeadToTapHead,2.0008000000000020008000000000,AmbiguousEvidence,SkipLocalAmbiguity,52
TapHeadToTapHead,2.001000000000002001,LocalMismatch,SkipLocalMismatch,1
TapHeadToTapHead,2.00165000000000080066,LocalMismatch,SkipLocalMismatch,3
TapHeadToTapHead,2.00165000000000080066,AmbiguousEvidence,SkipLocalAmbiguity,5
TapHeadToTapHead,2.001750000000000200175,LocalMismatch,SkipLocalMismatch,2
TapHeadToTapHead,2.001750000000000200175,AmbiguousEvidence,SkipLocalAmbiguity,20
TapHeadToTapHead,2.00196666666666766765,AmbiguousEvidence,SkipLocalAmbiguity,44
TapHeadToTapHead,2.0019999999999979980,LocalMismatch,SkipLocalMismatch,1
TapHeadToTapHead,2.001999999999997998,AmbiguousEvidence,SkipLocalAmbiguity,202
TapHeadToTapHead,2.0626666666666680417777777,LocalMismatch,SkipLocalMismatch,2
TapHeadToTapHead,2.063716666666667492153333334,LocalMismatch,SkipLocalMismatch,1
TapHeadToTapHead,2.08174999999999791825,LocalMismatch,SkipLocalMismatch,1
TapHeadToTapHead,2.08174999999999791825,AmbiguousEvidence,SkipLocalAmbiguity,4
TapHeadToTapHead,2.08449999999999791550,LocalMismatch,SkipLocalMismatch,1
TapHeadToTapHead,2.0844999999999979155,AmbiguousEvidence,SkipLocalAmbiguity,8
TapHeadToTapHead,2.12299999999999787700,LocalMismatch,SkipLocalMismatch,2
TapHeadToTapHead,2.124150000000000212415,LocalMismatch,SkipLocalMismatch,2
TapHeadToTapHead,2.1250000000000014166666666,LocalMismatch,SkipLocalMismatch,1
TapHeadToTapHead,2.12550000000000106275,LocalMismatch,SkipLocalMismatch,2
TapHeadToTapHead,2.12574999999999787425,LocalMismatch,SkipLocalMismatch,3
TapHeadToTapHead,2.12574999999999787425,AmbiguousEvidence,SkipLocalAmbiguity,6
TapHeadToTapHead,2.16424999999999783575,LocalMismatch,SkipLocalMismatch,2
TapHeadToTapHead,2.16424999999999783575,AmbiguousEvidence,SkipLocalAmbiguity,3
TapHeadToTapHead,2.1646666666666681097777778,LocalMismatch,SkipLocalMismatch,1
TapHeadToTapHead,2.166999999999997833,AmbiguousEvidence,SkipLocalAmbiguity,39
TapHeadToTapHead,2.247666666666664419,LocalMismatch,SkipLocalMismatch,2
TapHeadToTapHead,2.247666666666664419,AmbiguousEvidence,SkipLocalAmbiguity,3
TapHeadToTapHead,2.2476999999999977523,AmbiguousEvidence,SkipLocalAmbiguity,10
TapHeadToTapHead,2.24903333333333445785,LocalMismatch,SkipLocalMismatch,1
TapHeadToTapHead,2.24903333333333445785,AmbiguousEvidence,SkipLocalAmbiguity,16
TapHeadToTapHead,2.249100000000000224910,LocalMismatch,SkipLocalMismatch,8
TapHeadToTapHead,2.24910000000000022491,AmbiguousEvidence,SkipLocalAmbiguity,13
TapHeadToTapHead,2.24940000000000089976000000,LocalMismatch,SkipLocalMismatch,1
TapHeadToTapHead,2.24949999999999775050,AmbiguousEvidence,SkipLocalAmbiguity,75
TapHeadToTapHead,2.24953333333333558286666666,LocalMismatch,SkipLocalMismatch,3
TapHeadToTapHead,2.2495333333333355828666666666,LocalMismatch,SkipLocalMismatch,1
TapHeadToTapHead,2.2495333333333355828666666667,LocalMismatch,SkipLocalMismatch,2
TapHeadToTapHead,2.24953333333333558286666667,LocalMismatch,SkipLocalMismatch,3
TapHeadToTapHead,2.24953333333333558286666667,AmbiguousEvidence,SkipLocalAmbiguity,3
TapHeadToTapHead,2.2496666666666681664444444,LocalMismatch,SkipLocalMismatch,3
TapHeadToTapHead,2.24966666666666816644444444,LocalMismatch,SkipLocalMismatch,2
TapHeadToTapHead,2.24966666666666816644444445,LocalMismatch,SkipLocalMismatch,1
TapHeadToTapHead,2.24966666666666816644444449,LocalMismatch,SkipLocalMismatch,1
TapHeadToTapHead,2.2496666666666681664444445,LocalMismatch,SkipLocalMismatch,1
TapHeadToTapHead,2.24986666666666606670222222,LocalMismatch,SkipLocalMismatch,2
TapHeadToTapHead,2.249866666666666066702222222,AmbiguousEvidence,SkipLocalAmbiguity,3
TapHeadToTapHead,2.2498666666666660667022222223,LocalMismatch,SkipLocalMismatch,1
TapHeadToTapHead,2.249866666666666066702222223,AmbiguousEvidence,SkipLocalAmbiguity,2
TapHeadToTapHead,2.249866666666666066702222226,LocalMismatch,SkipLocalMismatch,1
TapHeadToTapHead,2.24986666666666606670222223,LocalMismatch,SkipLocalMismatch,1
TapHeadToTapHead,2.24991666666666756663333333,LocalMismatch,SkipLocalMismatch,1
TapHeadToTapHead,2.249916666666667566633333333,LocalMismatch,SkipLocalMismatch,1
TapHeadToTapHead,2.249916666666667566633333334,LocalMismatch,SkipLocalMismatch,2
TapHeadToTapHead,2.2507333333333310826,LocalMismatch,SkipLocalMismatch,1
TapHeadToTapHead,2.2507333333333310826,AmbiguousEvidence,SkipLocalAmbiguity,8
TapHeadToTapHead,2.251333333333331082,LocalMismatch,SkipLocalMismatch,1
TapHeadToTapHead,2.251333333333331082,AmbiguousEvidence,SkipLocalAmbiguity,14
TapHeadToTapHead,2.251650000000000225165,LocalMismatch,SkipLocalMismatch,5
TapHeadToTapHead,2.251650000000000225165,AmbiguousEvidence,SkipLocalAmbiguity,7
TapHeadToTapHead,2.25213333333333423418666666,LocalMismatch,SkipLocalMismatch,1
TapHeadToTapHead,2.25224999999999774775,LocalMismatch,SkipLocalMismatch,1
TapHeadToTapHead,2.25224999999999774775,AmbiguousEvidence,SkipLocalAmbiguity,20
TapHeadToTapHead,2.25226666666666891893333333,LocalMismatch,SkipLocalMismatch,2
TapHeadToTapHead,2.252266666666668918933333333,LocalMismatch,SkipLocalMismatch,1
TapHeadToTapHead,2.25226666666666891893333334,AmbiguousEvidence,SkipLocalAmbiguity,2
TapHeadToTapHead,2.25266666666666779300,LocalMismatch,SkipLocalMismatch,3
TapHeadToTapHead,2.312850000000000231285,LocalMismatch,SkipLocalMismatch,1
TapHeadToTapHead,2.3318333333333348878888889,LocalMismatch,SkipLocalMismatch,1
TapHeadToTapHead,2.33193333333333426610666666,LocalMismatch,SkipLocalMismatch,1
TapHeadToTapHead,2.33199999999999766800,LocalMismatch,SkipLocalMismatch,2
TapHeadToTapHead,2.331999999999997668,AmbiguousEvidence,SkipLocalAmbiguity,2
TapHeadToTapHead,2.33474999999999766525,LocalMismatch,SkipLocalMismatch,3
TapHeadToTapHead,2.33474999999999766525,AmbiguousEvidence,SkipLocalAmbiguity,7
TapHeadToTapHead,2.374050000000000237405,LocalMismatch,SkipLocalMismatch,1
TapHeadToTapHead,2.37405000000000094962,LocalMismatch,SkipLocalMismatch,1
TapHeadToTapHead,2.37433333333333491622222222,AmbiguousEvidence,SkipLocalAmbiguity,2
TapHeadToTapHead,2.375999999999997624,LocalMismatch,SkipLocalMismatch,1
TapHeadToTapHead,2.3759999999999976240,AmbiguousEvidence,SkipLocalAmbiguity,2
TapHeadToTapHead,2.376266666666667617173333334,LocalMismatch,SkipLocalMismatch,1
TapHeadToTapHead,2.3963333333333309370,LocalMismatch,SkipLocalMismatch,2
TapHeadToTapHead,2.4296999999999975703,LocalMismatch,SkipLocalMismatch,1
TapHeadToTapHead,2.436116666666667641113333333,LocalMismatch,SkipLocalMismatch,1
TapHeadToTapHead,2.496999999999997503,LocalMismatch,SkipLocalMismatch,4
TapHeadToTapHead,2.49826666666666916493333333,LocalMismatch,SkipLocalMismatch,1
TapHeadToTapHead,2.49826666666666916493333333,AmbiguousEvidence,SkipLocalAmbiguity,2
TapHeadToTapHead,2.498266666666669164933333333,LocalMismatch,SkipLocalMismatch,3
TapHeadToTapHead,2.49826666666666916493333334,LocalMismatch,SkipLocalMismatch,2
TapHeadToTapHead,2.49900000000000024990,LocalMismatch,SkipLocalMismatch,7
TapHeadToTapHead,2.499000000000000249900,AmbiguousEvidence,SkipLocalAmbiguity,12
TapHeadToTapHead,2.49900000000000166600000000,LocalMismatch,SkipLocalMismatch,6
TapHeadToTapHead,2.49900000000000166600000000,AmbiguousEvidence,SkipLocalAmbiguity,2
TapHeadToTapHead,2.49900000000000166600000005,LocalMismatch,SkipLocalMismatch,1
TapHeadToTapHead,2.499000000000002499,LocalMismatch,SkipLocalMismatch,1
TapHeadToTapHead,2.49919999999999933354666666,LocalMismatch,SkipLocalMismatch,2
TapHeadToTapHead,2.499199999999999333546666666,LocalMismatch,SkipLocalMismatch,1
TapHeadToTapHead,2.4991999999999993335466666666,LocalMismatch,SkipLocalMismatch,1
TapHeadToTapHead,2.4991999999999993335466666667,LocalMismatch,SkipLocalMismatch,1
TapHeadToTapHead,2.499199999999999333546666667,LocalMismatch,SkipLocalMismatch,6
TapHeadToTapHead,2.499199999999999333546666667,AmbiguousEvidence,SkipLocalAmbiguity,2
TapHeadToTapHead,2.49919999999999933354666667,LocalMismatch,SkipLocalMismatch,2
TapHeadToTapHead,2.49919999999999933354666667,AmbiguousEvidence,SkipLocalAmbiguity,2
TapHeadToTapHead,2.4994666666666641672,AmbiguousEvidence,SkipLocalAmbiguity,29
TapHeadToTapHead,2.49973333333333458320,AmbiguousEvidence,SkipLocalAmbiguity,28
TapHeadToTapHead,2.49974999999999750025,AmbiguousEvidence,SkipLocalAmbiguity,123
TapHeadToTapHead,2.500400000000001000160000000,LocalMismatch,SkipLocalMismatch,2
TapHeadToTapHead,2.500400000000001000160000000,AmbiguousEvidence,SkipLocalAmbiguity,2
TapHeadToTapHead,2.500666666666664166,LocalMismatch,SkipLocalMismatch,1
TapHeadToTapHead,2.500666666666664166,AmbiguousEvidence,SkipLocalAmbiguity,24
TapHeadToTapHead,2.5010000000000025010,LocalMismatch,SkipLocalMismatch,2
TapHeadToTapHead,2.5010000000000025010000000000,AmbiguousEvidence,SkipLocalAmbiguity,11
TapHeadToTapHead,2.501550000000000250155,LocalMismatch,SkipLocalMismatch,4
TapHeadToTapHead,2.501550000000000250155,AmbiguousEvidence,SkipLocalAmbiguity,9
TapHeadToTapHead,2.5018333333333350012222222,LocalMismatch,SkipLocalMismatch,2
TapHeadToTapHead,2.50183333333333500122222222,LocalMismatch,SkipLocalMismatch,1
TapHeadToTapHead,2.50183333333333500122222223,LocalMismatch,SkipLocalMismatch,1
TapHeadToTapHead,2.5018333333333350012222223,LocalMismatch,SkipLocalMismatch,1
TapHeadToTapHead,2.502000000000002502,LocalMismatch,SkipLocalMismatch,1
TapHeadToTapHead,2.502133333333332666097777778,LocalMismatch,SkipLocalMismatch,2
TapHeadToTapHead,2.5024999999999974975,LocalMismatch,SkipLocalMismatch,6
TapHeadToTapHead,2.5024999999999974975,AmbiguousEvidence,SkipLocalAmbiguity,13
TapHeadToTapHead,2.50336666666666791835,LocalMismatch,SkipLocalMismatch,3
TapHeadToTapHead,2.56079999999999931712000000,LocalMismatch,SkipLocalMismatch,1
TapHeadToTapHead,2.56246666666666769165333334,LocalMismatch,SkipLocalMismatch,1
TapHeadToTapHead,2.56373333333333264967111111,LocalMismatch,SkipLocalMismatch,1
TapHeadToTapHead,2.58224999999999741775,LocalMismatch,SkipLocalMismatch,1
TapHeadToTapHead,2.5849999999999974150,LocalMismatch,SkipLocalMismatch,2
TapHeadToTapHead,2.62349999999999737650,LocalMismatch,SkipLocalMismatch,3
TapHeadToTapHead,2.62624999999999737375,LocalMismatch,SkipLocalMismatch,3
TapHeadToTapHead,2.62650000000000026265,LocalMismatch,SkipLocalMismatch,1
TapHeadToTapHead,2.66474999999999733525,LocalMismatch,SkipLocalMismatch,2
TapHeadToTapHead,2.66686666666666800010,LocalMismatch,SkipLocalMismatch,1
TapHeadToTapHead,2.66749999999999733250,LocalMismatch,SkipLocalMismatch,1
TapHeadToTapHead,2.66749999999999733250,AmbiguousEvidence,SkipLocalAmbiguity,2
TapHeadToTapHead,2.67750000000000026775,LocalMismatch,SkipLocalMismatch,1
TapHeadToTapHead,2.7481999999999972518,LocalMismatch,SkipLocalMismatch,2
TapHeadToTapHead,2.7481999999999972518,AmbiguousEvidence,SkipLocalAmbiguity,2
TapHeadToTapHead,2.7486666666666677661333333333,LocalMismatch,SkipLocalMismatch,1
TapHeadToTapHead,2.748900000000000274890,LocalMismatch,SkipLocalMismatch,3
TapHeadToTapHead,2.74890000000000027489,AmbiguousEvidence,SkipLocalAmbiguity,14
TapHeadToTapHead,2.749733333333336083066666666,LocalMismatch,SkipLocalMismatch,1
TapHeadToTapHead,2.749733333333336083066666667,LocalMismatch,SkipLocalMismatch,1
TapHeadToTapHead,2.749999999999997250,LocalMismatch,SkipLocalMismatch,5
TapHeadToTapHead,2.74999999999999725000,AmbiguousEvidence,SkipLocalAmbiguity,51
TapHeadToTapHead,2.75043333333333470855,LocalMismatch,SkipLocalMismatch,2
TapHeadToTapHead,2.75043333333333470855,AmbiguousEvidence,SkipLocalAmbiguity,2
TapHeadToTapHead,2.7512333333333305821,LocalMismatch,SkipLocalMismatch,2
TapHeadToTapHead,2.7512333333333305821,AmbiguousEvidence,SkipLocalAmbiguity,2
TapHeadToTapHead,2.751450000000000275145,LocalMismatch,SkipLocalMismatch,5
TapHeadToTapHead,2.751450000000000275145,AmbiguousEvidence,SkipLocalAmbiguity,2
TapHeadToTapHead,2.75146666666666593294222223,LocalMismatch,SkipLocalMismatch,1
TapHeadToTapHead,2.752466666666669419133333334,LocalMismatch,SkipLocalMismatch,1
TapHeadToTapHead,2.75246666666666941913333334,LocalMismatch,SkipLocalMismatch,1
TapHeadToTapHead,2.81010000000000028101,LocalMismatch,SkipLocalMismatch,1
TapHeadToTapHead,2.8149333333333305184,LocalMismatch,SkipLocalMismatch,1
TapHeadToTapHead,2.827950000000000282795,LocalMismatch,SkipLocalMismatch,1
TapHeadToTapHead,2.83249999999999716750,LocalMismatch,SkipLocalMismatch,7
TapHeadToTapHead,2.83524999999999716475,LocalMismatch,SkipLocalMismatch,3
TapHeadToTapHead,2.873850000000000287385,LocalMismatch,SkipLocalMismatch,1
TapHeadToTapHead,2.875016666666667816673333333,LocalMismatch,SkipLocalMismatch,1
TapHeadToTapHead,2.91499999999999708500,LocalMismatch,SkipLocalMismatch,2
TapHeadToTapHead,2.91774999999999708225,LocalMismatch,SkipLocalMismatch,4
TapHeadToTapHead,2.9974999999999970025,LocalMismatch,SkipLocalMismatch,1
TapHeadToTapHead,2.99750000000000149875,LocalMismatch,SkipLocalMismatch,2
TapHeadToTapHead,2.99750000000000149875,AmbiguousEvidence,SkipLocalAmbiguity,5
TapHeadToTapHead,2.99766666666666866511111111,LocalMismatch,SkipLocalMismatch,1
TapHeadToTapHead,2.997866666666665867235555555,LocalMismatch,SkipLocalMismatch,1
TapHeadToTapHead,2.9978666666666658672355555556,LocalMismatch,SkipLocalMismatch,1
TapHeadToTapHead,2.9984666666666696651333333337,LocalMismatch,SkipLocalMismatch,2
TapHeadToTapHead,2.99846666666666966513333334,LocalMismatch,SkipLocalMismatch,1
TapHeadToTapHead,2.998800000000000299880,LocalMismatch,SkipLocalMismatch,5
TapHeadToTapHead,2.99880000000000029988,AmbiguousEvidence,SkipLocalAmbiguity,7
TapHeadToTapHead,2.99915000000000119966,LocalMismatch,SkipLocalMismatch,1
TapHeadToTapHead,2.999333333333330334,LocalMismatch,SkipLocalMismatch,4
TapHeadToTapHead,2.999333333333330334,AmbiguousEvidence,SkipLocalAmbiguity,19
TapHeadToTapHead,2.9999666666666636667,LocalMismatch,SkipLocalMismatch,1
TapHeadToTapHead,2.9999666666666636667,AmbiguousEvidence,SkipLocalAmbiguity,24
TapHeadToTapHead,3.00024999999999699975,LocalMismatch,SkipLocalMismatch,2
TapHeadToTapHead,3.00024999999999699975,AmbiguousEvidence,SkipLocalAmbiguity,68
TapHeadToTapHead,3.0005000000000020003333334,LocalMismatch,SkipLocalMismatch,1
TapHeadToTapHead,3.00079999999999919978666666,LocalMismatch,SkipLocalMismatch,1
TapHeadToTapHead,3.000799999999999199786666666,LocalMismatch,SkipLocalMismatch,1
TapHeadToTapHead,3.000799999999999199786666667,LocalMismatch,SkipLocalMismatch,1
TapHeadToTapHead,3.0011333333333348339,LocalMismatch,SkipLocalMismatch,2
TapHeadToTapHead,3.0011333333333348339,AmbiguousEvidence,SkipLocalAmbiguity,10
TapHeadToTapHead,3.0012000000000030012,LocalMismatch,SkipLocalMismatch,2
TapHeadToTapHead,3.001200000000003001200000000,AmbiguousEvidence,SkipLocalAmbiguity,6
TapHeadToTapHead,3.001350000000000300135,LocalMismatch,SkipLocalMismatch,4
TapHeadToTapHead,3.001350000000000300135,AmbiguousEvidence,SkipLocalAmbiguity,11
TapHeadToTapHead,3.001366666666667867213333333,LocalMismatch,SkipLocalMismatch,1
TapHeadToTapHead,3.002999999999996997,LocalMismatch,SkipLocalMismatch,2
TapHeadToTapHead,3.002999999999996997,AmbiguousEvidence,SkipLocalAmbiguity,4
TapHeadToTapHead,3.03960000000000030396,LocalMismatch,SkipLocalMismatch,1
TapHeadToTapHead,3.0628333333333353752222222,LocalMismatch,SkipLocalMismatch,1
TapHeadToTapHead,3.0628333333333353752222223,LocalMismatch,SkipLocalMismatch,1
TapHeadToTapHead,3.0697333333333302636,LocalMismatch,SkipLocalMismatch,1
TapHeadToTapHead,3.08274999999999691725,LocalMismatch,SkipLocalMismatch,1
TapHeadToTapHead,3.0854999999999969145,LocalMismatch,SkipLocalMismatch,1
TapHeadToTapHead,3.123750000000000312375,LocalMismatch,SkipLocalMismatch,1
TapHeadToTapHead,3.12399999999999687600,LocalMismatch,SkipLocalMismatch,2
TapHeadToTapHead,3.1243333333333302090,LocalMismatch,SkipLocalMismatch,1
TapHeadToTapHead,3.12674999999999687325,LocalMismatch,SkipLocalMismatch,2
TapHeadToTapHead,3.16524999999999683475,LocalMismatch,SkipLocalMismatch,2
TapHeadToTapHead,3.16799999999999683200,LocalMismatch,SkipLocalMismatch,2
TapHeadToTapHead,3.246150000000000324615,LocalMismatch,SkipLocalMismatch,1
TapHeadToTapHead,3.24774999999999675225,LocalMismatch,SkipLocalMismatch,2
TapHeadToTapHead,3.248666666666663418,LocalMismatch,SkipLocalMismatch,1
TapHeadToTapHead,3.248666666666663418,AmbiguousEvidence,SkipLocalAmbiguity,7
TapHeadToTapHead,3.2486999999999967513,LocalMismatch,SkipLocalMismatch,3
TapHeadToTapHead,3.24870000000000032487,LocalMismatch,SkipLocalMismatch,5
TapHeadToTapHead,3.248700000000000324870,AmbiguousEvidence,SkipLocalAmbiguity,8
TapHeadToTapHead,3.24983333333333549988888889,LocalMismatch,SkipLocalMismatch,1
TapHeadToTapHead,3.24983333333333549988888890,LocalMismatch,SkipLocalMismatch,2
TapHeadToTapHead,3.249933333333336583266666667,LocalMismatch,SkipLocalMismatch,1
TapHeadToTapHead,3.25013333333333246663111111,LocalMismatch,SkipLocalMismatch,1
TapHeadToTapHead,3.250133333333332466631111111,LocalMismatch,SkipLocalMismatch,2
TapHeadToTapHead,3.25013333333333246663111112,LocalMismatch,SkipLocalMismatch,1
TapHeadToTapHead,3.2504999999999967495,LocalMismatch,SkipLocalMismatch,4
TapHeadToTapHead,3.2504999999999967495,AmbiguousEvidence,SkipLocalAmbiguity,7
TapHeadToTapHead,3.251250000000000325125,LocalMismatch,SkipLocalMismatch,5
TapHeadToTapHead,3.251250000000000325125,AmbiguousEvidence,SkipLocalAmbiguity,8
TapHeadToTapHead,3.2517333333333300816,AmbiguousEvidence,SkipLocalAmbiguity,2
TapHeadToTapHead,3.25183333333333495925,LocalMismatch,SkipLocalMismatch,3
TapHeadToTapHead,3.252333333333330081,LocalMismatch,SkipLocalMismatch,3
TapHeadToTapHead,3.32806666666666879727111111,LocalMismatch,SkipLocalMismatch,1
TapHeadToTapHead,3.332999999999996667,LocalMismatch,SkipLocalMismatch,2
TapHeadToTapHead,3.3354000000000016677,LocalMismatch,SkipLocalMismatch,1
TapHeadToTapHead,3.33574999999999666425,LocalMismatch,SkipLocalMismatch,1
TapHeadToTapHead,3.373650000000000337365,LocalMismatch,SkipLocalMismatch,1
TapHeadToTapHead,3.376200000000000337620,LocalMismatch,SkipLocalMismatch,2
TapHeadToTapHead,3.4974333333333298359,AmbiguousEvidence,SkipLocalAmbiguity,3
TapHeadToTapHead,3.49799999999999650200,LocalMismatch,SkipLocalMismatch,5
TapHeadToTapHead,3.497999999999996502,AmbiguousEvidence,SkipLocalAmbiguity,11
TapHeadToTapHead,3.49860000000000034986,LocalMismatch,SkipLocalMismatch,5
TapHeadToTapHead,3.49866666666667016533333333,LocalMismatch,SkipLocalMismatch,1
TapHeadToTapHead,3.49866666666667016533333334,LocalMismatch,SkipLocalMismatch,1
TapHeadToTapHead,3.49866666666667016533333334,AmbiguousEvidence,SkipLocalAmbiguity,2
TapHeadToTapHead,3.49890000000000174945,LocalMismatch,SkipLocalMismatch,6
TapHeadToTapHead,3.49916666666666899944444445,LocalMismatch,SkipLocalMismatch,1
TapHeadToTapHead,3.499466666666665733475555556,LocalMismatch,SkipLocalMismatch,1
TapHeadToTapHead,3.49946666666666573347555556,LocalMismatch,SkipLocalMismatch,2
TapHeadToTapHead,3.5004666666666631662,LocalMismatch,SkipLocalMismatch,2
TapHeadToTapHead,3.5004666666666631662,AmbiguousEvidence,SkipLocalAmbiguity,13
TapHeadToTapHead,3.50074999999999649925,AmbiguousEvidence,SkipLocalAmbiguity,32
TapHeadToTapHead,3.501000000000003501,LocalMismatch,SkipLocalMismatch,3
TapHeadToTapHead,3.501150000000000350115,LocalMismatch,SkipLocalMismatch,3
TapHeadToTapHead,3.501150000000000350115,AmbiguousEvidence,SkipLocalAmbiguity,2
TapHeadToTapHead,3.50140000000000350140000000,LocalMismatch,SkipLocalMismatch,2
TapHeadToTapHead,3.50140000000000350140000000,AmbiguousEvidence,SkipLocalAmbiguity,3
TapHeadToTapHead,3.501666666666663165,LocalMismatch,SkipLocalMismatch,2
TapHeadToTapHead,3.501666666666663165,AmbiguousEvidence,SkipLocalAmbiguity,4
TapHeadToTapHead,3.50200000000000233466666667,LocalMismatch,SkipLocalMismatch,1
TapHeadToTapHead,3.5020000000000023346666667,LocalMismatch,SkipLocalMismatch,1
TapHeadToTapHead,3.502399999999999066026666667,LocalMismatch,SkipLocalMismatch,1
TapHeadToTapHead,3.56218333333333475820666667,LocalMismatch,SkipLocalMismatch,1
TapHeadToTapHead,3.562350000000000356235,LocalMismatch,SkipLocalMismatch,1
TapHeadToTapHead,3.58324999999999641675,AmbiguousEvidence,SkipLocalAmbiguity,2
TapHeadToTapHead,3.623550000000000362355,LocalMismatch,SkipLocalMismatch,1
TapHeadToTapHead,3.747333333333329586,LocalMismatch,SkipLocalMismatch,2
TapHeadToTapHead,3.74824999999999625175,LocalMismatch,SkipLocalMismatch,7
TapHeadToTapHead,3.74824999999999625175,AmbiguousEvidence,SkipLocalAmbiguity,2
TapHeadToTapHead,3.748500000000000374850,LocalMismatch,SkipLocalMismatch,2
TapHeadToTapHead,3.7485000000000024990000000,LocalMismatch,SkipLocalMismatch,1
TapHeadToTapHead,3.748799999999999000320000000,LocalMismatch,SkipLocalMismatch,1
TapHeadToTapHead,3.7491999999999962508,LocalMismatch,SkipLocalMismatch,3
TapHeadToTapHead,3.7491999999999962508,AmbiguousEvidence,SkipLocalAmbiguity,2
TapHeadToTapHead,3.74960000000000187480,LocalMismatch,SkipLocalMismatch,1
TapHeadToTapHead,3.75060000000000150024,LocalMismatch,SkipLocalMismatch,1
TapHeadToTapHead,3.750999999999996249,LocalMismatch,SkipLocalMismatch,3
TapHeadToTapHead,3.75099999999999624900,AmbiguousEvidence,SkipLocalAmbiguity,11
TapHeadToTapHead,3.751050000000000375105,LocalMismatch,SkipLocalMismatch,3
TapHeadToTapHead,3.7513333333333358342222222,LocalMismatch,SkipLocalMismatch,1
TapHeadToTapHead,3.7522333333333295811,LocalMismatch,SkipLocalMismatch,3
TapHeadToTapHead,3.99666666666666267,LocalMismatch,SkipLocalMismatch,1
TapHeadToTapHead,3.99783333333333599855555556,LocalMismatch,SkipLocalMismatch,1
TapHeadToTapHead,3.9978333333333359985555556,LocalMismatch,SkipLocalMismatch,1
TapHeadToTapHead,3.9979333333333293354,LocalMismatch,SkipLocalMismatch,4
TapHeadToTapHead,3.9979333333333293354,AmbiguousEvidence,SkipLocalAmbiguity,2
TapHeadToTapHead,3.998400000000000399840,LocalMismatch,SkipLocalMismatch,3
TapHeadToTapHead,3.998400000000000399840,AmbiguousEvidence,SkipLocalAmbiguity,2
TapHeadToTapHead,3.9984999999999960015,LocalMismatch,SkipLocalMismatch,5
TapHeadToTapHead,3.9984999999999960015,AmbiguousEvidence,SkipLocalAmbiguity,7
TapHeadToTapHead,3.99886666666667066553333333,LocalMismatch,SkipLocalMismatch,1
TapHeadToTapHead,3.99886666666667066553333334,LocalMismatch,SkipLocalMismatch,3
TapHeadToTapHead,4.00030000000000200015,LocalMismatch,SkipLocalMismatch,1
TapHeadToTapHead,4.00030000000000200015,AmbiguousEvidence,SkipLocalAmbiguity,2
TapHeadToTapHead,4.000333333333329333,LocalMismatch,SkipLocalMismatch,2
TapHeadToTapHead,4.000333333333329333,AmbiguousEvidence,SkipLocalAmbiguity,13
TapHeadToTapHead,4.000950000000000400095,LocalMismatch,SkipLocalMismatch,4
TapHeadToTapHead,4.000950000000000400095,AmbiguousEvidence,SkipLocalAmbiguity,6
TapHeadToTapHead,4.0009666666666626657,LocalMismatch,SkipLocalMismatch,1
TapHeadToTapHead,4.0009666666666626657,AmbiguousEvidence,SkipLocalAmbiguity,10
TapHeadToTapHead,4.001066666666665599715555556,LocalMismatch,SkipLocalMismatch,1
TapHeadToTapHead,4.00124999999999599875,LocalMismatch,SkipLocalMismatch,3
TapHeadToTapHead,4.00124999999999599875,AmbiguousEvidence,SkipLocalAmbiguity,13
TapHeadToTapHead,4.00160000000000400160000000,LocalMismatch,SkipLocalMismatch,3
TapHeadToTapHead,4.0016000000000040016000000000,AmbiguousEvidence,SkipLocalAmbiguity,6
TapHeadToTapHead,4.06315000000000162526000000,LocalMismatch,SkipLocalMismatch,1
TapHeadToTapHead,4.12426666666666556686222222,LocalMismatch,SkipLocalMismatch,1
TapHeadToTapHead,4.1253333333333360835555555,LocalMismatch,SkipLocalMismatch,1
TapHeadToTapHead,4.16624999999999583375,LocalMismatch,SkipLocalMismatch,1
TapHeadToTapHead,4.16624999999999583375,AmbiguousEvidence,SkipLocalAmbiguity,2
TapHeadToTapHead,4.1678333333333361118888889,LocalMismatch,SkipLocalMismatch,1
TapHeadToTapHead,4.1689999999999958310,LocalMismatch,SkipLocalMismatch,3
TapHeadToTapHead,4.2103333333333361402222223,LocalMismatch,SkipLocalMismatch,1
TapHeadToTapHead,4.248300000000000424830,LocalMismatch,SkipLocalMismatch,1
TapHeadToTapHead,4.24874999999999575125,LocalMismatch,SkipLocalMismatch,3
TapHeadToTapHead,4.249666666666662417,LocalMismatch,SkipLocalMismatch,2
TapHeadToTapHead,4.249666666666662417,AmbiguousEvidence,SkipLocalAmbiguity,2
TapHeadToTapHead,4.2496999999999957503,LocalMismatch,SkipLocalMismatch,5
TapHeadToTapHead,4.25000000000000283333333331,LocalMismatch,SkipLocalMismatch,1
TapHeadToTapHead,4.25039999999999886656000000,LocalMismatch,SkipLocalMismatch,1
TapHeadToTapHead,4.250850000000000425085,LocalMismatch,SkipLocalMismatch,1
TapHeadToTapHead,4.25149999999999574850,LocalMismatch,SkipLocalMismatch,1
TapHeadToTapHead,4.2514999999999957485,AmbiguousEvidence,SkipLocalAmbiguity,2
TapHeadToTapHead,4.30950000000000043095,LocalMismatch,SkipLocalMismatch,1
TapHeadToTapHead,4.33399999999999566600,LocalMismatch,SkipLocalMismatch,1
TapHeadToTapHead,4.37580000000000043758,LocalMismatch,SkipLocalMismatch,1
TapHeadToTapHead,4.4984333333333288349,LocalMismatch,SkipLocalMismatch,2
TapHeadToTapHead,4.498999999999995501,LocalMismatch,SkipLocalMismatch,5
TapHeadToTapHead,4.498999999999995501,AmbiguousEvidence,SkipLocalAmbiguity,3
TapHeadToTapHead,4.49906666666667116573333333,LocalMismatch,SkipLocalMismatch,1
TapHeadToTapHead,4.49973333333333213340444444,LocalMismatch,SkipLocalMismatch,2
TapHeadToTapHead,4.499733333333332133404444444,LocalMismatch,SkipLocalMismatch,2
TapHeadToTapHead,4.500000000000004500,LocalMismatch,SkipLocalMismatch,1
TapHeadToTapHead,4.500750000000000450075,LocalMismatch,SkipLocalMismatch,3
TapHeadToTapHead,4.5014666666666621652,LocalMismatch,SkipLocalMismatch,2
TapHeadToTapHead,4.5014666666666621652,AmbiguousEvidence,SkipLocalAmbiguity,2
TapHeadToTapHead,4.50174999999999549825,LocalMismatch,SkipLocalMismatch,4
TapHeadToTapHead,4.50174999999999549825,AmbiguousEvidence,SkipLocalAmbiguity,4
TapHeadToTapHead,4.50180000000000450180000000,LocalMismatch,SkipLocalMismatch,1
TapHeadToTapHead,4.66674999999999533325,LocalMismatch,SkipLocalMismatch,4
TapHeadToTapHead,4.74780000000000474780000000,LocalMismatch,SkipLocalMismatch,1
TapHeadToTapHead,4.74810000000000047481,LocalMismatch,SkipLocalMismatch,1
TapHeadToTapHead,4.748333333333328585,LocalMismatch,SkipLocalMismatch,2
TapHeadToTapHead,4.74876666666666904105,LocalMismatch,SkipLocalMismatch,1
TapHeadToTapHead,4.74924999999999525075,LocalMismatch,SkipLocalMismatch,1
TapHeadToTapHead,4.74924999999999525075,AmbiguousEvidence,SkipLocalAmbiguity,9
TapHeadToTapHead,4.75053333333333808386666667,LocalMismatch,SkipLocalMismatch,1
TapHeadToTapHead,4.750650000000000475065,LocalMismatch,SkipLocalMismatch,3
TapHeadToTapHead,4.750650000000000475065,AmbiguousEvidence,SkipLocalAmbiguity,7
TapHeadToTapHead,4.751999999999995248,LocalMismatch,SkipLocalMismatch,3
TapHeadToTapHead,4.8344999999999951655,LocalMismatch,SkipLocalMismatch,2
TapHeadToTapHead,4.8654666666666618012,LocalMismatch,SkipLocalMismatch,1
TapHeadToTapHead,4.87560000000000048756,LocalMismatch,SkipLocalMismatch,1
TapHeadToTapHead,4.997666666666661669,LocalMismatch,SkipLocalMismatch,2
TapHeadToTapHead,4.9980000000000004998,LocalMismatch,SkipLocalMismatch,1
TapHeadToTapHead,4.9989333333333283344,LocalMismatch,SkipLocalMismatch,1
TapHeadToTapHead,4.9989333333333283344,AmbiguousEvidence,SkipLocalAmbiguity,2
TapHeadToTapHead,4.99949999999999500050,LocalMismatch,SkipLocalMismatch,6
TapHeadToTapHead,4.99949999999999500050,AmbiguousEvidence,SkipLocalAmbiguity,2
TapHeadToTapHead,5.000550000000000500055,LocalMismatch,SkipLocalMismatch,2
TapHeadToTapHead,5.0008333333333366672222222,LocalMismatch,SkipLocalMismatch,1
TapHeadToTapHead,5.001333333333328332,LocalMismatch,SkipLocalMismatch,3
TapHeadToTapHead,5.001333333333328332,AmbiguousEvidence,SkipLocalAmbiguity,2
TapHeadToTapHead,5.00133333333333199964444444,LocalMismatch,SkipLocalMismatch,1
TapHeadToTapHead,5.001333333333331999644444445,LocalMismatch,SkipLocalMismatch,1
TapHeadToTapHead,5.0019666666666616647,LocalMismatch,SkipLocalMismatch,2
TapHeadToTapHead,5.2473333333333368315555556,LocalMismatch,SkipLocalMismatch,1
TapHeadToTapHead,5.24790000000000052479,LocalMismatch,SkipLocalMismatch,4
TapHeadToTapHead,5.24974999999999475025,LocalMismatch,SkipLocalMismatch,4
TapHeadToTapHead,5.250000000000005250,LocalMismatch,SkipLocalMismatch,1
TapHeadToTapHead,5.2501666666666701667777777,LocalMismatch,SkipLocalMismatch,1
TapHeadToTapHead,5.250450000000000525045,LocalMismatch,SkipLocalMismatch,2
TapHeadToTapHead,5.250450000000000525045,AmbiguousEvidence,SkipLocalAmbiguity,2
TapHeadToTapHead,5.2524999999999947475,LocalMismatch,SkipLocalMismatch,1
TapHeadToTapHead,5.2530000000000035020000000,LocalMismatch,SkipLocalMismatch,1
TapHeadToTapHead,5.33224999999999466775,LocalMismatch,SkipLocalMismatch,1
TapHeadToTapHead,5.4994333333333278339,AmbiguousEvidence,SkipLocalAmbiguity,2
TapHeadToTapHead,5.49946666666667216613333333,LocalMismatch,SkipLocalMismatch,2
TapHeadToTapHead,5.49946666666667216613333334,LocalMismatch,SkipLocalMismatch,2
TapHeadToTapHead,5.4995000000000036663333333,LocalMismatch,SkipLocalMismatch,1
TapHeadToTapHead,5.49955000000000219982,LocalMismatch,SkipLocalMismatch,1
TapHeadToTapHead,5.4999999999999945000,LocalMismatch,SkipLocalMismatch,4
TapHeadToTapHead,5.49999999999999450000,AmbiguousEvidence,SkipLocalAmbiguity,16
TapHeadToTapHead,5.500350000000000550035,LocalMismatch,SkipLocalMismatch,1
TapHeadToTapHead,5.500350000000000550035,AmbiguousEvidence,SkipLocalAmbiguity,2
TapHeadToTapHead,5.625300000000000562530,LocalMismatch,SkipLocalMismatch,1
TapHeadToTapHead,5.7479333333333362073,LocalMismatch,SkipLocalMismatch,2
TapHeadToTapHead,5.7481666666666609185,LocalMismatch,SkipLocalMismatch,2
TapHeadToTapHead,5.749333333333327584,LocalMismatch,SkipLocalMismatch,2
TapHeadToTapHead,5.749333333333327584,AmbiguousEvidence,SkipLocalAmbiguity,4
TapHeadToTapHead,5.75024999999999424975,LocalMismatch,SkipLocalMismatch,2
TapHeadToTapHead,5.75024999999999424975,AmbiguousEvidence,SkipLocalAmbiguity,2
TapHeadToTapHead,5.752999999999994247,LocalMismatch,SkipLocalMismatch,1
TapHeadToTapHead,5.99863333333333633265,AmbiguousEvidence,SkipLocalAmbiguity,2
TapHeadToTapHead,5.998666666666660668,LocalMismatch,SkipLocalMismatch,2
TapHeadToTapHead,5.998666666666665067022222222,LocalMismatch,SkipLocalMismatch,1
TapHeadToTapHead,5.99966666666667266633333334,LocalMismatch,SkipLocalMismatch,2
TapHeadToTapHead,5.9999333333333273334,LocalMismatch,SkipLocalMismatch,3
TapHeadToTapHead,6.000150000000000600015,LocalMismatch,SkipLocalMismatch,3
TapHeadToTapHead,6.0004999999999939995,LocalMismatch,SkipLocalMismatch,2
TapHeadToTapHead,6.00159999999999839957333333,LocalMismatch,SkipLocalMismatch,1
TapHeadToTapHead,6.001599999999998399573333333,LocalMismatch,SkipLocalMismatch,1
TapHeadToTapHead,6.0015999999999983995733333333,LocalMismatch,SkipLocalMismatch,1
TapHeadToTapHead,6.002333333333327331,LocalMismatch,SkipLocalMismatch,2
TapHeadToTapHead,6.00240000000000600240000000,LocalMismatch,SkipLocalMismatch,1
TapHeadToTapHead,6.00666666666667067111111111,LocalMismatch,SkipLocalMismatch,1
TapHeadToTapHead,6.08574999999999391425,LocalMismatch,SkipLocalMismatch,1
TapHeadToTapHead,6.2479999999999937520,LocalMismatch,SkipLocalMismatch,2
TapHeadToTapHead,6.24933333333333645800,LocalMismatch,SkipLocalMismatch,2
TapHeadToTapHead,6.25074999999999374925,LocalMismatch,SkipLocalMismatch,3
TapHeadToTapHead,6.41574999999999358425,LocalMismatch,SkipLocalMismatch,1
TapHeadToTapHead,6.497333333333326836,LocalMismatch,SkipLocalMismatch,1
TapHeadToTapHead,6.4973999999999935026,LocalMismatch,SkipLocalMismatch,1
TapHeadToTapHead,6.49824999999999350175,LocalMismatch,SkipLocalMismatch,1
TapHeadToTapHead,6.49824999999999350175,AmbiguousEvidence,SkipLocalAmbiguity,2
TapHeadToTapHead,6.49986666666667316653333333,LocalMismatch,SkipLocalMismatch,1
TapHeadToTapHead,6.500266666666664933262222222,LocalMismatch,SkipLocalMismatch,1
TapHeadToTapHead,6.5004333333333268329,LocalMismatch,SkipLocalMismatch,1
TapHeadToTapHead,6.500999999999993499,LocalMismatch,SkipLocalMismatch,1
TapHeadToTapHead,6.500999999999993499,AmbiguousEvidence,SkipLocalAmbiguity,2
TapHeadToTapHead,6.5648333333333377098888889,LocalMismatch,SkipLocalMismatch,1
TapHeadToTapHead,6.7491666666666599175,LocalMismatch,SkipLocalMismatch,2
TapHeadToTapHead,6.750333333333326583,LocalMismatch,SkipLocalMismatch,1
TapHeadToTapHead,6.75073333333333670870,LocalMismatch,SkipLocalMismatch,1
TapHeadToTapHead,6.999666666666659667,LocalMismatch,SkipLocalMismatch,4
TapHeadToTapHead,6.999666666666659667,AmbiguousEvidence,SkipLocalAmbiguity,2
TapHeadToTapHead,7.000066666666673666733333334,LocalMismatch,SkipLocalMismatch,1
TapHeadToTapHead,7.00143333333333683405,LocalMismatch,SkipLocalMismatch,1
TapHeadToTapHead,7.0014999999999929985,LocalMismatch,SkipLocalMismatch,1
TapHeadToTapHead,7.00333333333332633,LocalMismatch,SkipLocalMismatch,1
TapHeadToTapHead,7.13150000000000475433333333,LocalMismatch,SkipLocalMismatch,1
TapHeadToTapHead,7.24899999999999275100,LocalMismatch,SkipLocalMismatch,1
TapHeadToTapHead,7.249650000000000724965,LocalMismatch,SkipLocalMismatch,1
TapHeadToTapHead,7.2496666666666594170,LocalMismatch,SkipLocalMismatch,1
TapHeadToTapHead,7.25174999999999274825,LocalMismatch,SkipLocalMismatch,2
TapHeadToTapHead,7.498333333333325835,LocalMismatch,SkipLocalMismatch,1
TapHeadToTapHead,7.49924999999999250075,LocalMismatch,SkipLocalMismatch,1
TapHeadToTapHead,7.499550000000000749955,LocalMismatch,SkipLocalMismatch,1
TapHeadToTapHead,7.499550000000000749955,AmbiguousEvidence,SkipLocalAmbiguity,2
TapHeadToTapHead,7.50053333333333133319111111,LocalMismatch,SkipLocalMismatch,1
TapHeadToTapHead,7.5014333333333258319,LocalMismatch,SkipLocalMismatch,1
TapHeadToTapHead,7.5014333333333258319,AmbiguousEvidence,SkipLocalAmbiguity,2
TapHeadToTapHead,7.50199999999999249800,LocalMismatch,SkipLocalMismatch,3
TapHeadToTapHead,7.87599999999999789973333333,LocalMismatch,SkipLocalMismatch,1
TapHeadToTapHead,7.99773333333334133106666666,LocalMismatch,SkipLocalMismatch,1
TapHeadToTapHead,7.9988999999999920011,LocalMismatch,SkipLocalMismatch,1
TapHeadToTapHead,7.99919999999999786688,LocalMismatch,SkipLocalMismatch,2
TapHeadToTapHead,7.999350000000000799935,LocalMismatch,SkipLocalMismatch,4
TapHeadToTapHead,7.999350000000000799935,AmbiguousEvidence,SkipLocalAmbiguity,2
TapHeadToTapHead,7.99974999999999200025,LocalMismatch,SkipLocalMismatch,1
TapHeadToTapHead,7.99974999999999200025,AmbiguousEvidence,SkipLocalAmbiguity,4
TapHeadToTapHead,8.00046666666667466713333333,LocalMismatch,SkipLocalMismatch,1
TapHeadToTapHead,8.000666666666658666,LocalMismatch,SkipLocalMismatch,1
TapHeadToTapHead,8.001900000000000800190,LocalMismatch,SkipLocalMismatch,1
TapHeadToTapHead,8.00190000000000080019,AmbiguousEvidence,SkipLocalAmbiguity,2
TapHeadToTapHead,8.0019333333333253314,LocalMismatch,SkipLocalMismatch,1
TapHeadToTapHead,8.00213333333333119943111111,LocalMismatch,SkipLocalMismatch,1
TapHeadToTapHead,8.0024999999999919975,LocalMismatch,SkipLocalMismatch,1
TapHeadToTapHead,8.249999999999991750,LocalMismatch,SkipLocalMismatch,2
TapHeadToTapHead,8.2506666666666584160,LocalMismatch,SkipLocalMismatch,1
TapHeadToTapHead,8.37466666666666443342222222,LocalMismatch,SkipLocalMismatch,1
TapHeadToTapHead,8.499150000000000849915,LocalMismatch,SkipLocalMismatch,1
TapHeadToTapHead,8.50024999999999149975,AmbiguousEvidence,SkipLocalAmbiguity,4
TapHeadToTapHead,8.50066666666667516733333334,LocalMismatch,SkipLocalMismatch,1
TapHeadToTapHead,8.50170000000000085017,LocalMismatch,SkipLocalMismatch,1
TapHeadToTapHead,8.56239999999999771669333333,LocalMismatch,SkipLocalMismatch,1
TapHeadToTapHead,8.752333333333324581,LocalMismatch,SkipLocalMismatch,1
TapHeadToTapHead,8.99976666666667116655,LocalMismatch,SkipLocalMismatch,1
TapHeadToTapHead,8.9998999999999910001,LocalMismatch,SkipLocalMismatch,1
TapHeadToTapHead,9.00086666666667566753333334,LocalMismatch,SkipLocalMismatch,1
TapHeadToTapHead,9.001666666666657665,LocalMismatch,SkipLocalMismatch,3
TapHeadToTapHead,9.12380000000000364952,LocalMismatch,SkipLocalMismatch,1
TapHeadToTapHead,9.2509999999999907490,LocalMismatch,SkipLocalMismatch,3
TapHeadToTapHead,9.500333333333323833,LocalMismatch,SkipLocalMismatch,3
TapHeadToTapHead,9.5003999999999904996,LocalMismatch,SkipLocalMismatch,1
TapHeadToTapHead,9.500633333333337133586666667,LocalMismatch,SkipLocalMismatch,1
TapHeadToTapHead,9.50106666666667616773333333,LocalMismatch,SkipLocalMismatch,1
TapHeadToTapHead,9.50124999999999049875,LocalMismatch,SkipLocalMismatch,1
TapHeadToTapHead,9.74874999999999025125,LocalMismatch,SkipLocalMismatch,1
TapHeadToTapHead,9.99853333333334333186666667,LocalMismatch,SkipLocalMismatch,1
TapHeadToTapHead,9.998550000000000999855,LocalMismatch,SkipLocalMismatch,1
TapHeadToTapHead,9.998999999999990001,LocalMismatch,SkipLocalMismatch,2
TapHeadToTapHead,10.24924999999998975075,LocalMismatch,SkipLocalMismatch,2
TapHeadToTapHead,10.4983666666666561683,LocalMismatch,SkipLocalMismatch,1
TapHeadToTapHead,10.4994999999999895005,LocalMismatch,SkipLocalMismatch,1
TapHeadToTapHead,10.501333333333322832,LocalMismatch,SkipLocalMismatch,1
TapHeadToTapHead,10.74974999999998925025,LocalMismatch,SkipLocalMismatch,1
TapHeadToTapHead,10.999999999999989000,LocalMismatch,SkipLocalMismatch,1
TapHeadToTapHead,11.50049999999998849950,LocalMismatch,SkipLocalMismatch,2
TapHeadToTapHead,11.747999999999988252,LocalMismatch,SkipLocalMismatch,1
TapHeadToTapHead,11.99933333333334533266666666,LocalMismatch,SkipLocalMismatch,1
TapHeadToTapHead,12.499666666666654167,LocalMismatch,SkipLocalMismatch,1
TapHeadToTapHead,12.99973333333334633306666667,LocalMismatch,SkipLocalMismatch,1
TapHeadToTapHead,15.00124999999998499875,LocalMismatch,SkipLocalMismatch,1
TapHeadToTapHead,15.75199999999999579946666667,LocalMismatch,SkipLocalMismatch,1
TapHeadToTapHead,15.99949999999998400050,LocalMismatch,SkipLocalMismatch,1
TapHeadToTapHead,16.49999999999999560000000000,LocalMismatch,SkipLocalMismatch,1
TapHeadToTapHead,16.62413333333334995746666666,LocalMismatch,SkipLocalMismatch,1
TapHeadToTapHead,18.12506666666666183331555556,LocalMismatch,SkipLocalMismatch,1
TapHeadToTapHead,18.1664999999999818335,LocalMismatch,SkipLocalMismatch,1
TapHeadToTapHead,18.99919999999999493354666666,LocalMismatch,SkipLocalMismatch,1
TapHeadToTapHead,21.50040000000002150040000000,LocalMismatch,SkipLocalMismatch,1
TapHeadToTapHead,21.74974999999997825025,LocalMismatch,SkipLocalMismatch,1
TapHeadToLongNoteHead,0.24826666666666676597333333,LocalMismatch,SkipLocalMismatch,4
TapHeadToLongNoteHead,0.24826666666666676597333333,AmbiguousEvidence,SkipLocalAmbiguity,2
TapHeadToLongNoteHead,0.248266666666666765973333333,LocalMismatch,SkipLocalMismatch,1
TapHeadToLongNoteHead,0.248266666666666765973333333,AmbiguousEvidence,SkipLocalAmbiguity,2
TapHeadToLongNoteHead,0.248266666666666765973333334,LocalMismatch,SkipLocalMismatch,2
TapHeadToLongNoteHead,0.24826666666666676597333334,LocalMismatch,SkipLocalMismatch,1
TapHeadToLongNoteHead,0.24826666666666676597333334,AmbiguousEvidence,SkipLocalAmbiguity,4
TapHeadToLongNoteHead,0.2493333333333334995555555,LocalMismatch,SkipLocalMismatch,1
TapHeadToLongNoteHead,0.2493333333333334995555555,AmbiguousEvidence,SkipLocalAmbiguity,21
TapHeadToLongNoteHead,0.24933333333333349955555555,LocalMismatch,SkipLocalMismatch,1
TapHeadToLongNoteHead,0.24933333333333349955555555,AmbiguousEvidence,SkipLocalAmbiguity,25
TapHeadToLongNoteHead,0.24933333333333349955555556,AmbiguousEvidence,SkipLocalAmbiguity,42
TapHeadToLongNoteHead,0.2493333333333334995555556,LocalMismatch,SkipLocalMismatch,2
TapHeadToLongNoteHead,0.2493333333333334995555556,AmbiguousEvidence,SkipLocalAmbiguity,4
TapHeadToLongNoteHead,0.24990000000000002499,AmbiguousEvidence,SkipLocalAmbiguity,63
TapHeadToLongNoteHead,0.25048333333333343352666666,LocalMismatch,SkipLocalMismatch,4
TapHeadToLongNoteHead,0.25048333333333343352666666,AmbiguousEvidence,SkipLocalAmbiguity,3
TapHeadToLongNoteHead,0.250483333333333433526666666,LocalMismatch,SkipLocalMismatch,1
TapHeadToLongNoteHead,0.250483333333333433526666666,AmbiguousEvidence,SkipLocalAmbiguity,7
TapHeadToLongNoteHead,0.250483333333333433526666667,LocalMismatch,SkipLocalMismatch,1
TapHeadToLongNoteHead,0.250483333333333433526666667,AmbiguousEvidence,SkipLocalAmbiguity,14
TapHeadToLongNoteHead,0.25048333333333343352666667,AmbiguousEvidence,SkipLocalAmbiguity,23
TapHeadToLongNoteHead,0.2521666666666668347777777,LocalMismatch,SkipLocalMismatch,2
TapHeadToLongNoteHead,0.25216666666666683477777777,AmbiguousEvidence,SkipLocalAmbiguity,7
TapHeadToLongNoteHead,0.25216666666666683477777778,LocalMismatch,SkipLocalMismatch,3
TapHeadToLongNoteHead,0.25216666666666683477777778,AmbiguousEvidence,SkipLocalAmbiguity,22
TapHeadToLongNoteHead,0.2521666666666668347777778,LocalMismatch,SkipLocalMismatch,1
TapHeadToLongNoteHead,0.2521666666666668347777778,AmbiguousEvidence,SkipLocalAmbiguity,13
TapHeadToLongNoteHead,0.252450000000000025245,LocalMismatch,SkipLocalMismatch,2
TapHeadToLongNoteHead,0.31166666666666687444444444,LocalMismatch,SkipLocalMismatch,1
TapHeadToLongNoteHead,0.31166666666666687444444445,LocalMismatch,SkipLocalMismatch,1
TapHeadToLongNoteHead,0.31255000000000012502000000,LocalMismatch,SkipLocalMismatch,2
TapHeadToLongNoteHead,0.33150000000000022100000000,LocalMismatch,SkipLocalMismatch,3
TapHeadToLongNoteHead,0.33150000000000022100000000,AmbiguousEvidence,SkipLocalAmbiguity,2
TapHeadToLongNoteHead,0.33250000000000013300000000,AmbiguousEvidence,SkipLocalAmbiguity,2
TapHeadToLongNoteHead,0.3343333333333335562222222,LocalMismatch,SkipLocalMismatch,5
TapHeadToLongNoteHead,0.3343333333333335562222222,AmbiguousEvidence,SkipLocalAmbiguity,2
TapHeadToLongNoteHead,0.3343333333333335562222223,LocalMismatch,SkipLocalMismatch,2
TapHeadToLongNoteHead,0.37253333333333323399111111,LocalMismatch,SkipLocalMismatch,2
TapHeadToLongNoteHead,0.37400000000000024933333333,LocalMismatch,SkipLocalMismatch,1
TapHeadToLongNoteHead,0.37400000000000024933333333,AmbiguousEvidence,SkipLocalAmbiguity,4
TapHeadToLongNoteHead,0.37400000000000024933333334,LocalMismatch,SkipLocalMismatch,3
TapHeadToLongNoteHead,0.37461666666666681651333333,LocalMismatch,SkipLocalMismatch,2
TapHeadToLongNoteHead,0.37461666666666681651333333,AmbiguousEvidence,SkipLocalAmbiguity,8
TapHeadToLongNoteHead,0.374616666666666816513333333,LocalMismatch,SkipLocalMismatch,4
TapHeadToLongNoteHead,0.374616666666666816513333334,LocalMismatch,SkipLocalMismatch,3
TapHeadToLongNoteHead,0.37461666666666681651333334,LocalMismatch,SkipLocalMismatch,3
TapHeadToLongNoteHead,0.37461666666666681651333334,AmbiguousEvidence,SkipLocalAmbiguity,7
TapHeadToLongNoteHead,0.374850000000000037485,AmbiguousEvidence,SkipLocalAmbiguity,14
TapHeadToLongNoteHead,0.37546666666666656654222222,LocalMismatch,SkipLocalMismatch,1
TapHeadToLongNoteHead,0.37546666666666656654222222,AmbiguousEvidence,SkipLocalAmbiguity,2
TapHeadToLongNoteHead,0.37546666666666656654222223,LocalMismatch,SkipLocalMismatch,1
TapHeadToLongNoteHead,0.37546666666666656654222223,AmbiguousEvidence,SkipLocalAmbiguity,2
TapHeadToLongNoteHead,0.37683333333333348406666666,LocalMismatch,SkipLocalMismatch,1
TapHeadToLongNoteHead,0.376833333333333484066666667,LocalMismatch,SkipLocalMismatch,1
TapHeadToLongNoteHead,0.37683333333333348406666667,LocalMismatch,SkipLocalMismatch,2
TapHeadToLongNoteHead,0.37683333333333358455555555,LocalMismatch,SkipLocalMismatch,3
TapHeadToLongNoteHead,0.37683333333333358455555556,LocalMismatch,SkipLocalMismatch,1
TapHeadToLongNoteHead,0.37683333333333358455555556,AmbiguousEvidence,SkipLocalAmbiguity,2
TapHeadToLongNoteHead,0.37740000000000003774,LocalMismatch,SkipLocalMismatch,1
TapHeadToLongNoteHead,0.38250000000000003825,LocalMismatch,SkipLocalMismatch,2
TapHeadToLongNoteHead,0.382500000000000038250,AmbiguousEvidence,SkipLocalAmbiguity,2
TapHeadToLongNoteHead,0.39950000000000026633333334,LocalMismatch,SkipLocalMismatch,2
TapHeadToLongNoteHead,0.400350000000000040035,LocalMismatch,SkipLocalMismatch,1
TapHeadToLongNoteHead,0.40290000000000004029,LocalMismatch,SkipLocalMismatch,1
TapHeadToLongNoteHead,0.41650000000000027766666666,LocalMismatch,SkipLocalMismatch,2
TapHeadToLongNoteHead,0.41933333333333361288888889,LocalMismatch,SkipLocalMismatch,1
TapHeadToLongNoteHead,0.4363333333333336242222222,AmbiguousEvidence,SkipLocalAmbiguity,15
TapHeadToLongNoteHead,0.43633333333333362422222222,LocalMismatch,SkipLocalMismatch,2
TapHeadToLongNoteHead,0.43633333333333362422222222,AmbiguousEvidence,SkipLocalAmbiguity,2
TapHeadToLongNoteHead,0.4363333333333336242222223,LocalMismatch,SkipLocalMismatch,1
TapHeadToLongNoteHead,0.43668333333333350800666666,LocalMismatch,SkipLocalMismatch,3
TapHeadToLongNoteHead,0.43668333333333350800666666,AmbiguousEvidence,SkipLocalAmbiguity,12
TapHeadToLongNoteHead,0.43668333333333350800666667,LocalMismatch,SkipLocalMismatch,1
TapHeadToLongNoteHead,0.43668333333333350800666667,AmbiguousEvidence,SkipLocalAmbiguity,21
TapHeadToLongNoteHead,0.43706666666666655011555555,LocalMismatch,SkipLocalMismatch,3
TapHeadToLongNoteHead,0.43706666666666655011555556,LocalMismatch,SkipLocalMismatch,2
TapHeadToLongNoteHead,0.43706666666666655011555556,AmbiguousEvidence,SkipLocalAmbiguity,2
TapHeadToLongNoteHead,0.43890000000000017556000000,LocalMismatch,SkipLocalMismatch,1
TapHeadToLongNoteHead,0.43890000000000017556000000,AmbiguousEvidence,SkipLocalAmbiguity,24
TapHeadToLongNoteHead,0.4391666666666669594444444,LocalMismatch,SkipLocalMismatch,1
TapHeadToLongNoteHead,0.4391666666666669594444444,AmbiguousEvidence,SkipLocalAmbiguity,10
TapHeadToLongNoteHead,0.43916666666666695944444444,LocalMismatch,SkipLocalMismatch,1
TapHeadToLongNoteHead,0.43916666666666695944444445,LocalMismatch,SkipLocalMismatch,2
TapHeadToLongNoteHead,0.4391666666666669594444445,LocalMismatch,SkipLocalMismatch,3
TapHeadToLongNoteHead,0.4391666666666669594444445,AmbiguousEvidence,SkipLocalAmbiguity,3
TapHeadToLongNoteHead,0.43999999999999988266666666,LocalMismatch,SkipLocalMismatch,1
TapHeadToLongNoteHead,0.43999999999999988266666667,LocalMismatch,SkipLocalMismatch,2
TapHeadToLongNoteHead,0.498000000000000498,LocalMismatch,SkipLocalMismatch,1
TapHeadToLongNoteHead,0.498000000000000498,AmbiguousEvidence,SkipLocalAmbiguity,22
TapHeadToLongNoteHead,0.49866666666666653368888888,AmbiguousEvidence,SkipLocalAmbiguity,56
TapHeadToLongNoteHead,0.498666666666666533688888888,LocalMismatch,SkipLocalMismatch,1
TapHeadToLongNoteHead,0.498666666666666533688888889,LocalMismatch,SkipLocalMismatch,1
TapHeadToLongNoteHead,0.49866666666666653368888889,AmbiguousEvidence,SkipLocalAmbiguity,492
TapHeadToLongNoteHead,0.4986666666666669991111111,AmbiguousEvidence,SkipLocalAmbiguity,32
TapHeadToLongNoteHead,0.49866666666666699911111111,AmbiguousEvidence,SkipLocalAmbiguity,69
TapHeadToLongNoteHead,0.49866666666666699911111112,LocalMismatch,SkipLocalMismatch,3
TapHeadToLongNoteHead,0.49866666666666699911111112,AmbiguousEvidence,SkipLocalAmbiguity,3
TapHeadToLongNoteHead,0.4986666666666669991111112,LocalMismatch,SkipLocalMismatch,2
TapHeadToLongNoteHead,0.498750000000000199500000000,AmbiguousEvidence,SkipLocalAmbiguity,91
TapHeadToLongNoteHead,0.49910000000000019964000000,LocalMismatch,SkipLocalMismatch,1
TapHeadToLongNoteHead,0.49933333333333283400000000,LocalMismatch,SkipLocalMismatch,1
TapHeadToLongNoteHead,0.49980000000000004998,AmbiguousEvidence,SkipLocalAmbiguity,142
TapHeadToLongNoteHead,0.5002000000000005002,LocalMismatch,SkipLocalMismatch,3
TapHeadToLongNoteHead,0.5004999999999994995,LocalMismatch,SkipLocalMismatch,4
TapHeadToLongNoteHead,0.5004999999999994995,AmbiguousEvidence,SkipLocalAmbiguity,4
TapHeadToLongNoteHead,0.50096666666666686705333333,AmbiguousEvidence,SkipLocalAmbiguity,79
TapHeadToLongNoteHead,0.500966666666666867053333333,LocalMismatch,SkipLocalMismatch,1
TapHeadToLongNoteHead,0.500966666666666867053333333,AmbiguousEvidence,SkipLocalAmbiguity,2
TapHeadToLongNoteHead,0.500966666666666867053333334,LocalMismatch,SkipLocalMismatch,2
TapHeadToLongNoteHead,0.500966666666666867053333334,AmbiguousEvidence,SkipLocalAmbiguity,2
TapHeadToLongNoteHead,0.50096666666666686705333334,AmbiguousEvidence,SkipLocalAmbiguity,36
TapHeadToLongNoteHead,0.501000000000000501,AmbiguousEvidence,SkipLocalAmbiguity,70
TapHeadToLongNoteHead,0.5014000000000002507,LocalMismatch,SkipLocalMismatch,1
TapHeadToLongNoteHead,0.5015000000000003343333333,AmbiguousEvidence,SkipLocalAmbiguity,38
TapHeadToLongNoteHead,0.50150000000000033433333333,AmbiguousEvidence,SkipLocalAmbiguity,41
TapHeadToLongNoteHead,0.50150000000000033433333334,LocalMismatch,SkipLocalMismatch,1
TapHeadToLongNoteHead,0.50150000000000033433333334,AmbiguousEvidence,SkipLocalAmbiguity,24
TapHeadToLongNoteHead,0.5015000000000003343333334,LocalMismatch,SkipLocalMismatch,1
TapHeadToLongNoteHead,0.5015000000000003343333334,AmbiguousEvidence,SkipLocalAmbiguity,14
TapHeadToLongNoteHead,0.50159999999999986624,AmbiguousEvidence,SkipLocalAmbiguity,474
TapHeadToLongNoteHead,0.50166666666666616500000000,LocalMismatch,SkipLocalMismatch,1
TapHeadToLongNoteHead,0.502350000000000050235,AmbiguousEvidence,SkipLocalAmbiguity,9
TapHeadToLongNoteHead,0.553350000000000055335,LocalMismatch,SkipLocalMismatch,1
TapHeadToLongNoteHead,0.55590000000000005559,LocalMismatch,SkipLocalMismatch,2
TapHeadToLongNoteHead,0.56081666666666689099333334,LocalMismatch,SkipLocalMismatch,1
TapHeadToLongNoteHead,0.56100000000000037400000000,LocalMismatch,SkipLocalMismatch,1
TapHeadToLongNoteHead,0.56303333333333355854666666,LocalMismatch,SkipLocalMismatch,2
TapHeadToLongNoteHead,0.56303333333333355854666666,AmbiguousEvidence,SkipLocalAmbiguity,2
TapHeadToLongNoteHead,0.56303333333333355854666667,LocalMismatch,SkipLocalMismatch,3
TapHeadToLongNoteHead,0.56319999999999984981333333,LocalMismatch,SkipLocalMismatch,1
TapHeadToLongNoteHead,0.56319999999999984981333334,LocalMismatch,SkipLocalMismatch,2
TapHeadToLongNoteHead,0.58298333333333356652666667,LocalMismatch,SkipLocalMismatch,1
TapHeadToLongNoteHead,0.58366666666666705577777777,LocalMismatch,SkipLocalMismatch,2
TapHeadToLongNoteHead,0.59783333333333373188888889,LocalMismatch,SkipLocalMismatch,1
TapHeadToLongNoteHead,0.60066666666666706711111111,LocalMismatch,SkipLocalMismatch,1
TapHeadToLongNoteHead,0.6035000000000004023333333,LocalMismatch,SkipLocalMismatch,1
TapHeadToLongNoteHead,0.61766666666666707844444444,LocalMismatch,SkipLocalMismatch,1
TapHeadToLongNoteHead,0.62333333333333374888888889,LocalMismatch,SkipLocalMismatch,1
TapHeadToLongNoteHead,0.62333333333333374888888889,AmbiguousEvidence,SkipLocalAmbiguity,2
TapHeadToLongNoteHead,0.6233333333333337488888889,AmbiguousEvidence,SkipLocalAmbiguity,2
TapHeadToLongNoteHead,0.624750000000000062475,LocalMismatch,SkipLocalMismatch,4
TapHeadToLongNoteHead,0.624750000000000062475,AmbiguousEvidence,SkipLocalAmbiguity,10
TapHeadToLongNoteHead,0.62479999999999983338666667,LocalMismatch,SkipLocalMismatch,2
TapHeadToLongNoteHead,0.62510000000000025004000000,LocalMismatch,SkipLocalMismatch,1
TapHeadToLongNoteHead,0.625100000000000250040000000,AmbiguousEvidence,SkipLocalAmbiguity,21
TapHeadToLongNoteHead,0.62616666666666708411111111,LocalMismatch,SkipLocalMismatch,2
TapHeadToLongNoteHead,0.62616666666666708411111111,AmbiguousEvidence,SkipLocalAmbiguity,3
TapHeadToLongNoteHead,0.62616666666666708411111112,LocalMismatch,SkipLocalMismatch,1
TapHeadToLongNoteHead,0.62730000000000006273,LocalMismatch,SkipLocalMismatch,1
TapHeadToLongNoteHead,0.66503333333333275697111111,LocalMismatch,SkipLocalMismatch,1
TapHeadToLongNoteHead,0.6658333333333337772222222,LocalMismatch,SkipLocalMismatch,4
TapHeadToLongNoteHead,0.6658333333333337772222222,AmbiguousEvidence,SkipLocalAmbiguity,8
TapHeadToLongNoteHead,0.66583333333333377722222222,LocalMismatch,SkipLocalMismatch,1
TapHeadToLongNoteHead,0.6658333333333337772222223,LocalMismatch,SkipLocalMismatch,3
TapHeadToLongNoteHead,0.6658333333333337772222223,AmbiguousEvidence,SkipLocalAmbiguity,4
TapHeadToLongNoteHead,0.66721666666666693355333333,LocalMismatch,SkipLocalMismatch,1
TapHeadToLongNoteHead,0.66721666666666693355333334,LocalMismatch,SkipLocalMismatch,1
TapHeadToLongNoteHead,0.66739999999999942158666667,LocalMismatch,SkipLocalMismatch,1
TapHeadToLongNoteHead,0.6686666666666671124444444,LocalMismatch,SkipLocalMismatch,3
TapHeadToLongNoteHead,0.66866666666666711244444445,LocalMismatch,SkipLocalMismatch,1
TapHeadToLongNoteHead,0.6686666666666671124444445,LocalMismatch,SkipLocalMismatch,2
TapHeadToLongNoteHead,0.6856666666666671237777778,LocalMismatch,SkipLocalMismatch,1
TapHeadToLongNoteHead,0.68716666666666694153333333,LocalMismatch,SkipLocalMismatch,1
TapHeadToLongNoteHead,0.68716666666666694153333334,LocalMismatch,SkipLocalMismatch,2
TapHeadToLongNoteHead,0.68850000000000045900000000,LocalMismatch,SkipLocalMismatch,2
TapHeadToLongNoteHead,0.68933333333333314951111111,LocalMismatch,SkipLocalMismatch,1
TapHeadToLongNoteHead,0.69983333333333379988888888,LocalMismatch,SkipLocalMismatch,1
TapHeadToLongNoteHead,0.70890000000000007089,LocalMismatch,SkipLocalMismatch,2
TapHeadToLongNoteHead,0.74516666666666716344444444,LocalMismatch,SkipLocalMismatch,1
TapHeadToLongNoteHead,0.74799999999999980053333333,LocalMismatch,SkipLocalMismatch,1
TapHeadToLongNoteHead,0.74799999999999980053333333,AmbiguousEvidence,SkipLocalAmbiguity,28
TapHeadToLongNoteHead,0.74799999999999980053333334,LocalMismatch,SkipLocalMismatch,3
TapHeadToLongNoteHead,0.74799999999999980053333334,AmbiguousEvidence,SkipLocalAmbiguity,4
TapHeadToLongNoteHead,0.7480000000000004986666666,LocalMismatch,SkipLocalMismatch,2
TapHeadToLongNoteHead,0.7480000000000004986666666,AmbiguousEvidence,SkipLocalAmbiguity,4
TapHeadToLongNoteHead,0.74800000000000049866666666,LocalMismatch,SkipLocalMismatch,3
TapHeadToLongNoteHead,0.74800000000000049866666666,AmbiguousEvidence,SkipLocalAmbiguity,4
TapHeadToLongNoteHead,0.74800000000000049866666667,LocalMismatch,SkipLocalMismatch,3
TapHeadToLongNoteHead,0.74800000000000049866666667,AmbiguousEvidence,SkipLocalAmbiguity,6
TapHeadToLongNoteHead,0.7480000000000004986666667,LocalMismatch,SkipLocalMismatch,5
TapHeadToLongNoteHead,0.7480000000000004986666667,AmbiguousEvidence,SkipLocalAmbiguity,3
TapHeadToLongNoteHead,0.7484666666666670409,LocalMismatch,SkipLocalMismatch,1
TapHeadToLongNoteHead,0.7492333333333325841,LocalMismatch,SkipLocalMismatch,2
TapHeadToLongNoteHead,0.7492333333333325841,AmbiguousEvidence,SkipLocalAmbiguity,10
TapHeadToLongNoteHead,0.74923333333333363302666666,LocalMismatch,SkipLocalMismatch,4
TapHeadToLongNoteHead,0.74923333333333363302666666,AmbiguousEvidence,SkipLocalAmbiguity,3
TapHeadToLongNoteHead,0.749233333333333633026666666,LocalMismatch,SkipLocalMismatch,1
TapHeadToLongNoteHead,0.749233333333333633026666667,LocalMismatch,SkipLocalMismatch,1
TapHeadToLongNoteHead,0.74923333333333363302666667,LocalMismatch,SkipLocalMismatch,3
TapHeadToLongNoteHead,0.74923333333333363302666667,AmbiguousEvidence,SkipLocalAmbiguity,15
TapHeadToLongNoteHead,0.749700000000000074970,LocalMismatch,SkipLocalMismatch,1
TapHeadToLongNoteHead,0.74970000000000007497,AmbiguousEvidence,SkipLocalAmbiguity,46
TapHeadToLongNoteHead,0.74980000000000029992000000,LocalMismatch,SkipLocalMismatch,1
TapHeadToLongNoteHead,0.750000000000000750,AmbiguousEvidence,SkipLocalAmbiguity,43
TapHeadToLongNoteHead,0.7508333333333338338888888,AmbiguousEvidence,SkipLocalAmbiguity,2
TapHeadToLongNoteHead,0.75083333333333383388888888,LocalMismatch,SkipLocalMismatch,1
TapHeadToLongNoteHead,0.75083333333333383388888889,LocalMismatch,SkipLocalMismatch,2
TapHeadToLongNoteHead,0.75083333333333383388888889,AmbiguousEvidence,SkipLocalAmbiguity,28
TapHeadToLongNoteHead,0.7508333333333338338888889,AmbiguousEvidence,SkipLocalAmbiguity,21
TapHeadToLongNoteHead,0.75093333333333313308444444,AmbiguousEvidence,SkipLocalAmbiguity,37
TapHeadToLongNoteHead,0.75093333333333313308444445,LocalMismatch,SkipLocalMismatch,1
TapHeadToLongNoteHead,0.75093333333333313308444445,AmbiguousEvidence,SkipLocalAmbiguity,28
TapHeadToLongNoteHead,0.75145000000000030058,AmbiguousEvidence,SkipLocalAmbiguity,21
TapHeadToLongNoteHead,0.75210000000000037605,LocalMismatch,SkipLocalMismatch,1
TapHeadToLongNoteHead,0.752250000000000075225,LocalMismatch,SkipLocalMismatch,2
TapHeadToLongNoteHead,0.752250000000000075225,AmbiguousEvidence,SkipLocalAmbiguity,6
TapHeadToLongNoteHead,0.7522666666666659144,LocalMismatch,SkipLocalMismatch,1
TapHeadToLongNoteHead,0.7706666666666671804444445,LocalMismatch,SkipLocalMismatch,1
TapHeadToLongNoteHead,0.79900000000000053266666666,LocalMismatch,SkipLocalMismatch,1
TapHeadToLongNoteHead,0.81130000000000032452000000,LocalMismatch,SkipLocalMismatch,1
TapHeadToLongNoteHead,0.8131666666666672087777778,LocalMismatch,SkipLocalMismatch,1
TapHeadToLongNoteHead,0.8330000000000005553333333,LocalMismatch,SkipLocalMismatch,4
TapHeadToLongNoteHead,0.8330000000000005553333334,LocalMismatch,SkipLocalMismatch,4
TapHeadToLongNoteHead,0.83346666666666700005333333,LocalMismatch,SkipLocalMismatch,2
TapHeadToLongNoteHead,0.834000000000000834,LocalMismatch,SkipLocalMismatch,2
TapHeadToLongNoteHead,0.87336666666666701601333333,LocalMismatch,SkipLocalMismatch,1
TapHeadToLongNoteHead,0.87413333333333310023111111,LocalMismatch,SkipLocalMismatch,1
TapHeadToLongNoteHead,0.87413333333333310023111112,LocalMismatch,SkipLocalMismatch,1
TapHeadToLongNoteHead,0.874650000000000087465,LocalMismatch,SkipLocalMismatch,3
TapHeadToLongNoteHead,0.874650000000000087465,AmbiguousEvidence,SkipLocalAmbiguity,2
TapHeadToLongNoteHead,0.87550000000000058366666666,LocalMismatch,SkipLocalMismatch,2
TapHeadToLongNoteHead,0.87550000000000058366666667,LocalMismatch,SkipLocalMismatch,4
TapHeadToLongNoteHead,0.87550000000000058366666667,AmbiguousEvidence,SkipLocalAmbiguity,2
TapHeadToLongNoteHead,0.875583333333333683566666666,LocalMismatch,SkipLocalMismatch,1
TapHeadToLongNoteHead,0.87558333333333368356666667,LocalMismatch,SkipLocalMismatch,1
TapHeadToLongNoteHead,0.87720000000000008772,LocalMismatch,SkipLocalMismatch,2
TapHeadToLongNoteHead,0.918000000000000918,LocalMismatch,SkipLocalMismatch,2
TapHeadToLongNoteHead,0.9350000000000006233333333,LocalMismatch,SkipLocalMismatch,3
TapHeadToLongNoteHead,0.9350000000000006233333333,AmbiguousEvidence,SkipLocalAmbiguity,6
TapHeadToLongNoteHead,0.9350000000000006233333334,LocalMismatch,SkipLocalMismatch,2
TapHeadToLongNoteHead,0.9350000000000006233333334,AmbiguousEvidence,SkipLocalAmbiguity,2
TapHeadToLongNoteHead,0.93765000000000037506,LocalMismatch,SkipLocalMismatch,1
TapHeadToLongNoteHead,0.93765000000000037506,AmbiguousEvidence,SkipLocalAmbiguity,6
TapHeadToLongNoteHead,0.9378333333333339585555555,AmbiguousEvidence,SkipLocalAmbiguity,37
TapHeadToLongNoteHead,0.9378333333333339585555556,AmbiguousEvidence,SkipLocalAmbiguity,53
TapHeadToLongNoteHead,0.93866666666666641635555555,LocalMismatch,SkipLocalMismatch,1
TapHeadToLongNoteHead,0.99450000000000066300000000,LocalMismatch,SkipLocalMismatch,1
TapHeadToLongNoteHead,0.99733333333333306737777777,LocalMismatch,SkipLocalMismatch,2
TapHeadToLongNoteHead,0.997333333333333067377777778,LocalMismatch,SkipLocalMismatch,1
TapHeadToLongNoteHead,0.99733333333333306737777778,LocalMismatch,SkipLocalMismatch,1
TapHeadToLongNoteHead,0.99733333333333306737777778,AmbiguousEvidence,SkipLocalAmbiguity,5
TapHeadToLongNoteHead,0.9973333333333339982222222,LocalMismatch,SkipLocalMismatch,3
TapHeadToLongNoteHead,0.99733333333333399822222222,LocalMismatch,SkipLocalMismatch,2
TapHeadToLongNoteHead,0.99766666666666766433333333,LocalMismatch,SkipLocalMismatch,1
TapHeadToLongNoteHead,0.9979666666666656687,LocalMismatch,SkipLocalMismatch,4
TapHeadToLongNoteHead,0.9979666666666656687,AmbiguousEvidence,SkipLocalAmbiguity,5
TapHeadToLongNoteHead,0.99820000000000039928000000,LocalMismatch,SkipLocalMismatch,1
TapHeadToLongNoteHead,0.99873333333333246776444444,LocalMismatch,SkipLocalMismatch,1
TapHeadToLongNoteHead,0.999000000000000999,AmbiguousEvidence,SkipLocalAmbiguity,22
TapHeadToLongNoteHead,0.99916666666666716625,LocalMismatch,SkipLocalMismatch,3
TapHeadToLongNoteHead,0.99960000000000009996,AmbiguousEvidence,SkipLocalAmbiguity,32
TapHeadToLongNoteHead,0.99971666666666706655333333,LocalMismatch,SkipLocalMismatch,1
TapHeadToLongNoteHead,0.99971666666666706655333333,AmbiguousEvidence,SkipLocalAmbiguity,27
TapHeadToLongNoteHead,0.999716666666667066553333333,LocalMismatch,SkipLocalMismatch,4
TapHeadToLongNoteHead,0.9997166666666670665533333333,LocalMismatch,SkipLocalMismatch,1
TapHeadToLongNoteHead,0.999716666666667066553333334,LocalMismatch,SkipLocalMismatch,1
TapHeadToLongNoteHead,0.99971666666666706655333334,LocalMismatch,SkipLocalMismatch,3
TapHeadToLongNoteHead,0.99971666666666706655333334,AmbiguousEvidence,SkipLocalAmbiguity,8
TapHeadToLongNoteHead,1.0001666666666673334444444,AmbiguousEvidence,SkipLocalAmbiguity,32
TapHeadToLongNoteHead,1.00016666666666733344444444,LocalMismatch,SkipLocalMismatch,4
TapHeadToLongNoteHead,1.00016666666666733344444444,AmbiguousEvidence,SkipLocalAmbiguity,5
TapHeadToLongNoteHead,1.00016666666666733344444445,LocalMismatch,SkipLocalMismatch,1
TapHeadToLongNoteHead,1.00016666666666733344444445,AmbiguousEvidence,SkipLocalAmbiguity,6
TapHeadToLongNoteHead,1.0001666666666673334444445,LocalMismatch,SkipLocalMismatch,1
TapHeadToLongNoteHead,1.0001666666666673334444445,AmbiguousEvidence,SkipLocalAmbiguity,23
TapHeadToLongNoteHead,1.00026666666666639992888888,LocalMismatch,SkipLocalMismatch,2
TapHeadToLongNoteHead,1.00026666666666639992888888,AmbiguousEvidence,SkipLocalAmbiguity,7
TapHeadToLongNoteHead,1.000266666666666399928888889,LocalMismatch,SkipLocalMismatch,1
TapHeadToLongNoteHead,1.000266666666666399928888889,AmbiguousEvidence,SkipLocalAmbiguity,2
TapHeadToLongNoteHead,1.00026666666666639992888889,AmbiguousEvidence,SkipLocalAmbiguity,97
TapHeadToLongNoteHead,1.0004000000000010004,LocalMismatch,SkipLocalMismatch,3
TapHeadToLongNoteHead,1.0004000000000010004,AmbiguousEvidence,SkipLocalAmbiguity,3
TapHeadToLongNoteHead,1.00050000000000040020000000,LocalMismatch,SkipLocalMismatch,3
TapHeadToLongNoteHead,1.00099999999999899900000000,LocalMismatch,SkipLocalMismatch,1
TapHeadToLongNoteHead,1.0009999999999989990,AmbiguousEvidence,SkipLocalAmbiguity,34
TapHeadToLongNoteHead,1.00109999999999913238000000,LocalMismatch,SkipLocalMismatch,1
TapHeadToLongNoteHead,1.00193333333333373410666666,LocalMismatch,SkipLocalMismatch,3
TapHeadToLongNoteHead,1.00193333333333373410666667,LocalMismatch,SkipLocalMismatch,1
TapHeadToLongNoteHead,1.00193333333333373410666667,AmbiguousEvidence,SkipLocalAmbiguity,2
TapHeadToLongNoteHead,1.002000000000001002,LocalMismatch,SkipLocalMismatch,1
TapHeadToLongNoteHead,1.002000000000001002,AmbiguousEvidence,SkipLocalAmbiguity,7
TapHeadToLongNoteHead,1.002150000000000100215,LocalMismatch,SkipLocalMismatch,5
TapHeadToLongNoteHead,1.002150000000000100215,AmbiguousEvidence,SkipLocalAmbiguity,3
TapHeadToLongNoteHead,1.0028000000000005014,LocalMismatch,SkipLocalMismatch,2
TapHeadToLongNoteHead,1.0200000000000001020,LocalMismatch,SkipLocalMismatch,1
TapHeadToLongNoteHead,1.06178333333333375804666666,LocalMismatch,SkipLocalMismatch,1
TapHeadToLongNoteHead,1.06178333333333375804666667,LocalMismatch,SkipLocalMismatch,1
TapHeadToLongNoteHead,1.0625000000000007083333333,LocalMismatch,SkipLocalMismatch,1
TapHeadToLongNoteHead,1.07100000000000010710,LocalMismatch,SkipLocalMismatch,1
TapHeadToLongNoteHead,1.08173333333333376602666667,LocalMismatch,SkipLocalMismatch,1
TapHeadToLongNoteHead,1.08395000000000043358000000,LocalMismatch,SkipLocalMismatch,1
TapHeadToLongNoteHead,1.086000000000001086,LocalMismatch,SkipLocalMismatch,1
TapHeadToLongNoteHead,1.1021666666666674014444445,LocalMismatch,SkipLocalMismatch,1
TapHeadToLongNoteHead,1.104150000000000110415,LocalMismatch,SkipLocalMismatch,1
TapHeadToLongNoteHead,1.1050000000000007366666666,LocalMismatch,SkipLocalMismatch,1
TapHeadToLongNoteHead,1.109250000000000110925,LocalMismatch,SkipLocalMismatch,1
TapHeadToLongNoteHead,1.11180000000000011118,LocalMismatch,SkipLocalMismatch,1
TapHeadToLongNoteHead,1.123850000000000449540000000,LocalMismatch,SkipLocalMismatch,1
TapHeadToLongNoteHead,1.124550000000000112455,LocalMismatch,SkipLocalMismatch,3
TapHeadToLongNoteHead,1.1248333333333340832222222,LocalMismatch,SkipLocalMismatch,1
TapHeadToLongNoteHead,1.12483333333333408322222222,LocalMismatch,SkipLocalMismatch,1
TapHeadToLongNoteHead,1.12483333333333408322222222,AmbiguousEvidence,SkipLocalAmbiguity,2
TapHeadToLongNoteHead,1.12606666666666711709333333,LocalMismatch,SkipLocalMismatch,1
TapHeadToLongNoteHead,1.16433333333333216900000000,LocalMismatch,SkipLocalMismatch,1
TapHeadToLongNoteHead,1.1645000000000007763333334,LocalMismatch,SkipLocalMismatch,1
TapHeadToLongNoteHead,1.16596666666666713305333333,LocalMismatch,SkipLocalMismatch,1
TapHeadToLongNoteHead,1.167000000000001167,LocalMismatch,SkipLocalMismatch,1
TapHeadToLongNoteHead,1.1673333333333341115555555,LocalMismatch,SkipLocalMismatch,1
TapHeadToLongNoteHead,1.16733333333333411155555555,LocalMismatch,SkipLocalMismatch,1
TapHeadToLongNoteHead,1.1673333333333341115555556,LocalMismatch,SkipLocalMismatch,1
TapHeadToLongNoteHead,1.1871666666666674581111111,LocalMismatch,SkipLocalMismatch,1
TapHeadToLongNoteHead,1.18716666666666745811111111,LocalMismatch,SkipLocalMismatch,1
TapHeadToLongNoteHead,1.20870000000000012087,LocalMismatch,SkipLocalMismatch,1
TapHeadToLongNoteHead,1.24798333333333383252666666,LocalMismatch,SkipLocalMismatch,1
TapHeadToLongNoteHead,1.247983333333333832526666667,LocalMismatch,SkipLocalMismatch,1
TapHeadToLongNoteHead,1.24798333333333383252666667,LocalMismatch,SkipLocalMismatch,1
TapHeadToLongNoteHead,1.248000000000001248,LocalMismatch,SkipLocalMismatch,1
TapHeadToLongNoteHead,1.24833333333333383266666667,LocalMismatch,SkipLocalMismatch,1
TapHeadToLongNoteHead,1.24913333333333458246666666,LocalMismatch,SkipLocalMismatch,1
TapHeadToLongNoteHead,1.24950000000000012495,AmbiguousEvidence,SkipLocalAmbiguity,9
TapHeadToLongNoteHead,1.24950000000000083300000000,LocalMismatch,SkipLocalMismatch,4
TapHeadToLongNoteHead,1.24950000000000083300000000,AmbiguousEvidence,SkipLocalAmbiguity,8
TapHeadToLongNoteHead,1.24959999999999966677333333,LocalMismatch,SkipLocalMismatch,4
TapHeadToLongNoteHead,1.249599999999999666773333333,LocalMismatch,SkipLocalMismatch,1
TapHeadToLongNoteHead,1.24959999999999966677333334,LocalMismatch,SkipLocalMismatch,3
TapHeadToLongNoteHead,1.24959999999999966677333334,AmbiguousEvidence,SkipLocalAmbiguity,4
TapHeadToLongNoteHead,1.2497333333333320836,LocalMismatch,SkipLocalMismatch,4
TapHeadToLongNoteHead,1.2497333333333320836,AmbiguousEvidence,SkipLocalAmbiguity,4
TapHeadToLongNoteHead,1.25020000000000050008000000,LocalMismatch,SkipLocalMismatch,2
TapHeadToLongNoteHead,1.250200000000000500080000000,AmbiguousEvidence,SkipLocalAmbiguity,8
TapHeadToLongNoteHead,1.251000000000001251,LocalMismatch,SkipLocalMismatch,4
TapHeadToLongNoteHead,1.252050000000000125205,LocalMismatch,SkipLocalMismatch,1
TapHeadToLongNoteHead,1.2523333333333341682222223,LocalMismatch,SkipLocalMismatch,2
TapHeadToLongNoteHead,1.25253333333333299932444444,AmbiguousEvidence,SkipLocalAmbiguity,2
TapHeadToLongNoteHead,1.25253333333333299932444445,LocalMismatch,SkipLocalMismatch,2
TapHeadToLongNoteHead,1.26480000000000012648,LocalMismatch,SkipLocalMismatch,1
TapHeadToLongNoteHead,1.30050000000000086700000000,LocalMismatch,SkipLocalMismatch,1
TapHeadToLongNoteHead,1.31226666666666719157333333,LocalMismatch,SkipLocalMismatch,1
TapHeadToLongNoteHead,1.31226666666666719157333334,LocalMismatch,SkipLocalMismatch,2
TapHeadToLongNoteHead,1.318350000000000131835,LocalMismatch,SkipLocalMismatch,1
TapHeadToLongNoteHead,1.37433333333333388306666667,LocalMismatch,SkipLocalMismatch,1
TapHeadToLongNoteHead,1.37700000000000091800000000,LocalMismatch,SkipLocalMismatch,2
TapHeadToLongNoteHead,1.412700000000000141270,LocalMismatch,SkipLocalMismatch,1
TapHeadToLongNoteHead,1.4365000000000009576666666,LocalMismatch,SkipLocalMismatch,2
TapHeadToLongNoteHead,1.43650000000000095766666667,LocalMismatch,SkipLocalMismatch,1
TapHeadToLongNoteHead,1.4365000000000009576666667,LocalMismatch,SkipLocalMismatch,2
TapHeadToLongNoteHead,1.4365000000000009576666667,AmbiguousEvidence,SkipLocalAmbiguity,6
TapHeadToLongNoteHead,1.43861666666666724211333333,LocalMismatch,SkipLocalMismatch,1
TapHeadToLongNoteHead,1.4393333333333342928888889,LocalMismatch,SkipLocalMismatch,2
TapHeadToLongNoteHead,1.4393333333333342928888889,AmbiguousEvidence,SkipLocalAmbiguity,2
TapHeadToLongNoteHead,1.49693333333333408180,LocalMismatch,SkipLocalMismatch,3
TapHeadToLongNoteHead,1.49693333333333408180,AmbiguousEvidence,SkipLocalAmbiguity,2
TapHeadToLongNoteHead,1.49786666666666816453333333,LocalMismatch,SkipLocalMismatch,2
TapHeadToLongNoteHead,1.4984666666666651682,LocalMismatch,SkipLocalMismatch,4
TapHeadToLongNoteHead,1.4984666666666651682,AmbiguousEvidence,SkipLocalAmbiguity,7
TapHeadToLongNoteHead,1.49846666666666726605333333,LocalMismatch,SkipLocalMismatch,2
TapHeadToLongNoteHead,1.498466666666667266053333333,LocalMismatch,SkipLocalMismatch,4
TapHeadToLongNoteHead,1.498466666666667266053333334,LocalMismatch,SkipLocalMismatch,1
TapHeadToLongNoteHead,1.49846666666666726605333334,LocalMismatch,SkipLocalMismatch,1
TapHeadToLongNoteHead,1.4988333333333343325555555,LocalMismatch,SkipLocalMismatch,1
TapHeadToLongNoteHead,1.4988333333333343325555555,AmbiguousEvidence,SkipLocalAmbiguity,8
TapHeadToLongNoteHead,1.49883333333333433255555555,LocalMismatch,SkipLocalMismatch,1
TapHeadToLongNoteHead,1.4988333333333343325555556,LocalMismatch,SkipLocalMismatch,3
TapHeadToLongNoteHead,1.49893333333333293361777777,LocalMismatch,SkipLocalMismatch,3
TapHeadToLongNoteHead,1.49893333333333293361777777,AmbiguousEvidence,SkipLocalAmbiguity,2
TapHeadToLongNoteHead,1.498933333333332933617777777,LocalMismatch,SkipLocalMismatch,1
TapHeadToLongNoteHead,1.498933333333332933617777778,LocalMismatch,SkipLocalMismatch,1
TapHeadToLongNoteHead,1.49893333333333293361777778,LocalMismatch,SkipLocalMismatch,4
TapHeadToLongNoteHead,1.49893333333333293361777778,AmbiguousEvidence,SkipLocalAmbiguity,3
TapHeadToLongNoteHead,1.499400000000000149940,LocalMismatch,SkipLocalMismatch,1
TapHeadToLongNoteHead,1.49940000000000014994,AmbiguousEvidence,SkipLocalAmbiguity,9
TapHeadToLongNoteHead,1.500000000000001500,LocalMismatch,SkipLocalMismatch,1
TapHeadToLongNoteHead,1.50006666666666586856000000,LocalMismatch,SkipLocalMismatch,1
TapHeadToLongNoteHead,1.50056666666666741695,LocalMismatch,SkipLocalMismatch,2
TapHeadToLongNoteHead,1.50056666666666741695,AmbiguousEvidence,SkipLocalAmbiguity,8
TapHeadToLongNoteHead,1.5006000000000015006,LocalMismatch,SkipLocalMismatch,1
TapHeadToLongNoteHead,1.500683333333333933606666666,LocalMismatch,SkipLocalMismatch,2
TapHeadToLongNoteHead,1.500683333333333933606666667,LocalMismatch,SkipLocalMismatch,3
TapHeadToLongNoteHead,1.50068333333333393360666667,LocalMismatch,SkipLocalMismatch,4
TapHeadToLongNoteHead,1.50068333333333393360666667,AmbiguousEvidence,SkipLocalAmbiguity,6
TapHeadToLongNoteHead,1.5014999999999984985,LocalMismatch,SkipLocalMismatch,2
TapHeadToLongNoteHead,1.5014999999999984985,AmbiguousEvidence,SkipLocalAmbiguity,11
TapHeadToLongNoteHead,1.5016666666666676677777777,LocalMismatch,SkipLocalMismatch,2
TapHeadToLongNoteHead,1.5016666666666676677777778,LocalMismatch,SkipLocalMismatch,3
TapHeadToLongNoteHead,1.5016666666666676677777778,AmbiguousEvidence,SkipLocalAmbiguity,3
TapHeadToLongNoteHead,1.501866666666666266168888889,LocalMismatch,SkipLocalMismatch,2
TapHeadToLongNoteHead,1.501866666666666266168888889,AmbiguousEvidence,SkipLocalAmbiguity,2
TapHeadToLongNoteHead,1.50186666666666626616888889,LocalMismatch,SkipLocalMismatch,3
TapHeadToLongNoteHead,1.50186666666666626616888889,AmbiguousEvidence,SkipLocalAmbiguity,6
TapHeadToLongNoteHead,1.501950000000000150195,LocalMismatch,SkipLocalMismatch,3
TapHeadToLongNoteHead,1.501950000000000150195,AmbiguousEvidence,SkipLocalAmbiguity,2
TapHeadToLongNoteHead,1.530000000000000153000,LocalMismatch,SkipLocalMismatch,1
TapHeadToLongNoteHead,1.6036666666666677357777778,LocalMismatch,SkipLocalMismatch,1
TapHeadToLongNoteHead,1.62703333333333398414666667,LocalMismatch,SkipLocalMismatch,1
TapHeadToLongNoteHead,1.6660000000000011106666667,LocalMismatch,SkipLocalMismatch,1
TapHeadToLongNoteHead,1.66693333333333400010666666,LocalMismatch,SkipLocalMismatch,1
TapHeadToLongNoteHead,1.68583333333333445722222222,LocalMismatch,SkipLocalMismatch,1
TapHeadToLongNoteHead,1.7471999999999982528,LocalMismatch,SkipLocalMismatch,1
TapHeadToLongNoteHead,1.74763333333333420715,LocalMismatch,SkipLocalMismatch,1
TapHeadToLongNoteHead,1.74763333333333420715,AmbiguousEvidence,SkipLocalAmbiguity,2
TapHeadToLongNoteHead,1.7481666666666678321111111,LocalMismatch,SkipLocalMismatch,2
TapHeadToLongNoteHead,1.74895000000000069958,LocalMismatch,SkipLocalMismatch,1
TapHeadToLongNoteHead,1.749000000000001749,LocalMismatch,SkipLocalMismatch,1
TapHeadToLongNoteHead,1.749300000000000174930,LocalMismatch,SkipLocalMismatch,2
TapHeadToLongNoteHead,1.7502333333333315831,LocalMismatch,SkipLocalMismatch,3
TapHeadToLongNoteHead,1.7502333333333315831,AmbiguousEvidence,SkipLocalAmbiguity,2
TapHeadToLongNoteHead,1.7510000000000011673333333,LocalMismatch,SkipLocalMismatch,2
TapHeadToLongNoteHead,1.75116666666666736713333333,LocalMismatch,SkipLocalMismatch,3
TapHeadToLongNoteHead,1.751850000000000175185,LocalMismatch,SkipLocalMismatch,1
TapHeadToLongNoteHead,1.874250000000000187425,LocalMismatch,SkipLocalMismatch,1
TapHeadToLongNoteHead,1.9140333333333314193,LocalMismatch,SkipLocalMismatch,1
TapHeadToLongNoteHead,1.9351666666666679567777778,LocalMismatch,SkipLocalMismatch,2
TapHeadToLongNoteHead,1.9380000000000012920000000,LocalMismatch,SkipLocalMismatch,4
TapHeadToLongNoteHead,1.9380000000000012920000000,AmbiguousEvidence,SkipLocalAmbiguity,4
TapHeadToLongNoteHead,1.997599999999999467306666666,LocalMismatch,SkipLocalMismatch,1
TapHeadToLongNoteHead,1.997599999999999467306666667,LocalMismatch,SkipLocalMismatch,1
TapHeadToLongNoteHead,1.99759999999999946730666667,LocalMismatch,SkipLocalMismatch,2
TapHeadToLongNoteHead,1.99806666666666866473333333,LocalMismatch,SkipLocalMismatch,1
TapHeadToLongNoteHead,1.9989666666666646677,AmbiguousEvidence,SkipLocalAmbiguity,16
TapHeadToLongNoteHead,1.999200000000000199920,LocalMismatch,SkipLocalMismatch,2
TapHeadToLongNoteHead,1.99943333333333413310666666,LocalMismatch,SkipLocalMismatch,1
TapHeadToLongNoteHead,1.999433333333334133106666667,LocalMismatch,SkipLocalMismatch,2
TapHeadToLongNoteHead,2.00033333333333466688888889,LocalMismatch,SkipLocalMismatch,2
TapHeadToLongNoteHead,2.00033333333333466688888889,AmbiguousEvidence,SkipLocalAmbiguity,2
TapHeadToLongNoteHead,2.0003333333333346668888889,LocalMismatch,SkipLocalMismatch,2
TapHeadToLongNoteHead,2.0003333333333346668888889,AmbiguousEvidence,SkipLocalAmbiguity,5
TapHeadToLongNoteHead,2.00053333333333279985777777,LocalMismatch,SkipLocalMismatch,1
TapHeadToLongNoteHead,2.00053333333333279985777777,AmbiguousEvidence,SkipLocalAmbiguity,2
TapHeadToLongNoteHead,2.000533333333332799857777777,LocalMismatch,SkipLocalMismatch,3
TapHeadToLongNoteHead,2.000533333333332799857777777,AmbiguousEvidence,SkipLocalAmbiguity,2
TapHeadToLongNoteHead,2.0005333333333327998577777777,LocalMismatch,SkipLocalMismatch,1
TapHeadToLongNoteHead,2.000533333333332799857777778,LocalMismatch,SkipLocalMismatch,5
TapHeadToLongNoteHead,2.000533333333332799857777778,AmbiguousEvidence,SkipLocalAmbiguity,2
TapHeadToLongNoteHead,2.00053333333333279985777778,LocalMismatch,SkipLocalMismatch,3
TapHeadToLongNoteHead,2.00053333333333279985777778,AmbiguousEvidence,SkipLocalAmbiguity,2
TapHeadToLongNoteHead,2.00080000000000200080000000,LocalMismatch,SkipLocalMismatch,2
TapHeadToLongNoteHead,2.00165000000000080066,LocalMismatch,SkipLocalMismatch,2
TapHeadToLongNoteHead,2.001650000000000800660000000,AmbiguousEvidence,SkipLocalAmbiguity,3
TapHeadToLongNoteHead,2.00196666666666766765,LocalMismatch,SkipLocalMismatch,2
TapHeadToLongNoteHead,2.0019999999999979980,LocalMismatch,SkipLocalMismatch,4
TapHeadToLongNoteHead,2.0019999999999979980,AmbiguousEvidence,SkipLocalAmbiguity,3
TapHeadToLongNoteHead,2.12356666666666751609333333,LocalMismatch,SkipLocalMismatch,1
TapHeadToLongNoteHead,2.125783333333334183646666666,LocalMismatch,SkipLocalMismatch,1
TapHeadToLongNoteHead,2.167500000000000216750,LocalMismatch,SkipLocalMismatch,1
TapHeadToLongNoteHead,2.22775000000000089110,LocalMismatch,SkipLocalMismatch,1
TapHeadToLongNoteHead,2.24910000000000022491,LocalMismatch,SkipLocalMismatch,1
TapHeadToLongNoteHead,2.24986666666666606670222222,LocalMismatch,SkipLocalMismatch,1
TapHeadToLongNoteHead,2.24986666666666606670222223,LocalMismatch,SkipLocalMismatch,1
TapHeadToLongNoteHead,2.24991666666666756663333333,LocalMismatch,SkipLocalMismatch,1
TapHeadToLongNoteHead,2.249916666666667566633333333,LocalMismatch,SkipLocalMismatch,1
TapHeadToLongNoteHead,2.24991666666666756663333334,LocalMismatch,SkipLocalMismatch,1
TapHeadToLongNoteHead,2.2507333333333310826,LocalMismatch,SkipLocalMismatch,1
TapHeadToLongNoteHead,2.251650000000000225165,LocalMismatch,SkipLocalMismatch,1
TapHeadToLongNoteHead,2.25226666666666891893333334,LocalMismatch,SkipLocalMismatch,1
TapHeadToLongNoteHead,2.2695000000000015130000000,LocalMismatch,SkipLocalMismatch,1
TapHeadToLongNoteHead,2.37405000000000094962,LocalMismatch,SkipLocalMismatch,1
TapHeadToLongNoteHead,2.37526666666666904193333334,LocalMismatch,SkipLocalMismatch,1
TapHeadToLongNoteHead,2.4366666666666682911111111,LocalMismatch,SkipLocalMismatch,1
TapHeadToLongNoteHead,2.4366666666666682911111112,LocalMismatch,SkipLocalMismatch,1
TapHeadToLongNoteHead,2.4395000000000016263333333,LocalMismatch,SkipLocalMismatch,1
TapHeadToLongNoteHead,2.498183333333334332606666667,LocalMismatch,SkipLocalMismatch,1
TapHeadToLongNoteHead,2.49826666666666916493333333,LocalMismatch,SkipLocalMismatch,2
TapHeadToLongNoteHead,2.499000000000002499,AmbiguousEvidence,SkipLocalAmbiguity,2
TapHeadToLongNoteHead,2.49919999999999933354666666,AmbiguousEvidence,SkipLocalAmbiguity,2
TapHeadToLongNoteHead,2.499199999999999333546666667,LocalMismatch,SkipLocalMismatch,1
TapHeadToLongNoteHead,2.49919999999999933354666667,LocalMismatch,SkipLocalMismatch,2
TapHeadToLongNoteHead,2.4994666666666641672,LocalMismatch,SkipLocalMismatch,1
TapHeadToLongNoteHead,2.4994666666666641672,AmbiguousEvidence,SkipLocalAmbiguity,6
TapHeadToLongNoteHead,2.4997333333333345832,LocalMismatch,SkipLocalMismatch,1
TapHeadToLongNoteHead,2.4997333333333345832,AmbiguousEvidence,SkipLocalAmbiguity,2
TapHeadToLongNoteHead,2.5004000000000010001599999997,LocalMismatch,SkipLocalMismatch,1
TapHeadToLongNoteHead,2.50040000000000100016000000,LocalMismatch,SkipLocalMismatch,1
TapHeadToLongNoteHead,2.5010000000000025010,LocalMismatch,SkipLocalMismatch,2
TapHeadToLongNoteHead,2.501550000000000250155,LocalMismatch,SkipLocalMismatch,1
TapHeadToLongNoteHead,2.5018333333333350012222223,LocalMismatch,SkipLocalMismatch,1
TapHeadToLongNoteHead,2.502000000000002502,LocalMismatch,SkipLocalMismatch,1
TapHeadToLongNoteHead,2.50213333333333266609777777,LocalMismatch,SkipLocalMismatch,1
TapHeadToLongNoteHead,2.50213333333333266609777778,LocalMismatch,SkipLocalMismatch,1
TapHeadToLongNoteHead,2.5024999999999974975,LocalMismatch,SkipLocalMismatch,1
TapHeadToLongNoteHead,2.5024999999999974975,AmbiguousEvidence,SkipLocalAmbiguity,2
TapHeadToLongNoteHead,2.74833333333333516555555555,LocalMismatch,SkipLocalMismatch,1
TapHeadToLongNoteHead,2.75043333333333470855,LocalMismatch,SkipLocalMismatch,1
TapHeadToLongNoteHead,2.7512333333333305821,LocalMismatch,SkipLocalMismatch,2
TapHeadToLongNoteHead,2.8331333333333305002,LocalMismatch,SkipLocalMismatch,1
TapHeadToLongNoteHead,2.9381666666666686254444445,LocalMismatch,SkipLocalMismatch,1
TapHeadToLongNoteHead,2.99750000000000149875,LocalMismatch,SkipLocalMismatch,1
TapHeadToLongNoteHead,2.99846666666666966513333333,LocalMismatch,SkipLocalMismatch,1
TapHeadToLongNoteHead,2.99880000000000029988,LocalMismatch,SkipLocalMismatch,1
TapHeadToLongNoteHead,2.9999666666666636667,LocalMismatch,SkipLocalMismatch,1
TapHeadToLongNoteHead,2.9999666666666636667,AmbiguousEvidence,SkipLocalAmbiguity,11
TapHeadToLongNoteHead,3.0005000000000020003333333,LocalMismatch,SkipLocalMismatch,1
TapHeadToLongNoteHead,3.0012000000000030012,LocalMismatch,SkipLocalMismatch,1
TapHeadToLongNoteHead,3.2486999999999967513,LocalMismatch,SkipLocalMismatch,1
TapHeadToLongNoteHead,3.2498333333333354998888889,LocalMismatch,SkipLocalMismatch,1
TapHeadToLongNoteHead,3.375983333333334683726666667,LocalMismatch,SkipLocalMismatch,1
TapHeadToLongNoteHead,3.4368333333333356245555556,LocalMismatch,SkipLocalMismatch,1
TapHeadToLongNoteHead,3.498600000000000349860,AmbiguousEvidence,SkipLocalAmbiguity,2
TapHeadToLongNoteHead,3.499466666666665733475555556,LocalMismatch,SkipLocalMismatch,2
TapHeadToLongNoteHead,3.49946666666666573347555556,LocalMismatch,SkipLocalMismatch,1
TapHeadToLongNoteHead,3.5004666666666631662,LocalMismatch,SkipLocalMismatch,2
TapHeadToLongNoteHead,3.5004666666666631662,AmbiguousEvidence,SkipLocalAmbiguity,4
TapHeadToLongNoteHead,3.501150000000000350115,LocalMismatch,SkipLocalMismatch,1
TapHeadToLongNoteHead,3.56106666666666571704888889,LocalMismatch,SkipLocalMismatch,1
TapHeadToLongNoteHead,3.7491999999999962508,LocalMismatch,SkipLocalMismatch,1
TapHeadToLongNoteHead,3.7522333333333295811,LocalMismatch,SkipLocalMismatch,1
TapHeadToLongNoteHead,3.87493333333333230001777778,LocalMismatch,SkipLocalMismatch,2
TapHeadToLongNoteHead,3.9979333333333293354,LocalMismatch,SkipLocalMismatch,1
TapHeadToLongNoteHead,3.99813333333333226716444444,LocalMismatch,SkipLocalMismatch,1
TapHeadToLongNoteHead,3.998133333333332267164444445,LocalMismatch,SkipLocalMismatch,2
TapHeadToLongNoteHead,3.998400000000000399840,LocalMismatch,SkipLocalMismatch,1
TapHeadToLongNoteHead,4.00066666666666933377777777,LocalMismatch,SkipLocalMismatch,1
TapHeadToLongNoteHead,4.000950000000000400095,LocalMismatch,SkipLocalMismatch,1
TapHeadToLongNoteHead,4.0009666666666626657,LocalMismatch,SkipLocalMismatch,4
TapHeadToLongNoteHead,4.4984333333333288349,LocalMismatch,SkipLocalMismatch,1
TapHeadToLongNoteHead,4.49906666666667116573333333,LocalMismatch,SkipLocalMismatch,2
TapHeadToLongNoteHead,4.49973333333333213340444444,LocalMismatch,SkipLocalMismatch,2
TapHeadToLongNoteHead,4.499733333333332133404444445,LocalMismatch,SkipLocalMismatch,1
TapHeadToLongNoteHead,4.49973333333333213340444445,LocalMismatch,SkipLocalMismatch,1
TapHeadToLongNoteHead,4.500750000000000450075,LocalMismatch,SkipLocalMismatch,1
TapHeadToLongNoteHead,4.74906666666666540024888889,LocalMismatch,SkipLocalMismatch,1
TapHeadToLongNoteHead,4.9985833333333353327666666666,LocalMismatch,SkipLocalMismatch,1
TapHeadToLongNoteHead,4.9989333333333283344,LocalMismatch,SkipLocalMismatch,1
TapHeadToLongNoteHead,5.000550000000000500055,LocalMismatch,SkipLocalMismatch,1
TapHeadToLongNoteHead,5.00133333333333199964444444,LocalMismatch,SkipLocalMismatch,2
TapHeadToLongNoteHead,5.37541666666666881683333333,LocalMismatch,SkipLocalMismatch,1
TapHeadToLongNoteHead,5.454450000000000545445,LocalMismatch,SkipLocalMismatch,1
TapHeadToLongNoteHead,5.49780000000000054978,NoComparableContext,SkipGlobalMismatch,1
TapHeadToLongNoteHead,5.4994333333333278339,LocalMismatch,SkipLocalMismatch,1
TapHeadToLongNoteHead,5.500350000000000550035,LocalMismatch,SkipLocalMismatch,1
TapHeadToLongNoteHead,5.7479333333333362073,LocalMismatch,SkipLocalMismatch,1
TapHeadToLongNoteHead,5.74933333333333180017777777,LocalMismatch,SkipLocalMismatch,1
TapHeadToLongNoteHead,5.954250000000000595425,LocalMismatch,SkipLocalMismatch,1
TapHeadToLongNoteHead,5.998666666666665067022222222,LocalMismatch,SkipLocalMismatch,1
TapHeadToLongNoteHead,5.9999333333333273334,LocalMismatch,SkipLocalMismatch,1
TapHeadToLongNoteHead,6.001599999999998399573333333,LocalMismatch,SkipLocalMismatch,1
TapHeadToLongNoteHead,6.5004333333333268329,LocalMismatch,SkipLocalMismatch,1
TapHeadToLongNoteHead,6.7491666666666599175,LocalMismatch,SkipLocalMismatch,1
TapHeadToLongNoteHead,6.882450000000000688245,LocalMismatch,SkipLocalMismatch,1
TapHeadToLongNoteHead,7.68826666666666461646222223,LocalMismatch,SkipLocalMismatch,1
TapHeadToLongNoteHead,7.99696666666667066515,LocalMismatch,SkipLocalMismatch,1
TapHeadToLongNoteHead,8.00060000000000400030,LocalMismatch,SkipLocalMismatch,1
TapHeadToLongNoteHead,8.62399999999999770026666667,LocalMismatch,SkipLocalMismatch,1
TapHeadToLongNoteHead,8.68730000000000434365,LocalMismatch,SkipLocalMismatch,1
TapHeadToLongNoteHead,9.498750000000000949875,LocalMismatch,SkipLocalMismatch,1
TapHeadToLongNoteHead,12.00026666666666346659555556,LocalMismatch,SkipLocalMismatch,2
TapHeadToLongNoteHead,13.997866666666662933902222223,LocalMismatch,SkipLocalMismatch,1
TapHeadToLongNoteHead,14.000799999999996266453333334,LocalMismatch,SkipLocalMismatch,1
TapHeadToLongNoteHead,15.000000000000015000,LocalMismatch,SkipLocalMismatch,1
TapHeadToLongNoteHead,15.99839999999999573376,LocalMismatch,SkipLocalMismatch,1
TapHeadToLongNoteHead,16.49999999999999560000000000,LocalMismatch,SkipLocalMismatch,1
TapHeadToLongNoteHead,31.99966666666668799977777778,LocalMismatch,SkipLocalMismatch,1
LongNoteReleaseToTapHead,0.002550000000000000255,LocalMismatch,SkipLocalMismatch,1
LongNoteReleaseToTapHead,0.06206666666666669149333333,AmbiguousEvidence,SkipLocalAmbiguity,50
LongNoteReleaseToTapHead,0.06206666666666669149333334,AmbiguousEvidence,SkipLocalAmbiguity,28
LongNoteReleaseToTapHead,0.0623333333333333748888888,AmbiguousEvidence,SkipLocalAmbiguity,24
LongNoteReleaseToTapHead,0.06233333333333337488888888,LocalMismatch,SkipLocalMismatch,1
LongNoteReleaseToTapHead,0.06233333333333337488888889,LocalMismatch,SkipLocalMismatch,1
LongNoteReleaseToTapHead,0.0623333333333333748888889,AmbiguousEvidence,SkipLocalAmbiguity,196
LongNoteReleaseToTapHead,0.06428333333333335904666666,LocalMismatch,SkipLocalMismatch,2
LongNoteReleaseToTapHead,0.06428333333333335904666666,AmbiguousEvidence,SkipLocalAmbiguity,4
LongNoteReleaseToTapHead,0.06428333333333335904666667,LocalMismatch,SkipLocalMismatch,3
LongNoteReleaseToTapHead,0.06428333333333335904666667,AmbiguousEvidence,SkipLocalAmbiguity,8
LongNoteReleaseToTapHead,0.0651666666666667101111111,LocalMismatch,SkipLocalMismatch,6
LongNoteReleaseToTapHead,0.0651666666666667101111111,AmbiguousEvidence,SkipLocalAmbiguity,2
LongNoteReleaseToTapHead,0.0651666666666667101111112,LocalMismatch,SkipLocalMismatch,3
LongNoteReleaseToTapHead,0.0651666666666667101111112,AmbiguousEvidence,SkipLocalAmbiguity,2
LongNoteReleaseToTapHead,0.08423333333333336702666667,LocalMismatch,SkipLocalMismatch,1
LongNoteReleaseToTapHead,0.12183333333333341455555555,LocalMismatch,SkipLocalMismatch,1
LongNoteReleaseToTapHead,0.12413333333333338298666666,LocalMismatch,SkipLocalMismatch,2
LongNoteReleaseToTapHead,0.12413333333333338298666666,AmbiguousEvidence,SkipLocalAmbiguity,15
LongNoteReleaseToTapHead,0.12413333333333338298666667,LocalMismatch,SkipLocalMismatch,1
LongNoteReleaseToTapHead,0.12413333333333338298666667,AmbiguousEvidence,SkipLocalAmbiguity,25
LongNoteReleaseToTapHead,0.1246666666666667497777777,LocalMismatch,SkipLocalMismatch,1
LongNoteReleaseToTapHead,0.1246666666666667497777777,AmbiguousEvidence,SkipLocalAmbiguity,4
LongNoteReleaseToTapHead,0.12466666666666674977777777,AmbiguousEvidence,SkipLocalAmbiguity,32
LongNoteReleaseToTapHead,0.12466666666666674977777778,AmbiguousEvidence,SkipLocalAmbiguity,110
LongNoteReleaseToTapHead,0.1246666666666667497777778,LocalMismatch,SkipLocalMismatch,1
LongNoteReleaseToTapHead,0.1246666666666667497777778,AmbiguousEvidence,SkipLocalAmbiguity,36
LongNoteReleaseToTapHead,0.124950000000000012495,LocalMismatch,SkipLocalMismatch,2
LongNoteReleaseToTapHead,0.124950000000000012495,AmbiguousEvidence,SkipLocalAmbiguity,19
LongNoteReleaseToTapHead,0.12635000000000005054,LocalMismatch,SkipLocalMismatch,1
LongNoteReleaseToTapHead,0.126350000000000050540000000,AmbiguousEvidence,SkipLocalAmbiguity,25
LongNoteReleaseToTapHead,0.1275000000000000850000000,LocalMismatch,SkipLocalMismatch,1
LongNoteReleaseToTapHead,0.12750000000000008500000000,AmbiguousEvidence,SkipLocalAmbiguity,13
LongNoteReleaseToTapHead,0.1530000000000000153,LocalMismatch,SkipLocalMismatch,1
LongNoteReleaseToTapHead,0.1643333333333334428888888,AmbiguousEvidence,SkipLocalAmbiguity,2
LongNoteReleaseToTapHead,0.1643333333333334428888889,LocalMismatch,SkipLocalMismatch,3
LongNoteReleaseToTapHead,0.1643333333333334428888889,AmbiguousEvidence,SkipLocalAmbiguity,10
LongNoteReleaseToTapHead,0.165750000000000016575,LocalMismatch,SkipLocalMismatch,3
LongNoteReleaseToTapHead,0.16625000000000006650,AmbiguousEvidence,SkipLocalAmbiguity,31
LongNoteReleaseToTapHead,0.1671666666666667781111111,AmbiguousEvidence,SkipLocalAmbiguity,61
LongNoteReleaseToTapHead,0.16716666666666677811111111,LocalMismatch,SkipLocalMismatch,2
LongNoteReleaseToTapHead,0.16716666666666677811111111,AmbiguousEvidence,SkipLocalAmbiguity,4
LongNoteReleaseToTapHead,0.16716666666666677811111112,LocalMismatch,SkipLocalMismatch,2
LongNoteReleaseToTapHead,0.1671666666666667781111112,LocalMismatch,SkipLocalMismatch,2
LongNoteReleaseToTapHead,0.1671666666666667781111112,AmbiguousEvidence,SkipLocalAmbiguity,5
LongNoteReleaseToTapHead,0.16830000000000001683,LocalMismatch,SkipLocalMismatch,2
LongNoteReleaseToTapHead,0.168300000000000016830,AmbiguousEvidence,SkipLocalAmbiguity,2
LongNoteReleaseToTapHead,0.16846666666666673405333333,LocalMismatch,SkipLocalMismatch,5
LongNoteReleaseToTapHead,0.18620000000000007448,LocalMismatch,SkipLocalMismatch,4
LongNoteReleaseToTapHead,0.18620000000000007448,AmbiguousEvidence,SkipLocalAmbiguity,2
LongNoteReleaseToTapHead,0.1870000000000001246666666,LocalMismatch,SkipLocalMismatch,2
LongNoteReleaseToTapHead,0.18700000000000012466666667,LocalMismatch,SkipLocalMismatch,1
LongNoteReleaseToTapHead,0.1870000000000001246666667,LocalMismatch,SkipLocalMismatch,2
LongNoteReleaseToTapHead,0.18841666666666674203333333,LocalMismatch,SkipLocalMismatch,4
LongNoteReleaseToTapHead,0.18841666666666674203333333,AmbiguousEvidence,SkipLocalAmbiguity,6
LongNoteReleaseToTapHead,0.18841666666666674203333334,LocalMismatch,SkipLocalMismatch,2
LongNoteReleaseToTapHead,0.18841666666666674203333334,AmbiguousEvidence,SkipLocalAmbiguity,5
LongNoteReleaseToTapHead,0.20116666666666680077777777,LocalMismatch,SkipLocalMismatch,1
LongNoteReleaseToTapHead,0.20116666666666680077777777,AmbiguousEvidence,SkipLocalAmbiguity,2
LongNoteReleaseToTapHead,0.20116666666666680077777778,LocalMismatch,SkipLocalMismatch,1
LongNoteReleaseToTapHead,0.22831666666666675799333333,LocalMismatch,SkipLocalMismatch,1
LongNoteReleaseToTapHead,0.24706666666666679020,LocalMismatch,SkipLocalMismatch,3
LongNoteReleaseToTapHead,0.24733333333333308600000000,LocalMismatch,SkipLocalMismatch,1
LongNoteReleaseToTapHead,0.24826666666666676597333333,LocalMismatch,SkipLocalMismatch,3
LongNoteReleaseToTapHead,0.24826666666666676597333333,AmbiguousEvidence,SkipLocalAmbiguity,5
LongNoteReleaseToTapHead,0.248266666666666765973333333,LocalMismatch,SkipLocalMismatch,2
LongNoteReleaseToTapHead,0.248266666666666765973333333,AmbiguousEvidence,SkipLocalAmbiguity,10
LongNoteReleaseToTapHead,0.248266666666666765973333334,LocalMismatch,SkipLocalMismatch,4
LongNoteReleaseToTapHead,0.24826666666666676597333334,LocalMismatch,SkipLocalMismatch,2
LongNoteReleaseToTapHead,0.24826666666666676597333334,AmbiguousEvidence,SkipLocalAmbiguity,4
LongNoteReleaseToTapHead,0.24840000000000009936000000,LocalMismatch,SkipLocalMismatch,1
LongNoteReleaseToTapHead,0.249000000000000249,AmbiguousEvidence,SkipLocalAmbiguity,60
LongNoteReleaseToTapHead,0.24933333333333326684444444,AmbiguousEvidence,SkipLocalAmbiguity,344
LongNoteReleaseToTapHead,0.249333333333333266844444444,AmbiguousEvidence,SkipLocalAmbiguity,16
LongNoteReleaseToTapHead,0.2493333333333332668444444444,LocalMismatch,SkipLocalMismatch,2
LongNoteReleaseToTapHead,0.249333333333333266844444445,LocalMismatch,SkipLocalMismatch,3
LongNoteReleaseToTapHead,0.249333333333333266844444445,AmbiguousEvidence,SkipLocalAmbiguity,2
LongNoteReleaseToTapHead,0.24933333333333326684444445,AmbiguousEvidence,SkipLocalAmbiguity,242
LongNoteReleaseToTapHead,0.2493333333333334995555555,LocalMismatch,SkipLocalMismatch,4
LongNoteReleaseToTapHead,0.2493333333333334995555555,AmbiguousEvidence,SkipLocalAmbiguity,4
LongNoteReleaseToTapHead,0.24933333333333349955555555,AmbiguousEvidence,SkipLocalAmbiguity,47
LongNoteReleaseToTapHead,0.24933333333333349955555556,AmbiguousEvidence,SkipLocalAmbiguity,50
LongNoteReleaseToTapHead,0.2493333333333334995555556,AmbiguousEvidence,SkipLocalAmbiguity,18
LongNoteReleaseToTapHead,0.24990000000000002499,AmbiguousEvidence,SkipLocalAmbiguity,126
LongNoteReleaseToTapHead,0.25048333333333343352666666,LocalMismatch,SkipLocalMismatch,1
LongNoteReleaseToTapHead,0.25048333333333343352666666,AmbiguousEvidence,SkipLocalAmbiguity,15
LongNoteReleaseToTapHead,0.250483333333333433526666666,LocalMismatch,SkipLocalMismatch,1
LongNoteReleaseToTapHead,0.250483333333333433526666666,AmbiguousEvidence,SkipLocalAmbiguity,13
LongNoteReleaseToTapHead,0.250483333333333433526666667,LocalMismatch,SkipLocalMismatch,2
LongNoteReleaseToTapHead,0.250483333333333433526666667,AmbiguousEvidence,SkipLocalAmbiguity,26
LongNoteReleaseToTapHead,0.25048333333333343352666667,AmbiguousEvidence,SkipLocalAmbiguity,47
LongNoteReleaseToTapHead,0.25070000000000012535,LocalMismatch,SkipLocalMismatch,5
LongNoteReleaseToTapHead,0.25146666666666691813333333,LocalMismatch,SkipLocalMismatch,1
LongNoteReleaseToTapHead,0.25146666666666691813333334,LocalMismatch,SkipLocalMismatch,2
LongNoteReleaseToTapHead,0.252000000000000252,AmbiguousEvidence,SkipLocalAmbiguity,27
LongNoteReleaseToTapHead,0.25216666666666683477777777,LocalMismatch,SkipLocalMismatch,5
LongNoteReleaseToTapHead,0.25216666666666683477777777,AmbiguousEvidence,SkipLocalAmbiguity,4
LongNoteReleaseToTapHead,0.25216666666666683477777778,LocalMismatch,SkipLocalMismatch,1
LongNoteReleaseToTapHead,0.25216666666666683477777778,AmbiguousEvidence,SkipLocalAmbiguity,30
LongNoteReleaseToTapHead,0.2521666666666668347777778,LocalMismatch,SkipLocalMismatch,2
LongNoteReleaseToTapHead,0.25226666666666659939555555,AmbiguousEvidence,SkipLocalAmbiguity,89
LongNoteReleaseToTapHead,0.252266666666666599395555555,LocalMismatch,SkipLocalMismatch,3
LongNoteReleaseToTapHead,0.252266666666666599395555555,AmbiguousEvidence,SkipLocalAmbiguity,2
LongNoteReleaseToTapHead,0.2522666666666665993955555555,LocalMismatch,SkipLocalMismatch,1
LongNoteReleaseToTapHead,0.2522666666666665993955555556,LocalMismatch,SkipLocalMismatch,1
LongNoteReleaseToTapHead,0.252266666666666599395555556,AmbiguousEvidence,SkipLocalAmbiguity,2
LongNoteReleaseToTapHead,0.25226666666666659939555556,AmbiguousEvidence,SkipLocalAmbiguity,112
LongNoteReleaseToTapHead,0.252450000000000025245,LocalMismatch,SkipLocalMismatch,3
LongNoteReleaseToTapHead,0.29183333333333352788888889,LocalMismatch,SkipLocalMismatch,1
LongNoteReleaseToTapHead,0.29260000000000011704000000,LocalMismatch,SkipLocalMismatch,1
LongNoteReleaseToTapHead,0.298350000000000029835,LocalMismatch,SkipLocalMismatch,1
LongNoteReleaseToTapHead,0.303450000000000030345,LocalMismatch,SkipLocalMismatch,1
LongNoteReleaseToTapHead,0.31033333333333345746666666,LocalMismatch,SkipLocalMismatch,1
LongNoteReleaseToTapHead,0.31093333333333325041777778,LocalMismatch,SkipLocalMismatch,2
LongNoteReleaseToTapHead,0.31093333333333325041777778,AmbiguousEvidence,SkipLocalAmbiguity,5
LongNoteReleaseToTapHead,0.3116666666666668744444444,LocalMismatch,SkipLocalMismatch,2
LongNoteReleaseToTapHead,0.31166666666666687444444444,LocalMismatch,SkipLocalMismatch,1
LongNoteReleaseToTapHead,0.3116666666666668744444445,LocalMismatch,SkipLocalMismatch,2
LongNoteReleaseToTapHead,0.3116666666666668744444445,AmbiguousEvidence,SkipLocalAmbiguity,2
LongNoteReleaseToTapHead,0.31255000000000012502000000,LocalMismatch,SkipLocalMismatch,2
LongNoteReleaseToTapHead,0.31255000000000012502000000,AmbiguousEvidence,SkipLocalAmbiguity,15
LongNoteReleaseToTapHead,0.31386666666666658296888888,LocalMismatch,SkipLocalMismatch,1
LongNoteReleaseToTapHead,0.31386666666666658296888889,LocalMismatch,SkipLocalMismatch,2
LongNoteReleaseToTapHead,0.31386666666666658296888889,AmbiguousEvidence,SkipLocalAmbiguity,4
LongNoteReleaseToTapHead,0.3145000000000002096666667,AmbiguousEvidence,SkipLocalAmbiguity,2
LongNoteReleaseToTapHead,0.318750000000000031875,LocalMismatch,SkipLocalMismatch,1
LongNoteReleaseToTapHead,0.33150000000000022100000000,LocalMismatch,SkipLocalMismatch,2
LongNoteReleaseToTapHead,0.33250000000000013300000000,LocalMismatch,SkipLocalMismatch,3
LongNoteReleaseToTapHead,0.3343333333333335562222222,LocalMismatch,SkipLocalMismatch,3
LongNoteReleaseToTapHead,0.3343333333333335562222223,LocalMismatch,SkipLocalMismatch,2
LongNoteReleaseToTapHead,0.33471666666666680055333333,LocalMismatch,SkipLocalMismatch,1
LongNoteReleaseToTapHead,0.33471666666666680055333334,LocalMismatch,SkipLocalMismatch,1
LongNoteReleaseToTapHead,0.37253333333333323399111111,LocalMismatch,SkipLocalMismatch,1
LongNoteReleaseToTapHead,0.37253333333333323399111111,AmbiguousEvidence,SkipLocalAmbiguity,23
LongNoteReleaseToTapHead,0.3740000000000002493333333,LocalMismatch,SkipLocalMismatch,1
LongNoteReleaseToTapHead,0.37400000000000024933333333,LocalMismatch,SkipLocalMismatch,2
LongNoteReleaseToTapHead,0.37400000000000024933333333,AmbiguousEvidence,SkipLocalAmbiguity,2
LongNoteReleaseToTapHead,0.37461666666666681651333333,LocalMismatch,SkipLocalMismatch,2
LongNoteReleaseToTapHead,0.37461666666666681651333333,AmbiguousEvidence,SkipLocalAmbiguity,7
LongNoteReleaseToTapHead,0.374616666666666816513333333,LocalMismatch,SkipLocalMismatch,1
LongNoteReleaseToTapHead,0.374616666666666816513333334,LocalMismatch,SkipLocalMismatch,1
LongNoteReleaseToTapHead,0.37461666666666681651333334,LocalMismatch,SkipLocalMismatch,3
LongNoteReleaseToTapHead,0.37461666666666681651333334,AmbiguousEvidence,SkipLocalAmbiguity,4
LongNoteReleaseToTapHead,0.374850000000000037485,AmbiguousEvidence,SkipLocalAmbiguity,18
LongNoteReleaseToTapHead,0.37546666666666656654222222,AmbiguousEvidence,SkipLocalAmbiguity,142
LongNoteReleaseToTapHead,0.375466666666666566542222222,LocalMismatch,SkipLocalMismatch,2
LongNoteReleaseToTapHead,0.375466666666666566542222223,LocalMismatch,SkipLocalMismatch,1
LongNoteReleaseToTapHead,0.37546666666666656654222223,AmbiguousEvidence,SkipLocalAmbiguity,39
LongNoteReleaseToTapHead,0.37629999999999967387333333,LocalMismatch,SkipLocalMismatch,1
LongNoteReleaseToTapHead,0.37683333333333348406666666,LocalMismatch,SkipLocalMismatch,1
LongNoteReleaseToTapHead,0.37683333333333348406666667,LocalMismatch,SkipLocalMismatch,5
LongNoteReleaseToTapHead,0.37683333333333358455555555,LocalMismatch,SkipLocalMismatch,3
LongNoteReleaseToTapHead,0.37683333333333358455555556,LocalMismatch,SkipLocalMismatch,2
LongNoteReleaseToTapHead,0.37683333333333358455555556,AmbiguousEvidence,SkipLocalAmbiguity,3
LongNoteReleaseToTapHead,0.377400000000000037740,LocalMismatch,SkipLocalMismatch,1
LongNoteReleaseToTapHead,0.38250000000000003825,LocalMismatch,SkipLocalMismatch,1
LongNoteReleaseToTapHead,0.38533333333333359022222223,LocalMismatch,SkipLocalMismatch,1
LongNoteReleaseToTapHead,0.3938333333333335958888889,LocalMismatch,SkipLocalMismatch,1
LongNoteReleaseToTapHead,0.39950000000000026633333334,LocalMismatch,SkipLocalMismatch,2
LongNoteReleaseToTapHead,0.40290000000000004029,LocalMismatch,SkipLocalMismatch,2
LongNoteReleaseToTapHead,0.410550000000000041055,LocalMismatch,SkipLocalMismatch,1
LongNoteReleaseToTapHead,0.415650000000000041565,LocalMismatch,SkipLocalMismatch,2
LongNoteReleaseToTapHead,0.418200000000000041820,LocalMismatch,SkipLocalMismatch,3
LongNoteReleaseToTapHead,0.4363333333333336242222222,LocalMismatch,SkipLocalMismatch,2
LongNoteReleaseToTapHead,0.43633333333333362422222222,LocalMismatch,SkipLocalMismatch,1
LongNoteReleaseToTapHead,0.4363333333333336242222223,LocalMismatch,SkipLocalMismatch,1
LongNoteReleaseToTapHead,0.43668333333333350800666666,LocalMismatch,SkipLocalMismatch,5
LongNoteReleaseToTapHead,0.43668333333333350800666667,LocalMismatch,SkipLocalMismatch,3
LongNoteReleaseToTapHead,0.43706666666666655011555555,LocalMismatch,SkipLocalMismatch,1
LongNoteReleaseToTapHead,0.43706666666666655011555556,LocalMismatch,SkipLocalMismatch,1
LongNoteReleaseToTapHead,0.43890000000000017556000000,LocalMismatch,SkipLocalMismatch,2
LongNoteReleaseToTapHead,0.43890000000000017556000000,AmbiguousEvidence,SkipLocalAmbiguity,3
LongNoteReleaseToTapHead,0.43999999999999988266666666,LocalMismatch,SkipLocalMismatch,1
LongNoteReleaseToTapHead,0.45050000000000030033333333,LocalMismatch,SkipLocalMismatch,1
LongNoteReleaseToTapHead,0.4974666666666661692,LocalMismatch,SkipLocalMismatch,5
LongNoteReleaseToTapHead,0.4974666666666661692,AmbiguousEvidence,SkipLocalAmbiguity,5
LongNoteReleaseToTapHead,0.49776666666666691555,LocalMismatch,SkipLocalMismatch,2
LongNoteReleaseToTapHead,0.49776666666666691555,AmbiguousEvidence,SkipLocalAmbiguity,2
LongNoteReleaseToTapHead,0.498000000000000498,AmbiguousEvidence,SkipLocalAmbiguity,11
LongNoteReleaseToTapHead,0.49866666666666653368888888,LocalMismatch,SkipLocalMismatch,2
LongNoteReleaseToTapHead,0.49866666666666653368888888,AmbiguousEvidence,SkipLocalAmbiguity,9
LongNoteReleaseToTapHead,0.49866666666666653368888889,AmbiguousEvidence,SkipLocalAmbiguity,60
LongNoteReleaseToTapHead,0.4986666666666669991111111,LocalMismatch,SkipLocalMismatch,3
LongNoteReleaseToTapHead,0.4986666666666669991111111,AmbiguousEvidence,SkipLocalAmbiguity,2
LongNoteReleaseToTapHead,0.49866666666666699911111111,LocalMismatch,SkipLocalMismatch,2
LongNoteReleaseToTapHead,0.49866666666666699911111111,AmbiguousEvidence,SkipLocalAmbiguity,10
LongNoteReleaseToTapHead,0.4986666666666669991111112,LocalMismatch,SkipLocalMismatch,2
LongNoteReleaseToTapHead,0.49875000000000019950,LocalMismatch,SkipLocalMismatch,1
LongNoteReleaseToTapHead,0.498750000000000199500000000,AmbiguousEvidence,SkipLocalAmbiguity,25
LongNoteReleaseToTapHead,0.49910000000000019964000000,LocalMismatch,SkipLocalMismatch,1
LongNoteReleaseToTapHead,0.49980000000000004998,AmbiguousEvidence,SkipLocalAmbiguity,93
LongNoteReleaseToTapHead,0.5002000000000005002,LocalMismatch,SkipLocalMismatch,5
LongNoteReleaseToTapHead,0.5004999999999994995,AmbiguousEvidence,SkipLocalAmbiguity,25
LongNoteReleaseToTapHead,0.50096666666666686705333333,AmbiguousEvidence,SkipLocalAmbiguity,27
LongNoteReleaseToTapHead,0.500966666666666867053333333,AmbiguousEvidence,SkipLocalAmbiguity,2
LongNoteReleaseToTapHead,0.5009666666666668670533333333,LocalMismatch,SkipLocalMismatch,1
LongNoteReleaseToTapHead,0.500966666666666867053333334,LocalMismatch,SkipLocalMismatch,3
LongNoteReleaseToTapHead,0.50096666666666686705333334,LocalMismatch,SkipLocalMismatch,2
LongNoteReleaseToTapHead,0.50096666666666686705333334,AmbiguousEvidence,SkipLocalAmbiguity,16
LongNoteReleaseToTapHead,0.501000000000000501,AmbiguousEvidence,SkipLocalAmbiguity,23
LongNoteReleaseToTapHead,0.5014000000000002507,AmbiguousEvidence,SkipLocalAmbiguity,4
LongNoteReleaseToTapHead,0.5015000000000003343333333,LocalMismatch,SkipLocalMismatch,4
LongNoteReleaseToTapHead,0.5015000000000003343333333,AmbiguousEvidence,SkipLocalAmbiguity,6
LongNoteReleaseToTapHead,0.50150000000000033433333333,LocalMismatch,SkipLocalMismatch,1
LongNoteReleaseToTapHead,0.50150000000000033433333333,AmbiguousEvidence,SkipLocalAmbiguity,11
LongNoteReleaseToTapHead,0.50150000000000033433333334,LocalMismatch,SkipLocalMismatch,2
LongNoteReleaseToTapHead,0.50150000000000033433333334,AmbiguousEvidence,SkipLocalAmbiguity,3
LongNoteReleaseToTapHead,0.5015000000000003343333334,LocalMismatch,SkipLocalMismatch,1
LongNoteReleaseToTapHead,0.50159999999999986624000000,AmbiguousEvidence,SkipLocalAmbiguity,59
LongNoteReleaseToTapHead,0.502350000000000050235,LocalMismatch,SkipLocalMismatch,3
LongNoteReleaseToTapHead,0.502350000000000050235,AmbiguousEvidence,SkipLocalAmbiguity,6
LongNoteReleaseToTapHead,0.52091666666666687503333333,LocalMismatch,SkipLocalMismatch,1
LongNoteReleaseToTapHead,0.55590000000000005559,LocalMismatch,SkipLocalMismatch,2
LongNoteReleaseToTapHead,0.56081666666666689099333333,LocalMismatch,SkipLocalMismatch,1
LongNoteReleaseToTapHead,0.56081666666666689099333334,LocalMismatch,SkipLocalMismatch,1
LongNoteReleaseToTapHead,0.5610000000000003740000000,LocalMismatch,SkipLocalMismatch,3
LongNoteReleaseToTapHead,0.5610000000000003740000000,AmbiguousEvidence,SkipLocalAmbiguity,6
LongNoteReleaseToTapHead,0.56303333333333355854666666,AmbiguousEvidence,SkipLocalAmbiguity,2
LongNoteReleaseToTapHead,0.56303333333333355854666667,LocalMismatch,SkipLocalMismatch,1
LongNoteReleaseToTapHead,0.56303333333333355854666667,AmbiguousEvidence,SkipLocalAmbiguity,11
LongNoteReleaseToTapHead,0.5638333333333337092222222,LocalMismatch,SkipLocalMismatch,5
LongNoteReleaseToTapHead,0.5638333333333337092222222,AmbiguousEvidence,SkipLocalAmbiguity,2
LongNoteReleaseToTapHead,0.56383333333333370922222222,LocalMismatch,SkipLocalMismatch,1
LongNoteReleaseToTapHead,0.56383333333333370922222223,LocalMismatch,SkipLocalMismatch,1
LongNoteReleaseToTapHead,0.5638333333333337092222223,LocalMismatch,SkipLocalMismatch,2
LongNoteReleaseToTapHead,0.5638333333333337092222223,AmbiguousEvidence,SkipLocalAmbiguity,4
LongNoteReleaseToTapHead,0.573750000000000057375,LocalMismatch,SkipLocalMismatch,1
LongNoteReleaseToTapHead,0.58333333333333275000000000,LocalMismatch,SkipLocalMismatch,1
LongNoteReleaseToTapHead,0.58366666666666705577777778,LocalMismatch,SkipLocalMismatch,1
LongNoteReleaseToTapHead,0.59160000000000005916,LocalMismatch,SkipLocalMismatch,2
LongNoteReleaseToTapHead,0.6233333333333337488888888,LocalMismatch,SkipLocalMismatch,2
LongNoteReleaseToTapHead,0.62333333333333374888888889,LocalMismatch,SkipLocalMismatch,2
LongNoteReleaseToTapHead,0.6233333333333337488888889,LocalMismatch,SkipLocalMismatch,1
LongNoteReleaseToTapHead,0.6233333333333337488888889,AmbiguousEvidence,SkipLocalAmbiguity,3
LongNoteReleaseToTapHead,0.624750000000000062475,LocalMismatch,SkipLocalMismatch,5
LongNoteReleaseToTapHead,0.62479999999999983338666666,LocalMismatch,SkipLocalMismatch,4
LongNoteReleaseToTapHead,0.62479999999999983338666666,AmbiguousEvidence,SkipLocalAmbiguity,7
LongNoteReleaseToTapHead,0.62479999999999983338666667,LocalMismatch,SkipLocalMismatch,2
LongNoteReleaseToTapHead,0.62479999999999983338666667,AmbiguousEvidence,SkipLocalAmbiguity,20
LongNoteReleaseToTapHead,0.625100000000000250040000000,LocalMismatch,SkipLocalMismatch,4
LongNoteReleaseToTapHead,0.62510000000000025004,AmbiguousEvidence,SkipLocalAmbiguity,5
LongNoteReleaseToTapHead,0.6261666666666670841111111,LocalMismatch,SkipLocalMismatch,2
LongNoteReleaseToTapHead,0.62616666666666708411111111,LocalMismatch,SkipLocalMismatch,2
LongNoteReleaseToTapHead,0.627300000000000062730,LocalMismatch,SkipLocalMismatch,1
LongNoteReleaseToTapHead,0.62773333333333316593777778,LocalMismatch,SkipLocalMismatch,1
LongNoteReleaseToTapHead,0.62773333333333316593777778,AmbiguousEvidence,SkipLocalAmbiguity,2
LongNoteReleaseToTapHead,0.6650000000000002660,LocalMismatch,SkipLocalMismatch,1
LongNoteReleaseToTapHead,0.665550000000000066555,LocalMismatch,SkipLocalMismatch,3
LongNoteReleaseToTapHead,0.66583333333333377722222222,LocalMismatch,SkipLocalMismatch,1
LongNoteReleaseToTapHead,0.668100000000000066810,LocalMismatch,SkipLocalMismatch,1
LongNoteReleaseToTapHead,0.6856666666666671237777778,LocalMismatch,SkipLocalMismatch,1
LongNoteReleaseToTapHead,0.68716666666666694153333333,LocalMismatch,SkipLocalMismatch,1
LongNoteReleaseToTapHead,0.68850000000000006885,LocalMismatch,SkipLocalMismatch,2
LongNoteReleaseToTapHead,0.68933333333333314951111111,LocalMismatch,SkipLocalMismatch,1
LongNoteReleaseToTapHead,0.70890000000000007089,LocalMismatch,SkipLocalMismatch,3
LongNoteReleaseToTapHead,0.70999999999999938466666667,LocalMismatch,SkipLocalMismatch,1
LongNoteReleaseToTapHead,0.74799999999999980053333333,LocalMismatch,SkipLocalMismatch,1
LongNoteReleaseToTapHead,0.74799999999999980053333334,LocalMismatch,SkipLocalMismatch,3
LongNoteReleaseToTapHead,0.74800000000000049866666667,LocalMismatch,SkipLocalMismatch,3
LongNoteReleaseToTapHead,0.7480000000000004986666667,LocalMismatch,SkipLocalMismatch,1
LongNoteReleaseToTapHead,0.7480000000000004986666667,AmbiguousEvidence,SkipLocalAmbiguity,2
LongNoteReleaseToTapHead,0.7484666666666670409,LocalMismatch,SkipLocalMismatch,3
LongNoteReleaseToTapHead,0.74899999999999925100000000,LocalMismatch,SkipLocalMismatch,1
LongNoteReleaseToTapHead,0.7492333333333325841,LocalMismatch,SkipLocalMismatch,5
LongNoteReleaseToTapHead,0.7492333333333325841,AmbiguousEvidence,SkipLocalAmbiguity,2
LongNoteReleaseToTapHead,0.74923333333333363302666666,LocalMismatch,SkipLocalMismatch,2
LongNoteReleaseToTapHead,0.74923333333333363302666666,AmbiguousEvidence,SkipLocalAmbiguity,2
LongNoteReleaseToTapHead,0.749233333333333633026666666,LocalMismatch,SkipLocalMismatch,1
LongNoteReleaseToTapHead,0.7492333333333336330266666667,LocalMismatch,SkipLocalMismatch,1
LongNoteReleaseToTapHead,0.749233333333333633026666667,LocalMismatch,SkipLocalMismatch,2
LongNoteReleaseToTapHead,0.74923333333333363302666667,AmbiguousEvidence,SkipLocalAmbiguity,7
LongNoteReleaseToTapHead,0.74970000000000007497,LocalMismatch,SkipLocalMismatch,3
LongNoteReleaseToTapHead,0.749700000000000074970,AmbiguousEvidence,SkipLocalAmbiguity,9
LongNoteReleaseToTapHead,0.74980000000000029992000000,LocalMismatch,SkipLocalMismatch,1
LongNoteReleaseToTapHead,0.750000000000000750,AmbiguousEvidence,SkipLocalAmbiguity,28
LongNoteReleaseToTapHead,0.75083333333333383388888888,LocalMismatch,SkipLocalMismatch,1
LongNoteReleaseToTapHead,0.75083333333333383388888889,LocalMismatch,SkipLocalMismatch,6
LongNoteReleaseToTapHead,0.7508333333333338338888889,LocalMismatch,SkipLocalMismatch,1
LongNoteReleaseToTapHead,0.75093333333333313308444444,LocalMismatch,SkipLocalMismatch,4
LongNoteReleaseToTapHead,0.75093333333333313308444444,AmbiguousEvidence,SkipLocalAmbiguity,2
LongNoteReleaseToTapHead,0.75093333333333313308444445,LocalMismatch,SkipLocalMismatch,1
LongNoteReleaseToTapHead,0.75133333333333258200000000,LocalMismatch,SkipLocalMismatch,1
LongNoteReleaseToTapHead,0.751450000000000300580000000,LocalMismatch,SkipLocalMismatch,4
LongNoteReleaseToTapHead,0.7522666666666659144,LocalMismatch,SkipLocalMismatch,4
LongNoteReleaseToTapHead,0.81130000000000032452000000,LocalMismatch,SkipLocalMismatch,1
LongNoteReleaseToTapHead,0.81316666666666720877777778,LocalMismatch,SkipLocalMismatch,1
LongNoteReleaseToTapHead,0.813450000000000081345,LocalMismatch,SkipLocalMismatch,1
LongNoteReleaseToTapHead,0.85680000000000008568,LocalMismatch,SkipLocalMismatch,1
LongNoteReleaseToTapHead,0.87336666666666701601333333,LocalMismatch,SkipLocalMismatch,1
LongNoteReleaseToTapHead,0.87336666666666701601333334,LocalMismatch,SkipLocalMismatch,2
LongNoteReleaseToTapHead,0.87413333333333310023111111,AmbiguousEvidence,SkipLocalAmbiguity,43
LongNoteReleaseToTapHead,0.874133333333333100231111112,LocalMismatch,SkipLocalMismatch,1
LongNoteReleaseToTapHead,0.87413333333333310023111112,AmbiguousEvidence,SkipLocalAmbiguity,7
LongNoteReleaseToTapHead,0.874650000000000087465,LocalMismatch,SkipLocalMismatch,2
LongNoteReleaseToTapHead,0.87550000000000058366666667,LocalMismatch,SkipLocalMismatch,3
LongNoteReleaseToTapHead,0.87558333333333368356666666,LocalMismatch,SkipLocalMismatch,1
LongNoteReleaseToTapHead,0.87566666666666590775555555,LocalMismatch,SkipLocalMismatch,1
LongNoteReleaseToTapHead,0.87566666666666590775555556,LocalMismatch,SkipLocalMismatch,2
LongNoteReleaseToTapHead,0.87706666666666643278222222,LocalMismatch,SkipLocalMismatch,1
LongNoteReleaseToTapHead,0.87706666666666643278222222,AmbiguousEvidence,SkipLocalAmbiguity,15
LongNoteReleaseToTapHead,0.877066666666666432782222222,LocalMismatch,SkipLocalMismatch,2
LongNoteReleaseToTapHead,0.87706666666666643278222223,LocalMismatch,SkipLocalMismatch,1
LongNoteReleaseToTapHead,0.87706666666666643278222223,AmbiguousEvidence,SkipLocalAmbiguity,15
LongNoteReleaseToTapHead,0.877200000000000087720,LocalMismatch,SkipLocalMismatch,1
LongNoteReleaseToTapHead,0.88230000000000008823,LocalMismatch,SkipLocalMismatch,1
LongNoteReleaseToTapHead,0.915450000000000091545,LocalMismatch,SkipLocalMismatch,1
LongNoteReleaseToTapHead,0.915450000000000091545,AmbiguousEvidence,SkipLocalAmbiguity,4
LongNoteReleaseToTapHead,0.91699999999999908300000000,LocalMismatch,SkipLocalMismatch,1
LongNoteReleaseToTapHead,0.91800000000000009180,LocalMismatch,SkipLocalMismatch,1
LongNoteReleaseToTapHead,0.93765000000000037506000000,LocalMismatch,SkipLocalMismatch,2
LongNoteReleaseToTapHead,0.991950000000000099195,LocalMismatch,SkipLocalMismatch,1
LongNoteReleaseToTapHead,0.997050000000000099705,LocalMismatch,SkipLocalMismatch,1
LongNoteReleaseToTapHead,0.99733333333333306737777777,LocalMismatch,SkipLocalMismatch,1
LongNoteReleaseToTapHead,0.99733333333333399822222223,LocalMismatch,SkipLocalMismatch,1
LongNoteReleaseToTapHead,0.9979666666666656687,LocalMismatch,SkipLocalMismatch,3
LongNoteReleaseToTapHead,0.9979666666666656687,AmbiguousEvidence,SkipLocalAmbiguity,8
LongNoteReleaseToTapHead,0.999000000000000999,AmbiguousEvidence,SkipLocalAmbiguity,10
LongNoteReleaseToTapHead,0.99916666666666716625,LocalMismatch,SkipLocalMismatch,1
LongNoteReleaseToTapHead,0.99916666666666716625,AmbiguousEvidence,SkipLocalAmbiguity,5
LongNoteReleaseToTapHead,0.999600000000000099960,NoComparableContext,SkipGlobalAmbiguity,1
LongNoteReleaseToTapHead,0.999600000000000099960,AmbiguousEvidence,SkipLocalAmbiguity,46
LongNoteReleaseToTapHead,0.99971666666666706655333333,LocalMismatch,SkipLocalMismatch,1
LongNoteReleaseToTapHead,0.99971666666666706655333333,AmbiguousEvidence,SkipLocalAmbiguity,5
LongNoteReleaseToTapHead,0.999716666666667066553333333,LocalMismatch,SkipLocalMismatch,1
LongNoteReleaseToTapHead,0.999716666666667066553333334,LocalMismatch,SkipLocalMismatch,2
LongNoteReleaseToTapHead,0.99971666666666706655333334,LocalMismatch,SkipLocalMismatch,1
LongNoteReleaseToTapHead,0.99971666666666706655333334,AmbiguousEvidence,SkipLocalAmbiguity,2
LongNoteReleaseToTapHead,1.0001666666666673334444444,LocalMismatch,SkipLocalMismatch,2
LongNoteReleaseToTapHead,1.00016666666666733344444444,LocalMismatch,SkipLocalMismatch,2
LongNoteReleaseToTapHead,1.00016666666666733344444445,LocalMismatch,SkipLocalMismatch,1
LongNoteReleaseToTapHead,1.00026666666666639992888888,LocalMismatch,SkipLocalMismatch,1
LongNoteReleaseToTapHead,1.000266666666666399928888889,LocalMismatch,SkipLocalMismatch,2
LongNoteReleaseToTapHead,1.00026666666666639992888889,LocalMismatch,SkipLocalMismatch,3
LongNoteReleaseToTapHead,1.00026666666666639992888889,AmbiguousEvidence,SkipLocalAmbiguity,9
LongNoteReleaseToTapHead,1.0004000000000010004,LocalMismatch,SkipLocalMismatch,2
LongNoteReleaseToTapHead,1.00050000000000040020000000,LocalMismatch,SkipLocalMismatch,2
LongNoteReleaseToTapHead,1.0009999999999989990,LocalMismatch,SkipLocalMismatch,1
LongNoteReleaseToTapHead,1.000999999999998999,AmbiguousEvidence,SkipLocalAmbiguity,19
LongNoteReleaseToTapHead,1.001933333333333734106666667,LocalMismatch,SkipLocalMismatch,1
LongNoteReleaseToTapHead,1.00193333333333373410666667,LocalMismatch,SkipLocalMismatch,1
LongNoteReleaseToTapHead,1.002000000000001002,LocalMismatch,SkipLocalMismatch,1
LongNoteReleaseToTapHead,1.002000000000001002,AmbiguousEvidence,SkipLocalAmbiguity,4
LongNoteReleaseToTapHead,1.002150000000000100215,LocalMismatch,SkipLocalMismatch,4
LongNoteReleaseToTapHead,1.002150000000000100215,AmbiguousEvidence,SkipLocalAmbiguity,6
LongNoteReleaseToTapHead,1.0028000000000005014,LocalMismatch,SkipLocalMismatch,1
LongNoteReleaseToTapHead,1.0625000000000007083333333,LocalMismatch,SkipLocalMismatch,3
LongNoteReleaseToTapHead,1.0625000000000007083333333,AmbiguousEvidence,SkipLocalAmbiguity,4
LongNoteReleaseToTapHead,1.06250000000000070833333333,LocalMismatch,SkipLocalMismatch,1
LongNoteReleaseToTapHead,1.0625000000000007083333334,LocalMismatch,SkipLocalMismatch,2
LongNoteReleaseToTapHead,1.063350000000000106335,LocalMismatch,SkipLocalMismatch,1
LongNoteReleaseToTapHead,1.06400000000000042560,LocalMismatch,SkipLocalMismatch,1
LongNoteReleaseToTapHead,1.08395000000000043358000000,LocalMismatch,SkipLocalMismatch,1
LongNoteReleaseToTapHead,1.12346666666666636707555555,LocalMismatch,SkipLocalMismatch,1
LongNoteReleaseToTapHead,1.12346666666666636707555556,LocalMismatch,SkipLocalMismatch,2
LongNoteReleaseToTapHead,1.12385000000000044954000000,LocalMismatch,SkipLocalMismatch,1
LongNoteReleaseToTapHead,1.124550000000000112455,LocalMismatch,SkipLocalMismatch,1
LongNoteReleaseToTapHead,1.12606666666666711709333333,LocalMismatch,SkipLocalMismatch,2
LongNoteReleaseToTapHead,1.12639999999999969962666666,LocalMismatch,SkipLocalMismatch,3
LongNoteReleaseToTapHead,1.12639999999999969962666667,LocalMismatch,SkipLocalMismatch,2
LongNoteReleaseToTapHead,1.14750000000000076500000000,LocalMismatch,SkipLocalMismatch,1
LongNoteReleaseToTapHead,1.1673333333333341115555555,LocalMismatch,SkipLocalMismatch,1
LongNoteReleaseToTapHead,1.18813333333333380858666666,LocalMismatch,SkipLocalMismatch,1
LongNoteReleaseToTapHead,1.248000000000001248,LocalMismatch,SkipLocalMismatch,2
LongNoteReleaseToTapHead,1.248000000000001248,AmbiguousEvidence,SkipLocalAmbiguity,2
LongNoteReleaseToTapHead,1.24913333333333458246666667,LocalMismatch,SkipLocalMismatch,1
LongNoteReleaseToTapHead,1.249500000000000124950,LocalMismatch,SkipLocalMismatch,2
LongNoteReleaseToTapHead,1.24950000000000083300000000,AmbiguousEvidence,SkipLocalAmbiguity,3
LongNoteReleaseToTapHead,1.24959999999999966677333333,LocalMismatch,SkipLocalMismatch,3
LongNoteReleaseToTapHead,1.24959999999999966677333334,LocalMismatch,SkipLocalMismatch,2
LongNoteReleaseToTapHead,1.2497333333333320836,LocalMismatch,SkipLocalMismatch,3
LongNoteReleaseToTapHead,1.2497333333333320836,AmbiguousEvidence,SkipLocalAmbiguity,6
LongNoteReleaseToTapHead,1.25020000000000050008,LocalMismatch,SkipLocalMismatch,5
LongNoteReleaseToTapHead,1.251000000000001251,AmbiguousEvidence,SkipLocalAmbiguity,2
LongNoteReleaseToTapHead,1.25186666666666791853333333,LocalMismatch,SkipLocalMismatch,1
LongNoteReleaseToTapHead,1.252050000000000125205,LocalMismatch,SkipLocalMismatch,1
LongNoteReleaseToTapHead,1.252050000000000125205,AmbiguousEvidence,SkipLocalAmbiguity,2
LongNoteReleaseToTapHead,1.2523333333333341682222222,LocalMismatch,SkipLocalMismatch,1
LongNoteReleaseToTapHead,1.2523333333333341682222222,AmbiguousEvidence,SkipLocalAmbiguity,2
LongNoteReleaseToTapHead,1.25233333333333416822222223,LocalMismatch,SkipLocalMismatch,1
LongNoteReleaseToTapHead,1.25253333333333299932444445,LocalMismatch,SkipLocalMismatch,1
LongNoteReleaseToTapHead,1.2527666666666654139,LocalMismatch,SkipLocalMismatch,2
LongNoteReleaseToTapHead,1.31183333333333420788888889,LocalMismatch,SkipLocalMismatch,1
LongNoteReleaseToTapHead,1.3118333333333342078888889,LocalMismatch,SkipLocalMismatch,1
LongNoteReleaseToTapHead,1.313250000000000131325,LocalMismatch,SkipLocalMismatch,1
LongNoteReleaseToTapHead,1.3316666666666675544444444,LocalMismatch,SkipLocalMismatch,1
LongNoteReleaseToTapHead,1.3316666666666675544444445,LocalMismatch,SkipLocalMismatch,1
LongNoteReleaseToTapHead,1.37279999999999963392000000,LocalMismatch,SkipLocalMismatch,1
LongNoteReleaseToTapHead,1.37416666666666758277777778,LocalMismatch,SkipLocalMismatch,1
LongNoteReleaseToTapHead,1.37573333333333296647111111,LocalMismatch,SkipLocalMismatch,3
LongNoteReleaseToTapHead,1.37573333333333296647111111,AmbiguousEvidence,SkipLocalAmbiguity,6
LongNoteReleaseToTapHead,1.375733333333332966471111111,LocalMismatch,SkipLocalMismatch,1
LongNoteReleaseToTapHead,1.37573333333333296647111112,AmbiguousEvidence,SkipLocalAmbiguity,2
LongNoteReleaseToTapHead,1.43640000000000057456000000,LocalMismatch,SkipLocalMismatch,1
LongNoteReleaseToTapHead,1.43861666666666724211333333,LocalMismatch,SkipLocalMismatch,1
LongNoteReleaseToTapHead,1.4984666666666651682,LocalMismatch,SkipLocalMismatch,1
LongNoteReleaseToTapHead,1.4984666666666651682,AmbiguousEvidence,SkipLocalAmbiguity,14
LongNoteReleaseToTapHead,1.498466666666667266053333333,LocalMismatch,SkipLocalMismatch,1
LongNoteReleaseToTapHead,1.49893333333333293361777777,LocalMismatch,SkipLocalMismatch,1
LongNoteReleaseToTapHead,1.49893333333333293361777778,LocalMismatch,SkipLocalMismatch,4
LongNoteReleaseToTapHead,1.499400000000000149940,LocalMismatch,SkipLocalMismatch,2
LongNoteReleaseToTapHead,1.49940000000000014994,AmbiguousEvidence,SkipLocalAmbiguity,2
LongNoteReleaseToTapHead,1.500000000000001500,LocalMismatch,SkipLocalMismatch,4
LongNoteReleaseToTapHead,1.50056666666666741695,LocalMismatch,SkipLocalMismatch,1
LongNoteReleaseToTapHead,1.50068333333333393360666666,LocalMismatch,SkipLocalMismatch,1
LongNoteReleaseToTapHead,1.500683333333333933606666666,LocalMismatch,SkipLocalMismatch,1
LongNoteReleaseToTapHead,1.5006833333333339336066666667,LocalMismatch,SkipLocalMismatch,1
LongNoteReleaseToTapHead,1.500683333333333933606666667,LocalMismatch,SkipLocalMismatch,1
LongNoteReleaseToTapHead,1.5014999999999984985,LocalMismatch,SkipLocalMismatch,5
LongNoteReleaseToTapHead,1.5014999999999984985,AmbiguousEvidence,SkipLocalAmbiguity,4
LongNoteReleaseToTapHead,1.50166666666666766777777777,LocalMismatch,SkipLocalMismatch,1
LongNoteReleaseToTapHead,1.53000000000000015300,LocalMismatch,SkipLocalMismatch,1
LongNoteReleaseToTapHead,1.5611666666666677074444444,LocalMismatch,SkipLocalMismatch,1
LongNoteReleaseToTapHead,1.6235000000000010823333334,LocalMismatch,SkipLocalMismatch,1
LongNoteReleaseToTapHead,1.62506666666666623331555555,LocalMismatch,SkipLocalMismatch,1
LongNoteReleaseToTapHead,1.7471999999999982528,LocalMismatch,SkipLocalMismatch,1
LongNoteReleaseToTapHead,1.74895000000000069958,LocalMismatch,SkipLocalMismatch,2
LongNoteReleaseToTapHead,1.749000000000001749,LocalMismatch,SkipLocalMismatch,1
LongNoteReleaseToTapHead,1.7502333333333315831,LocalMismatch,SkipLocalMismatch,3
LongNoteReleaseToTapHead,1.7502333333333315831,AmbiguousEvidence,SkipLocalAmbiguity,5
LongNoteReleaseToTapHead,1.75030000000000070012000000,LocalMismatch,SkipLocalMismatch,1
LongNoteReleaseToTapHead,1.75053333333333333448000000,LocalMismatch,SkipLocalMismatch,1
LongNoteReleaseToTapHead,1.7510000000000011673333333,LocalMismatch,SkipLocalMismatch,1
LongNoteReleaseToTapHead,1.751166666666667367133333333,LocalMismatch,SkipLocalMismatch,1
LongNoteReleaseToTapHead,1.75116666666666736713333334,LocalMismatch,SkipLocalMismatch,1
LongNoteReleaseToTapHead,1.752000000000001752,LocalMismatch,SkipLocalMismatch,1
LongNoteReleaseToTapHead,1.874399999999999500160000000,LocalMismatch,SkipLocalMismatch,2
LongNoteReleaseToTapHead,1.87439999999999950016000000,AmbiguousEvidence,SkipLocalAmbiguity,3
LongNoteReleaseToTapHead,1.87566666666666791711111111,LocalMismatch,SkipLocalMismatch,1
LongNoteReleaseToTapHead,1.87733333333333283271111111,LocalMismatch,SkipLocalMismatch,2
LongNoteReleaseToTapHead,1.99759999999999946730666666,LocalMismatch,SkipLocalMismatch,1
LongNoteReleaseToTapHead,1.99806666666666866473333334,LocalMismatch,SkipLocalMismatch,2
LongNoteReleaseToTapHead,1.9989666666666646677,LocalMismatch,SkipLocalMismatch,1
LongNoteReleaseToTapHead,1.9989666666666646677,AmbiguousEvidence,SkipLocalAmbiguity,8
LongNoteReleaseToTapHead,1.99920000000000019992,LocalMismatch,SkipLocalMismatch,1
LongNoteReleaseToTapHead,1.999433333333334133106666667,LocalMismatch,SkipLocalMismatch,1
LongNoteReleaseToTapHead,2.00053333333333279985777778,LocalMismatch,SkipLocalMismatch,2
LongNoteReleaseToTapHead,2.00080000000000200080000000,LocalMismatch,SkipLocalMismatch,2
LongNoteReleaseToTapHead,2.0008000000000020008,AmbiguousEvidence,SkipLocalAmbiguity,2
LongNoteReleaseToTapHead,2.001000000000002001,LocalMismatch,SkipLocalMismatch,1
LongNoteReleaseToTapHead,2.001750000000000200175,LocalMismatch,SkipLocalMismatch,1
LongNoteReleaseToTapHead,2.00196666666666766765,LocalMismatch,SkipLocalMismatch,2
LongNoteReleaseToTapHead,2.0019999999999979980,LocalMismatch,SkipLocalMismatch,4
LongNoteReleaseToTapHead,2.0019999999999979980,AmbiguousEvidence,SkipLocalAmbiguity,2
LongNoteReleaseToTapHead,2.06371666666666749215333333,LocalMismatch,SkipLocalMismatch,1
LongNoteReleaseToTapHead,2.065500000000000206550,LocalMismatch,SkipLocalMismatch,3
LongNoteReleaseToTapHead,2.12373333333333276700444444,LocalMismatch,SkipLocalMismatch,1
LongNoteReleaseToTapHead,2.12500000000000141666666666,LocalMismatch,SkipLocalMismatch,1
LongNoteReleaseToTapHead,2.12666666666666609955555556,LocalMismatch,SkipLocalMismatch,1
LongNoteReleaseToTapHead,2.249100000000000224910,LocalMismatch,SkipLocalMismatch,1
LongNoteReleaseToTapHead,2.250000000000002250,LocalMismatch,SkipLocalMismatch,1
LongNoteReleaseToTapHead,2.2507333333333310826,LocalMismatch,SkipLocalMismatch,2
LongNoteReleaseToTapHead,2.25420000000000022542,LocalMismatch,SkipLocalMismatch,1
LongNoteReleaseToTapHead,2.37405000000000094962,LocalMismatch,SkipLocalMismatch,1
LongNoteReleaseToTapHead,2.38170000000000023817,LocalMismatch,SkipLocalMismatch,1
LongNoteReleaseToTapHead,2.43833333333333430866666667,LocalMismatch,SkipLocalMismatch,1
LongNoteReleaseToTapHead,2.499000000000000249900,LocalMismatch,SkipLocalMismatch,1
LongNoteReleaseToTapHead,2.499000000000002499,LocalMismatch,SkipLocalMismatch,1
LongNoteReleaseToTapHead,2.4994666666666641672,LocalMismatch,SkipLocalMismatch,3
LongNoteReleaseToTapHead,2.4994666666666641672,AmbiguousEvidence,SkipLocalAmbiguity,5
LongNoteReleaseToTapHead,2.4997333333333345832,LocalMismatch,SkipLocalMismatch,1
LongNoteReleaseToTapHead,2.5004000000000010001599999997,LocalMismatch,SkipLocalMismatch,1
LongNoteReleaseToTapHead,2.50040000000000100016,LocalMismatch,SkipLocalMismatch,2
LongNoteReleaseToTapHead,2.501000000000002501,LocalMismatch,SkipLocalMismatch,1
LongNoteReleaseToTapHead,2.5024999999999974975,LocalMismatch,SkipLocalMismatch,1
LongNoteReleaseToTapHead,2.7481999999999972518,LocalMismatch,SkipLocalMismatch,1
LongNoteReleaseToTapHead,2.750883333333334433686666667,LocalMismatch,SkipLocalMismatch,1
LongNoteReleaseToTapHead,2.751000000000002751,LocalMismatch,SkipLocalMismatch,1
LongNoteReleaseToTapHead,2.87466666666666590008888889,LocalMismatch,SkipLocalMismatch,2
LongNoteReleaseToTapHead,2.99786666666666586723555556,LocalMismatch,SkipLocalMismatch,1
LongNoteReleaseToTapHead,2.99846666666666966513333334,LocalMismatch,SkipLocalMismatch,1
LongNoteReleaseToTapHead,2.998800000000000299880,LocalMismatch,SkipLocalMismatch,1
LongNoteReleaseToTapHead,2.9999666666666636667,LocalMismatch,SkipLocalMismatch,3
LongNoteReleaseToTapHead,2.9999666666666636667,AmbiguousEvidence,SkipLocalAmbiguity,4
LongNoteReleaseToTapHead,3.001350000000000300135,NoComparableContext,SkipGlobalMismatch,1
LongNoteReleaseToTapHead,3.082950000000000308295,LocalMismatch,SkipLocalMismatch,1
LongNoteReleaseToTapHead,3.249000000000003249,LocalMismatch,SkipLocalMismatch,1
LongNoteReleaseToTapHead,3.251850000000001300740000000,LocalMismatch,SkipLocalMismatch,1
LongNoteReleaseToTapHead,3.37333333333333243377777777,LocalMismatch,SkipLocalMismatch,1
LongNoteReleaseToTapHead,3.37333333333333243377777778,LocalMismatch,SkipLocalMismatch,1
LongNoteReleaseToTapHead,3.5004666666666631662,LocalMismatch,SkipLocalMismatch,2
LongNoteReleaseToTapHead,3.5004666666666631662,AmbiguousEvidence,SkipLocalAmbiguity,4
LongNoteReleaseToTapHead,3.74838333333333483268666667,LocalMismatch,SkipLocalMismatch,1
LongNoteReleaseToTapHead,3.87493333333333230001777778,LocalMismatch,SkipLocalMismatch,1
LongNoteReleaseToTapHead,3.87786666666666563256888889,LocalMismatch,SkipLocalMismatch,1
LongNoteReleaseToTapHead,3.93653333333333228359111111,LocalMismatch,SkipLocalMismatch,1
LongNoteReleaseToTapHead,3.9979333333333293354,LocalMismatch,SkipLocalMismatch,1
LongNoteReleaseToTapHead,3.998400000000000399840,LocalMismatch,SkipLocalMismatch,1
LongNoteReleaseToTapHead,3.99886666666667066553333333,LocalMismatch,SkipLocalMismatch,1
LongNoteReleaseToTapHead,4.000950000000000400095,LocalMismatch,SkipLocalMismatch,2
LongNoteReleaseToTapHead,4.0009666666666626657,LocalMismatch,SkipLocalMismatch,1
LongNoteReleaseToTapHead,4.00160000000000400160000000,LocalMismatch,SkipLocalMismatch,1
LongNoteReleaseToTapHead,4.12521666666666831675333333,LocalMismatch,SkipLocalMismatch,1
LongNoteReleaseToTapHead,4.4984333333333288349,LocalMismatch,SkipLocalMismatch,1
LongNoteReleaseToTapHead,4.49906666666667116573333333,LocalMismatch,SkipLocalMismatch,1
LongNoteReleaseToTapHead,4.500000000000004500,LocalMismatch,SkipLocalMismatch,2
LongNoteReleaseToTapHead,4.500750000000000450075,LocalMismatch,SkipLocalMismatch,1
LongNoteReleaseToTapHead,4.5014666666666621652,LocalMismatch,SkipLocalMismatch,1
LongNoteReleaseToTapHead,4.750316666666668566793333333,LocalMismatch,SkipLocalMismatch,1
LongNoteReleaseToTapHead,4.750650000000000475065,NoComparableContext,SkipGlobalMismatch,1
LongNoteReleaseToTapHead,4.99926666666667166593333334,LocalMismatch,SkipLocalMismatch,1
LongNoteReleaseToTapHead,5.00080000000000200032000000,LocalMismatch,SkipLocalMismatch,1
LongNoteReleaseToTapHead,5.0019666666666616647,LocalMismatch,SkipLocalMismatch,1
LongNoteReleaseToTapHead,5.00200000000000500200000000,LocalMismatch,SkipLocalMismatch,1
LongNoteReleaseToTapHead,5.251283333333335433846666663,LocalMismatch,SkipLocalMismatch,1
LongNoteReleaseToTapHead,5.4994333333333278339,LocalMismatch,SkipLocalMismatch,1
LongNoteReleaseToTapHead,5.4994333333333278339,AmbiguousEvidence,SkipLocalAmbiguity,2
LongNoteReleaseToTapHead,5.49955000000000219982,LocalMismatch,SkipLocalMismatch,1
LongNoteReleaseToTapHead,5.500350000000000550035,LocalMismatch,SkipLocalMismatch,1
LongNoteReleaseToTapHead,5.87546666666666509987555555,LocalMismatch,SkipLocalMismatch,1
LongNoteReleaseToTapHead,5.99966666666667266633333334,LocalMismatch,SkipLocalMismatch,2
LongNoteReleaseToTapHead,5.9999333333333273334,LocalMismatch,SkipLocalMismatch,1
LongNoteReleaseToTapHead,6.000150000000000600015,LocalMismatch,SkipLocalMismatch,1
LongNoteReleaseToTapHead,6.00666666666667067111111111,LocalMismatch,SkipLocalMismatch,2
LongNoteReleaseToTapHead,7.0009333333333263324,LocalMismatch,SkipLocalMismatch,1
LongNoteReleaseToTapHead,7.002300000000000700230,NoComparableContext,SkipGlobalMismatch,1
LongNoteReleaseToTapHead,7.00683333333333800455555555,LocalMismatch,SkipLocalMismatch,1
LongNoteReleaseToTapHead,7.499550000000000749955,LocalMismatch,SkipLocalMismatch,1
LongNoteReleaseToTapHead,7.50120000000000300048,LocalMismatch,SkipLocalMismatch,1
LongNoteReleaseToTapHead,7.99919999999999786688000000,LocalMismatch,SkipLocalMismatch,1
LongNoteReleaseToTapHead,8.75140000000000350056,LocalMismatch,SkipLocalMismatch,1
LongNoteReleaseToTapHead,10.0008999999999899991,LocalMismatch,SkipLocalMismatch,1
LongNoteReleaseToTapHead,11.000700000000001100070,NoComparableContext,SkipGlobalMismatch,1
LongNoteReleaseToTapHead,12.50010000000000125001,LocalMismatch,SkipLocalMismatch,1
LongNoteReleaseToTapHead,15.498900000000001549890,LocalMismatch,SkipLocalMismatch,1
LongNoteReleaseToLongNoteHead,0.06206666666666669149333333,AmbiguousEvidence,SkipLocalAmbiguity,70
LongNoteReleaseToLongNoteHead,0.06206666666666669149333334,AmbiguousEvidence,SkipLocalAmbiguity,32
LongNoteReleaseToLongNoteHead,0.0623333333333333748888888,AmbiguousEvidence,SkipLocalAmbiguity,38
LongNoteReleaseToLongNoteHead,0.06233333333333337488888889,LocalMismatch,SkipLocalMismatch,4
LongNoteReleaseToLongNoteHead,0.0623333333333333748888889,AmbiguousEvidence,SkipLocalAmbiguity,275
LongNoteReleaseToLongNoteHead,0.06428333333333335904666666,LocalMismatch,SkipLocalMismatch,3
LongNoteReleaseToLongNoteHead,0.06428333333333335904666666,AmbiguousEvidence,SkipLocalAmbiguity,7
LongNoteReleaseToLongNoteHead,0.06428333333333335904666667,LocalMismatch,SkipLocalMismatch,3
LongNoteReleaseToLongNoteHead,0.06428333333333335904666667,AmbiguousEvidence,SkipLocalAmbiguity,12
LongNoteReleaseToLongNoteHead,0.0651666666666667101111111,LocalMismatch,SkipLocalMismatch,3
LongNoteReleaseToLongNoteHead,0.0651666666666667101111111,AmbiguousEvidence,SkipLocalAmbiguity,10
LongNoteReleaseToLongNoteHead,0.0651666666666667101111112,LocalMismatch,SkipLocalMismatch,2
LongNoteReleaseToLongNoteHead,0.0651666666666667101111112,AmbiguousEvidence,SkipLocalAmbiguity,8
LongNoteReleaseToLongNoteHead,0.0821666666666667214444444,LocalMismatch,SkipLocalMismatch,1
LongNoteReleaseToLongNoteHead,0.12183333333333341455555556,LocalMismatch,SkipLocalMismatch,1
LongNoteReleaseToLongNoteHead,0.12413333333333338298666666,LocalMismatch,SkipLocalMismatch,2
LongNoteReleaseToLongNoteHead,0.12413333333333338298666666,AmbiguousEvidence,SkipLocalAmbiguity,12
LongNoteReleaseToLongNoteHead,0.124133333333333382986666667,LocalMismatch,SkipLocalMismatch,1
LongNoteReleaseToLongNoteHead,0.12413333333333338298666667,AmbiguousEvidence,SkipLocalAmbiguity,19
LongNoteReleaseToLongNoteHead,0.1246666666666667497777777,LocalMismatch,SkipLocalMismatch,1
LongNoteReleaseToLongNoteHead,0.1246666666666667497777777,AmbiguousEvidence,SkipLocalAmbiguity,25
LongNoteReleaseToLongNoteHead,0.12466666666666674977777777,AmbiguousEvidence,SkipLocalAmbiguity,87
LongNoteReleaseToLongNoteHead,0.12466666666666674977777778,AmbiguousEvidence,SkipLocalAmbiguity,331
LongNoteReleaseToLongNoteHead,0.1246666666666667497777778,AmbiguousEvidence,SkipLocalAmbiguity,101
LongNoteReleaseToLongNoteHead,0.124950000000000012495,AmbiguousEvidence,SkipLocalAmbiguity,54
LongNoteReleaseToLongNoteHead,0.12635000000000005054000000,LocalMismatch,SkipLocalMismatch,1
LongNoteReleaseToLongNoteHead,0.12635000000000005054,AmbiguousEvidence,SkipLocalAmbiguity,25
LongNoteReleaseToLongNoteHead,0.127500000000000012750,LocalMismatch,SkipLocalMismatch,2
LongNoteReleaseToLongNoteHead,0.12750000000000008500000000,AmbiguousEvidence,SkipLocalAmbiguity,67
LongNoteReleaseToLongNoteHead,0.1643333333333334428888889,LocalMismatch,SkipLocalMismatch,2
LongNoteReleaseToLongNoteHead,0.165750000000000016575,AmbiguousEvidence,SkipLocalAmbiguity,55
LongNoteReleaseToLongNoteHead,0.16625000000000006650000000,LocalMismatch,SkipLocalMismatch,3
LongNoteReleaseToLongNoteHead,0.16625000000000006650000000,AmbiguousEvidence,SkipLocalAmbiguity,13
LongNoteReleaseToLongNoteHead,0.1671666666666667781111111,LocalMismatch,SkipLocalMismatch,1
LongNoteReleaseToLongNoteHead,0.1671666666666667781111111,AmbiguousEvidence,SkipLocalAmbiguity,26
LongNoteReleaseToLongNoteHead,0.1671666666666667781111112,LocalMismatch,SkipLocalMismatch,1
LongNoteReleaseToLongNoteHead,0.168300000000000016830,AmbiguousEvidence,SkipLocalAmbiguity,30
LongNoteReleaseToLongNoteHead,0.16846666666666673405333333,LocalMismatch,SkipLocalMismatch,1
LongNoteReleaseToLongNoteHead,0.16846666666666673405333334,LocalMismatch,SkipLocalMismatch,3
LongNoteReleaseToLongNoteHead,0.18620000000000007448,LocalMismatch,SkipLocalMismatch,2
LongNoteReleaseToLongNoteHead,0.18620000000000007448000000,AmbiguousEvidence,SkipLocalAmbiguity,22
LongNoteReleaseToLongNoteHead,0.18700000000000012466666666,LocalMismatch,SkipLocalMismatch,3
LongNoteReleaseToLongNoteHead,0.18700000000000012466666667,LocalMismatch,SkipLocalMismatch,4
LongNoteReleaseToLongNoteHead,0.1870000000000001246666667,LocalMismatch,SkipLocalMismatch,1
LongNoteReleaseToLongNoteHead,0.1870000000000001246666667,AmbiguousEvidence,SkipLocalAmbiguity,2
LongNoteReleaseToLongNoteHead,0.18841666666666674203333333,LocalMismatch,SkipLocalMismatch,1
LongNoteReleaseToLongNoteHead,0.18841666666666674203333333,AmbiguousEvidence,SkipLocalAmbiguity,18
LongNoteReleaseToLongNoteHead,0.18841666666666674203333334,LocalMismatch,SkipLocalMismatch,3
LongNoteReleaseToLongNoteHead,0.18841666666666674203333334,AmbiguousEvidence,SkipLocalAmbiguity,2
LongNoteReleaseToLongNoteHead,0.18983333333333345988888889,LocalMismatch,SkipLocalMismatch,1
LongNoteReleaseToLongNoteHead,0.19833333333333346555555555,LocalMismatch,SkipLocalMismatch,2
LongNoteReleaseToLongNoteHead,0.19833333333333346555555556,LocalMismatch,SkipLocalMismatch,1
LongNoteReleaseToLongNoteHead,0.20116666666666680077777778,LocalMismatch,SkipLocalMismatch,2
LongNoteReleaseToLongNoteHead,0.224400000000000022440,LocalMismatch,SkipLocalMismatch,3
LongNoteReleaseToLongNoteHead,0.224400000000000022440,AmbiguousEvidence,SkipLocalAmbiguity,15
LongNoteReleaseToLongNoteHead,0.226950000000000022695,LocalMismatch,SkipLocalMismatch,6
LongNoteReleaseToLongNoteHead,0.2295000000000001530000000,LocalMismatch,SkipLocalMismatch,2
LongNoteReleaseToLongNoteHead,0.247350000000000024735,LocalMismatch,SkipLocalMismatch,3
LongNoteReleaseToLongNoteHead,0.24826666666666676597333333,LocalMismatch,SkipLocalMismatch,1
LongNoteReleaseToLongNoteHead,0.24826666666666676597333333,AmbiguousEvidence,SkipLocalAmbiguity,21
LongNoteReleaseToLongNoteHead,0.248266666666666765973333333,LocalMismatch,SkipLocalMismatch,2
LongNoteReleaseToLongNoteHead,0.248266666666666765973333333,AmbiguousEvidence,SkipLocalAmbiguity,5
LongNoteReleaseToLongNoteHead,0.2482666666666667659733333333,LocalMismatch,SkipLocalMismatch,2
LongNoteReleaseToLongNoteHead,0.2482666666666667659733333334,LocalMismatch,SkipLocalMismatch,1
LongNoteReleaseToLongNoteHead,0.248266666666666765973333334,LocalMismatch,SkipLocalMismatch,2
LongNoteReleaseToLongNoteHead,0.248266666666666765973333334,AmbiguousEvidence,SkipLocalAmbiguity,2
LongNoteReleaseToLongNoteHead,0.24826666666666676597333334,AmbiguousEvidence,SkipLocalAmbiguity,28
LongNoteReleaseToLongNoteHead,0.24873333333333358206666666,LocalMismatch,SkipLocalMismatch,1
LongNoteReleaseToLongNoteHead,0.249000000000000249,AmbiguousEvidence,SkipLocalAmbiguity,441
LongNoteReleaseToLongNoteHead,0.24933333333333326684444444,AmbiguousEvidence,SkipLocalAmbiguity,333
LongNoteReleaseToLongNoteHead,0.249333333333333266844444444,LocalMismatch,SkipLocalMismatch,5
LongNoteReleaseToLongNoteHead,0.249333333333333266844444444,AmbiguousEvidence,SkipLocalAmbiguity,2
LongNoteReleaseToLongNoteHead,0.2493333333333332668444444445,LocalMismatch,SkipLocalMismatch,1
LongNoteReleaseToLongNoteHead,0.2493333333333332668444444445,AmbiguousEvidence,SkipLocalAmbiguity,2
LongNoteReleaseToLongNoteHead,0.249333333333333266844444445,LocalMismatch,SkipLocalMismatch,6
LongNoteReleaseToLongNoteHead,0.249333333333333266844444445,AmbiguousEvidence,SkipLocalAmbiguity,7
LongNoteReleaseToLongNoteHead,0.24933333333333326684444445,AmbiguousEvidence,SkipLocalAmbiguity,231
LongNoteReleaseToLongNoteHead,0.2493333333333334995555555,LocalMismatch,SkipLocalMismatch,3
LongNoteReleaseToLongNoteHead,0.2493333333333334995555555,AmbiguousEvidence,SkipLocalAmbiguity,13
LongNoteReleaseToLongNoteHead,0.24933333333333349955555555,LocalMismatch,SkipLocalMismatch,3
LongNoteReleaseToLongNoteHead,0.24933333333333349955555555,AmbiguousEvidence,SkipLocalAmbiguity,20
LongNoteReleaseToLongNoteHead,0.24933333333333349955555556,AmbiguousEvidence,SkipLocalAmbiguity,45
LongNoteReleaseToLongNoteHead,0.2493333333333334995555556,LocalMismatch,SkipLocalMismatch,1
LongNoteReleaseToLongNoteHead,0.2493333333333334995555556,AmbiguousEvidence,SkipLocalAmbiguity,16
LongNoteReleaseToLongNoteHead,0.24990000000000002499,AmbiguousEvidence,SkipLocalAmbiguity,1296
LongNoteReleaseToLongNoteHead,0.25048333333333343352666666,AmbiguousEvidence,SkipLocalAmbiguity,48
LongNoteReleaseToLongNoteHead,0.250483333333333433526666666,LocalMismatch,SkipLocalMismatch,2
LongNoteReleaseToLongNoteHead,0.250483333333333433526666666,AmbiguousEvidence,SkipLocalAmbiguity,8
LongNoteReleaseToLongNoteHead,0.2504833333333334335266666666,LocalMismatch,SkipLocalMismatch,4
LongNoteReleaseToLongNoteHead,0.2504833333333334335266666667,LocalMismatch,SkipLocalMismatch,4
LongNoteReleaseToLongNoteHead,0.250483333333333433526666667,LocalMismatch,SkipLocalMismatch,2
LongNoteReleaseToLongNoteHead,0.250483333333333433526666667,AmbiguousEvidence,SkipLocalAmbiguity,17
LongNoteReleaseToLongNoteHead,0.25048333333333343352666667,AmbiguousEvidence,SkipLocalAmbiguity,114
LongNoteReleaseToLongNoteHead,0.252000000000000252,AmbiguousEvidence,SkipLocalAmbiguity,230
LongNoteReleaseToLongNoteHead,0.25216666666666683477777777,LocalMismatch,SkipLocalMismatch,4
LongNoteReleaseToLongNoteHead,0.25216666666666683477777777,AmbiguousEvidence,SkipLocalAmbiguity,2
LongNoteReleaseToLongNoteHead,0.25216666666666683477777778,LocalMismatch,SkipLocalMismatch,2
LongNoteReleaseToLongNoteHead,0.25216666666666683477777778,AmbiguousEvidence,SkipLocalAmbiguity,14
LongNoteReleaseToLongNoteHead,0.2521666666666668347777778,LocalMismatch,SkipLocalMismatch,4
LongNoteReleaseToLongNoteHead,0.25226666666666659939555555,AmbiguousEvidence,SkipLocalAmbiguity,85
LongNoteReleaseToLongNoteHead,0.2522666666666665993955555555,LocalMismatch,SkipLocalMismatch,1
LongNoteReleaseToLongNoteHead,0.252266666666666599395555556,LocalMismatch,SkipLocalMismatch,3
LongNoteReleaseToLongNoteHead,0.252266666666666599395555556,AmbiguousEvidence,SkipLocalAmbiguity,5
LongNoteReleaseToLongNoteHead,0.25226666666666659939555556,AmbiguousEvidence,SkipLocalAmbiguity,110
LongNoteReleaseToLongNoteHead,0.252450000000000025245,AmbiguousEvidence,SkipLocalAmbiguity,47
LongNoteReleaseToLongNoteHead,0.31033333333333345746666667,LocalMismatch,SkipLocalMismatch,3
LongNoteReleaseToLongNoteHead,0.31093333333333325041777777,LocalMismatch,SkipLocalMismatch,1
LongNoteReleaseToLongNoteHead,0.31093333333333325041777778,LocalMismatch,SkipLocalMismatch,2
LongNoteReleaseToLongNoteHead,0.31093333333333325041777778,AmbiguousEvidence,SkipLocalAmbiguity,2
LongNoteReleaseToLongNoteHead,0.3116666666666668744444444,LocalMismatch,SkipLocalMismatch,7
LongNoteReleaseToLongNoteHead,0.3116666666666668744444444,AmbiguousEvidence,SkipLocalAmbiguity,2
LongNoteReleaseToLongNoteHead,0.31166666666666687444444444,LocalMismatch,SkipLocalMismatch,1
LongNoteReleaseToLongNoteHead,0.31166666666666687444444444,AmbiguousEvidence,SkipLocalAmbiguity,4
LongNoteReleaseToLongNoteHead,0.3116666666666668744444445,LocalMismatch,SkipLocalMismatch,3
LongNoteReleaseToLongNoteHead,0.31255000000000012502,AmbiguousEvidence,SkipLocalAmbiguity,140
LongNoteReleaseToLongNoteHead,0.31386666666666658296888889,LocalMismatch,SkipLocalMismatch,2
LongNoteReleaseToLongNoteHead,0.3145000000000002096666666,LocalMismatch,SkipLocalMismatch,4
LongNoteReleaseToLongNoteHead,0.31450000000000020966666667,LocalMismatch,SkipLocalMismatch,1
LongNoteReleaseToLongNoteHead,0.3145000000000002096666667,LocalMismatch,SkipLocalMismatch,5
LongNoteReleaseToLongNoteHead,0.318750000000000031875,LocalMismatch,SkipLocalMismatch,3
LongNoteReleaseToLongNoteHead,0.33146666666666657827555555,AmbiguousEvidence,SkipLocalAmbiguity,2
LongNoteReleaseToLongNoteHead,0.33146666666666657827555556,LocalMismatch,SkipLocalMismatch,3
LongNoteReleaseToLongNoteHead,0.3315000000000002210000000,LocalMismatch,SkipLocalMismatch,2
LongNoteReleaseToLongNoteHead,0.33250000000000013300,LocalMismatch,SkipLocalMismatch,2
LongNoteReleaseToLongNoteHead,0.333000000000000333,AmbiguousEvidence,SkipLocalAmbiguity,9
LongNoteReleaseToLongNoteHead,0.3343333333333335562222222,LocalMismatch,SkipLocalMismatch,1
LongNoteReleaseToLongNoteHead,0.3343333333333335562222223,LocalMismatch,SkipLocalMismatch,2
LongNoteReleaseToLongNoteHead,0.33439999999999991082666666,LocalMismatch,SkipLocalMismatch,1
LongNoteReleaseToLongNoteHead,0.33439999999999991082666666,AmbiguousEvidence,SkipLocalAmbiguity,4
LongNoteReleaseToLongNoteHead,0.33439999999999991082666667,LocalMismatch,SkipLocalMismatch,1
LongNoteReleaseToLongNoteHead,0.33439999999999991082666667,AmbiguousEvidence,SkipLocalAmbiguity,3
LongNoteReleaseToLongNoteHead,0.33471666666666680055333333,LocalMismatch,SkipLocalMismatch,1
LongNoteReleaseToLongNoteHead,0.37253333333333323399111111,LocalMismatch,SkipLocalMismatch,1
LongNoteReleaseToLongNoteHead,0.37253333333333323399111111,AmbiguousEvidence,SkipLocalAmbiguity,19
LongNoteReleaseToLongNoteHead,0.37253333333333323399111112,LocalMismatch,SkipLocalMismatch,2
LongNoteReleaseToLongNoteHead,0.3740000000000002493333333,LocalMismatch,SkipLocalMismatch,1
LongNoteReleaseToLongNoteHead,0.3740000000000002493333333,AmbiguousEvidence,SkipLocalAmbiguity,3
LongNoteReleaseToLongNoteHead,0.37400000000000024933333333,LocalMismatch,SkipLocalMismatch,1
LongNoteReleaseToLongNoteHead,0.37400000000000024933333333,AmbiguousEvidence,SkipLocalAmbiguity,19
LongNoteReleaseToLongNoteHead,0.37400000000000024933333334,LocalMismatch,SkipLocalMismatch,1
LongNoteReleaseToLongNoteHead,0.37400000000000024933333334,AmbiguousEvidence,SkipLocalAmbiguity,9
LongNoteReleaseToLongNoteHead,0.37461666666666681651333333,AmbiguousEvidence,SkipLocalAmbiguity,47
LongNoteReleaseToLongNoteHead,0.374616666666666816513333334,LocalMismatch,SkipLocalMismatch,1
LongNoteReleaseToLongNoteHead,0.37461666666666681651333334,AmbiguousEvidence,SkipLocalAmbiguity,35
LongNoteReleaseToLongNoteHead,0.374850000000000037485,AmbiguousEvidence,SkipLocalAmbiguity,50
LongNoteReleaseToLongNoteHead,0.375000000000000375,AmbiguousEvidence,SkipLocalAmbiguity,12
LongNoteReleaseToLongNoteHead,0.37546666666666656654222222,AmbiguousEvidence,SkipLocalAmbiguity,149
LongNoteReleaseToLongNoteHead,0.375466666666666566542222222,LocalMismatch,SkipLocalMismatch,1
LongNoteReleaseToLongNoteHead,0.37546666666666656654222223,AmbiguousEvidence,SkipLocalAmbiguity,47
LongNoteReleaseToLongNoteHead,0.37683333333333348406666666,LocalMismatch,SkipLocalMismatch,1
LongNoteReleaseToLongNoteHead,0.37683333333333348406666666,AmbiguousEvidence,SkipLocalAmbiguity,7
LongNoteReleaseToLongNoteHead,0.37683333333333348406666667,LocalMismatch,SkipLocalMismatch,4
LongNoteReleaseToLongNoteHead,0.37683333333333348406666667,AmbiguousEvidence,SkipLocalAmbiguity,7
LongNoteReleaseToLongNoteHead,0.3768333333333335845555555,LocalMismatch,SkipLocalMismatch,2
LongNoteReleaseToLongNoteHead,0.37683333333333358455555555,LocalMismatch,SkipLocalMismatch,1
LongNoteReleaseToLongNoteHead,0.37683333333333358455555556,AmbiguousEvidence,SkipLocalAmbiguity,11
LongNoteReleaseToLongNoteHead,0.377400000000000037740,LocalMismatch,SkipLocalMismatch,2
LongNoteReleaseToLongNoteHead,0.37740000000000003774,AmbiguousEvidence,SkipLocalAmbiguity,3
LongNoteReleaseToLongNoteHead,0.38250000000000003825,LocalMismatch,SkipLocalMismatch,3
LongNoteReleaseToLongNoteHead,0.38250000000000003825,AmbiguousEvidence,SkipLocalAmbiguity,25
LongNoteReleaseToLongNoteHead,0.3938333333333335958888889,LocalMismatch,SkipLocalMismatch,1
LongNoteReleaseToLongNoteHead,0.39950000000000026633333333,LocalMismatch,SkipLocalMismatch,1
LongNoteReleaseToLongNoteHead,0.400350000000000040035,LocalMismatch,SkipLocalMismatch,1
LongNoteReleaseToLongNoteHead,0.400350000000000040035,AmbiguousEvidence,SkipLocalAmbiguity,2
LongNoteReleaseToLongNoteHead,0.402900000000000040290,LocalMismatch,SkipLocalMismatch,2
LongNoteReleaseToLongNoteHead,0.402900000000000040290,AmbiguousEvidence,SkipLocalAmbiguity,20
LongNoteReleaseToLongNoteHead,0.410550000000000041055,LocalMismatch,SkipLocalMismatch,1
LongNoteReleaseToLongNoteHead,0.415650000000000041565,AmbiguousEvidence,SkipLocalAmbiguity,109
LongNoteReleaseToLongNoteHead,0.41673333333333350002666667,LocalMismatch,SkipLocalMismatch,3
LongNoteReleaseToLongNoteHead,0.41820000000000004182,AmbiguousEvidence,SkipLocalAmbiguity,72
LongNoteReleaseToLongNoteHead,0.425850000000000042585,LocalMismatch,SkipLocalMismatch,7
LongNoteReleaseToLongNoteHead,0.4363333333333336242222222,LocalMismatch,SkipLocalMismatch,1
LongNoteReleaseToLongNoteHead,0.43633333333333362422222222,LocalMismatch,SkipLocalMismatch,2
LongNoteReleaseToLongNoteHead,0.43668333333333350800666666,LocalMismatch,SkipLocalMismatch,4
LongNoteReleaseToLongNoteHead,0.43668333333333350800666666,AmbiguousEvidence,SkipLocalAmbiguity,6
LongNoteReleaseToLongNoteHead,0.43668333333333350800666667,LocalMismatch,SkipLocalMismatch,3
LongNoteReleaseToLongNoteHead,0.43668333333333350800666667,AmbiguousEvidence,SkipLocalAmbiguity,5
LongNoteReleaseToLongNoteHead,0.43890000000000017556000000,LocalMismatch,SkipLocalMismatch,5
LongNoteReleaseToLongNoteHead,0.43890000000000017556,AmbiguousEvidence,SkipLocalAmbiguity,2
LongNoteReleaseToLongNoteHead,0.4391666666666669594444444,LocalMismatch,SkipLocalMismatch,2
LongNoteReleaseToLongNoteHead,0.492150000000000049215,LocalMismatch,SkipLocalMismatch,1
LongNoteReleaseToLongNoteHead,0.4974666666666661692,LocalMismatch,SkipLocalMismatch,2
LongNoteReleaseToLongNoteHead,0.49776666666666691555,LocalMismatch,SkipLocalMismatch,2
LongNoteReleaseToLongNoteHead,0.498000000000000498,AmbiguousEvidence,SkipLocalAmbiguity,147
LongNoteReleaseToLongNoteHead,0.49866666666666653368888888,LocalMismatch,SkipLocalMismatch,2
LongNoteReleaseToLongNoteHead,0.49866666666666653368888888,AmbiguousEvidence,SkipLocalAmbiguity,16
LongNoteReleaseToLongNoteHead,0.49866666666666653368888889,AmbiguousEvidence,SkipLocalAmbiguity,146
LongNoteReleaseToLongNoteHead,0.4986666666666669991111111,LocalMismatch,SkipLocalMismatch,1
LongNoteReleaseToLongNoteHead,0.4986666666666669991111111,AmbiguousEvidence,SkipLocalAmbiguity,4
LongNoteReleaseToLongNoteHead,0.49866666666666699911111111,LocalMismatch,SkipLocalMismatch,3
LongNoteReleaseToLongNoteHead,0.49866666666666699911111111,AmbiguousEvidence,SkipLocalAmbiguity,4
LongNoteReleaseToLongNoteHead,0.4986666666666669991111112,LocalMismatch,SkipLocalMismatch,2
LongNoteReleaseToLongNoteHead,0.49875000000000019950,AmbiguousEvidence,SkipLocalAmbiguity,58
LongNoteReleaseToLongNoteHead,0.498750000000000199500000003,LocalMismatch,SkipLocalMismatch,1
LongNoteReleaseToLongNoteHead,0.49980000000000004998,AmbiguousEvidence,SkipLocalAmbiguity,424
LongNoteReleaseToLongNoteHead,0.50020000000000050020000000,LocalMismatch,SkipLocalMismatch,2
LongNoteReleaseToLongNoteHead,0.50020000000000050020000000,AmbiguousEvidence,SkipLocalAmbiguity,2
LongNoteReleaseToLongNoteHead,0.5004999999999994995,AmbiguousEvidence,SkipLocalAmbiguity,27
LongNoteReleaseToLongNoteHead,0.50096666666666686705333333,AmbiguousEvidence,SkipLocalAmbiguity,51
LongNoteReleaseToLongNoteHead,0.500966666666666867053333333,LocalMismatch,SkipLocalMismatch,3
LongNoteReleaseToLongNoteHead,0.500966666666666867053333333,AmbiguousEvidence,SkipLocalAmbiguity,2
LongNoteReleaseToLongNoteHead,0.500966666666666867053333334,LocalMismatch,SkipLocalMismatch,2
LongNoteReleaseToLongNoteHead,0.500966666666666867053333334,AmbiguousEvidence,SkipLocalAmbiguity,2
LongNoteReleaseToLongNoteHead,0.50096666666666686705333334,LocalMismatch,SkipLocalMismatch,1
LongNoteReleaseToLongNoteHead,0.50096666666666686705333334,AmbiguousEvidence,SkipLocalAmbiguity,12
LongNoteReleaseToLongNoteHead,0.501000000000000501,AmbiguousEvidence,SkipLocalAmbiguity,296
LongNoteReleaseToLongNoteHead,0.50140000000000025070,LocalMismatch,SkipLocalMismatch,3
LongNoteReleaseToLongNoteHead,0.5015000000000003343333333,LocalMismatch,SkipLocalMismatch,6
LongNoteReleaseToLongNoteHead,0.5015000000000003343333333,AmbiguousEvidence,SkipLocalAmbiguity,5
LongNoteReleaseToLongNoteHead,0.50150000000000033433333333,LocalMismatch,SkipLocalMismatch,3
LongNoteReleaseToLongNoteHead,0.50150000000000033433333333,AmbiguousEvidence,SkipLocalAmbiguity,7
LongNoteReleaseToLongNoteHead,0.50150000000000033433333334,LocalMismatch,SkipLocalMismatch,2
LongNoteReleaseToLongNoteHead,0.5015000000000003343333334,LocalMismatch,SkipLocalMismatch,1
LongNoteReleaseToLongNoteHead,0.5015000000000003343333334,AmbiguousEvidence,SkipLocalAmbiguity,2
LongNoteReleaseToLongNoteHead,0.50159999999999986624000000,AmbiguousEvidence,SkipLocalAmbiguity,126
LongNoteReleaseToLongNoteHead,0.502350000000000050235,LocalMismatch,SkipLocalMismatch,1
LongNoteReleaseToLongNoteHead,0.502350000000000050235,AmbiguousEvidence,SkipLocalAmbiguity,37
LongNoteReleaseToLongNoteHead,0.543150000000000054315,LocalMismatch,SkipLocalMismatch,1
LongNoteReleaseToLongNoteHead,0.55590000000000005559,LocalMismatch,SkipLocalMismatch,3
LongNoteReleaseToLongNoteHead,0.56026666666666651726222222,LocalMismatch,SkipLocalMismatch,2
LongNoteReleaseToLongNoteHead,0.56081666666666689099333333,LocalMismatch,SkipLocalMismatch,1
LongNoteReleaseToLongNoteHead,0.56081666666666689099333333,AmbiguousEvidence,SkipLocalAmbiguity,8
LongNoteReleaseToLongNoteHead,0.5610000000000003740000000,LocalMismatch,SkipLocalMismatch,2
LongNoteReleaseToLongNoteHead,0.5610000000000003740000000,AmbiguousEvidence,SkipLocalAmbiguity,13
LongNoteReleaseToLongNoteHead,0.56303333333333355854666666,LocalMismatch,SkipLocalMismatch,4
LongNoteReleaseToLongNoteHead,0.56303333333333355854666666,AmbiguousEvidence,SkipLocalAmbiguity,2
LongNoteReleaseToLongNoteHead,0.56303333333333355854666667,LocalMismatch,SkipLocalMismatch,2
LongNoteReleaseToLongNoteHead,0.56303333333333355854666667,AmbiguousEvidence,SkipLocalAmbiguity,5
LongNoteReleaseToLongNoteHead,0.563550000000000056355,LocalMismatch,SkipLocalMismatch,2
LongNoteReleaseToLongNoteHead,0.5638333333333337092222222,AmbiguousEvidence,SkipLocalAmbiguity,34
LongNoteReleaseToLongNoteHead,0.5638333333333337092222223,LocalMismatch,SkipLocalMismatch,1
LongNoteReleaseToLongNoteHead,0.5638333333333337092222223,AmbiguousEvidence,SkipLocalAmbiguity,6
LongNoteReleaseToLongNoteHead,0.582000000000000582,AmbiguousEvidence,SkipLocalAmbiguity,2
LongNoteReleaseToLongNoteHead,0.58298333333333356652666667,LocalMismatch,SkipLocalMismatch,1
LongNoteReleaseToLongNoteHead,0.585000000000000585,LocalMismatch,SkipLocalMismatch,1
LongNoteReleaseToLongNoteHead,0.585000000000000585,AmbiguousEvidence,SkipLocalAmbiguity,3
LongNoteReleaseToLongNoteHead,0.62333333333333374888888889,LocalMismatch,SkipLocalMismatch,1
LongNoteReleaseToLongNoteHead,0.624000000000000624,LocalMismatch,SkipLocalMismatch,2
LongNoteReleaseToLongNoteHead,0.624750000000000062475,LocalMismatch,SkipLocalMismatch,2
LongNoteReleaseToLongNoteHead,0.624750000000000062475,AmbiguousEvidence,SkipLocalAmbiguity,14
LongNoteReleaseToLongNoteHead,0.62479999999999983338666666,LocalMismatch,SkipLocalMismatch,3
LongNoteReleaseToLongNoteHead,0.62479999999999983338666666,AmbiguousEvidence,SkipLocalAmbiguity,5
LongNoteReleaseToLongNoteHead,0.62479999999999983338666667,LocalMismatch,SkipLocalMismatch,2
LongNoteReleaseToLongNoteHead,0.62479999999999983338666667,AmbiguousEvidence,SkipLocalAmbiguity,21
LongNoteReleaseToLongNoteHead,0.62510000000000025004000000,LocalMismatch,SkipLocalMismatch,2
LongNoteReleaseToLongNoteHead,0.62510000000000025004,AmbiguousEvidence,SkipLocalAmbiguity,10
LongNoteReleaseToLongNoteHead,0.6261666666666670841111111,LocalMismatch,SkipLocalMismatch,5
LongNoteReleaseToLongNoteHead,0.62616666666666708411111111,LocalMismatch,SkipLocalMismatch,3
LongNoteReleaseToLongNoteHead,0.627000000000000627,LocalMismatch,SkipLocalMismatch,2
LongNoteReleaseToLongNoteHead,0.62730000000000006273,LocalMismatch,SkipLocalMismatch,3
LongNoteReleaseToLongNoteHead,0.62773333333333316593777777,LocalMismatch,SkipLocalMismatch,1
LongNoteReleaseToLongNoteHead,0.62773333333333316593777778,LocalMismatch,SkipLocalMismatch,2
LongNoteReleaseToLongNoteHead,0.637500000000000063750,LocalMismatch,SkipLocalMismatch,3
LongNoteReleaseToLongNoteHead,0.64505000000000025802,LocalMismatch,SkipLocalMismatch,1
LongNoteReleaseToLongNoteHead,0.665550000000000066555,AmbiguousEvidence,SkipLocalAmbiguity,48
LongNoteReleaseToLongNoteHead,0.6658333333333337772222222,LocalMismatch,SkipLocalMismatch,1
LongNoteReleaseToLongNoteHead,0.666000000000000666,LocalMismatch,SkipLocalMismatch,1
LongNoteReleaseToLongNoteHead,0.666000000000000666,AmbiguousEvidence,SkipLocalAmbiguity,3
LongNoteReleaseToLongNoteHead,0.66721666666666693355333333,LocalMismatch,SkipLocalMismatch,1
LongNoteReleaseToLongNoteHead,0.66721666666666693355333334,LocalMismatch,SkipLocalMismatch,1
LongNoteReleaseToLongNoteHead,0.66810000000000006681,AmbiguousEvidence,SkipLocalAmbiguity,32
LongNoteReleaseToLongNoteHead,0.6686666666666671124444444,LocalMismatch,SkipLocalMismatch,1
LongNoteReleaseToLongNoteHead,0.669000000000000669,AmbiguousEvidence,SkipLocalAmbiguity,2
LongNoteReleaseToLongNoteHead,0.6856666666666671237777778,LocalMismatch,SkipLocalMismatch,1
LongNoteReleaseToLongNoteHead,0.68639999999999981696000000,LocalMismatch,SkipLocalMismatch,1
LongNoteReleaseToLongNoteHead,0.68716666666666694153333333,LocalMismatch,SkipLocalMismatch,2
LongNoteReleaseToLongNoteHead,0.68716666666666694153333333,AmbiguousEvidence,SkipLocalAmbiguity,2
LongNoteReleaseToLongNoteHead,0.68716666666666694153333334,LocalMismatch,SkipLocalMismatch,1
LongNoteReleaseToLongNoteHead,0.68938333333333360908666667,LocalMismatch,SkipLocalMismatch,1
LongNoteReleaseToLongNoteHead,0.708900000000000070890,LocalMismatch,SkipLocalMismatch,1
LongNoteReleaseToLongNoteHead,0.74799999999999980053333333,LocalMismatch,SkipLocalMismatch,3
LongNoteReleaseToLongNoteHead,0.74799999999999980053333333,AmbiguousEvidence,SkipLocalAmbiguity,3
LongNoteReleaseToLongNoteHead,0.74799999999999980053333334,LocalMismatch,SkipLocalMismatch,3
LongNoteReleaseToLongNoteHead,0.74800000000000049866666666,LocalMismatch,SkipLocalMismatch,2
LongNoteReleaseToLongNoteHead,0.74800000000000049866666667,LocalMismatch,SkipLocalMismatch,1
LongNoteReleaseToLongNoteHead,0.7480000000000004986666667,LocalMismatch,SkipLocalMismatch,1
LongNoteReleaseToLongNoteHead,0.7480000000000004986666667,AmbiguousEvidence,SkipLocalAmbiguity,2
LongNoteReleaseToLongNoteHead,0.7484666666666670409,LocalMismatch,SkipLocalMismatch,1
LongNoteReleaseToLongNoteHead,0.7492333333333325841,LocalMismatch,SkipLocalMismatch,2
LongNoteReleaseToLongNoteHead,0.74923333333333363302666666,LocalMismatch,SkipLocalMismatch,2
LongNoteReleaseToLongNoteHead,0.749233333333333633026666667,LocalMismatch,SkipLocalMismatch,1
LongNoteReleaseToLongNoteHead,0.74923333333333363302666667,LocalMismatch,SkipLocalMismatch,3
LongNoteReleaseToLongNoteHead,0.74923333333333363302666667,AmbiguousEvidence,SkipLocalAmbiguity,3
LongNoteReleaseToLongNoteHead,0.74970000000000007497,AmbiguousEvidence,SkipLocalAmbiguity,168
LongNoteReleaseToLongNoteHead,0.750000000000000750,AmbiguousEvidence,SkipLocalAmbiguity,98
LongNoteReleaseToLongNoteHead,0.7508333333333338338888888,LocalMismatch,SkipLocalMismatch,1
LongNoteReleaseToLongNoteHead,0.75083333333333383388888888,LocalMismatch,SkipLocalMismatch,2
LongNoteReleaseToLongNoteHead,0.75083333333333383388888889,LocalMismatch,SkipLocalMismatch,2
LongNoteReleaseToLongNoteHead,0.75083333333333383388888889,AmbiguousEvidence,SkipLocalAmbiguity,2
LongNoteReleaseToLongNoteHead,0.7508333333333338338888889,LocalMismatch,SkipLocalMismatch,5
LongNoteReleaseToLongNoteHead,0.75093333333333313308444444,AmbiguousEvidence,SkipLocalAmbiguity,15
LongNoteReleaseToLongNoteHead,0.75093333333333313308444445,LocalMismatch,SkipLocalMismatch,4
LongNoteReleaseToLongNoteHead,0.75093333333333313308444445,AmbiguousEvidence,SkipLocalAmbiguity,10
LongNoteReleaseToLongNoteHead,0.75145000000000030058000000,LocalMismatch,SkipLocalMismatch,3
LongNoteReleaseToLongNoteHead,0.75210000000000037605,LocalMismatch,SkipLocalMismatch,1
LongNoteReleaseToLongNoteHead,0.752250000000000075225,AmbiguousEvidence,SkipLocalAmbiguity,27
LongNoteReleaseToLongNoteHead,0.8103333333333338735555556,LocalMismatch,SkipLocalMismatch,1
LongNoteReleaseToLongNoteHead,0.81130000000000032452,LocalMismatch,SkipLocalMismatch,2
LongNoteReleaseToLongNoteHead,0.8131666666666672087777777,LocalMismatch,SkipLocalMismatch,1
LongNoteReleaseToLongNoteHead,0.8131666666666672087777778,LocalMismatch,SkipLocalMismatch,2
LongNoteReleaseToLongNoteHead,0.81351666666666699207333334,LocalMismatch,SkipLocalMismatch,1
LongNoteReleaseToLongNoteHead,0.818550000000000081855,LocalMismatch,SkipLocalMismatch,1
LongNoteReleaseToLongNoteHead,0.83346666666666700005333333,LocalMismatch,SkipLocalMismatch,2
LongNoteReleaseToLongNoteHead,0.834000000000000834,AmbiguousEvidence,SkipLocalAmbiguity,18
LongNoteReleaseToLongNoteHead,0.8726666666666672484444444,LocalMismatch,SkipLocalMismatch,1
LongNoteReleaseToLongNoteHead,0.87266666666666724844444444,LocalMismatch,SkipLocalMismatch,1
LongNoteReleaseToLongNoteHead,0.87336666666666701601333333,LocalMismatch,SkipLocalMismatch,1
LongNoteReleaseToLongNoteHead,0.87336666666666701601333334,LocalMismatch,SkipLocalMismatch,1
LongNoteReleaseToLongNoteHead,0.87413333333333310023111111,AmbiguousEvidence,SkipLocalAmbiguity,53
LongNoteReleaseToLongNoteHead,0.874133333333333100231111111,LocalMismatch,SkipLocalMismatch,1
LongNoteReleaseToLongNoteHead,0.874133333333333100231111111,AmbiguousEvidence,SkipLocalAmbiguity,3
LongNoteReleaseToLongNoteHead,0.87413333333333310023111112,LocalMismatch,SkipLocalMismatch,2
LongNoteReleaseToLongNoteHead,0.87413333333333310023111112,AmbiguousEvidence,SkipLocalAmbiguity,2
LongNoteReleaseToLongNoteHead,0.874650000000000087465,LocalMismatch,SkipLocalMismatch,3
LongNoteReleaseToLongNoteHead,0.87550000000000058366666667,LocalMismatch,SkipLocalMismatch,1
LongNoteReleaseToLongNoteHead,0.8755000000000005836666667,LocalMismatch,SkipLocalMismatch,1
LongNoteReleaseToLongNoteHead,0.87558333333333368356666666,LocalMismatch,SkipLocalMismatch,1
LongNoteReleaseToLongNoteHead,0.87558333333333368356666667,LocalMismatch,SkipLocalMismatch,2
LongNoteReleaseToLongNoteHead,0.87558333333333368356666667,AmbiguousEvidence,SkipLocalAmbiguity,2
LongNoteReleaseToLongNoteHead,0.87706666666666643278222222,LocalMismatch,SkipLocalMismatch,1
LongNoteReleaseToLongNoteHead,0.87706666666666643278222222,AmbiguousEvidence,SkipLocalAmbiguity,20
LongNoteReleaseToLongNoteHead,0.87706666666666643278222223,LocalMismatch,SkipLocalMismatch,2
LongNoteReleaseToLongNoteHead,0.87706666666666643278222223,AmbiguousEvidence,SkipLocalAmbiguity,12
LongNoteReleaseToLongNoteHead,0.87720000000000008772,LocalMismatch,SkipLocalMismatch,1
LongNoteReleaseToLongNoteHead,0.910350000000000091035,LocalMismatch,SkipLocalMismatch,1
LongNoteReleaseToLongNoteHead,0.915450000000000091545,LocalMismatch,SkipLocalMismatch,1
LongNoteReleaseToLongNoteHead,0.915450000000000091545,AmbiguousEvidence,SkipLocalAmbiguity,23
LongNoteReleaseToLongNoteHead,0.91800000000000009180,AmbiguousEvidence,SkipLocalAmbiguity,28
LongNoteReleaseToLongNoteHead,0.93573333333333308380444445,LocalMismatch,SkipLocalMismatch,1
LongNoteReleaseToLongNoteHead,0.93765000000000037506000000,LocalMismatch,SkipLocalMismatch,1
LongNoteReleaseToLongNoteHead,0.956250000000000095625,AmbiguousEvidence,SkipLocalAmbiguity,4
LongNoteReleaseToLongNoteHead,0.95880000000000009588,LocalMismatch,SkipLocalMismatch,1
LongNoteReleaseToLongNoteHead,0.97410000000000009741,LocalMismatch,SkipLocalMismatch,1
LongNoteReleaseToLongNoteHead,0.99733333333333306737777777,LocalMismatch,SkipLocalMismatch,1
LongNoteReleaseToLongNoteHead,0.997333333333333067377777778,LocalMismatch,SkipLocalMismatch,2
LongNoteReleaseToLongNoteHead,0.99733333333333306737777778,LocalMismatch,SkipLocalMismatch,2
LongNoteReleaseToLongNoteHead,0.9979666666666656687,LocalMismatch,SkipLocalMismatch,1
LongNoteReleaseToLongNoteHead,0.9979666666666656687,AmbiguousEvidence,SkipLocalAmbiguity,10
LongNoteReleaseToLongNoteHead,0.999000000000000999,AmbiguousEvidence,SkipLocalAmbiguity,30
LongNoteReleaseToLongNoteHead,0.99916666666666716625,LocalMismatch,SkipLocalMismatch,4
LongNoteReleaseToLongNoteHead,0.99960000000000009996,AmbiguousEvidence,SkipLocalAmbiguity,136
LongNoteReleaseToLongNoteHead,0.99971666666666706655333333,LocalMismatch,SkipLocalMismatch,3
LongNoteReleaseToLongNoteHead,0.99971666666666706655333333,AmbiguousEvidence,SkipLocalAmbiguity,8
LongNoteReleaseToLongNoteHead,0.999716666666667066553333333,LocalMismatch,SkipLocalMismatch,2
LongNoteReleaseToLongNoteHead,0.99971666666666706655333334,LocalMismatch,SkipLocalMismatch,3
LongNoteReleaseToLongNoteHead,0.99971666666666706655333334,AmbiguousEvidence,SkipLocalAmbiguity,2
LongNoteReleaseToLongNoteHead,1.0001666666666673334444444,LocalMismatch,SkipLocalMismatch,2
LongNoteReleaseToLongNoteHead,1.00016666666666733344444444,LocalMismatch,SkipLocalMismatch,1
LongNoteReleaseToLongNoteHead,1.00016666666666733344444444,AmbiguousEvidence,SkipLocalAmbiguity,2
LongNoteReleaseToLongNoteHead,1.00016666666666733344444445,LocalMismatch,SkipLocalMismatch,2
LongNoteReleaseToLongNoteHead,1.0001666666666673334444445,LocalMismatch,SkipLocalMismatch,2
LongNoteReleaseToLongNoteHead,1.00026666666666639992888888,LocalMismatch,SkipLocalMismatch,2
LongNoteReleaseToLongNoteHead,1.000266666666666399928888888,AmbiguousEvidence,SkipLocalAmbiguity,2
LongNoteReleaseToLongNoteHead,1.000266666666666399928888889,AmbiguousEvidence,SkipLocalAmbiguity,10
LongNoteReleaseToLongNoteHead,1.00026666666666639992888889,AmbiguousEvidence,SkipLocalAmbiguity,37
LongNoteReleaseToLongNoteHead,1.00040000000000100040000000,LocalMismatch,SkipLocalMismatch,1
LongNoteReleaseToLongNoteHead,1.00040000000000100040000000,AmbiguousEvidence,SkipLocalAmbiguity,7
LongNoteReleaseToLongNoteHead,1.0009999999999989990,LocalMismatch,SkipLocalMismatch,1
LongNoteReleaseToLongNoteHead,1.0009999999999989990,AmbiguousEvidence,SkipLocalAmbiguity,20
LongNoteReleaseToLongNoteHead,1.002000000000001002,LocalMismatch,SkipLocalMismatch,1
LongNoteReleaseToLongNoteHead,1.002000000000001002,AmbiguousEvidence,SkipLocalAmbiguity,15
LongNoteReleaseToLongNoteHead,1.002150000000000100215,AmbiguousEvidence,SkipLocalAmbiguity,24
LongNoteReleaseToLongNoteHead,1.00280000000000050140,LocalMismatch,SkipLocalMismatch,1
LongNoteReleaseToLongNoteHead,1.017450000000000101745,LocalMismatch,SkipLocalMismatch,1
LongNoteReleaseToLongNoteHead,1.042950000000000104295,LocalMismatch,SkipLocalMismatch,1
LongNoteReleaseToLongNoteHead,1.06178333333333375804666666,LocalMismatch,SkipLocalMismatch,1
LongNoteReleaseToLongNoteHead,1.06178333333333375804666667,LocalMismatch,SkipLocalMismatch,3
LongNoteReleaseToLongNoteHead,1.0625000000000007083333333,LocalMismatch,SkipLocalMismatch,1
LongNoteReleaseToLongNoteHead,1.0625000000000007083333333,AmbiguousEvidence,SkipLocalAmbiguity,2
LongNoteReleaseToLongNoteHead,1.06400000000000042560000000,LocalMismatch,SkipLocalMismatch,1
LongNoteReleaseToLongNoteHead,1.109250000000000110925,LocalMismatch,SkipLocalMismatch,1
LongNoteReleaseToLongNoteHead,1.111800000000000111180,LocalMismatch,SkipLocalMismatch,6
LongNoteReleaseToLongNoteHead,1.111800000000000111180,AmbiguousEvidence,SkipLocalAmbiguity,3
LongNoteReleaseToLongNoteHead,1.12346666666666636707555556,LocalMismatch,SkipLocalMismatch,1
LongNoteReleaseToLongNoteHead,1.12385000000000044954000000,LocalMismatch,SkipLocalMismatch,2
LongNoteReleaseToLongNoteHead,1.124550000000000112455,LocalMismatch,SkipLocalMismatch,2
LongNoteReleaseToLongNoteHead,1.124550000000000112455,AmbiguousEvidence,SkipLocalAmbiguity,21
LongNoteReleaseToLongNoteHead,1.1248333333333340832222222,LocalMismatch,SkipLocalMismatch,2
LongNoteReleaseToLongNoteHead,1.12483333333333408322222222,LocalMismatch,SkipLocalMismatch,6
LongNoteReleaseToLongNoteHead,1.12483333333333408322222222,AmbiguousEvidence,SkipLocalAmbiguity,4
LongNoteReleaseToLongNoteHead,1.12483333333333408322222223,LocalMismatch,SkipLocalMismatch,1
LongNoteReleaseToLongNoteHead,1.12483333333333408322222223,AmbiguousEvidence,SkipLocalAmbiguity,2
LongNoteReleaseToLongNoteHead,1.12606666666666711709333333,LocalMismatch,SkipLocalMismatch,1
LongNoteReleaseToLongNoteHead,1.1263333333333338965,LocalMismatch,SkipLocalMismatch,1
LongNoteReleaseToLongNoteHead,1.12639999999999969962666667,LocalMismatch,SkipLocalMismatch,1
LongNoteReleaseToLongNoteHead,1.12710000000000011271,LocalMismatch,SkipLocalMismatch,2
LongNoteReleaseToLongNoteHead,1.12710000000000011271,AmbiguousEvidence,SkipLocalAmbiguity,2
LongNoteReleaseToLongNoteHead,1.12766666666666741844444444,LocalMismatch,SkipLocalMismatch,1
LongNoteReleaseToLongNoteHead,1.12766666666666741844444445,LocalMismatch,SkipLocalMismatch,1
LongNoteReleaseToLongNoteHead,1.165350000000000116535,LocalMismatch,SkipLocalMismatch,2
LongNoteReleaseToLongNoteHead,1.165350000000000116535,AmbiguousEvidence,SkipLocalAmbiguity,5
LongNoteReleaseToLongNoteHead,1.16790000000000011679,LocalMismatch,SkipLocalMismatch,2
LongNoteReleaseToLongNoteHead,1.16790000000000011679,AmbiguousEvidence,SkipLocalAmbiguity,5
LongNoteReleaseToLongNoteHead,1.208700000000000120870,LocalMismatch,SkipLocalMismatch,1
LongNoteReleaseToLongNoteHead,1.24798333333333383252666667,LocalMismatch,SkipLocalMismatch,1
LongNoteReleaseToLongNoteHead,1.248000000000001248,LocalMismatch,SkipLocalMismatch,1
LongNoteReleaseToLongNoteHead,1.248000000000001248,AmbiguousEvidence,SkipLocalAmbiguity,9
LongNoteReleaseToLongNoteHead,1.24913333333333458246666666,LocalMismatch,SkipLocalMismatch,1
LongNoteReleaseToLongNoteHead,1.24950000000000012495,AmbiguousEvidence,SkipLocalAmbiguity,50
LongNoteReleaseToLongNoteHead,1.24950000000000083300000000,LocalMismatch,SkipLocalMismatch,2
LongNoteReleaseToLongNoteHead,1.24959999999999966677333333,LocalMismatch,SkipLocalMismatch,4
LongNoteReleaseToLongNoteHead,1.25020000000000050008000000,LocalMismatch,SkipLocalMismatch,2
LongNoteReleaseToLongNoteHead,1.250200000000000500080000000,AmbiguousEvidence,SkipLocalAmbiguity,6
LongNoteReleaseToLongNoteHead,1.251000000000001251,AmbiguousEvidence,SkipLocalAmbiguity,16
LongNoteReleaseToLongNoteHead,1.252050000000000125205,LocalMismatch,SkipLocalMismatch,1
LongNoteReleaseToLongNoteHead,1.252050000000000125205,AmbiguousEvidence,SkipLocalAmbiguity,13
LongNoteReleaseToLongNoteHead,1.25253333333333299932444445,LocalMismatch,SkipLocalMismatch,1
LongNoteReleaseToLongNoteHead,1.27500000000000012750,LocalMismatch,SkipLocalMismatch,1
LongNoteReleaseToLongNoteHead,1.31226666666666719157333334,LocalMismatch,SkipLocalMismatch,1
LongNoteReleaseToLongNoteHead,1.37279999999999963392000000,LocalMismatch,SkipLocalMismatch,1
LongNoteReleaseToLongNoteHead,1.37416666666666758277777777,LocalMismatch,SkipLocalMismatch,1
LongNoteReleaseToLongNoteHead,1.37416666666666758277777778,LocalMismatch,SkipLocalMismatch,2
LongNoteReleaseToLongNoteHead,1.374450000000000137445,LocalMismatch,SkipLocalMismatch,3
LongNoteReleaseToLongNoteHead,1.374450000000000137445,AmbiguousEvidence,SkipLocalAmbiguity,5
LongNoteReleaseToLongNoteHead,1.37573333333333296647111111,LocalMismatch,SkipLocalMismatch,3
LongNoteReleaseToLongNoteHead,1.37573333333333296647111111,AmbiguousEvidence,SkipLocalAmbiguity,8
LongNoteReleaseToLongNoteHead,1.375733333333332966471111111,LocalMismatch,SkipLocalMismatch,1
LongNoteReleaseToLongNoteHead,1.37573333333333296647111112,LocalMismatch,SkipLocalMismatch,2
LongNoteReleaseToLongNoteHead,1.37655000000000055062,LocalMismatch,SkipLocalMismatch,1
LongNoteReleaseToLongNoteHead,1.415250000000000141525,LocalMismatch,SkipLocalMismatch,5
LongNoteReleaseToLongNoteHead,1.417800000000000141780,AmbiguousEvidence,SkipLocalAmbiguity,9
LongNoteReleaseToLongNoteHead,1.43861666666666724211333333,LocalMismatch,SkipLocalMismatch,1
LongNoteReleaseToLongNoteHead,1.4969333333333340818,LocalMismatch,SkipLocalMismatch,1
LongNoteReleaseToLongNoteHead,1.4969333333333340818,AmbiguousEvidence,SkipLocalAmbiguity,2
LongNoteReleaseToLongNoteHead,1.49786666666666816453333334,LocalMismatch,SkipLocalMismatch,1
LongNoteReleaseToLongNoteHead,1.4984666666666651682,LocalMismatch,SkipLocalMismatch,3
LongNoteReleaseToLongNoteHead,1.4984666666666651682,AmbiguousEvidence,SkipLocalAmbiguity,2
LongNoteReleaseToLongNoteHead,1.49846666666666726605333334,LocalMismatch,SkipLocalMismatch,1
LongNoteReleaseToLongNoteHead,1.49883333333333433255555555,AmbiguousEvidence,SkipLocalAmbiguity,2
LongNoteReleaseToLongNoteHead,1.4988333333333343325555556,LocalMismatch,SkipLocalMismatch,1
LongNoteReleaseToLongNoteHead,1.49893333333333293361777777,LocalMismatch,SkipLocalMismatch,3
LongNoteReleaseToLongNoteHead,1.49893333333333293361777778,LocalMismatch,SkipLocalMismatch,3
LongNoteReleaseToLongNoteHead,1.49893333333333293361777778,AmbiguousEvidence,SkipLocalAmbiguity,4
LongNoteReleaseToLongNoteHead,1.49940000000000014994,AmbiguousEvidence,SkipLocalAmbiguity,39
LongNoteReleaseToLongNoteHead,1.500000000000001500,AmbiguousEvidence,SkipLocalAmbiguity,10
LongNoteReleaseToLongNoteHead,1.50056666666666741695,ObservedSupport,AdmitLocalSupport,2
LongNoteReleaseToLongNoteHead,1.50056666666666741695,LocalMismatch,SkipLocalMismatch,2
LongNoteReleaseToLongNoteHead,1.50056666666666741695,NoComparableContext,SkipGlobalAmbiguity,1
LongNoteReleaseToLongNoteHead,1.50056666666666741695,AmbiguousEvidence,SkipLocalAmbiguity,9
LongNoteReleaseToLongNoteHead,1.50060000000000150060000000,LocalMismatch,SkipLocalMismatch,1
LongNoteReleaseToLongNoteHead,1.50068333333333393360666667,LocalMismatch,SkipLocalMismatch,2
LongNoteReleaseToLongNoteHead,1.5014999999999984985,LocalMismatch,SkipLocalMismatch,2
LongNoteReleaseToLongNoteHead,1.5014999999999984985,AmbiguousEvidence,SkipLocalAmbiguity,4
LongNoteReleaseToLongNoteHead,1.5016666666666676677777778,LocalMismatch,SkipLocalMismatch,1
LongNoteReleaseToLongNoteHead,1.50186666666666626616888888,LocalMismatch,SkipLocalMismatch,1
LongNoteReleaseToLongNoteHead,1.50186666666666626616888889,LocalMismatch,SkipLocalMismatch,1
LongNoteReleaseToLongNoteHead,1.50186666666666626616888889,AmbiguousEvidence,SkipLocalAmbiguity,2
LongNoteReleaseToLongNoteHead,1.501950000000000150195,LocalMismatch,SkipLocalMismatch,1
LongNoteReleaseToLongNoteHead,1.501950000000000150195,AmbiguousEvidence,SkipLocalAmbiguity,12
LongNoteReleaseToLongNoteHead,1.550400000000000155040,LocalMismatch,SkipLocalMismatch,2
LongNoteReleaseToLongNoteHead,1.56053333333333395754666666,LocalMismatch,SkipLocalMismatch,1
LongNoteReleaseToLongNoteHead,1.5611666666666677074444445,LocalMismatch,SkipLocalMismatch,1
LongNoteReleaseToLongNoteHead,1.5640000000000010426666666,LocalMismatch,SkipLocalMismatch,1
LongNoteReleaseToLongNoteHead,1.5640000000000010426666667,LocalMismatch,SkipLocalMismatch,1
LongNoteReleaseToLongNoteHead,1.619250000000000161925,LocalMismatch,SkipLocalMismatch,1
LongNoteReleaseToLongNoteHead,1.62350000000000108233333334,LocalMismatch,SkipLocalMismatch,1
LongNoteReleaseToLongNoteHead,1.62506666666666623331555555,LocalMismatch,SkipLocalMismatch,1
LongNoteReleaseToLongNoteHead,1.62633333333333441755555556,LocalMismatch,SkipLocalMismatch,1
LongNoteReleaseToLongNoteHead,1.6263333333333344175555556,LocalMismatch,SkipLocalMismatch,2
LongNoteReleaseToLongNoteHead,1.634550000000000163455,LocalMismatch,SkipLocalMismatch,1
LongNoteReleaseToLongNoteHead,1.665150000000000166515,LocalMismatch,SkipLocalMismatch,2
LongNoteReleaseToLongNoteHead,1.667700000000000166770,LocalMismatch,SkipLocalMismatch,2
LongNoteReleaseToLongNoteHead,1.685550000000000168555,LocalMismatch,SkipLocalMismatch,1
LongNoteReleaseToLongNoteHead,1.74763333333333420715,LocalMismatch,SkipLocalMismatch,1
LongNoteReleaseToLongNoteHead,1.74826666666666620046222222,LocalMismatch,SkipLocalMismatch,2
LongNoteReleaseToLongNoteHead,1.748950000000000699580000000,LocalMismatch,SkipLocalMismatch,1
LongNoteReleaseToLongNoteHead,1.749000000000001749,AmbiguousEvidence,SkipLocalAmbiguity,3
LongNoteReleaseToLongNoteHead,1.749300000000000174930,LocalMismatch,SkipLocalMismatch,1
LongNoteReleaseToLongNoteHead,1.74930000000000017493,AmbiguousEvidence,SkipLocalAmbiguity,9
LongNoteReleaseToLongNoteHead,1.75119999999999953301333333,LocalMismatch,SkipLocalMismatch,1
LongNoteReleaseToLongNoteHead,1.751850000000000175185,LocalMismatch,SkipLocalMismatch,3
LongNoteReleaseToLongNoteHead,1.752000000000001752,AmbiguousEvidence,SkipLocalAmbiguity,2
LongNoteReleaseToLongNoteHead,1.75950000000000017595,LocalMismatch,SkipLocalMismatch,2
LongNoteReleaseToLongNoteHead,1.818150000000000181815,LocalMismatch,SkipLocalMismatch,1
LongNoteReleaseToLongNoteHead,1.820700000000000182070,LocalMismatch,SkipLocalMismatch,1
LongNoteReleaseToLongNoteHead,1.87439999999999950016000000,LocalMismatch,SkipLocalMismatch,1
LongNoteReleaseToLongNoteHead,1.874399999999999500160000000,AmbiguousEvidence,SkipLocalAmbiguity,11
LongNoteReleaseToLongNoteHead,1.87733333333333283271111111,LocalMismatch,SkipLocalMismatch,4
LongNoteReleaseToLongNoteHead,1.87733333333333283271111111,AmbiguousEvidence,SkipLocalAmbiguity,2
LongNoteReleaseToLongNoteHead,1.877333333333332832711111111,LocalMismatch,SkipLocalMismatch,2
LongNoteReleaseToLongNoteHead,1.87733333333333283271111112,LocalMismatch,SkipLocalMismatch,1
LongNoteReleaseToLongNoteHead,1.91250000000000019125,LocalMismatch,SkipLocalMismatch,2
LongNoteReleaseToLongNoteHead,1.915050000000000191505,LocalMismatch,SkipLocalMismatch,1
LongNoteReleaseToLongNoteHead,1.91760000000000019176,LocalMismatch,SkipLocalMismatch,2
LongNoteReleaseToLongNoteHead,1.99759999999999946730666667,LocalMismatch,SkipLocalMismatch,1
LongNoteReleaseToLongNoteHead,1.99806666666666866473333333,LocalMismatch,SkipLocalMismatch,3
LongNoteReleaseToLongNoteHead,1.9989666666666646677,LocalMismatch,SkipLocalMismatch,3
LongNoteReleaseToLongNoteHead,1.9989666666666646677,AmbiguousEvidence,SkipLocalAmbiguity,2
LongNoteReleaseToLongNoteHead,1.999200000000000199920,LocalMismatch,SkipLocalMismatch,1
LongNoteReleaseToLongNoteHead,1.999200000000000199920,NoComparableContext,SkipGlobalMismatch,1
LongNoteReleaseToLongNoteHead,1.999200000000000199920,AmbiguousEvidence,SkipLocalAmbiguity,12
LongNoteReleaseToLongNoteHead,1.99943333333333413310666666,LocalMismatch,SkipLocalMismatch,1
LongNoteReleaseToLongNoteHead,2.00080000000000200080000000,LocalMismatch,SkipLocalMismatch,2
LongNoteReleaseToLongNoteHead,2.0008000000000020008,NoComparableContext,SkipGlobalAmbiguity,1
LongNoteReleaseToLongNoteHead,2.00080000000000200080000000,AmbiguousEvidence,SkipLocalAmbiguity,2
LongNoteReleaseToLongNoteHead,2.001000000000002001,LocalMismatch,SkipLocalMismatch,1
LongNoteReleaseToLongNoteHead,2.00165000000000080066,LocalMismatch,SkipLocalMismatch,1
LongNoteReleaseToLongNoteHead,2.001650000000000800660000000,AmbiguousEvidence,SkipLocalAmbiguity,2
LongNoteReleaseToLongNoteHead,2.001750000000000200175,LocalMismatch,SkipLocalMismatch,4
LongNoteReleaseToLongNoteHead,2.001750000000000200175,NoComparableContext,SkipGlobalMismatch,1
LongNoteReleaseToLongNoteHead,2.001750000000000200175,AmbiguousEvidence,SkipLocalAmbiguity,2
LongNoteReleaseToLongNoteHead,2.0019999999999979980,LocalMismatch,SkipLocalMismatch,1
LongNoteReleaseToLongNoteHead,2.0019999999999979980,AmbiguousEvidence,SkipLocalAmbiguity,5
LongNoteReleaseToLongNoteHead,2.02470000000000020247,LocalMismatch,SkipLocalMismatch,3
LongNoteReleaseToLongNoteHead,2.024700000000000202470,AmbiguousEvidence,SkipLocalAmbiguity,7
LongNoteReleaseToLongNoteHead,2.027250000000000202725,LocalMismatch,SkipLocalMismatch,1
LongNoteReleaseToLongNoteHead,2.0626666666666680417777777,LocalMismatch,SkipLocalMismatch,1
LongNoteReleaseToLongNoteHead,2.124150000000000212415,LocalMismatch,SkipLocalMismatch,2
LongNoteReleaseToLongNoteHead,2.1250000000000014166666667,LocalMismatch,SkipLocalMismatch,1
LongNoteReleaseToLongNoteHead,2.12578333333333418364666667,LocalMismatch,SkipLocalMismatch,1
LongNoteReleaseToLongNoteHead,2.126700000000000212670,AmbiguousEvidence,SkipLocalAmbiguity,2
LongNoteReleaseToLongNoteHead,2.2270000000000014846666666,LocalMismatch,SkipLocalMismatch,1
LongNoteReleaseToLongNoteHead,2.231250000000000223125,LocalMismatch,SkipLocalMismatch,1
LongNoteReleaseToLongNoteHead,2.24910000000000022491,LocalMismatch,SkipLocalMismatch,4
LongNoteReleaseToLongNoteHead,2.249100000000000224910,AmbiguousEvidence,SkipLocalAmbiguity,2
LongNoteReleaseToLongNoteHead,2.24986666666666606670222222,LocalMismatch,SkipLocalMismatch,1
LongNoteReleaseToLongNoteHead,2.24991666666666756663333334,LocalMismatch,SkipLocalMismatch,1
LongNoteReleaseToLongNoteHead,2.250000000000002250,AmbiguousEvidence,SkipLocalAmbiguity,9
LongNoteReleaseToLongNoteHead,2.251650000000000225165,LocalMismatch,SkipLocalMismatch,1
LongNoteReleaseToLongNoteHead,2.37599999999999936640000000,LocalMismatch,SkipLocalMismatch,2
LongNoteReleaseToLongNoteHead,2.394450000000000239445,LocalMismatch,SkipLocalMismatch,1
LongNoteReleaseToLongNoteHead,2.425050000000000242505,LocalMismatch,SkipLocalMismatch,2
LongNoteReleaseToLongNoteHead,2.49826666666666916493333334,LocalMismatch,SkipLocalMismatch,1
LongNoteReleaseToLongNoteHead,2.499000000000000249900,LocalMismatch,SkipLocalMismatch,2
LongNoteReleaseToLongNoteHead,2.499000000000000249900,AmbiguousEvidence,SkipLocalAmbiguity,9
LongNoteReleaseToLongNoteHead,2.49900000000000166600000000,LocalMismatch,SkipLocalMismatch,1
LongNoteReleaseToLongNoteHead,2.4994666666666641672,LocalMismatch,SkipLocalMismatch,1
LongNoteReleaseToLongNoteHead,2.4994666666666641672,AmbiguousEvidence,SkipLocalAmbiguity,8
LongNoteReleaseToLongNoteHead,2.50100000000000250100000000,LocalMismatch,SkipLocalMismatch,1
LongNoteReleaseToLongNoteHead,2.501550000000000250155,LocalMismatch,SkipLocalMismatch,4
LongNoteReleaseToLongNoteHead,2.5024999999999974975,LocalMismatch,SkipLocalMismatch,3
LongNoteReleaseToLongNoteHead,2.56246666666666769165333333,LocalMismatch,SkipLocalMismatch,2
LongNoteReleaseToLongNoteHead,2.748000000000002748,LocalMismatch,SkipLocalMismatch,1
LongNoteReleaseToLongNoteHead,2.748000000000002748,AmbiguousEvidence,SkipLocalAmbiguity,3
LongNoteReleaseToLongNoteHead,2.748900000000000274890,LocalMismatch,SkipLocalMismatch,1
LongNoteReleaseToLongNoteHead,2.751000000000002751,AmbiguousEvidence,SkipLocalAmbiguity,9
LongNoteReleaseToLongNoteHead,2.751450000000000275145,LocalMismatch,SkipLocalMismatch,1
LongNoteReleaseToLongNoteHead,2.751450000000000275145,AmbiguousEvidence,SkipLocalAmbiguity,2
LongNoteReleaseToLongNoteHead,2.83560000000000028356,LocalMismatch,SkipLocalMismatch,1
LongNoteReleaseToLongNoteHead,2.87466666666666590008888889,LocalMismatch,SkipLocalMismatch,1
LongNoteReleaseToLongNoteHead,2.924850000000000292485,LocalMismatch,SkipLocalMismatch,1
LongNoteReleaseToLongNoteHead,2.924850000000000292485,AmbiguousEvidence,SkipLocalAmbiguity,6
LongNoteReleaseToLongNoteHead,2.955450000000000295545,LocalMismatch,SkipLocalMismatch,1
LongNoteReleaseToLongNoteHead,2.998800000000000299880,LocalMismatch,SkipLocalMismatch,3
LongNoteReleaseToLongNoteHead,2.99915000000000119966,LocalMismatch,SkipLocalMismatch,1
LongNoteReleaseToLongNoteHead,2.9999666666666636667,LocalMismatch,SkipLocalMismatch,3
LongNoteReleaseToLongNoteHead,2.9999666666666636667,AmbiguousEvidence,SkipLocalAmbiguity,2
LongNoteReleaseToLongNoteHead,3.12516666666666875011111111,LocalMismatch,SkipLocalMismatch,1
LongNoteReleaseToLongNoteHead,3.248700000000000324870,LocalMismatch,SkipLocalMismatch,2
LongNoteReleaseToLongNoteHead,3.2496333333333346331866666667,LocalMismatch,SkipLocalMismatch,1
LongNoteReleaseToLongNoteHead,3.251250000000000325125,LocalMismatch,SkipLocalMismatch,2
LongNoteReleaseToLongNoteHead,3.37626666666666576632888889,LocalMismatch,SkipLocalMismatch,1
LongNoteReleaseToLongNoteHead,3.4974333333333298359,LocalMismatch,SkipLocalMismatch,1
LongNoteReleaseToLongNoteHead,3.498000000000003498,LocalMismatch,SkipLocalMismatch,1
LongNoteReleaseToLongNoteHead,3.498600000000000349860,LocalMismatch,SkipLocalMismatch,1
LongNoteReleaseToLongNoteHead,3.498600000000000349860,AmbiguousEvidence,SkipLocalAmbiguity,2
LongNoteReleaseToLongNoteHead,3.49946666666666573347555556,LocalMismatch,SkipLocalMismatch,1
LongNoteReleaseToLongNoteHead,3.5004666666666631662,LocalMismatch,SkipLocalMismatch,3
LongNoteReleaseToLongNoteHead,3.5004666666666631662,AmbiguousEvidence,SkipLocalAmbiguity,4
LongNoteReleaseToLongNoteHead,3.501000000000003501,LocalMismatch,SkipLocalMismatch,1
LongNoteReleaseToLongNoteHead,3.501150000000000350115,LocalMismatch,SkipLocalMismatch,2
LongNoteReleaseToLongNoteHead,3.75173333333333233287111111,LocalMismatch,SkipLocalMismatch,1
LongNoteReleaseToLongNoteHead,3.82500000000000038250,LocalMismatch,SkipLocalMismatch,4
LongNoteReleaseToLongNoteHead,3.82500000000000038250,AmbiguousEvidence,SkipLocalAmbiguity,3
LongNoteReleaseToLongNoteHead,3.87493333333333230001777778,LocalMismatch,SkipLocalMismatch,2
LongNoteReleaseToLongNoteHead,3.9979333333333293354,AmbiguousEvidence,SkipLocalAmbiguity,2
LongNoteReleaseToLongNoteHead,3.999000000000003999,LocalMismatch,SkipLocalMismatch,1
LongNoteReleaseToLongNoteHead,4.000950000000000400095,LocalMismatch,SkipLocalMismatch,3
LongNoteReleaseToLongNoteHead,4.0009666666666626657,LocalMismatch,SkipLocalMismatch,2
LongNoteReleaseToLongNoteHead,4.002000000000004002,LocalMismatch,SkipLocalMismatch,1
LongNoteReleaseToLongNoteHead,4.18728333333333500824666667,LocalMismatch,SkipLocalMismatch,1
LongNoteReleaseToLongNoteHead,4.250850000000000425085,LocalMismatch,SkipLocalMismatch,1
LongNoteReleaseToLongNoteHead,4.383450000000000438345,LocalMismatch,SkipLocalMismatch,1
LongNoteReleaseToLongNoteHead,4.4984333333333288349,AmbiguousEvidence,SkipLocalAmbiguity,2
LongNoteReleaseToLongNoteHead,4.49983333333333513326666667,LocalMismatch,SkipLocalMismatch,1
LongNoteReleaseToLongNoteHead,4.500750000000000450075,LocalMismatch,SkipLocalMismatch,1
LongNoteReleaseToLongNoteHead,4.5014666666666621652,LocalMismatch,SkipLocalMismatch,1
LongNoteReleaseToLongNoteHead,4.50170000000000225085,LocalMismatch,SkipLocalMismatch,1
LongNoteReleaseToLongNoteHead,4.725150000000000472515,LocalMismatch,SkipLocalMismatch,3
LongNoteReleaseToLongNoteHead,4.87519999999999869994666666,LocalMismatch,SkipLocalMismatch,1
LongNoteReleaseToLongNoteHead,4.998000000000000499800,LocalMismatch,SkipLocalMismatch,1
LongNoteReleaseToLongNoteHead,4.9989333333333283344,LocalMismatch,SkipLocalMismatch,1
LongNoteReleaseToLongNoteHead,5.000550000000000500055,LocalMismatch,SkipLocalMismatch,2
LongNoteReleaseToLongNoteHead,5.0019666666666616647,LocalMismatch,SkipLocalMismatch,1
LongNoteReleaseToLongNoteHead,5.49780000000000054978,LocalMismatch,SkipLocalMismatch,1
LongNoteReleaseToLongNoteHead,5.500350000000000550035,LocalMismatch,SkipLocalMismatch,1
LongNoteReleaseToLongNoteHead,5.556450000000000555645,LocalMismatch,SkipLocalMismatch,1
LongNoteReleaseToLongNoteHead,5.62530000000000056253,LocalMismatch,SkipLocalMismatch,1
LongNoteReleaseToLongNoteHead,5.750250000000000575025,LocalMismatch,SkipLocalMismatch,2
LongNoteReleaseToLongNoteHead,5.750250000000000575025,AmbiguousEvidence,SkipLocalAmbiguity,2
LongNoteReleaseToLongNoteHead,5.9999333333333273334,LocalMismatch,SkipLocalMismatch,3
LongNoteReleaseToLongNoteHead,6.000000000000006000,LocalMismatch,SkipLocalMismatch,1
LongNoteReleaseToLongNoteHead,6.051150000000000605115,LocalMismatch,SkipLocalMismatch,1
LongNoteReleaseToLongNoteHead,6.4973999999999935026,LocalMismatch,SkipLocalMismatch,1
LongNoteReleaseToLongNoteHead,6.499950000000000649995,LocalMismatch,SkipLocalMismatch,2
LongNoteReleaseToLongNoteHead,6.5004333333333268329,LocalMismatch,SkipLocalMismatch,1
LongNoteReleaseToLongNoteHead,6.52290000000000065229,LocalMismatch,SkipLocalMismatch,1
LongNoteReleaseToLongNoteHead,6.525450000000000652545,LocalMismatch,SkipLocalMismatch,1
LongNoteReleaseToLongNoteHead,6.525450000000000652545,AmbiguousEvidence,SkipLocalAmbiguity,2
LongNoteReleaseToLongNoteHead,6.750000000000006750,LocalMismatch,SkipLocalMismatch,1
LongNoteReleaseToLongNoteHead,6.969150000000000696915,LocalMismatch,SkipLocalMismatch,1
LongNoteReleaseToLongNoteHead,6.999750000000000699975,LocalMismatch,SkipLocalMismatch,2
LongNoteReleaseToLongNoteHead,6.999750000000000699975,NoComparableContext,SkipGlobalMismatch,1
LongNoteReleaseToLongNoteHead,7.425600000000000742560,LocalMismatch,SkipLocalMismatch,4
LongNoteReleaseToLongNoteHead,7.499550000000000749955,LocalMismatch,SkipLocalMismatch,1
LongNoteReleaseToLongNoteHead,7.999350000000000799935,NoComparableContext,SkipGlobalMismatch,1
LongNoteReleaseToLongNoteHead,8.249250000000000824925,LocalMismatch,SkipLocalMismatch,1
LongNoteReleaseToLongNoteHead,8.325750000000000832575,LocalMismatch,SkipLocalMismatch,2
LongNoteReleaseToLongNoteHead,8.856150000000000885615,LocalMismatch,SkipLocalMismatch,1
LongNoteReleaseToLongNoteHead,9.223350000000000922335,LocalMismatch,SkipLocalMismatch,1
LongNoteReleaseToLongNoteHead,9.25140000000000092514,LocalMismatch,SkipLocalMismatch,1
LongNoteReleaseToLongNoteHead,9.30750000000000093075,LocalMismatch,SkipLocalMismatch,1
LongNoteReleaseToLongNoteHead,9.881250000000000988125,LocalMismatch,SkipLocalMismatch,1
LongNoteReleaseToLongNoteHead,10.126050000000001012605,LocalMismatch,SkipLocalMismatch,1
LongNoteReleaseToLongNoteHead,10.386150000000001038615,LocalMismatch,SkipLocalMismatch,1
LongNoteReleaseToLongNoteHead,10.998150000000001099815,NoComparableContext,SkipGlobalMismatch,1
LongNoteReleaseToLongNoteHead,11.00070000000000110007,NoComparableContext,SkipGlobalMismatch,2
LongNoteReleaseToLongNoteHead,11.707050000000001170705,LocalMismatch,SkipLocalMismatch,1
LongNoteReleaseToLongNoteHead,11.923800000000001192380,LocalMismatch,SkipLocalMismatch,1
LongNoteReleaseToLongNoteHead,12.500100000000001250010,NoComparableContext,SkipGlobalAmbiguity,2
LongNoteReleaseToLongNoteHead,13.99950000000000139995,NoComparableContext,SkipGlobalMismatch,1
