chart_id,family,seed,opportunity,proposal_id,parent_id,anchor_time,anchor_beat,end_time,end_beat,lane,membership,action,rng_before,rng_after
02D9D1781418E7442956D4D901C8C611E58256556AE9A828E72128C3B5B8E3EB,"NOWISEE | KO INU | RUKA",1,"OP-00005405-LnInterior-S53-T8240-A8240",0c0598f7c40832fc0466305a4fea7814b84782ef4dc4385c32ff585830b59006,O00000053,8240,23,249599999999993800106666667,8666,24,499199999999993466880000001,4,NoObservedRelation,ABSTAIN,110,110
02D9D1781418E7442956D4D901C8C611E58256556AE9A828E72128C3B5B8E3EB,"NOWISEE | KO INU | RUKA",1,"OP-00005412-LnInterior-S181-T19064-A19064",687c6daefc843a8a22586f7e094f479db5038fd1cbaa4e7a5f531e04cfa64327,O00000181,19064,54,999999999999985333333333333,19107,55,12613333333331863303111111,2,NoObservedRelation,ABSTAIN,314,314
02D9D1781418E7442956D4D901C8C611E58256556AE9A828E72128C3B5B8E3EB,"NOWISEE | KO INU | RUKA",1,"OP-00005415-LnInterior-S221-T20981-A20981",5c494896d63774df16ad5440446fb30ffed02d9b8550144c9c5e8552584c43b8,O00000221,20981,60,623199999999983833813333333,21109,60,998666666666650400355555556,5,NoObservedRelation,ABSTAIN,356,356
02D9D1781418E7442956D4D901C8C611E58256556AE9A828E72128C3B5B8E3EB,"NOWISEE | KO INU | RUKA",1,"OP-00005425-LnInterior-S2003-T100029-A100029",037c9d2c34575c67831b17ba7ab8ac392dc9f4d892dc16e15fa8cfd1bde6b5bf,O00002003,100029,292,49733333333325533404444444,100114,292,74666666666658860088888888,3,NoObservedRelation,ABSTAIN,2493,2493
02D9D1781418E7442956D4D901C8C611E58256556AE9A828E72128C3B5B8E3EB,"NOWISEE | KO INU | RUKA",1,"OP-00005430-LnInterior-S2197-T111109-A111109",7578dc07b1fd1375541d01d04ad3eca5f125ef62be1a63a19628f744b3538416,O00002197,111109,324,99866666666658000035555556,111152,325,12479999999991330005333334,2,NoObservedRelation,ABSTAIN,2744,2744
02D9D1781418E7442956D4D901C8C611E58256556AE9A828E72128C3B5B8E3EB,"NOWISEE | KO INU | RUKA",1,"OP-00005431-LnInterior-S2197-T111791-A111791",2b9b7c31a1978dd60995a8490a638ce6d4eaade29de17072456b48cb94b352f1,O00002197,111791,326,99919999999991280021333333,111834,327,12533333333324609991111111,2,NoObservedRelation,ABSTAIN,2751,2751
02D9D1781418E7442956D4D901C8C611E58256556AE9A828E72128C3B5B8E3EB,"NOWISEE | KO INU | RUKA",1,"OP-00005439-LnInterior-S2240-T116862-A116862",8aad690d392c24e03a0e94187f873833f34e5eebf517b0b0a9d8261e99300f64,O00002240,116862,341,87413333333324216689777778,116904,341,99733333333324213404444445,0,NoObservedRelation,ABSTAIN,2807,2807
02D9D1781418E7442956D4D901C8C611E58256556AE9A828E72128C3B5B8E3EB,"NOWISEE | KO INU | RUKA",1,"OP-00005436-LnInterior-S2239-T117245-A117245",687c6da496887d4983cce950b3e1936f99b2c3f89d3f1bd2b83c7b1af64c971b,O00002239,117245,342,99759999999990853397333333,117287,343,12079999999990850112000000,4,NoObservedRelation,ABSTAIN,2816,2816
02D9D1781418E7442956D4D901C8C611E58256556AE9A828E72128C3B5B8E3EB,"NOWISEE | KO INU | RUKA",1,"OP-00005449-LnInterior-S2611-T136762-A136762",0d9dceed8acb423a4249d7f493ecdf05f7950bd8d6bd6b7a9421c97af64f344a,O00002611,136762,400,24746666666655993400888889,136876,400,58186666666655984483555556,5,NoObservedRelation,ABSTAIN,3302,3302
02D9D1781418E7442956D4D901C8C611E58256556AE9A828E72128C3B5B8E3EB,"NOWISEE | KO INU | RUKA",1,"OP-00005451-LnInterior-S2636-T138211-A138211",a4e833da6b6f540149f4c70a2843a63341d0b72e25ed2afb823cc4a2abff0da9,O00002636,138211,404,49786666666655880056888889,138254,404,62399999999989210026666668,1,NoObservedRelation,ABSTAIN,3349,3349
02D9D1781418E7442956D4D901C8C611E58256556AE9A828E72128C3B5B8E3EB,"NOWISEE | KO INU | RUKA",1,"OP-00005452-LnInterior-S2686-T141620-A141620",55b0748b914eadc52688a0fa86d4dc982e29a049974cbfc08edd9f4cc216e9ab,O00002686,141620,414,49759999999988946730666667,141663,414,6237333333332227670044444,0,CandidateNotObserved,ABSTAIN,3437,3437
02D9D1781418E7442956D4D901C8C611E58256556AE9A828E72128C3B5B8E3EB,"NOWISEE | KO INU | RUKA",1,"OP-00005456-LnInterior-S2733-T144007-A144007",c442b9c04ad5feab8c3a8bb99019753c00b7bc2e55e4a54d504a24ebbba4bc9f,O00002733,144007,421,49946666666655426680888889,144049,421,62266666666655423395555557,0,CandidateNotObserved,ABSTAIN,3513,3513
02D9D1781418E7442956D4D901C8C611E58256556AE9A828E72128C3B5B8E3EB,"NOWISEE | KO INU | RUKA",1,"OP-00005463-LnInterior-S2809-T148652-A148652",9c897a4c7e18b55be6f3bc88c2bf8e800055b0520c4e5891e414e4c00e90d244,O00002809,148652,435,12479999999988396672,148694,435,24799999999988393386666663,5,NoObservedRelation,ABSTAIN,3650,3650
02D9D1781418E7442956D4D901C8C611E58256556AE9A828E72128C3B5B8E3EB,"NOWISEE | KO INU | RUKA",1,"OP-00005464-LnInterior-S2837-T149461-A149461",69ddc46a0515b161bd27223b1aadef9cd9a65666b744966bde624b5eb8b8aaec,O00002837,149461,437,49786666666655000056888889,149504,437,62399999999988330026666667,2,CandidateObservedAmongAlternatives,ADMIT,3678,3678
02D9D1781418E7442956D4D901C8C611E58256556AE9A828E72128C3B5B8E3EB,"NOWISEE | KO INU | RUKA",1,"OP-00005477-LnInterior-S3468-T181166-A181166",fed0e12976ccf7422215279714c3c47bf6a522eda651a5f9a270d2bc02877604,O00003468,181166,530,49919999999985853354666667,181208,530,62239999999985850069333329,4,CandidateNotObserved,ABSTAIN,4490,4490
02D9D1781418E7442956D4D901C8C611E58256556AE9A828E72128C3B5B8E3EB,"NOWISEE | KO INU | RUKA",2,"OP-00005402-LnInterior-S32-T4916-A4916",2453f9d1bca918992e0b3090898d381913e6f0a90fa339911759f9339a91d398,O00000032,4916,13,499199999999996400213333333,5342,14,748799999999996066986666666,0,CandidateNotObserved,ABSTAIN,65,65
02D9D1781418E7442956D4D901C8C611E58256556AE9A828E72128C3B5B8E3EB,"NOWISEE | KO INU | RUKA",2,"OP-00005403-LnInterior-S32-T5598-A5598",6e6548a070351a12d9a292b71a670a0c557f6cd0e07f15ba2faa61c2bd1a9c4b,O00000032,5598,15,499733333333329200071111111,6024,16,749333333333328866844444445,4,NoObservedRelation,ABSTAIN,71,71
02D9D1781418E7442956D4D901C8C611E58256556AE9A828E72128C3B5B8E3EB,"NOWISEE | KO INU | RUKA",2,"OP-00005409-LnInterior-S108-T13609-A13609",b769766bf90e4d70b62c83a0922eef88aa654540df119af6b5d0d6eb654cdcc5,O00000108,13609,38,998666666666656267022222222,13694,39,24799999999998953386666667,1,NoObservedRelation,ABSTAIN,184,184
02D9D1781418E7442956D4D901C8C611E58256556AE9A828E72128C3B5B8E3EB,"NOWISEE | KO INU | RUKA",2,"OP-00005412-LnInterior-S181-T19064-A19064",488d516e4ff3a782fa94fbed1bb2cd92ffaa3a882c747c4d4f9689a8ca7399f8,O00000181,19064,54,999999999999985333333333333,19788,57,123733333333318100337777778,2,NoObservedRelation,ABSTAIN,283,283
02D9D1781418E7442956D4D901C8C611E58256556AE9A828E72128C3B5B8E3EB,"NOWISEE | KO INU | RUKA",2,"OP-00005425-LnInterior-S2003-T100029-A100029",037c9d2c34575c67831b17ba7ab8ac392dc9f4d892dc16e15fa8cfd1bde6b5bf,O00002003,100029,292,49733333333325533404444444,100114,292,74666666666658860088888888,3,NoObservedRelation,ABSTAIN,2462,2462
02D9D1781418E7442956D4D901C8C611E58256556AE9A828E72128C3B5B8E3EB,"NOWISEE | KO INU | RUKA",2,"OP-00005433-LnInterior-S2200-T112515-A112515",4c30a3a9eced22b4fafe997536c64da8cee92ec53f4aa2fe4bd4fd86334a46fb,O00002200,112515,329,12293333333324556721777778,114475,334,87226666666657736739555555,2,NoObservedRelation,ABSTAIN,2743,2743
02D9D1781418E7442956D4D901C8C611E58256556AE9A828E72128C3B5B8E3EB,"NOWISEE | KO INU | RUKA",2,"OP-00005439-LnInterior-S2240-T116862-A116862",8a15bcd55a518cda7c1551c49ef544ea263eb9d274ab60c3841f522f8fc41c15,O00002240,116862,341,87413333333324216689777778,116905,342,00026666666657546659555556,2,NoObservedRelation,ABSTAIN,2794,2794
02D9D1781418E7442956D4D901C8C611E58256556AE9A828E72128C3B5B8E3EB,"NOWISEE | KO INU | RUKA",2,"OP-00005444-LnInterior-S2505-T130711-A130711",99ad7f51cd8449cc55c828932dcfa90fe9a0f83487923ad26f74250e4123ef3b,O00002505,130711,382,49786666666656466723555556,131137,383,74746666666656433400888889,4,CandidateNotObserved,ABSTAIN,3141,3141
02D9D1781418E7442956D4D901C8C611E58256556AE9A828E72128C3B5B8E3EB,"NOWISEE | KO INU | RUKA",2,"OP-00005450-LnInterior-S2636-T138552-A138552",a9cee470c2877784532b58adda2c18f641ba7bfe68a26896e512d630fb8a8b7a,O00002636,138552,405,49813333333322520049777778,138666,405,83253333333322511132444446,4,CandidateNotObserved,ABSTAIN,3358,3358
02D9D1781418E7442956D4D901C8C611E58256556AE9A828E72128C3B5B8E3EB,"NOWISEE | KO INU | RUKA",2,"OP-00005452-LnInterior-S2686-T141620-A141620",55b0748b914eadc52688a0fa86d4dc982e29a049974cbfc08edd9f4cc216e9ab,O00002686,141620,414,49759999999988946730666667,141663,414,6237333333332227670044444,0,CandidateNotObserved,ABSTAIN,3442,3442
02D9D1781418E7442956D4D901C8C611E58256556AE9A828E72128C3B5B8E3EB,"NOWISEE | KO INU | RUKA",2,"OP-00005456-LnInterior-S2733-T144007-A144007",4f95212ae41910b139e770268c0c076b9d2522935a68f96d3554b5f20a9df0e6,O00002733,144007,421,49946666666655426680888889,144050,421,62559999999988756650666669,0,CandidateNotObserved,ABSTAIN,3512,3512
02D9D1781418E7442956D4D901C8C611E58256556AE9A828E72128C3B5B8E3EB,"NOWISEE | KO INU | RUKA",2,"OP-00005463-LnInterior-S2809-T148652-A148652",9c897a4c7e18b55be6f3bc88c2bf8e800055b0520c4e5891e414e4c00e90d244,O00002809,148652,435,12479999999988396672,148694,435,24799999999988393386666663,5,NoObservedRelation,ABSTAIN,3659,3659
02D9D1781418E7442956D4D901C8C611E58256556AE9A828E72128C3B5B8E3EB,"NOWISEE | KO INU | RUKA",2,"OP-00005465-LnInterior-S2837-T149120-A149120",8b03ed119da442cb2df968988c9920e8a231536ccf92c44053490451c7343bbb,O00002837,149120,436,49759999999988360064,149163,436,62373333333321690033777776,2,CandidateNotObserved,ABSTAIN,3678,3678
02D9D1781418E7442956D4D901C8C611E58256556AE9A828E72128C3B5B8E3EB,"NOWISEE | KO INU | RUKA",2,"OP-00005466-LnInterior-S2865-T150995-A150995",bf5ada2d9b5bec28fec8a4a82fdc0e079e86680b0e32c404e536fa3fb4c12238,O00002865,150995,441,99759999999988213397333333,151038,442,12373333333321543367111112,5,CandidateNotObserved,ABSTAIN,3732,3732
02D9D1781418E7442956D4D901C8C611E58256556AE9A828E72128C3B5B8E3EB,"NOWISEE | KO INU | RUKA",2,"OP-00005472-LnInterior-S3443-T178439-A178439",a4d6c27f7247478bc2491c1c4789afcf0f0ac97dadf3fe80392909b70c14a6bf,O00003443,178439,522,49999999999986066666666667,178950,523,99893333333319360028444443,2,CandidateNotObserved,ABSTAIN,4448,4448
02D9D1781418E7442956D4D901C8C611E58256556AE9A828E72128C3B5B8E3EB,"NOWISEE | KO INU | RUKA",2,"OP-00005477-LnInterior-S3468-T181166-A181166",be95a6d42e69dd611b30e532c659cf3c9af16238a3060617bc77d3350622eaca,O00003468,181166,530,49919999999985853354666667,181209,530,62533333333319183324444446,3,CandidateNotObserved,ABSTAIN,4480,4480
02D9D1781418E7442956D4D901C8C611E58256556AE9A828E72128C3B5B8E3EB,"NOWISEE | KO INU | RUKA",3,"OP-00005400-LnInterior-S11-T2189-A2189",ed0364174c2b8a7b782b6451dbdee3f365e172dba1a4731cfbb9964cfba1aa06,O00000011,2189,5,4999999999999985333333333333,2615,6,7495999999999982001066666663,3,CandidateNotObserved,ABSTAIN,28,28
02D9D1781418E7442956D4D901C8C611E58256556AE9A828E72128C3B5B8E3EB,"NOWISEE | KO INU | RUKA",3,"OP-00005401-LnInterior-S11-T2870-A2870",56a7f426012be15f8f668c19de81ec3ffaa107306bf8b0601d194d07f8f15424,O00000011,2870,7,49759999999999800064,3466,9,245866666666664201102222222,2,NoObservedRelation,ABSTAIN,36,36
02D9D1781418E7442956D4D901C8C611E58256556AE9A828E72128C3B5B8E3EB,"NOWISEE | KO INU | RUKA",3,"OP-00005403-LnInterior-S32-T5598-A5598",6e6548a070351a12d9a292b71a670a0c557f6cd0e07f15ba2faa61c2bd1a9c4b,O00000032,5598,15,499733333333329200071111111,6024,16,749333333333328866844444445,4,NoObservedRelation,ABSTAIN,72,72
02D9D1781418E7442956D4D901C8C611E58256556AE9A828E72128C3B5B8E3EB,"NOWISEE | KO INU | RUKA",3,"OP-00005405-LnInterior-S53-T8240-A8240",9a4da553225a1368d3f0e9bb4d587078eeb9b9b26140c0c11b2a636fafcd6a16,O00000053,8240,23,249599999999993800106666667,8325,23,498933333333327066951111111,6,NoObservedRelation,ABSTAIN,111,111
02D9D1781418E7442956D4D901C8C611E58256556AE9A828E72128C3B5B8E3EB,"NOWISEE | KO INU | RUKA",3,"OP-00005406-LnInterior-S74-T10541-A10541",1aa7c3f09bd875cd0cd4ab6b5d362e7dd26554602be9ade80df526104909ee1b,O00000074,10541,29,999199999999992000213333333,10967,31,248799999999991666986666666,6,NoObservedRelation,ABSTAIN,143,143
02D9D1781418E7442956D4D901C8C611E58256556AE9A828E72128C3B5B8E3EB,"NOWISEE | KO INU | RUKA",3,"OP-00005408-LnInterior-S108-T13098-A13098",1526a83c94770a5c9018af9badfede0d42a0336b19148b54e45705f47b593e05,O00000108,13098,37,499733333333323333404444444,13183,37,749066666666656600248888888,5,CandidateNotObserved,ABSTAIN,187,187
02D9D1781418E7442956D4D901C8C611E58256556AE9A828E72128C3B5B8E3EB,"NOWISEE | KO INU | RUKA",3,"OP-00005415-LnInterior-S221-T20981-A20981",9408fcd6c465666a841246293c454dce826b03bb87aee5f436b8c154930ce189,O00000221,20981,60,623199999999983833813333333,21023,60,74639999999998380096000000,2,NoObservedRelation,ABSTAIN,333,333
02D9D1781418E7442956D4D901C8C611E58256556AE9A828E72128C3B5B8E3EB,"NOWISEE | KO INU | RUKA",3,"OP-00005430-LnInterior-S2197-T111109-A111109",7578dc07b1fd1375541d01d04ad3eca5f125ef62be1a63a19628f744b3538416,O00002197,111109,324,99866666666658000035555556,111152,325,12479999999991330005333334,4,NoObservedRelation,ABSTAIN,2747,2747
02D9D1781418E7442956D4D901C8C611E58256556AE9A828E72128C3B5B8E3EB,"NOWISEE | KO INU | RUKA",3,"OP-00005441-LnInterior-S2334-T123041-A123041",5e16cccdbd9be472e88654eefeaef550d08f76cf1dc4b97c9f2fc3d6cd7898b3,O00002334,123041,359,99919999999990400021333333,123126,360,24853333333323726705777778,1,NoObservedRelation,ABSTAIN,2967,2967
02D9D1781418E7442956D4D901C8C611E58256556AE9A828E72128C3B5B8E3EB,"NOWISEE | KO INU | RUKA",3,"OP-00005444-LnInterior-S2505-T130711-A130711",99ad7f51cd8449cc55c828932dcfa90fe9a0f83487923ad26f74250e4123ef3b,O00002505,130711,382,49786666666656466723555556,131137,383,74746666666656433400888889,4,CandidateNotObserved,ABSTAIN,3152,3152
02D9D1781418E7442956D4D901C8C611E58256556AE9A828E72128C3B5B8E3EB,"NOWISEE | KO INU | RUKA",3,"OP-00005449-LnInterior-S2611-T136762-A136762",295dc2dada1913289a52818c114faafae81a6d2be1982ccd2e46ac7c4158bf9d,O00002611,136762,400,24746666666655993400888889,136804,400,37066666666655990115555558,1,NoObservedRelation,ABSTAIN,3305,3305
02D9D1781418E7442956D4D901C8C611E58256556AE9A828E72128C3B5B8E3EB,"NOWISEE | KO INU | RUKA",3,"OP-00005452-LnInterior-S2686-T141620-A141620",55b0748b914eadc52688a0fa86d4dc982e29a049974cbfc08edd9f4cc216e9ab,O00002686,141620,414,49759999999988946730666667,141663,414,6237333333332227670044444,1,CandidateNotObserved,ABSTAIN,3447,3447
02D9D1781418E7442956D4D901C8C611E58256556AE9A828E72128C3B5B8E3EB,"NOWISEE | KO INU | RUKA",3,"OP-00005456-LnInterior-S2733-T144007-A144007",c442b9c04ad5feab8c3a8bb99019753c00b7bc2e55e4a54d504a24ebbba4bc9f,O00002733,144007,421,49946666666655426680888889,144049,421,62266666666655423395555557,4,CandidateNotObserved,ABSTAIN,3519,3519
02D9D1781418E7442956D4D901C8C611E58256556AE9A828E72128C3B5B8E3EB,"NOWISEE | KO INU | RUKA",3,"OP-00005461-LnInterior-S2784-T147416-A147416",9bdd828a3c58431d10e2dbc2f41098344d7f49dc3689e7fe8d83accb352f0f90,O00002784,147416,431,49919999999988493354666667,147459,431,6253333333332182332444444,6,CandidateNotObserved,ABSTAIN,3621,3621
02D9D1781418E7442956D4D901C8C611E58256556AE9A828E72128C3B5B8E3EB,"NOWISEE | KO INU | RUKA",3,"OP-00005462-LnInterior-S2809-T148779-A148779",c97f192366b4d58fb413e108c723dafed9eaf3e3f9e17613467efd19d0ecdffe,O00002809,148779,435,49733333333321720071111111,148822,435,62346666666655050040888884,0,NoObservedRelation,ABSTAIN,3670,3670
02D9D1781418E7442956D4D901C8C611E58256556AE9A828E72128C3B5B8E3EB,"NOWISEE | KO INU | RUKA",3,"OP-00005467-LnInterior-S2865-T151336-A151336",ecd984f092ddad1c863e3403161adb17521ba61cdb93f2804e4963db85471810,O00002865,151336,442,99786666666654853390222222,151379,443,12399999999988183360000003,5,CandidateNotObserved,ABSTAIN,3745,3745
02D9D1781418E7442956D4D901C8C611E58256556AE9A828E72128C3B5B8E3EB,"NOWISEE | KO INU | RUKA",3,"OP-00005470-LnInterior-S2956-T157089-A157089",0b7f4d6c5cc9fa37d30ee721ae598b5e772ba7d8e60502e0509690371b27e12e,O00002956,157089,459,87333333333321070044444444,157131,459,99653333333321066759111107,6,NoObservedRelation,ABSTAIN,3854,3854
02D9D1781418E7442956D4D901C8C611E58256556AE9A828E72128C3B5B8E3EB,"NOWISEE | KO INU | RUKA",4,"OP-00005400-LnInterior-S11-T2189-A2189",ed0364174c2b8a7b782b6451dbdee3f365e172dba1a4731cfbb9964cfba1aa06,O00000011,2189,5,4999999999999985333333333333,2615,6,7495999999999982001066666663,4,CandidateNotObserved,ABSTAIN,23,23
02D9D1781418E7442956D4D901C8C611E58256556AE9A828E72128C3B5B8E3EB,"NOWISEE | KO INU | RUKA",4,"OP-00005402-LnInterior-S32-T4916-A4916",2453f9d1bca918992e0b3090898d381913e6f0a90fa339911759f9339a91d398,O00000032,4916,13,499199999999996400213333333,5342,14,748799999999996066986666666,0,CandidateNotObserved,ABSTAIN,59,59
02D9D1781418E7442956D4D901C8C611E58256556AE9A828E72128C3B5B8E3EB,"NOWISEE | KO INU | RUKA",4,"OP-00005404-LnInterior-S53-T7643-A7643",9e973133a78a1a5ae633d16007a64c232ff0aa7439a82f83330f9178f4b55728,O00000053,7643,21,498399999999994267093333333,7728,21,747733333333327533937777777,3,CandidateNotObserved,ABSTAIN,91,91
02D9D1781418E7442956D4D901C8C611E58256556AE9A828E72128C3B5B8E3EB,"NOWISEE | KO INU | RUKA",4,"OP-00005405-LnInterior-S53-T8240-A8240",9a4da553225a1368d3f0e9bb4d587078eeb9b9b26140c0c11b2a636fafcd6a16,O00000053,8240,23,249599999999993800106666667,8325,23,498933333333327066951111111,0,NoObservedRelation,ABSTAIN,98,98
02D9D1781418E7442956D4D901C8C611E58256556AE9A828E72128C3B5B8E3EB,"NOWISEE | KO INU | RUKA",4,"OP-00005407-LnInterior-S74-T10882-A10882",fe3f0db89ba015e993ae6ea29b5b6433b9611eea01613cc77dde14915f53752d,O00000074,10882,30,999466666666658400142222222,10967,31,248799999999991666986666666,6,NoObservedRelation,ABSTAIN,134,134
02D9D1781418E7442956D4D901C8C611E58256556AE9A828E72128C3B5B8E3EB,"NOWISEE | KO INU | RUKA",4,"OP-00005409-LnInterior-S108-T13609-A13609",551f81500a7d207740a67f5742d31efa58bfc258651144bc39775853af38a80f,O00000108,13609,38,998666666666656267022222222,14035,40,248266666666655933795555556,4,NoObservedRelation,ABSTAIN,179,179
02D9D1781418E7442956D4D901C8C611E58256556AE9A828E72128C3B5B8E3EB,"NOWISEE | KO INU | RUKA",4,"OP-00005413-LnInterior-S181-T18723-A18723",cbbcf3312f7b338908faf739d24fde8d695fb813023b9ae8f4f73cad3945a81b,O00000181,18723,53,999733333333318933404444444,19064,54,999999999999985333333333333,5,CandidateObservedUnique,ADMIT,275,275
02D9D1781418E7442956D4D901C8C611E58256556AE9A828E72128C3B5B8E3EB,"NOWISEE | KO INU | RUKA",4,"OP-00005412-LnInterior-S181-T19064-A19064",f324b02e1b079c3be1aad560b445e51b8955dfcfbb5426425322002b522adaeb,O00000181,19064,54,999999999999985333333333333,19320,55,750933333333318466417777779,2,NoObservedRelation,ABSTAIN,280,280
02D9D1781418E7442956D4D901C8C611E58256556AE9A828E72128C3B5B8E3EB,"NOWISEE | KO INU | RUKA",4,"OP-00005415-LnInterior-S221-T20981-A20981",94857d28a4aa18445a90e51dc8d4e8796db82fb7677beba410389350a8838343,O00000221,20981,60,623199999999983833813333333,21024,60,74933333333331713351111111,5,NoObservedRelation,ABSTAIN,325,325
02D9D1781418E7442956D4D901C8C611E58256556AE9A828E72128C3B5B8E3EB,"NOWISEE | KO INU | RUKA",4,"OP-00005414-LnInterior-S221-T21279-A21279",51362d67d4756826ab8b678a016a31defa9766c68f7a89e5627d340f785878f1,O00000221,21279,61,497333333333316934044444444,21322,61,623466666666650233742222221,3,CandidateNotObserved,ABSTAIN,340,340
02D9D1781418E7442956D4D901C8C611E58256556AE9A828E72128C3B5B8E3EB,"NOWISEE | KO INU | RUKA",4,"OP-00005425-LnInterior-S2003-T100029-A100029",037c9d2c34575c67831b17ba7ab8ac392dc9f4d892dc16e15fa8cfd1bde6b5bf,O00002003,100029,292,49733333333325533404444444,100114,292,74666666666658860088888888,3,NoObservedRelation,ABSTAIN,2490,2490
02D9D1781418E7442956D4D901C8C611E58256556AE9A828E72128C3B5B8E3EB,"NOWISEE | KO INU | RUKA",4,"OP-00005427-LnInterior-S2050-T102927-A102927",45e14fcc0311a4791654d60d9bdaf27e4c7a84fc6296dd76853663a60b931ecf,O00002050,102927,300,99813333333325306716444444,102969,301,12133333333325303431111110,4,NoObservedRelation,ABSTAIN,2558,2558
02D9D1781418E7442956D4D901C8C611E58256556AE9A828E72128C3B5B8E3EB,"NOWISEE | KO INU | RUKA",4,"OP-00005431-LnInterior-S2197-T111791-A111791",a9bcc71e30783cbf5595fc5814729a026dcb0c2b21baa47d1358ad80267cb2ba,O00002197,111791,326,99919999999991280021333333,114092,333,74879999999991100031999999,4,NoObservedRelation,ABSTAIN,2753,2753
02D9D1781418E7442956D4D901C8C611E58256556AE9A828E72128C3B5B8E3EB,"NOWISEE | KO INU | RUKA",4,"OP-00005433-LnInterior-S2200-T112515-A112515",42a24cae537776fd8d31b345aaeb814cba5adbdb107cd1b8c2773d4f74c82c7c,O00002200,112515,329,12293333333324556721777778,113197,331,12346666666657836707555556,2,NoObservedRelation,ABSTAIN,2762,2762
02D9D1781418E7442956D4D901C8C611E58256556AE9A828E72128C3B5B8E3EB,"NOWISEE | KO INU | RUKA",4,"OP-00005435-LnInterior-S2219-T114518-A114518",65d34fa7a162293db0724847d134faeb6a926d4c07ea72a0d5bf6edf454942de,O00002219,114518,334,99839999999991066709333333,114560,335,12159999999991063424000000,2,NoObservedRelation,ABSTAIN,2786,2786
02D9D1781418E7442956D4D901C8C611E58256556AE9A828E72128C3B5B8E3EB,"NOWISEE | KO INU | RUKA",4,"OP-00005447-LnInterior-S2539-T134632-A134632",5dd33cb58f3b874bacd1c73f03627995a10245f37899e77b4d87831fd093431f,O00002539,134632,393,99946666666656160014222222,134674,394,12266666666656156728888888,5,CandidateNotObserved,ABSTAIN,3249,3249
02D9D1781418E7442956D4D901C8C611E58256556AE9A828E72128C3B5B8E3EB,"NOWISEE | KO INU | RUKA",4,"OP-00005448-LnInterior-S2611-T137359-A137359",6d2500121c14e1d19d3a32dc291d9bb98042cc3b788d4054170c61487b419067,O00002611,137359,401,99866666666655946702222222,137402,402,12479999999989276671999998,2,CandidateNotObserved,ABSTAIN,3324,3324
02D9D1781418E7442956D4D901C8C611E58256556AE9A828E72128C3B5B8E3EB,"NOWISEE | KO INU | RUKA",4,"OP-00005451-LnInterior-S2636-T138211-A138211",5c5db50821df58bdce3b91f853a4df5bd9279890bd5742f79beaabe403178208,O00002636,138211,404,49786666666655880056888889,138253,404,62106666666655876771555556,4,NoObservedRelation,ABSTAIN,3351,3351
02D9D1781418E7442956D4D901C8C611E58256556AE9A828E72128C3B5B8E3EB,"NOWISEE | KO INU | RUKA",4,"OP-00005450-LnInterior-S2636-T138552-A138552",0d8ed8e142b3e05838f816100eadf476ea2d44dff66b530d5e26dcb760b2f958,O00002636,138552,405,49813333333322520049777778,138595,405,62426666666655850019555558,1,CandidateNotObserved,ABSTAIN,3362,3362
02D9D1781418E7442956D4D901C8C611E58256556AE9A828E72128C3B5B8E3EB,"NOWISEE | KO INU | RUKA",4,"OP-00005457-LnInterior-S2733-T143666-A143666",0854cc08f5a4ce776313164873d73dcdb854ca415bf9a441cef79e32204d6b22,O00002733,143666,420,49919999999988786688,143709,420,62533333333322116657777777,4,CandidateNotObserved,ABSTAIN,3510,3510
02D9D1781418E7442956D4D901C8C611E58256556AE9A828E72128C3B5B8E3EB,"NOWISEE | KO INU | RUKA",4,"OP-00005459-LnInterior-S2760-T145370-A145370",49701d0d99f7183f87cf9cfae35a00b630e11b259a9e5cbd0a2d684ad0d88fc5,O00002760,145370,425,49759999999988653397333333,145412,425,62079999999988650112000001,6,CandidateNotObserved,ABSTAIN,3557,3557
02D9D1781418E7442956D4D901C8C611E58256556AE9A828E72128C3B5B8E3EB,"NOWISEE | KO INU | RUKA",4,"OP-00005463-LnInterior-S2809-T148652-A148652",9c897a4c7e18b55be6f3bc88c2bf8e800055b0520c4e5891e414e4c00e90d244,O00002809,148652,435,12479999999988396672,148694,435,24799999999988393386666663,5,NoObservedRelation,ABSTAIN,3662,3662
02D9D1781418E7442956D4D901C8C611E58256556AE9A828E72128C3B5B8E3EB,"NOWISEE | KO INU | RUKA",4,"OP-00005462-LnInterior-S2809-T148779-A148779",6d6c0c528b1b57da62c2f800ad23eaf7fdf68e108e6f23a856c0f644683f5069,O00002809,148779,435,49733333333321720071111111,148821,435,62053333333321716785777773,2,NoObservedRelation,ABSTAIN,3671,3671
02D9D1781418E7442956D4D901C8C611E58256556AE9A828E72128C3B5B8E3EB,"NOWISEE | KO INU | RUKA",4,"OP-00005467-LnInterior-S2865-T151336-A151336",729801d4312b69b446f24dfa5ee6348f20eff806c79ec34687b1a1cc44b1a6ea,O00002865,151336,442,99786666666654853390222222,151549,443,62266666666654836728888889,5,CandidateObservedAmongAlternatives,ADMIT,3744,3744
02D9D1781418E7442956D4D901C8C611E58256556AE9A828E72128C3B5B8E3EB,"NOWISEE | KO INU | RUKA",4,"OP-00005477-LnInterior-S3468-T181166-A181166",fed0e12976ccf7422215279714c3c47bf6a522eda651a5f9a270d2bc02877604,O00003468,181166,530,49919999999985853354666667,181208,530,62239999999985850069333329,3,CandidateNotObserved,ABSTAIN,4493,4493
02D9D1781418E7442956D4D901C8C611E58256556AE9A828E72128C3B5B8E3EB,"NOWISEE | KO INU | RUKA",4,"OP-00005480-LnInterior-S4356-T218666-A218666",1897ab60d5f437882e2fbaa68b2246976c876de338de592a6ab747c550b67864,O00004356,218666,640,49919999999982920021333333,218751,640,74853333333316246705777782,2,CandidateNotObserved,ABSTAIN,5557,5557
02D9D1781418E7442956D4D901C8C611E58256556AE9A828E72128C3B5B8E3EB,"NOWISEE | KO INU | RUKA",5,"OP-00005400-LnInterior-S11-T2189-A2189",9c3ad04df388a4be9930f84481824de9c0880eb16ca72dd2d9743d52c3993498,O00000011,2189,5,4999999999999985333333333333,2274,5,749333333333331800177777777,0,CandidateNotObserved,ABSTAIN,32,32
02D9D1781418E7442956D4D901C8C611E58256556AE9A828E72128C3B5B8E3EB,"NOWISEE | KO INU | RUKA",5,"OP-00005401-LnInterior-S11-T2870-A2870",bfa721dabb8f2fee768411e37638ce07cd082a1c805f401e2ab9bd95cf1c5a7d,O00000011,2870,7,49759999999999800064,3467,9,248799999999997533653333333,2,NoObservedRelation,ABSTAIN,41,41
02D9D1781418E7442956D4D901C8C611E58256556AE9A828E72128C3B5B8E3EB,"NOWISEE | KO INU | RUKA",5,"OP-00005404-LnInterior-S53-T7643-A7643",d278c3355b584406cd280d460f6607bdf4eea56344fad9b240314b7f42d93166,O00000053,7643,21,498399999999994267093333333,8069,22,747999999999993933866666666,3,CandidateNotObserved,ABSTAIN,109,109
02D9D1781418E7442956D4D901C8C611E58256556AE9A828E72128C3B5B8E3EB,"NOWISEE | KO INU | RUKA",5,"OP-00005405-LnInterior-S53-T8240-A8240",0c0598f7c40832fc0466305a4fea7814b84782ef4dc4385c32ff585830b59006,O00000053,8240,23,249599999999993800106666667,8666,24,499199999999993466880000001,4,NoObservedRelation,ABSTAIN,115,115
02D9D1781418E7442956D4D901C8C611E58256556AE9A828E72128C3B5B8E3EB,"NOWISEE | KO INU | RUKA",5,"OP-00005409-LnInterior-S108-T13609-A13609",b769766bf90e4d70b62c83a0922eef88aa654540df119af6b5d0d6eb654cdcc5,O00000108,13609,38,998666666666656267022222222,13694,39,24799999999998953386666667,1,NoObservedRelation,ABSTAIN,204,204
02D9D1781418E7442956D4D901C8C611E58256556AE9A828E72128C3B5B8E3EB,"NOWISEE | KO INU | RUKA",5,"OP-00005439-LnInterior-S2240-T116862-A116862",56319ca293201ae10fd3ca541e8f308c9d529b4f34b6343543d034c95f7ab236,O00002240,116862,341,87413333333324216689777778,116947,342,12346666666657543374222222,3,NoObservedRelation,ABSTAIN,2809,2809
02D9D1781418E7442956D4D901C8C611E58256556AE9A828E72128C3B5B8E3EB,"NOWISEE | KO INU | RUKA",5,"OP-00005444-LnInterior-S2505-T130711-A130711",592f7f494784a036099d6ae5f34628f08f3bc6cfa394bf1fba9394b19c1d27cd,O00002505,130711,382,49786666666656466723555556,130966,383,24586666666656446776888889,4,CandidateNotObserved,ABSTAIN,3159,3159
02D9D1781418E7442956D4D901C8C611E58256556AE9A828E72128C3B5B8E3EB,"NOWISEE | KO INU | RUKA",5,"OP-00005449-LnInterior-S2611-T136762-A136762",0d9dceed8acb423a4249d7f493ecdf05f7950bd8d6bd6b7a9421c97af64f344a,O00002611,136762,400,24746666666655993400888889,136876,400,58186666666655984483555556,1,NoObservedRelation,ABSTAIN,3309,3309
02D9D1781418E7442956D4D901C8C611E58256556AE9A828E72128C3B5B8E3EB,"NOWISEE | KO INU | RUKA",5,"OP-00005451-LnInterior-S2636-T138211-A138211",5c5db50821df58bdce3b91f853a4df5bd9279890bd5742f79beaabe403178208,O00002636,138211,404,49786666666655880056888889,138253,404,62106666666655876771555556,4,NoObservedRelation,ABSTAIN,3349,3349
02D9D1781418E7442956D4D901C8C611E58256556AE9A828E72128C3B5B8E3EB,"NOWISEE | KO INU | RUKA",5,"OP-00005456-LnInterior-S2733-T144007-A144007",c442b9c04ad5feab8c3a8bb99019753c00b7bc2e55e4a54d504a24ebbba4bc9f,O00002733,144007,421,49946666666655426680888889,144049,421,62266666666655423395555557,4,CandidateNotObserved,ABSTAIN,3500,3500
02D9D1781418E7442956D4D901C8C611E58256556AE9A828E72128C3B5B8E3EB,"NOWISEE | KO INU | RUKA",5,"OP-00005460-LnInterior-S2784-T147245-A147245",5720cc41da57a766a05c2b7b8f2a78e217cda7b67a3be86242133156b31796e0,O00002784,147245,430,99759999999988506730666667,147287,431,12079999999988503445333338,6,NoObservedRelation,ABSTAIN,3595,3595
02D9D1781418E7442956D4D901C8C611E58256556AE9A828E72128C3B5B8E3EB,"NOWISEE | KO INU | RUKA",5,"OP-00005461-LnInterior-S2784-T147416-A147416",a093734644c0a8ba82ac5e17397d003efc5dc5aa8805ced0bc361713b68ba2e5,O00002784,147416,431,49919999999988493354666667,147458,431,62239999999988490069333329,0,CandidateNotObserved,ABSTAIN,3603,3603
02D9D1781418E7442956D4D901C8C611E58256556AE9A828E72128C3B5B8E3EB,"NOWISEE | KO INU | RUKA",5,"OP-00005462-LnInterior-S2809-T148779-A148779",c97f192366b4d58fb413e108c723dafed9eaf3e3f9e17613467efd19d0ecdffe,O00002809,148779,435,49733333333321720071111111,148822,435,62346666666655050040888884,0,NoObservedRelation,ABSTAIN,3644,3644
02D9D1781418E7442956D4D901C8C611E58256556AE9A828E72128C3B5B8E3EB,"NOWISEE | KO INU | RUKA",5,"OP-00005467-LnInterior-S2865-T151336-A151336",ecd984f092ddad1c863e3403161adb17521ba61cdb93f2804e4963db85471810,O00002865,151336,442,99786666666654853390222222,151379,443,12399999999988183360000003,1,CandidateNotObserved,ABSTAIN,3727,3727
02D9D1781418E7442956D4D901C8C611E58256556AE9A828E72128C3B5B8E3EB,"NOWISEE | KO INU | RUKA",5,"OP-00005469-LnInterior-S2951-T154916-A154916",4124a3b835ce3bd9aa74c2b8dcdc84b07709badf59e196187623f9f48edb6205,O00002951,154916,453,49919999999987906688,157089,459,8733333333332107004444444,6,CandidateNotObserved,ABSTAIN,3829,3829
02D9D1781418E7442956D4D901C8C611E58256556AE9A828E72128C3B5B8E3EB,"NOWISEE | KO INU | RUKA",5,"OP-00005477-LnInterior-S3468-T181166-A181166",be95a6d42e69dd611b30e532c659cf3c9af16238a3060617bc77d3350622eaca,O00003468,181166,530,49919999999985853354666667,181209,530,62533333333319183324444446,4,CandidateNotObserved,ABSTAIN,4477,4477
02D9D1781418E7442956D4D901C8C611E58256556AE9A828E72128C3B5B8E3EB,"NOWISEE | KO INU | RUKA",6,"OP-00005401-LnInterior-S11-T2870-A2870",0fb2d4cc73d566704190f8c6d7b4bd801b77bf5ff768705670e0dda474d004b6,O00000011,2870,7,49759999999999800064,3125,8,245599999999997801173333333,5,NoObservedRelation,ABSTAIN,30,30
02D9D1781418E7442956D4D901C8C611E58256556AE9A828E72128C3B5B8E3EB,"NOWISEE | KO INU | RUKA",6,"OP-00005403-LnInterior-S32-T5598-A5598",9449ae568cba61ee6e1c2d7023a27fd9b5747078203d40d3e5dc53d36bef3181,O00000032,5598,15,499733333333329200071111111,6194,17,247999999999995400533333333,2,NoObservedRelation,ABSTAIN,67,67
02D9D1781418E7442956D4D901C8C611E58256556AE9A828E72128C3B5B8E3EB,"NOWISEE | KO INU | RUKA",6,"OP-00005405-LnInterior-S53-T8240-A8240",9a4da553225a1368d3f0e9bb4d587078eeb9b9b26140c0c11b2a636fafcd6a16,O00000053,8240,23,249599999999993800106666667,8325,23,498933333333327066951111111,6,NoObservedRelation,ABSTAIN,102,102
02D9D1781418E7442956D4D901C8C611E58256556AE9A828E72128C3B5B8E3EB,"NOWISEE | KO INU | RUKA",6,"OP-00005411-LnInterior-S145-T16336-A16336",d650695739ba551e290ec4053560bfc60c171d3b46b8771cc69985133533550c,O00000145,16336,46,997866666666654133902222222,16592,47,748799999999987266986666669,2,NoObservedRelation,ABSTAIN,240,240
02D9D1781418E7442956D4D901C8C611E58256556AE9A828E72128C3B5B8E3EB,"NOWISEE | KO INU | RUKA",6,"OP-00005415-LnInterior-S221-T20981-A20981",94857d28a4aa18445a90e51dc8d4e8796db82fb7677beba410389350a8838343,O00000221,20981,60,623199999999983833813333333,21024,60,74933333333331713351111111,5,NoObservedRelation,ABSTAIN,329,329
02D9D1781418E7442956D4D901C8C611E58256556AE9A828E72128C3B5B8E3EB,"NOWISEE | KO INU | RUKA",6,"OP-00005425-LnInterior-S2003-T100029-A100029",037c9d2c34575c67831b17ba7ab8ac392dc9f4d892dc16e15fa8cfd1bde6b5bf,O00002003,100029,292,49733333333325533404444444,100114,292,74666666666658860088888888,2,NoObservedRelation,ABSTAIN,2455,2455
02D9D1781418E7442956D4D901C8C611E58256556AE9A828E72128C3B5B8E3EB,"NOWISEE | KO INU | RUKA",6,"OP-00005430-LnInterior-S2197-T111109-A111109",de4fa1545d08431f84510a0cd050d00d273ad68b85ceee4c4ac3da5dd1df4e12,O00002197,111109,324,99866666666658000035555556,113069,330,74799999999991180053333333,2,NoObservedRelation,ABSTAIN,2716,2716
02D9D1781418E7442956D4D901C8C611E58256556AE9A828E72128C3B5B8E3EB,"NOWISEE | KO INU | RUKA",6,"OP-00005431-LnInterior-S2197-T111791-A111791",5bed8868a8d0b89d1d401ab8f2a2c9e5ed9cc0db9b8a8abbb3291ac3bcf80483,O00002197,111791,326,99919999999991280021333333,112515,329,12293333333324556721777778,2,NoObservedRelation,ABSTAIN,2723,2723
02D9D1781418E7442956D4D901C8C611E58256556AE9A828E72128C3B5B8E3EB,"NOWISEE | KO INU | RUKA",6,"OP-00005433-LnInterior-S2200-T112515-A112515",42a24cae537776fd8d31b345aaeb814cba5adbdb107cd1b8c2773d4f74c82c7c,O00002200,112515,329,12293333333324556721777778,113197,331,12346666666657836707555556,4,NoObservedRelation,ABSTAIN,2733,2733
02D9D1781418E7442956D4D901C8C611E58256556AE9A828E72128C3B5B8E3EB,"NOWISEE | KO INU | RUKA",6,"OP-00005435-LnInterior-S2219-T114518-A114518",805c087b30fd93a780c3c986e4ff7f94361ecefbe5650d277b40e0e08a14e7a3,O00002219,114518,334,99839999999991066709333333,115242,337,12213333333324343409777778,4,NoObservedRelation,ABSTAIN,2755,2755
02D9D1781418E7442956D4D901C8C611E58256556AE9A828E72128C3B5B8E3EB,"NOWISEE | KO INU | RUKA",6,"OP-00005439-LnInterior-S2240-T116862-A116862",56319ca293201ae10fd3ca541e8f308c9d529b4f34b6343543d034c95f7ab236,O00002240,116862,341,87413333333324216689777778,116947,342,12346666666657543374222222,0,NoObservedRelation,ABSTAIN,2784,2784
02D9D1781418E7442956D4D901C8C611E58256556AE9A828E72128C3B5B8E3EB,"NOWISEE | KO INU | RUKA",6,"OP-00005438-LnInterior-S2240-T117245-A117245",86cadd996f949d70a0bae0cc41a9a8fa0aa7cef281ea3261a918c4cd9f5739d6,O00002240,117245,342,99759999999990853397333333,117330,343,24693333333324180081777777,2,CandidateNotObserved,ABSTAIN,2793,2793
02D9D1781418E7442956D4D901C8C611E58256556AE9A828E72128C3B5B8E3EB,"NOWISEE | KO INU | RUKA",6,"OP-00005449-LnInterior-S2611-T136762-A136762",f53421603b15ca2e9e6a16a3330557f1a1a3eae25e0474c0c8b8ead5976122ec,O00002611,136762,400,24746666666655993400888889,136805,400,37359999999989323370666671,1,NoObservedRelation,ABSTAIN,3291,3291
02D9D1781418E7442956D4D901C8C611E58256556AE9A828E72128C3B5B8E3EB,"NOWISEE | KO INU | RUKA",6,"OP-00005451-LnInterior-S2636-T138211-A138211",a4e833da6b6f540149f4c70a2843a63341d0b72e25ed2afb823cc4a2abff0da9,O00002636,138211,404,49786666666655880056888889,138254,404,62399999999989210026666668,4,NoObservedRelation,ABSTAIN,3333,3333
02D9D1781418E7442956D4D901C8C611E58256556AE9A828E72128C3B5B8E3EB,"NOWISEE | KO INU | RUKA",6,"OP-00005450-LnInterior-S2636-T138552-A138552",0d8ed8e142b3e05838f816100eadf476ea2d44dff66b530d5e26dcb760b2f958,O00002636,138552,405,49813333333322520049777778,138595,405,62426666666655850019555558,4,CandidateNotObserved,ABSTAIN,3342,3342
02D9D1781418E7442956D4D901C8C611E58256556AE9A828E72128C3B5B8E3EB,"NOWISEE | KO INU | RUKA",6,"OP-00005453-LnInterior-S2686-T141492-A141492",10d1cb07a99b2abefe2fafcb96d852ee1cbaa58cdb9726c70dbaba9f1a3045ff,O00002686,141492,414,12213333333322290076444444,141535,414,2482666666665562004622222,2,NoObservedRelation,ABSTAIN,3414,3414
02D9D1781418E7442956D4D901C8C611E58256556AE9A828E72128C3B5B8E3EB,"NOWISEE | KO INU | RUKA",6,"OP-00005455-LnInterior-S2709-T143154-A143154",8d07137e3cc08f6b5e5b0f121270ccd455f28cce46096f099f0f3721e0946640,O00002709,143154,418,99733333333322160071111111,143196,419,12053333333322156785777773,3,CandidateNotObserved,ABSTAIN,3468,3468
02D9D1781418E7442956D4D901C8C611E58256556AE9A828E72128C3B5B8E3EB,"NOWISEE | KO INU | RUKA",6,"OP-00005456-LnInterior-S2733-T144007-A144007",4f95212ae41910b139e770268c0c076b9d2522935a68f96d3554b5f20a9df0e6,O00002733,144007,421,49946666666655426680888889,144050,421,62559999999988756650666669,4,CandidateNotObserved,ABSTAIN,3491,3491
02D9D1781418E7442956D4D901C8C611E58256556AE9A828E72128C3B5B8E3EB,"NOWISEE | KO INU | RUKA",6,"OP-00005460-LnInterior-S2784-T147245-A147245",760817ab0c4ca8e07dc0a82c5efcf49a689f57594766ac2fab058215da3d92df,O00002784,147245,430,99759999999988506730666667,147288,431,12373333333321836700444449,6,NoObservedRelation,ABSTAIN,3587,3587
02D9D1781418E7442956D4D901C8C611E58256556AE9A828E72128C3B5B8E3EB,"NOWISEE | KO INU | RUKA",6,"OP-00005461-LnInterior-S2784-T147416-A147416",9bdd828a3c58431d10e2dbc2f41098344d7f49dc3689e7fe8d83accb352f0f90,O00002784,147416,431,49919999999988493354666667,147459,431,6253333333332182332444444,6,CandidateNotObserved,ABSTAIN,3595,3595
02D9D1781418E7442956D4D901C8C611E58256556AE9A828E72128C3B5B8E3EB,"NOWISEE | KO INU | RUKA",6,"OP-00005462-LnInterior-S2809-T148779-A148779",c97f192366b4d58fb413e108c723dafed9eaf3e3f9e17613467efd19d0ecdffe,O00002809,148779,435,49733333333321720071111111,148822,435,62346666666655050040888884,0,NoObservedRelation,ABSTAIN,3643,3643
02D9D1781418E7442956D4D901C8C611E58256556AE9A828E72128C3B5B8E3EB,"NOWISEE | KO INU | RUKA",6,"OP-00005466-LnInterior-S2865-T150995-A150995",535ed40fcb04ef233fa144d25a137d43bdd7edc5ddc74fb811c83242d6b4790e,O00002865,150995,441,99759999999988213397333333,151037,442,12079999999988210112000001,5,CandidateNotObserved,ABSTAIN,3705,3705
02D9D1781418E7442956D4D901C8C611E58256556AE9A828E72128C3B5B8E3EB,"NOWISEE | KO INU | RUKA",6,"OP-00005467-LnInterior-S2865-T151336-A151336",ecd984f092ddad1c863e3403161adb17521ba61cdb93f2804e4963db85471810,O00002865,151336,442,99786666666654853390222222,151379,443,12399999999988183360000003,5,CandidateNotObserved,ABSTAIN,3719,3719
02D9D1781418E7442956D4D901C8C611E58256556AE9A828E72128C3B5B8E3EB,"NOWISEE | KO INU | RUKA",6,"OP-00005469-LnInterior-S2951-T154916-A154916",4124a3b835ce3bd9aa74c2b8dcdc84b07709badf59e196187623f9f48edb6205,O00002951,154916,453,49919999999987906688,157089,459,8733333333332107004444444,6,CandidateNotObserved,ABSTAIN,3822,3822
02D9D1781418E7442956D4D901C8C611E58256556AE9A828E72128C3B5B8E3EB,"NOWISEE | KO INU | RUKA",6,"OP-00005470-LnInterior-S2956-T157089-A157089",0b7f4d6c5cc9fa37d30ee721ae598b5e772ba7d8e60502e0509690371b27e12e,O00002956,157089,459,87333333333321070044444444,157131,459,99653333333321066759111107,6,NoObservedRelation,ABSTAIN,3828,3828
02D9D1781418E7442956D4D901C8C611E58256556AE9A828E72128C3B5B8E3EB,"NOWISEE | KO INU | RUKA",6,"OP-00005477-LnInterior-S3468-T181166-A181166",fed0e12976ccf7422215279714c3c47bf6a522eda651a5f9a270d2bc02877604,O00003468,181166,530,49919999999985853354666667,181208,530,62239999999985850069333329,3,CandidateNotObserved,ABSTAIN,4475,4475
02D9D1781418E7442956D4D901C8C611E58256556AE9A828E72128C3B5B8E3EB,"NOWISEE | KO INU | RUKA",7,"OP-00005400-LnInterior-S11-T2189-A2189",193310447f4c955e46219fecfb3c2ff2a102d1c8be97c6087fccb69d1bc2d46e,O00000011,2189,5,4999999999999985333333333333,3296,8,747199999999997667413333333,5,CandidateNotObserved,ABSTAIN,28,28
02D9D1781418E7442956D4D901C8C611E58256556AE9A828E72128C3B5B8E3EB,"NOWISEE | KO INU | RUKA",7,"OP-00005401-LnInterior-S11-T2870-A2870",0fb2d4cc73d566704190f8c6d7b4bd801b77bf5ff768705670e0dda474d004b6,O00000011,2870,7,49759999999999800064,3125,8,245599999999997801173333333,2,NoObservedRelation,ABSTAIN,34,34
02D9D1781418E7442956D4D901C8C611E58256556AE9A828E72128C3B5B8E3EB,"NOWISEE | KO INU | RUKA",7,"OP-00005403-LnInterior-S32-T5598-A5598",07e3a7b7fd0b92fe633b2b5fcb3e13b60635708f815734574412d982b2a62d5a,O00000032,5598,15,499733333333329200071111111,5683,15,749066666666662466915555555,0,NoObservedRelation,ABSTAIN,66,66
02D9D1781418E7442956D4D901C8C611E58256556AE9A828E72128C3B5B8E3EB,"NOWISEE | KO INU | RUKA",7,"OP-00005405-LnInterior-S53-T8240-A8240",9a4da553225a1368d3f0e9bb4d587078eeb9b9b26140c0c11b2a636fafcd6a16,O00000053,8240,23,249599999999993800106666667,8325,23,498933333333327066951111111,2,NoObservedRelation,ABSTAIN,106,106
02D9D1781418E7442956D4D901C8C611E58256556AE9A828E72128C3B5B8E3EB,"NOWISEE | KO INU | RUKA",7,"OP-00005411-LnInterior-S145-T16336-A16336",209eef2ef4a37fd0c43eb514404859e40b9406b8ab94b6a17520dd36f73950d3,O00000145,16336,46,997866666666654133902222222,16421,47,24719999999998740074666667,4,NoObservedRelation,ABSTAIN,251,251
02D9D1781418E7442956D4D901C8C611E58256556AE9A828E72128C3B5B8E3EB,"NOWISEE | KO INU | RUKA",7,"OP-00005412-LnInterior-S181-T19064-A19064",f91be42def478e85c33466b55d1116bc16d05775d1cef5c46a321cd7e765a93d,O00000181,19064,54,999999999999985333333333333,19106,55,12319999999998530048000000,5,NoObservedRelation,ABSTAIN,305,305
02D9D1781418E7442956D4D901C8C611E58256556AE9A828E72128C3B5B8E3EB,"NOWISEE | KO INU | RUKA",7,"OP-00005415-LnInterior-S221-T20981-A20981",9408fcd6c465666a841246293c454dce826b03bb87aee5f436b8c154930ce189,O00000221,20981,60,623199999999983833813333333,21023,60,74639999999998380096000000,5,NoObservedRelation,ABSTAIN,349,349
02D9D1781418E7442956D4D901C8C611E58256556AE9A828E72128C3B5B8E3EB,"NOWISEE | KO INU | RUKA",7,"OP-00005425-LnInterior-S2003-T100029-A100029",037c9d2c34575c67831b17ba7ab8ac392dc9f4d892dc16e15fa8cfd1bde6b5bf,O00002003,100029,292,49733333333325533404444444,100114,292,74666666666658860088888888,0,NoObservedRelation,ABSTAIN,2500,2500
02D9D1781418E7442956D4D901C8C611E58256556AE9A828E72128C3B5B8E3EB,"NOWISEE | KO INU | RUKA",7,"OP-00005429-LnInterior-S2053-T102927-A102927",700c33aa9c455c833f33f1a8413bfd1a836d0784858c2f8cca653c02cfdffb81,O00002053,102927,300,99813333333325306716444444,102970,301,12426666666658636686222222,4,NoObservedRelation,ABSTAIN,2570,2570
02D9D1781418E7442956D4D901C8C611E58256556AE9A828E72128C3B5B8E3EB,"NOWISEE | KO INU | RUKA",7,"OP-00005435-LnInterior-S2219-T114518-A114518",e37695c67df99ca1c7ebb992d16289508fbad8577d65177e890d6fdd4a394d7b,O00002219,114518,334,99839999999991066709333333,115797,338,75013333333324299996444444,4,NoObservedRelation,ABSTAIN,2797,2797
02D9D1781418E7442956D4D901C8C611E58256556AE9A828E72128C3B5B8E3EB,"NOWISEE | KO INU | RUKA",7,"OP-00005444-LnInterior-S2505-T130711-A130711",af823cdfbc8e1f025c022a51aca65814748229b73c7737bcf5f832776754ad7a,O00002505,130711,382,49786666666656466723555556,130797,382,75013333333323126663111111,3,CandidateNotObserved,ABSTAIN,3170,3170
02D9D1781418E7442956D4D901C8C611E58256556AE9A828E72128C3B5B8E3EB,"NOWISEE | KO INU | RUKA",7,"OP-00005447-LnInterior-S2539-T134632-A134632",7b822bb912d269920da391ef57b89e9b30a12feac07877f06808ccd4f94929de,O00002539,134632,393,99946666666656160014222222,134675,394,12559999999989489983999999,5,CandidateNotObserved,ABSTAIN,3270,3270
02D9D1781418E7442956D4D901C8C611E58256556AE9A828E72128C3B5B8E3EB,"NOWISEE | KO INU | RUKA",7,"OP-00005449-LnInterior-S2611-T136762-A136762",295dc2dada1913289a52818c114faafae81a6d2be1982ccd2e46ac7c4158bf9d,O00002611,136762,400,24746666666655993400888889,136804,400,37066666666655990115555558,1,NoObservedRelation,ABSTAIN,3330,3330
02D9D1781418E7442956D4D901C8C611E58256556AE9A828E72128C3B5B8E3EB,"NOWISEE | KO INU | RUKA",7,"OP-00005448-LnInterior-S2611-T137359-A137359",6d2500121c14e1d19d3a32dc291d9bb98042cc3b788d4054170c61487b419067,O00002611,137359,401,99866666666655946702222222,137402,402,12479999999989276671999998,2,CandidateNotObserved,ABSTAIN,3353,3353
02D9D1781418E7442956D4D901C8C611E58256556AE9A828E72128C3B5B8E3EB,"NOWISEE | KO INU | RUKA",7,"OP-00005450-LnInterior-S2636-T138552-A138552",7c0827feef9d9e891bdfc158f1bb351f6a58da1d8962d1708c8cfd633b44ed29,O00002636,138552,405,49813333333322520049777778,138637,405,74746666666655846734222222,1,CandidateNotObserved,ABSTAIN,3386,3386
02D9D1781418E7442956D4D901C8C611E58256556AE9A828E72128C3B5B8E3EB,"NOWISEE | KO INU | RUKA",7,"OP-00005452-LnInterior-S2686-T141620-A141620",1ece7e8fcf2b193a0bd8689923f2e1751e96495519494f1b6be979b9ca5c73f6,O00002686,141620,414,49759999999988946730666667,141662,414,62079999999988943445333332,0,CandidateNotObserved,ABSTAIN,3469,3469
02D9D1781418E7442956D4D901C8C611E58256556AE9A828E72128C3B5B8E3EB,"NOWISEE | KO INU | RUKA",7,"OP-00005457-LnInterior-S2733-T143666-A143666",9b936d3e9bd3baba68a87164de61e3d9e03198cd5c745962abfaa32f293df942,O00002733,143666,420,49919999999988786688,143708,420,62239999999988783402666667,0,CandidateObservedUnique,ADMIT,3532,3532
02D9D1781418E7442956D4D901C8C611E58256556AE9A828E72128C3B5B8E3EB,"NOWISEE | KO INU | RUKA",7,"OP-00005456-LnInterior-S2733-T144007-A144007",4f95212ae41910b139e770268c0c076b9d2522935a68f96d3554b5f20a9df0e6,O00002733,144007,421,49946666666655426680888889,144050,421,62559999999988756650666669,0,CandidateNotObserved,ABSTAIN,3542,3542
02D9D1781418E7442956D4D901C8C611E58256556AE9A828E72128C3B5B8E3EB,"NOWISEE | KO INU | RUKA",7,"OP-00005460-LnInterior-S2784-T147245-A147245",760817ab0c4ca8e07dc0a82c5efcf49a689f57594766ac2fab058215da3d92df,O00002784,147245,430,99759999999988506730666667,147288,431,12373333333321836700444449,6,NoObservedRelation,ABSTAIN,3641,3641
02D9D1781418E7442956D4D901C8C611E58256556AE9A828E72128C3B5B8E3EB,"NOWISEE | KO INU | RUKA",7,"OP-00005462-LnInterior-S2809-T148779-A148779",c97f192366b4d58fb413e108c723dafed9eaf3e3f9e17613467efd19d0ecdffe,O00002809,148779,435,49733333333321720071111111,148822,435,62346666666655050040888884,2,NoObservedRelation,ABSTAIN,3697,3697
02D9D1781418E7442956D4D901C8C611E58256556AE9A828E72128C3B5B8E3EB,"NOWISEE | KO INU | RUKA",7,"OP-00005469-LnInterior-S2951-T154916-A154916",7e4e14f5e140bb45cca51c3d6f001412e9517f302ba3553c52609d40696dd066,O00002951,154916,453,49919999999987906688,154959,453,62533333333321236657777777,5,CandidateNotObserved,ABSTAIN,3874,3874
02D9D1781418E7442956D4D901C8C611E58256556AE9A828E72128C3B5B8E3EB,"NOWISEE | KO INU | RUKA",7,"OP-00005477-LnInterior-S3468-T181166-A181166",be95a6d42e69dd611b30e532c659cf3c9af16238a3060617bc77d3350622eaca,O00003468,181166,530,49919999999985853354666667,181209,530,62533333333319183324444446,4,CandidateNotObserved,ABSTAIN,4512,4512
02D9D1781418E7442956D4D901C8C611E58256556AE9A828E72128C3B5B8E3EB,"NOWISEE | KO INU | RUKA",8,"OP-00005405-LnInterior-S53-T8240-A8240",0c0598f7c40832fc0466305a4fea7814b84782ef4dc4385c32ff585830b59006,O00000053,8240,23,249599999999993800106666667,8666,24,499199999999993466880000001,4,NoObservedRelation,ABSTAIN,101,101
02D9D1781418E7442956D4D901C8C611E58256556AE9A828E72128C3B5B8E3EB,"NOWISEE | KO INU | RUKA",8,"OP-00005406-LnInterior-S74-T10541-A10541",071faf82842ee822d4168ed2ff0baa8d67fac5b0ccf44c70d9c6fd49ba62b342,O00000074,10541,29,999199999999992000213333333,10796,30,747199999999991800746666667,4,NoObservedRelation,ABSTAIN,135,135
02D9D1781418E7442956D4D901C8C611E58256556AE9A828E72128C3B5B8E3EB,"NOWISEE | KO INU | RUKA",8,"OP-00005407-LnInterior-S74-T10882-A10882",b9de2d484ce5d0ddef7bcacabe201617c0de4adf7cb51c86098fc79fd8d1a5ee,O00000074,10882,30,999466666666658400142222222,11309,32,251999999999991399466666666,4,NoObservedRelation,ABSTAIN,142,142
02D9D1781418E7442956D4D901C8C611E58256556AE9A828E72128C3B5B8E3EB,"NOWISEE | KO INU | RUKA",8,"OP-00005412-LnInterior-S181-T19064-A19064",f6b1375fab95ae3850d42c65cfbe772d93d79e95e71dc5d6e3ead28f3003a8a5,O00000181,19064,54,999999999999985333333333333,19745,56,99759999999998480064,2,NoObservedRelation,ABSTAIN,291,291
02D9D1781418E7442956D4D901C8C611E58256556AE9A828E72128C3B5B8E3EB,"NOWISEE | KO INU | RUKA",8,"OP-00005415-LnInterior-S221-T20981-A20981",5c494896d63774df16ad5440446fb30ffed02d9b8550144c9c5e8552584c43b8,O00000221,20981,60,623199999999983833813333333,21109,60,998666666666650400355555556,5,NoObservedRelation,ABSTAIN,335,335
02D9D1781418E7442956D4D901C8C611E58256556AE9A828E72128C3B5B8E3EB,"NOWISEE | KO INU | RUKA",8,"OP-00005425-LnInterior-S2003-T100029-A100029",037c9d2c34575c67831b17ba7ab8ac392dc9f4d892dc16e15fa8cfd1bde6b5bf,O00002003,100029,292,49733333333325533404444444,100114,292,74666666666658860088888888,2,NoObservedRelation,ABSTAIN,2503,2503
02D9D1781418E7442956D4D901C8C611E58256556AE9A828E72128C3B5B8E3EB,"NOWISEE | KO INU | RUKA",8,"OP-00005431-LnInterior-S2197-T111791-A111791",c2062d899ea8d74ef8d854a600a1ea04435251b9ddb087b25f5bfbd268e4c1b5,O00002197,111791,326,99919999999991280021333333,113069,330,74799999999991180053333333,4,NoObservedRelation,ABSTAIN,2773,2773
02D9D1781418E7442956D4D901C8C611E58256556AE9A828E72128C3B5B8E3EB,"NOWISEE | KO INU | RUKA",8,"OP-00005437-LnInterior-S2239-T117927-A117927",9164a17abe70fd96c245b3f2500b287d90f966f48bff102347391425cad5dd56,O00002239,117927,344,99813333333324133383111111,117970,345,12426666666657463352888889,2,CandidateObservedUnique,ADMIT,2845,2845
02D9D1781418E7442956D4D901C8C611E58256556AE9A828E72128C3B5B8E3EB,"NOWISEE | KO INU | RUKA",8,"OP-00005441-LnInterior-S2334-T123041-A123041",297e773fdb08e3d5e9611d4efdacfe9bc5c540be7fc46e59c770969ded03caf5,O00002334,123041,359,99919999999990400021333333,123083,360,12239999999990396736000000,1,NoObservedRelation,ABSTAIN,2993,2993
02D9D1781418E7442956D4D901C8C611E58256556AE9A828E72128C3B5B8E3EB,"NOWISEE | KO INU | RUKA",8,"OP-00005450-LnInterior-S2636-T138552-A138552",0d8ed8e142b3e05838f816100eadf476ea2d44dff66b530d5e26dcb760b2f958,O00002636,138552,405,49813333333322520049777778,138595,405,62426666666655850019555558,4,CandidateNotObserved,ABSTAIN,3397,3397
02D9D1781418E7442956D4D901C8C611E58256556AE9A828E72128C3B5B8E3EB,"NOWISEE | KO INU | RUKA",8,"OP-00005453-LnInterior-S2686-T141492-A141492",1fd1a315eb17959935686bd0f8e4fdefaa96c39579dacd15bc496c2dfc2b7d80,O00002686,141492,414,12213333333322290076444444,141534,414,24533333333322286791111112,2,NoObservedRelation,ABSTAIN,3474,3474
02D9D1781418E7442956D4D901C8C611E58256556AE9A828E72128C3B5B8E3EB,"NOWISEE | KO INU | RUKA",8,"OP-00005454-LnInterior-S2709-T142814-A142814",b9065cbb339a2e61521868c37e2784b490f9c3bf944af0e548caa6c9aa1323a7,O00002709,142814,417,99999999999988853333333333,142856,418,12319999999988850048000003,2,CandidateNotObserved,ABSTAIN,3525,3525
02D9D1781418E7442956D4D901C8C611E58256556AE9A828E72128C3B5B8E3EB,"NOWISEE | KO INU | RUKA",8,"OP-00005457-LnInterior-S2733-T143666-A143666",0854cc08f5a4ce776313164873d73dcdb854ca415bf9a441cef79e32204d6b22,O00002733,143666,420,49919999999988786688,143709,420,62533333333322116657777777,0,CandidateNotObserved,ABSTAIN,3553,3553
02D9D1781418E7442956D4D901C8C611E58256556AE9A828E72128C3B5B8E3EB,"NOWISEE | KO INU | RUKA",8,"OP-00005463-LnInterior-S2809-T148652-A148652",9c897a4c7e18b55be6f3bc88c2bf8e800055b0520c4e5891e414e4c00e90d244,O00002809,148652,435,12479999999988396672,148694,435,24799999999988393386666663,0,NoObservedRelation,ABSTAIN,3703,3703
02D9D1781418E7442956D4D901C8C611E58256556AE9A828E72128C3B5B8E3EB,"NOWISEE | KO INU | RUKA",8,"OP-00005462-LnInterior-S2809-T148779-A148779",6d6c0c528b1b57da62c2f800ad23eaf7fdf68e108e6f23a856c0f644683f5069,O00002809,148779,435,49733333333321720071111111,148821,435,62053333333321716785777773,0,NoObservedRelation,ABSTAIN,3711,3711
02D9D1781418E7442956D4D901C8C611E58256556AE9A828E72128C3B5B8E3EB,"NOWISEE | KO INU | RUKA",8,"OP-00005464-LnInterior-S2837-T149461-A149461",b3af30026f1ba4fb0c52f05f15126d43d47b024e9dad3840dcc71f7e70c95fbf,O00002837,149461,437,49786666666655000056888889,149802,438,49813333333321640049777782,2,CandidateNotObserved,ABSTAIN,3732,3732
02D9D1781418E7442956D4D901C8C611E58256556AE9A828E72128C3B5B8E3EB,"NOWISEE | KO INU | RUKA",8,"OP-00005467-LnInterior-S2865-T151336-A151336",ecd984f092ddad1c863e3403161adb17521ba61cdb93f2804e4963db85471810,O00002865,151336,442,99786666666654853390222222,151379,443,12399999999988183360000003,1,CandidateNotObserved,ABSTAIN,3793,3793
02D9D1781418E7442956D4D901C8C611E58256556AE9A828E72128C3B5B8E3EB,"NOWISEE | KO INU | RUKA",8,"OP-00005469-LnInterior-S2951-T154916-A154916",ff5fa5b326a47a6ad25dcf53ec27ef4cc7a957c7bfdeac125efbbf24242e061c,O00002951,154916,453,49919999999987906688,155342,454,74879999999987873365333336,0,CandidateNotObserved,ABSTAIN,3903,3903
02D9D1781418E7442956D4D901C8C611E58256556AE9A828E72128C3B5B8E3EB,"NOWISEE | KO INU | RUKA",8,"OP-00005477-LnInterior-S3468-T181166-A181166",be95a6d42e69dd611b30e532c659cf3c9af16238a3060617bc77d3350622eaca,O00003468,181166,530,49919999999985853354666667,181209,530,62533333333319183324444446,5,CandidateNotObserved,ABSTAIN,4546,4546
02D9D1781418E7442956D4D901C8C611E58256556AE9A828E72128C3B5B8E3EB,"NOWISEE | KO INU | RUKA",8,"OP-00005496-LnInterior-S5265-T251564-A251564",f29ce46cd695300e83e8129c595d71d43fd5e0f3b77d1447e32e404a75f43e2f,O00005265,251564,736,99999999999980346666666667,251607,737,12613333333313676636444441,2,NoObservedRelation,ABSTAIN,6697,6697
02D9D1781418E7442956D4D901C8C611E58256556AE9A828E72128C3B5B8E3EB,"NOWISEE | KO INU | RUKA",9,"OP-00005400-LnInterior-S11-T2189-A2189",ed0364174c2b8a7b782b6451dbdee3f365e172dba1a4731cfbb9964cfba1aa06,O00000011,2189,5,4999999999999985333333333333,2615,6,7495999999999982001066666663,4,CandidateNotObserved,ABSTAIN,26,26
02D9D1781418E7442956D4D901C8C611E58256556AE9A828E72128C3B5B8E3EB,"NOWISEE | KO INU | RUKA",9,"OP-00005405-LnInterior-S53-T8240-A8240",3d57bf15849f42c925c407b15055918ac7e5a71bc44b3ccae027f52bea2fb9e3,O00000053,8240,23,249599999999993800106666667,8837,25,000799999999993333120000000,4,NoObservedRelation,ABSTAIN,97,97
02D9D1781418E7442956D4D901C8C611E58256556AE9A828E72128C3B5B8E3EB,"NOWISEE | KO INU | RUKA",9,"OP-00005407-LnInterior-S74-T10882-A10882",e3a79adfa60364448dc12e83d1d38ea07c7277bd6e6dc0a0c163a74db934d67d,O00000074,10882,30,999466666666658400142222222,11223,31,999733333333324800071111111,4,NoObservedRelation,ABSTAIN,140,140
02D9D1781418E7442956D4D901C8C611E58256556AE9A828E72128C3B5B8E3EB,"NOWISEE | KO INU | RUKA",9,"OP-00005408-LnInterior-S108-T13098-A13098",1526a83c94770a5c9018af9badfede0d42a0336b19148b54e45705f47b593e05,O00000108,13098,37,499733333333323333404444444,13183,37,749066666666656600248888888,6,CandidateNotObserved,ABSTAIN,181,181
02D9D1781418E7442956D4D901C8C611E58256556AE9A828E72128C3B5B8E3EB,"NOWISEE | KO INU | RUKA",9,"OP-00005409-LnInterior-S108-T13609-A13609",6d0dae831bdde40ca104ce93ac2355d62409b3c3285d181b4e927ea6566b1740,O00000108,13609,38,998666666666656267022222222,14205,40,746933333333322467484444444,4,NoObservedRelation,ABSTAIN,190,190
02D9D1781418E7442956D4D901C8C611E58256556AE9A828E72128C3B5B8E3EB,"NOWISEE | KO INU | RUKA",9,"OP-00005415-LnInterior-S221-T20981-A20981",9408fcd6c465666a841246293c454dce826b03bb87aee5f436b8c154930ce189,O00000221,20981,60,623199999999983833813333333,21023,60,74639999999998380096000000,2,NoObservedRelation,ABSTAIN,329,329
02D9D1781418E7442956D4D901C8C611E58256556AE9A828E72128C3B5B8E3EB,"NOWISEE | KO INU | RUKA",9,"OP-00005427-LnInterior-S2050-T102927-A102927",45e14fcc0311a4791654d60d9bdaf27e4c7a84fc6296dd76853663a60b931ecf,O00002050,102927,300,99813333333325306716444444,102969,301,12133333333325303431111110,4,NoObservedRelation,ABSTAIN,2575,2575
02D9D1781418E7442956D4D901C8C611E58256556AE9A828E72128C3B5B8E3EB,"NOWISEE | KO INU | RUKA",9,"OP-00005433-LnInterior-S2200-T112515-A112515",52a6779274390bc682a80ef8affbbae8b53f307568a426cdaa983eb2f0185a67,O00002200,112515,329,12293333333324556721777778,112558,329,24906666666657886691555556,2,NoObservedRelation,ABSTAIN,2775,2775
02D9D1781418E7442956D4D901C8C611E58256556AE9A828E72128C3B5B8E3EB,"NOWISEE | KO INU | RUKA",9,"OP-00005439-LnInterior-S2240-T116862-A116862",56319ca293201ae10fd3ca541e8f308c9d529b4f34b6343543d034c95f7ab236,O00002240,116862,341,87413333333324216689777778,116947,342,12346666666657543374222222,3,NoObservedRelation,ABSTAIN,2823,2823
02D9D1781418E7442956D4D901C8C611E58256556AE9A828E72128C3B5B8E3EB,"NOWISEE | KO INU | RUKA",9,"OP-00005438-LnInterior-S2240-T117245-A117245",86cadd996f949d70a0bae0cc41a9a8fa0aa7cef281ea3261a918c4cd9f5739d6,O00002240,117245,342,99759999999990853397333333,117330,343,24693333333324180081777777,2,CandidateNotObserved,ABSTAIN,2832,2832
02D9D1781418E7442956D4D901C8C611E58256556AE9A828E72128C3B5B8E3EB,"NOWISEE | KO INU | RUKA",9,"OP-00005444-LnInterior-S2505-T130711-A130711",b09698d5f889835ac6ce0cab704197776c8941277887bd9b85779663b1614c72,O00002505,130711,382,49786666666656466723555556,130754,382,62399999999989796693333334,3,CandidateNotObserved,ABSTAIN,3171,3171
02D9D1781418E7442956D4D901C8C611E58256556AE9A828E72128C3B5B8E3EB,"NOWISEE | KO INU | RUKA",9,"OP-00005453-LnInterior-S2686-T141492-A141492",10d1cb07a99b2abefe2fafcb96d852ee1cbaa58cdb9726c70dbaba9f1a3045ff,O00002686,141492,414,12213333333322290076444444,141535,414,2482666666665562004622222,2,NoObservedRelation,ABSTAIN,3460,3460
02D9D1781418E7442956D4D901C8C611E58256556AE9A828E72128C3B5B8E3EB,"NOWISEE | KO INU | RUKA",9,"OP-00005452-LnInterior-S2686-T141620-A141620",55b0748b914eadc52688a0fa86d4dc982e29a049974cbfc08edd9f4cc216e9ab,O00002686,141620,414,49759999999988946730666667,141663,414,6237333333332227670044444,1,CandidateNotObserved,ABSTAIN,3466,3466
02D9D1781418E7442956D4D901C8C611E58256556AE9A828E72128C3B5B8E3EB,"NOWISEE | KO INU | RUKA",9,"OP-00005455-LnInterior-S2709-T143154-A143154",8d07137e3cc08f6b5e5b0f121270ccd455f28cce46096f099f0f3721e0946640,O00002709,143154,418,99733333333322160071111111,143196,419,12053333333322156785777773,1,CandidateNotObserved,ABSTAIN,3509,3509
02D9D1781418E7442956D4D901C8C611E58256556AE9A828E72128C3B5B8E3EB,"NOWISEE | KO INU | RUKA",9,"OP-00005457-LnInterior-S2733-T143666-A143666",0854cc08f5a4ce776313164873d73dcdb854ca415bf9a441cef79e32204d6b22,O00002733,143666,420,49919999999988786688,143709,420,62533333333322116657777777,0,CandidateNotObserved,ABSTAIN,3526,3526
02D9D1781418E7442956D4D901C8C611E58256556AE9A828E72128C3B5B8E3EB,"NOWISEE | KO INU | RUKA",9,"OP-00005456-LnInterior-S2733-T144007-A144007",4f95212ae41910b139e770268c0c076b9d2522935a68f96d3554b5f20a9df0e6,O00002733,144007,421,49946666666655426680888889,144050,421,62559999999988756650666669,4,CandidateNotObserved,ABSTAIN,3537,3537
02D9D1781418E7442956D4D901C8C611E58256556AE9A828E72128C3B5B8E3EB,"NOWISEE | KO INU | RUKA",9,"OP-00005459-LnInterior-S2760-T145370-A145370",49701d0d99f7183f87cf9cfae35a00b630e11b259a9e5cbd0a2d684ad0d88fc5,O00002760,145370,425,49759999999988653397333333,145412,425,62079999999988650112000001,6,CandidateNotObserved,ABSTAIN,3574,3574
02D9D1781418E7442956D4D901C8C611E58256556AE9A828E72128C3B5B8E3EB,"NOWISEE | KO INU | RUKA",9,"OP-00005460-LnInterior-S2784-T147245-A147245",5720cc41da57a766a05c2b7b8f2a78e217cda7b67a3be86242133156b31796e0,O00002784,147245,430,99759999999988506730666667,147287,431,12079999999988503445333338,6,NoObservedRelation,ABSTAIN,3633,3633
02D9D1781418E7442956D4D901C8C611E58256556AE9A828E72128C3B5B8E3EB,"NOWISEE | KO INU | RUKA",9,"OP-00005463-LnInterior-S2809-T148652-A148652",9c897a4c7e18b55be6f3bc88c2bf8e800055b0520c4e5891e414e4c00e90d244,O00002809,148652,435,12479999999988396672,148694,435,24799999999988393386666663,5,NoObservedRelation,ABSTAIN,3683,3683
02D9D1781418E7442956D4D901C8C611E58256556AE9A828E72128C3B5B8E3EB,"NOWISEE | KO INU | RUKA",9,"OP-00005466-LnInterior-S2865-T150995-A150995",535ed40fcb04ef233fa144d25a137d43bdd7edc5ddc74fb811c83242d6b4790e,O00002865,150995,441,99759999999988213397333333,151037,442,12079999999988210112000001,5,CandidateNotObserved,ABSTAIN,3752,3752
02D9D1781418E7442956D4D901C8C611E58256556AE9A828E72128C3B5B8E3EB,"NOWISEE | KO INU | RUKA",9,"OP-00005469-LnInterior-S2951-T154916-A154916",ff5fa5b326a47a6ad25dcf53ec27ef4cc7a957c7bfdeac125efbbf24242e061c,O00002951,154916,453,49919999999987906688,155342,454,74879999999987873365333336,6,CandidateNotObserved,ABSTAIN,3870,3870
02D9D1781418E7442956D4D901C8C611E58256556AE9A828E72128C3B5B8E3EB,"NOWISEE | KO INU | RUKA",9,"OP-00005470-LnInterior-S2956-T157089-A157089",8c32ae3728881dabec3ec618e98f4a364dc659cab1890ca8d4470779de5958a3,O00002956,157089,459,87333333333321070044444444,157132,459,99946666666654400014222218,6,NoObservedRelation,ABSTAIN,3876,3876
02D9D1781418E7442956D4D901C8C611E58256556AE9A828E72128C3B5B8E3EB,"NOWISEE | KO INU | RUKA",9,"OP-00005475-LnInterior-S3445-T178353-A178353",ffb041c5ea26348fee3b3ee7b87a385340462deb87e16aa16dc3502e913de457,O00003445,178353,522,24773333333319406727111111,178992,524,12213333333319356743111111,2,NoObservedRelation,ABSTAIN,4483,4483
02D9D1781418E7442956D4D901C8C611E58256556AE9A828E72128C3B5B8E3EB,"NOWISEE | KO INU | RUKA",10,"OP-00005405-LnInterior-S53-T8240-A8240",69a3195221b7a032b6f53aa073a3695a3010fb429cfee1872d2a1d6bac718ac5,O00000053,8240,23,249599999999993800106666667,8751,24,748533333333326733724444444,4,NoObservedRelation,ABSTAIN,101,101
02D9D1781418E7442956D4D901C8C611E58256556AE9A828E72128C3B5B8E3EB,"NOWISEE | KO INU | RUKA",10,"OP-00005409-LnInterior-S108-T13609-A13609",a7b604ccc66a5db186cf014cf268d1d8eff9a1ba0dd5ff8bb394baa0999dd691,O00000108,13609,38,998666666666656267022222222,13950,39,998933333333322666951111110,4,NoObservedRelation,ABSTAIN,186,186
02D9D1781418E7442956D4D901C8C611E58256556AE9A828E72128C3B5B8E3EB,"NOWISEE | KO INU | RUKA",10,"OP-00005415-LnInterior-S221-T20981-A20981",94857d28a4aa18445a90e51dc8d4e8796db82fb7677beba410389350a8838343,O00000221,20981,60,623199999999983833813333333,21024,60,74933333333331713351111111,2,NoObservedRelation,ABSTAIN,345,345
02D9D1781418E7442956D4D901C8C611E58256556AE9A828E72128C3B5B8E3EB,"NOWISEE | KO INU | RUKA",10,"OP-00005431-LnInterior-S2197-T111791-A111791",5bed8868a8d0b89d1d401ab8f2a2c9e5ed9cc0db9b8a8abbb3291ac3bcf80483,O00002197,111791,326,99919999999991280021333333,112515,329,12293333333324556721777778,4,NoObservedRelation,ABSTAIN,2770,2770
02D9D1781418E7442956D4D901C8C611E58256556AE9A828E72128C3B5B8E3EB,"NOWISEE | KO INU | RUKA",10,"OP-00005435-LnInterior-S2219-T114518-A114518",e37695c67df99ca1c7ebb992d16289508fbad8577d65177e890d6fdd4a394d7b,O00002219,114518,334,99839999999991066709333333,115797,338,75013333333324299996444444,4,NoObservedRelation,ABSTAIN,2804,2804
02D9D1781418E7442956D4D901C8C611E58256556AE9A828E72128C3B5B8E3EB,"NOWISEE | KO INU | RUKA",10,"OP-00005449-LnInterior-S2611-T136762-A136762",f53421603b15ca2e9e6a16a3330557f1a1a3eae25e0474c0c8b8ead5976122ec,O00002611,136762,400,24746666666655993400888889,136805,400,37359999999989323370666671,5,NoObservedRelation,ABSTAIN,3340,3340
02D9D1781418E7442956D4D901C8C611E58256556AE9A828E72128C3B5B8E3EB,"NOWISEE | KO INU | RUKA",10,"OP-00005448-LnInterior-S2611-T137359-A137359",65dbd90be3bea9ed5565e6ae5da8de1087ad1d085c4fd9b29dd4691f7a98b371,O00002611,137359,401,99866666666655946702222222,137401,402,12186666666655943416888888,4,CandidateNotObserved,ABSTAIN,3362,3362
02D9D1781418E7442956D4D901C8C611E58256556AE9A828E72128C3B5B8E3EB,"NOWISEE | KO INU | RUKA",10,"OP-00005451-LnInterior-S2636-T138211-A138211",a4e833da6b6f540149f4c70a2843a63341d0b72e25ed2afb823cc4a2abff0da9,O00002636,138211,404,49786666666655880056888889,138254,404,62399999999989210026666668,1,NoObservedRelation,ABSTAIN,3389,3389
02D9D1781418E7442956D4D901C8C611E58256556AE9A828E72128C3B5B8E3EB,"NOWISEE | KO INU | RUKA",10,"OP-00005453-LnInterior-S2686-T141492-A141492",10d1cb07a99b2abefe2fafcb96d852ee1cbaa58cdb9726c70dbaba9f1a3045ff,O00002686,141492,414,12213333333322290076444444,141535,414,2482666666665562004622222,2,NoObservedRelation,ABSTAIN,3475,3475
02D9D1781418E7442956D4D901C8C611E58256556AE9A828E72128C3B5B8E3EB,"NOWISEE | KO INU | RUKA",10,"OP-00005456-LnInterior-S2733-T144007-A144007",4f95212ae41910b139e770268c0c076b9d2522935a68f96d3554b5f20a9df0e6,O00002733,144007,421,49946666666655426680888889,144050,421,62559999999988756650666669,0,CandidateNotObserved,ABSTAIN,3547,3547
02D9D1781418E7442956D4D901C8C611E58256556AE9A828E72128C3B5B8E3EB,"NOWISEE | KO INU | RUKA",10,"OP-00005459-LnInterior-S2760-T145370-A145370",49701d0d99f7183f87cf9cfae35a00b630e11b259a9e5cbd0a2d684ad0d88fc5,O00002760,145370,425,49759999999988653397333333,145412,425,62079999999988650112000001,6,CandidateNotObserved,ABSTAIN,3589,3589
02D9D1781418E7442956D4D901C8C611E58256556AE9A828E72128C3B5B8E3EB,"NOWISEE | KO INU | RUKA",10,"OP-00005461-LnInterior-S2784-T147416-A147416",a093734644c0a8ba82ac5e17397d003efc5dc5aa8805ced0bc361713b68ba2e5,O00002784,147416,431,49919999999988493354666667,147458,431,62239999999988490069333329,6,CandidateNotObserved,ABSTAIN,3658,3658
02D9D1781418E7442956D4D901C8C611E58256556AE9A828E72128C3B5B8E3EB,"NOWISEE | KO INU | RUKA",10,"OP-00005462-LnInterior-S2809-T148779-A148779",6d6c0c528b1b57da62c2f800ad23eaf7fdf68e108e6f23a856c0f644683f5069,O00002809,148779,435,49733333333321720071111111,148821,435,62053333333321716785777773,0,NoObservedRelation,ABSTAIN,3701,3701
02D9D1781418E7442956D4D901C8C611E58256556AE9A828E72128C3B5B8E3EB,"NOWISEE | KO INU | RUKA",10,"OP-00005464-LnInterior-S2837-T149461-A149461",69ddc46a0515b161bd27223b1aadef9cd9a65666b744966bde624b5eb8b8aaec,O00002837,149461,437,49786666666655000056888889,149504,437,62399999999988330026666667,2,CandidateObservedAmongAlternatives,ADMIT,3724,3724
02D9D1781418E7442956D4D901C8C611E58256556AE9A828E72128C3B5B8E3EB,"NOWISEE | KO INU | RUKA",10,"OP-00005467-LnInterior-S2865-T151336-A151336",fc158a4ed58e0f78b1efb8617aef62eb30b30dbb931b2ee43b01b05cdb4c4d70,O00002865,151336,442,99786666666654853390222222,152061,445,12453333333321463345777778,5,CandidateNotObserved,ABSTAIN,3785,3785
02D9D1781418E7442956D4D901C8C611E58256556AE9A828E72128C3B5B8E3EB,"NOWISEE | KO INU | RUKA",10,"OP-00005477-LnInterior-S3468-T181166-A181166",be95a6d42e69dd611b30e532c659cf3c9af16238a3060617bc77d3350622eaca,O00003468,181166,530,49919999999985853354666667,181209,530,62533333333319183324444446,5,CandidateNotObserved,ABSTAIN,4531,4531
02D9D1781418E7442956D4D901C8C611E58256556AE9A828E72128C3B5B8E3EB,"NOWISEE | KO INU | RUKA",11,"OP-00005403-LnInterior-S32-T5598-A5598",07e3a7b7fd0b92fe633b2b5fcb3e13b60635708f815734574412d982b2a62d5a,O00000032,5598,15,499733333333329200071111111,5683,15,749066666666662466915555555,2,NoObservedRelation,ABSTAIN,67,67
02D9D1781418E7442956D4D901C8C611E58256556AE9A828E72128C3B5B8E3EB,"NOWISEE | KO INU | RUKA",11,"OP-00005407-LnInterior-S74-T10882-A10882",e3a79adfa60364448dc12e83d1d38ea07c7277bd6e6dc0a0c163a74db934d67d,O00000074,10882,30,999466666666658400142222222,11223,31,999733333333324800071111111,4,NoObservedRelation,ABSTAIN,137,137
02D9D1781418E7442956D4D901C8C611E58256556AE9A828E72128C3B5B8E3EB,"NOWISEE | KO INU | RUKA",11,"OP-00005411-LnInterior-S145-T16336-A16336",282db163e043ccddb6e758012e1b5d489fab3d068466aeffb4aba20b05737dcf,O00000145,16336,46,997866666666654133902222222,16933,48,749066666666653666915555553,2,NoObservedRelation,ABSTAIN,236,236
02D9D1781418E7442956D4D901C8C611E58256556AE9A828E72128C3B5B8E3EB,"NOWISEE | KO INU | RUKA",11,"OP-00005425-LnInterior-S2003-T100029-A100029",037c9d2c34575c67831b17ba7ab8ac392dc9f4d892dc16e15fa8cfd1bde6b5bf,O00002003,100029,292,49733333333325533404444444,100114,292,74666666666658860088888888,3,NoObservedRelation,ABSTAIN,2486,2486
02D9D1781418E7442956D4D901C8C611E58256556AE9A828E72128C3B5B8E3EB,"NOWISEE | KO INU | RUKA",11,"OP-00005430-LnInterior-S2197-T111109-A111109",87dcc3068cbe845fee11289433a52ff2b39ed1708b674c7ef92f58f169e31383,O00002197,111109,324,99866666666658000035555556,113410,331,74826666666657820046222222,4,NoObservedRelation,ABSTAIN,2739,2739
02D9D1781418E7442956D4D901C8C611E58256556AE9A828E72128C3B5B8E3EB,"NOWISEE | KO INU | RUKA",11,"OP-00005431-LnInterior-S2197-T111791-A111791",202b3cb0f6199ee618780d9dd9385cef4ad075923a9290806e80c8bed6359d44,O00002197,111791,326,99919999999991280021333333,111833,327,12239999999991276736000000,4,NoObservedRelation,ABSTAIN,2746,2746
02D9D1781418E7442956D4D901C8C611E58256556AE9A828E72128C3B5B8E3EB,"NOWISEE | KO INU | RUKA",11,"OP-00005439-LnInterior-S2240-T116862-A116862",8aad690d392c24e03a0e94187f873833f34e5eebf517b0b0a9d8261e99300f64,O00002240,116862,341,87413333333324216689777778,116904,341,99733333333324213404444445,6,NoObservedRelation,ABSTAIN,2805,2805
02D9D1781418E7442956D4D901C8C611E58256556AE9A828E72128C3B5B8E3EB,"NOWISEE | KO INU | RUKA",11,"OP-00005449-LnInterior-S2611-T136762-A136762",785703257a0610057c147135792ab9a94bbc6fc1babe0da0abc1e950c5704198,O00002611,136762,400,24746666666655993400888889,136890,400,62293333333322650055111111,5,NoObservedRelation,ABSTAIN,3321,3321
02D9D1781418E7442956D4D901C8C611E58256556AE9A828E72128C3B5B8E3EB,"NOWISEE | KO INU | RUKA",11,"OP-00005452-LnInterior-S2686-T141620-A141620",1ece7e8fcf2b193a0bd8689923f2e1751e96495519494f1b6be979b9ca5c73f6,O00002686,141620,414,49759999999988946730666667,141662,414,62079999999988943445333332,0,CandidateNotObserved,ABSTAIN,3458,3458
02D9D1781418E7442956D4D901C8C611E58256556AE9A828E72128C3B5B8E3EB,"NOWISEE | KO INU | RUKA",11,"OP-00005454-LnInterior-S2709-T142814-A142814",020054b037deae3a60f516f1c202e421b2dde1a614981919193d5e0eb02bbc43,O00002709,142814,417,99999999999988853333333333,142857,418,12613333333322183303111116,4,CandidateNotObserved,ABSTAIN,3493,3493
02D9D1781418E7442956D4D901C8C611E58256556AE9A828E72128C3B5B8E3EB,"NOWISEE | KO INU | RUKA",11,"OP-00005455-LnInterior-S2709-T143154-A143154",8d07137e3cc08f6b5e5b0f121270ccd455f28cce46096f099f0f3721e0946640,O00002709,143154,418,99733333333322160071111111,143196,419,12053333333322156785777773,1,CandidateNotObserved,ABSTAIN,3501,3501
02D9D1781418E7442956D4D901C8C611E58256556AE9A828E72128C3B5B8E3EB,"NOWISEE | KO INU | RUKA",11,"OP-00005457-LnInterior-S2733-T143666-A143666",9b936d3e9bd3baba68a87164de61e3d9e03198cd5c745962abfaa32f293df942,O00002733,143666,420,49919999999988786688,143708,420,62239999999988783402666667,0,CandidateObservedUnique,ADMIT,3518,3518
02D9D1781418E7442956D4D901C8C611E58256556AE9A828E72128C3B5B8E3EB,"NOWISEE | KO INU | RUKA",11,"OP-00005461-LnInterior-S2784-T147416-A147416",9bdd828a3c58431d10e2dbc2f41098344d7f49dc3689e7fe8d83accb352f0f90,O00002784,147416,431,49919999999988493354666667,147459,431,6253333333332182332444444,6,CandidateNotObserved,ABSTAIN,3633,3633
02D9D1781418E7442956D4D901C8C611E58256556AE9A828E72128C3B5B8E3EB,"NOWISEE | KO INU | RUKA",11,"OP-00005464-LnInterior-S2837-T149461-A149461",69ddc46a0515b161bd27223b1aadef9cd9a65666b744966bde624b5eb8b8aaec,O00002837,149461,437,49786666666655000056888889,149504,437,62399999999988330026666667,6,CandidateObservedAmongAlternatives,ADMIT,3695,3695
02D9D1781418E7442956D4D901C8C611E58256556AE9A828E72128C3B5B8E3EB,"NOWISEE | KO INU | RUKA",11,"OP-00005469-LnInterior-S2951-T154916-A154916",4124a3b835ce3bd9aa74c2b8dcdc84b07709badf59e196187623f9f48edb6205,O00002951,154916,453,49919999999987906688,157089,459,8733333333332107004444444,6,CandidateNotObserved,ABSTAIN,3853,3853
02D9D1781418E7442956D4D901C8C611E58256556AE9A828E72128C3B5B8E3EB,"NOWISEE | KO INU | RUKA",11,"OP-00005475-LnInterior-S3445-T178353-A178353",fce8e976f7b66d95972c7948913ecece01accfce5acd4e969b5dc46106ce4904,O00003445,178353,522,24773333333319406727111111,178396,522,3738666666665273669688889,2,NoObservedRelation,ABSTAIN,4463,4463
02D9D1781418E7442956D4D901C8C611E58256556AE9A828E72128C3B5B8E3EB,"NOWISEE | KO INU | RUKA",12,"OP-00005400-LnInterior-S11-T2189-A2189",ed0364174c2b8a7b782b6451dbdee3f365e172dba1a4731cfbb9964cfba1aa06,O00000011,2189,5,4999999999999985333333333333,2615,6,7495999999999982001066666663,3,CandidateNotObserved,ABSTAIN,28,28
02D9D1781418E7442956D4D901C8C611E58256556AE9A828E72128C3B5B8E3EB,"NOWISEE | KO INU | RUKA",12,"OP-00005402-LnInterior-S32-T4916-A4916",2453f9d1bca918992e0b3090898d381913e6f0a90fa339911759f9339a91d398,O00000032,4916,13,499199999999996400213333333,5342,14,748799999999996066986666666,3,CandidateNotObserved,ABSTAIN,64,64
02D9D1781418E7442956D4D901C8C611E58256556AE9A828E72128C3B5B8E3EB,"NOWISEE | KO INU | RUKA",12,"OP-00005409-LnInterior-S108-T13609-A13609",a7b604ccc66a5db186cf014cf268d1d8eff9a1ba0dd5ff8bb394baa0999dd691,O00000108,13609,38,998666666666656267022222222,13950,39,998933333333322666951111110,4,NoObservedRelation,ABSTAIN,184,184
02D9D1781418E7442956D4D901C8C611E58256556AE9A828E72128C3B5B8E3EB,"NOWISEE | KO INU | RUKA",12,"OP-00005415-LnInterior-S221-T20981-A20981",9408fcd6c465666a841246293c454dce826b03bb87aee5f436b8c154930ce189,O00000221,20981,60,623199999999983833813333333,21023,60,74639999999998380096000000,2,NoObservedRelation,ABSTAIN,341,341
02D9D1781418E7442956D4D901C8C611E58256556AE9A828E72128C3B5B8E3EB,"NOWISEE | KO INU | RUKA",12,"OP-00005426-LnInterior-S2050-T104291-A104291",eeb77dabce28e43a0d7643310e40b637d692bce46ea989a71468f0c3ff672328,O00002050,104291,304,99919999999991866688,104333,305,12239999999991863402666666,4,NoObservedRelation,ABSTAIN,2555,2555
02D9D1781418E7442956D4D901C8C611E58256556AE9A828E72128C3B5B8E3EB,"NOWISEE | KO INU | RUKA",12,"OP-00005434-LnInterior-S2219-T115200-A115200",7076b99f69c5619714d067fc59dbf30fb3d7ff3c9c544c69a07f943232644f13,O00002219,115200,336,99893333333324346695111111,115242,337,12213333333324343409777778,4,CandidateObservedUnique,ADMIT,2766,2766
02D9D1781418E7442956D4D901C8C611E58256556AE9A828E72128C3B5B8E3EB,"NOWISEE | KO INU | RUKA",12,"OP-00005444-LnInterior-S2505-T130711-A130711",b09698d5f889835ac6ce0cab704197776c8941277887bd9b85779663b1614c72,O00002505,130711,382,49786666666656466723555556,130754,382,62399999999989796693333334,4,CandidateNotObserved,ABSTAIN,3144,3144
02D9D1781418E7442956D4D901C8C611E58256556AE9A828E72128C3B5B8E3EB,"NOWISEE | KO INU | RUKA",12,"OP-00005447-LnInterior-S2539-T134632-A134632",7b822bb912d269920da391ef57b89e9b30a12feac07877f06808ccd4f94929de,O00002539,134632,393,99946666666656160014222222,134675,394,12559999999989489983999999,5,CandidateNotObserved,ABSTAIN,3249,3249
02D9D1781418E7442956D4D901C8C611E58256556AE9A828E72128C3B5B8E3EB,"NOWISEE | KO INU | RUKA",12,"OP-00005451-LnInterior-S2636-T138211-A138211",5c5db50821df58bdce3b91f853a4df5bd9279890bd5742f79beaabe403178208,O00002636,138211,404,49786666666655880056888889,138253,404,62106666666655876771555556,4,NoObservedRelation,ABSTAIN,3351,3351
02D9D1781418E7442956D4D901C8C611E58256556AE9A828E72128C3B5B8E3EB,"NOWISEE | KO INU | RUKA",12,"OP-00005450-LnInterior-S2636-T138552-A138552",3b2f391f26dc8fcdd15fadb5d2ebacded9e73380a2fb065fa64b25c8691752d1,O00002636,138552,405,49813333333322520049777778,138594,405,62133333333322516764444447,1,CandidateNotObserved,ABSTAIN,3361,3361
02D9D1781418E7442956D4D901C8C611E58256556AE9A828E72128C3B5B8E3EB,"NOWISEE | KO INU | RUKA",12,"OP-00005457-LnInterior-S2733-T143666-A143666",0854cc08f5a4ce776313164873d73dcdb854ca415bf9a441cef79e32204d6b22,O00002733,143666,420,49919999999988786688,143709,420,62533333333322116657777777,4,CandidateNotObserved,ABSTAIN,3506,3506
02D9D1781418E7442956D4D901C8C611E58256556AE9A828E72128C3B5B8E3EB,"NOWISEE | KO INU | RUKA",12,"OP-00005460-LnInterior-S2784-T147245-A147245",760817ab0c4ca8e07dc0a82c5efcf49a689f57594766ac2fab058215da3d92df,O00002784,147245,430,99759999999988506730666667,147288,431,12373333333321836700444449,2,NoObservedRelation,ABSTAIN,3618,3618
02D9D1781418E7442956D4D901C8C611E58256556AE9A828E72128C3B5B8E3EB,"NOWISEE | KO INU | RUKA",12,"OP-00005465-LnInterior-S2837-T149120-A149120",8b03ed119da442cb2df968988c9920e8a231536ccf92c44053490451c7343bbb,O00002837,149120,436,49759999999988360064,149163,436,62373333333321690033777776,2,CandidateNotObserved,ABSTAIN,3687,3687
02D9D1781418E7442956D4D901C8C611E58256556AE9A828E72128C3B5B8E3EB,"NOWISEE | KO INU | RUKA",12,"OP-00005469-LnInterior-S2951-T154916-A154916",8b65ef9753cc0637399eedea3d0e2d4e04aa5c76940d1ad73418ddca9b6b72fe,O00002951,154916,453,49919999999987906688,156663,458,62373333333321103367111112,0,CandidateNotObserved,ABSTAIN,3847,3847
02D9D1781418E7442956D4D901C8C611E58256556AE9A828E72128C3B5B8E3EB,"NOWISEE | KO INU | RUKA",13,"OP-00005403-LnInterior-S32-T5598-A5598",214e3535be7379b0a79c0a5d9f71950193e3d2aca5a9b485b2d783da4c900e58,O00000032,5598,15,499733333333329200071111111,6195,17,250933333333328733084444444,4,NoObservedRelation,ABSTAIN,71,71
02D9D1781418E7442956D4D901C8C611E58256556AE9A828E72128C3B5B8E3EB,"NOWISEE | KO INU | RUKA",13,"OP-00005407-LnInterior-S74-T10882-A10882",ccb56460445baf0e0d86bc8316a7ed7461367be1394fd51da083650c2820c3e4,O00000074,10882,30,999466666666658400142222222,11308,32,249066666666658066915555556,4,NoObservedRelation,ABSTAIN,136,136
02D9D1781418E7442956D4D901C8C611E58256556AE9A828E72128C3B5B8E3EB,"NOWISEE | KO INU | RUKA",13,"OP-00005411-LnInterior-S145-T16336-A16336",e0cf9a6ace6c11603d113a5c4b08829c3bd440f23e76ea279137e8ebfa33454f,O00000145,16336,46,997866666666654133902222222,16762,48,247466666666653800675555552,2,NoObservedRelation,ABSTAIN,234,234
02D9D1781418E7442956D4D901C8C611E58256556AE9A828E72128C3B5B8E3EB,"NOWISEE | KO INU | RUKA",13,"OP-00005425-LnInterior-S2003-T100029-A100029",037c9d2c34575c67831b17ba7ab8ac392dc9f4d892dc16e15fa8cfd1bde6b5bf,O00002003,100029,292,49733333333325533404444444,100114,292,74666666666658860088888888,0,NoObservedRelation,ABSTAIN,2461,2461
02D9D1781418E7442956D4D901C8C611E58256556AE9A828E72128C3B5B8E3EB,"NOWISEE | KO INU | RUKA",13,"OP-00005434-LnInterior-S2219-T115200-A115200",7076b99f69c5619714d067fc59dbf30fb3d7ff3c9c544c69a07f943232644f13,O00002219,115200,336,99893333333324346695111111,115242,337,12213333333324343409777778,2,CandidateObservedUnique,ADMIT,2772,2772
02D9D1781418E7442956D4D901C8C611E58256556AE9A828E72128C3B5B8E3EB,"NOWISEE | KO INU | RUKA",13,"OP-00005439-LnInterior-S2240-T116862-A116862",56319ca293201ae10fd3ca541e8f308c9d529b4f34b6343543d034c95f7ab236,O00002240,116862,341,87413333333324216689777778,116947,342,12346666666657543374222222,3,NoObservedRelation,ABSTAIN,2794,2794
02D9D1781418E7442956D4D901C8C611E58256556AE9A828E72128C3B5B8E3EB,"NOWISEE | KO INU | RUKA",13,"OP-00005441-LnInterior-S2334-T123041-A123041",5e16cccdbd9be472e88654eefeaef550d08f76cf1dc4b97c9f2fc3d6cd7898b3,O00002334,123041,359,99919999999990400021333333,123126,360,24853333333323726705777778,1,NoObservedRelation,ABSTAIN,2961,2961
02D9D1781418E7442956D4D901C8C611E58256556AE9A828E72128C3B5B8E3EB,"NOWISEE | KO INU | RUKA",13,"OP-00005453-LnInterior-S2686-T141492-A141492",10d1cb07a99b2abefe2fafcb96d852ee1cbaa58cdb9726c70dbaba9f1a3045ff,O00002686,141492,414,12213333333322290076444444,141535,414,2482666666665562004622222,2,NoObservedRelation,ABSTAIN,3441,3441
02D9D1781418E7442956D4D901C8C611E58256556AE9A828E72128C3B5B8E3EB,"NOWISEE | KO INU | RUKA",13,"OP-00005455-LnInterior-S2709-T143154-A143154",c77d4f58618ba5783c2e0a46e7544476752bd979783c334195f50978625c5d0d,O00002709,143154,418,99733333333322160071111111,143197,419,12346666666655490040888886,3,CandidateNotObserved,ABSTAIN,3494,3494
02D9D1781418E7442956D4D901C8C611E58256556AE9A828E72128C3B5B8E3EB,"NOWISEE | KO INU | RUKA",13,"OP-00005457-LnInterior-S2733-T143666-A143666",0854cc08f5a4ce776313164873d73dcdb854ca415bf9a441cef79e32204d6b22,O00002733,143666,420,49919999999988786688,143709,420,62533333333322116657777777,4,CandidateNotObserved,ABSTAIN,3508,3508
02D9D1781418E7442956D4D901C8C611E58256556AE9A828E72128C3B5B8E3EB,"NOWISEE | KO INU | RUKA",13,"OP-00005460-LnInterior-S2784-T147245-A147245",5720cc41da57a766a05c2b7b8f2a78e217cda7b67a3be86242133156b31796e0,O00002784,147245,430,99759999999988506730666667,147287,431,12079999999988503445333338,6,NoObservedRelation,ABSTAIN,3603,3603
02D9D1781418E7442956D4D901C8C611E58256556AE9A828E72128C3B5B8E3EB,"NOWISEE | KO INU | RUKA",13,"OP-00005465-LnInterior-S2837-T149120-A149120",8b03ed119da442cb2df968988c9920e8a231536ccf92c44053490451c7343bbb,O00002837,149120,436,49759999999988360064,149163,436,62373333333321690033777776,2,CandidateNotObserved,ABSTAIN,3670,3670
02D9D1781418E7442956D4D901C8C611E58256556AE9A828E72128C3B5B8E3EB,"NOWISEE | KO INU | RUKA",13,"OP-00005467-LnInterior-S2865-T151336-A151336",ecd984f092ddad1c863e3403161adb17521ba61cdb93f2804e4963db85471810,O00002865,151336,442,99786666666654853390222222,151379,443,12399999999988183360000003,5,CandidateNotObserved,ABSTAIN,3736,3736
02D9D1781418E7442956D4D901C8C611E58256556AE9A828E72128C3B5B8E3EB,"NOWISEE | KO INU | RUKA",13,"OP-00005469-LnInterior-S2951-T154916-A154916",7f697e138191bc8c7d06461c8fed2b7f895f070e16465c386e4ab6535911189c,O00002951,154916,453,49919999999987906688,154958,453,62239999999987903402666666,5,CandidateObservedAmongAlternatives,ADMIT,3836,3836
02D9D1781418E7442956D4D901C8C611E58256556AE9A828E72128C3B5B8E3EB,"NOWISEE | KO INU | RUKA",13,"OP-00005477-LnInterior-S3468-T181166-A181166",fed0e12976ccf7422215279714c3c47bf6a522eda651a5f9a270d2bc02877604,O00003468,181166,530,49919999999985853354666667,181208,530,62239999999985850069333329,4,CandidateNotObserved,ABSTAIN,4474,4474
02D9D1781418E7442956D4D901C8C611E58256556AE9A828E72128C3B5B8E3EB,"NOWISEE | KO INU | RUKA",13,"OP-00005495-LnInterior-S5219-T248836-A248836",ac3dc5772bf87a8e5264eca83ef81cf24467ca84dee1353eb689d394d5675284,O00005219,248836,728,99786666666647226723555556,249006,729,49653333333313880092444444,5,NoObservedRelation,ABSTAIN,6517,6517
02D9D1781418E7442956D4D901C8C611E58256556AE9A828E72128C3B5B8E3EB,"NOWISEE | KO INU | RUKA",14,"OP-00005400-LnInterior-S11-T2189-A2189",ed0364174c2b8a7b782b6451dbdee3f365e172dba1a4731cfbb9964cfba1aa06,O00000011,2189,5,4999999999999985333333333333,2615,6,7495999999999982001066666663,4,CandidateNotObserved,ABSTAIN,27,27
02D9D1781418E7442956D4D901C8C611E58256556AE9A828E72128C3B5B8E3EB,"NOWISEE | KO INU | RUKA",14,"OP-00005401-LnInterior-S11-T2870-A2870",3c4c7bf7e9a65a4a3c5ddba05abfa70e56511f09a35dfe519ae4dcb21810aeba,O00000011,2870,7,49759999999999800064,3296,8,747199999999997667413333334,2,NoObservedRelation,ABSTAIN,36,36
02D9D1781418E7442956D4D901C8C611E58256556AE9A828E72128C3B5B8E3EB,"NOWISEE | KO INU | RUKA",14,"OP-00005407-LnInterior-S74-T10882-A10882",ccb56460445baf0e0d86bc8316a7ed7461367be1394fd51da083650c2820c3e4,O00000074,10882,30,999466666666658400142222222,11308,32,249066666666658066915555556,4,NoObservedRelation,ABSTAIN,134,134
02D9D1781418E7442956D4D901C8C611E58256556AE9A828E72128C3B5B8E3EB,"NOWISEE | KO INU | RUKA",14,"OP-00005414-LnInterior-S221-T21279-A21279",51362d67d4756826ab8b678a016a31defa9766c68f7a89e5627d340f785878f1,O00000221,21279,61,497333333333316934044444444,21322,61,623466666666650233742222221,1,CandidateNotObserved,ABSTAIN,333,333
02D9D1781418E7442956D4D901C8C611E58256556AE9A828E72128C3B5B8E3EB,"NOWISEE | KO INU | RUKA",14,"OP-00005429-LnInterior-S2053-T102927-A102927",4a50ea156970a9ef2dd44122b7e654bd4f61cce49671e838b9afe9489d37853e,O00002053,102927,300,99813333333325306716444444,102969,301,12133333333325303431111110,4,NoObservedRelation,ABSTAIN,2552,2552
02D9D1781418E7442956D4D901C8C611E58256556AE9A828E72128C3B5B8E3EB,"NOWISEE | KO INU | RUKA",14,"OP-00005432-LnInterior-S2200-T112473-A112473",6930e78b56f1ea9941fdf3cfb6fd56657ebdc1cf821f7d93432fdddea46c1d1f,O00002200,112473,328,99973333333324560007111111,112515,329,12293333333324556721777778,4,CandidateObservedUnique,ADMIT,2763,2763
02D9D1781418E7442956D4D901C8C611E58256556AE9A828E72128C3B5B8E3EB,"NOWISEE | KO INU | RUKA",14,"OP-00005439-LnInterior-S2240-T116862-A116862",8aad690d392c24e03a0e94187f873833f34e5eebf517b0b0a9d8261e99300f64,O00002240,116862,341,87413333333324216689777778,116904,341,99733333333324213404444445,0,NoObservedRelation,ABSTAIN,2814,2814
02D9D1781418E7442956D4D901C8C611E58256556AE9A828E72128C3B5B8E3EB,"NOWISEE | KO INU | RUKA",14,"OP-00005447-LnInterior-S2539-T134632-A134632",7b822bb912d269920da391ef57b89e9b30a12feac07877f06808ccd4f94929de,O00002539,134632,393,99946666666656160014222222,134675,394,12559999999989489983999999,5,CandidateNotObserved,ABSTAIN,3274,3274
02D9D1781418E7442956D4D901C8C611E58256556AE9A828E72128C3B5B8E3EB,"NOWISEE | KO INU | RUKA",14,"OP-00005451-LnInterior-S2636-T138211-A138211",5c5db50821df58bdce3b91f853a4df5bd9279890bd5742f79beaabe403178208,O00002636,138211,404,49786666666655880056888889,138253,404,62106666666655876771555556,4,NoObservedRelation,ABSTAIN,3384,3384
02D9D1781418E7442956D4D901C8C611E58256556AE9A828E72128C3B5B8E3EB,"NOWISEE | KO INU | RUKA",14,"OP-00005450-LnInterior-S2636-T138552-A138552",3b2f391f26dc8fcdd15fadb5d2ebacded9e73380a2fb065fa64b25c8691752d1,O00002636,138552,405,49813333333322520049777778,138594,405,62133333333322516764444447,1,CandidateNotObserved,ABSTAIN,3396,3396
02D9D1781418E7442956D4D901C8C611E58256556AE9A828E72128C3B5B8E3EB,"NOWISEE | KO INU | RUKA",14,"OP-00005453-LnInterior-S2686-T141492-A141492",1fd1a315eb17959935686bd0f8e4fdefaa96c39579dacd15bc496c2dfc2b7d80,O00002686,141492,414,12213333333322290076444444,141534,414,24533333333322286791111112,2,NoObservedRelation,ABSTAIN,3479,3479
02D9D1781418E7442956D4D901C8C611E58256556AE9A828E72128C3B5B8E3EB,"NOWISEE | KO INU | RUKA",14,"OP-00005457-LnInterior-S2733-T143666-A143666",9b936d3e9bd3baba68a87164de61e3d9e03198cd5c745962abfaa32f293df942,O00002733,143666,420,49919999999988786688,143708,420,62239999999988783402666667,4,CandidateObservedUnique,ADMIT,3546,3546
02D9D1781418E7442956D4D901C8C611E58256556AE9A828E72128C3B5B8E3EB,"NOWISEE | KO INU | RUKA",14,"OP-00005461-LnInterior-S2784-T147416-A147416",9bdd828a3c58431d10e2dbc2f41098344d7f49dc3689e7fe8d83accb352f0f90,O00002784,147416,431,49919999999988493354666667,147459,431,6253333333332182332444444,0,CandidateNotObserved,ABSTAIN,3652,3652
02D9D1781418E7442956D4D901C8C611E58256556AE9A828E72128C3B5B8E3EB,"NOWISEE | KO INU | RUKA",14,"OP-00005464-LnInterior-S2837-T149461-A149461",69ddc46a0515b161bd27223b1aadef9cd9a65666b744966bde624b5eb8b8aaec,O00002837,149461,437,49786666666655000056888889,149504,437,62399999999988330026666667,6,CandidateObservedAmongAlternatives,ADMIT,3725,3725
02D9D1781418E7442956D4D901C8C611E58256556AE9A828E72128C3B5B8E3EB,"NOWISEE | KO INU | RUKA",14,"OP-00005467-LnInterior-S2865-T151336-A151336",cb67e2f5446fce62777932aadacf6e92bcc05f31ad55a19c897b44f6a84d6226,O00002865,151336,442,99786666666654853390222222,151720,444,12426666666654823352888889,5,CandidateNotObserved,ABSTAIN,3784,3784
02D9D1781418E7442956D4D901C8C611E58256556AE9A828E72128C3B5B8E3EB,"NOWISEE | KO INU | RUKA",15,"OP-00005402-LnInterior-S32-T4916-A4916",9482786a10fedc51dc004af1723ae86eaf961f27d1166f45d3c78ba2e6b097ae,O00000032,4916,13,499199999999996400213333333,5001,13,748533333333329667057777777,6,CandidateNotObserved,ABSTAIN,57,57
02D9D1781418E7442956D4D901C8C611E58256556AE9A828E72128C3B5B8E3EB,"NOWISEE | KO INU | RUKA",15,"OP-00005405-LnInterior-S53-T8240-A8240",69a3195221b7a032b6f53aa073a3695a3010fb429cfee1872d2a1d6bac718ac5,O00000053,8240,23,249599999999993800106666667,8751,24,748533333333326733724444444,4,NoObservedRelation,ABSTAIN,98,98
02D9D1781418E7442956D4D901C8C611E58256556AE9A828E72128C3B5B8E3EB,"NOWISEE | KO INU | RUKA",15,"OP-00005409-LnInterior-S108-T13609-A13609",551f81500a7d207740a67f5742d31efa58bfc258651144bc39775853af38a80f,O00000108,13609,38,998666666666656267022222222,14035,40,248266666666655933795555556,4,NoObservedRelation,ABSTAIN,189,189
02D9D1781418E7442956D4D901C8C611E58256556AE9A828E72128C3B5B8E3EB,"NOWISEE | KO INU | RUKA",15,"OP-00005412-LnInterior-S181-T19064-A19064",f91be42def478e85c33466b55d1116bc16d05775d1cef5c46a321cd7e765a93d,O00000181,19064,54,999999999999985333333333333,19106,55,12319999999998530048000000,5,NoObservedRelation,ABSTAIN,299,299
02D9D1781418E7442956D4D901C8C611E58256556AE9A828E72128C3B5B8E3EB,"NOWISEE | KO INU | RUKA",15,"OP-00005416-LnInterior-S581-T43268-A43268",7a39a0c6d732d81a2818bfcf1ae983df49b2dc65f6ecf47d381f5a57c140821a,O00000581,43268,125,99839999999996640042666667,43524,126,74933333333329953351111111,1,CandidateNotObserved,ABSTAIN,843,843
02D9D1781418E7442956D4D901C8C611E58256556AE9A828E72128C3B5B8E3EB,"NOWISEE | KO INU | RUKA",15,"OP-00005425-LnInterior-S2003-T100029-A100029",3abea7afdab8a150176969c1205a5b1cf6ddb8a47625dfff60aa89e05a8e39f6,O00002003,100029,292,49733333333325533404444444,100072,292,62346666666658863374222221,0,NoObservedRelation,ABSTAIN,2523,2523
02D9D1781418E7442956D4D901C8C611E58256556AE9A828E72128C3B5B8E3EB,"NOWISEE | KO INU | RUKA",15,"OP-00005430-LnInterior-S2197-T111109-A111109",cbafb7a12d41f955bec1126d17868f99e394b4394cff1555a1a30ca9c5e3bfa4,O00002197,111109,324,99866666666658000035555556,111151,325,12186666666657996750222223,4,NoObservedRelation,ABSTAIN,2785,2785
02D9D1781418E7442956D4D901C8C611E58256556AE9A828E72128C3B5B8E3EB,"NOWISEE | KO INU | RUKA",15,"OP-00005447-LnInterior-S2539-T134632-A134632",5dd33cb58f3b874bacd1c73f03627995a10245f37899e77b4d87831fd093431f,O00002539,134632,393,99946666666656160014222222,134674,394,12266666666656156728888888,5,CandidateNotObserved,ABSTAIN,3292,3292
02D9D1781418E7442956D4D901C8C611E58256556AE9A828E72128C3B5B8E3EB,"NOWISEE | KO INU | RUKA",15,"OP-00005448-LnInterior-S2611-T137359-A137359",6d2500121c14e1d19d3a32dc291d9bb98042cc3b788d4054170c61487b419067,O00002611,137359,401,99866666666655946702222222,137402,402,12479999999989276671999998,4,CandidateNotObserved,ABSTAIN,3372,3372
02D9D1781418E7442956D4D901C8C611E58256556AE9A828E72128C3B5B8E3EB,"NOWISEE | KO INU | RUKA",15,"OP-00005451-LnInterior-S2636-T138211-A138211",a4e833da6b6f540149f4c70a2843a63341d0b72e25ed2afb823cc4a2abff0da9,O00002636,138211,404,49786666666655880056888889,138254,404,62399999999989210026666668,1,NoObservedRelation,ABSTAIN,3399,3399
02D9D1781418E7442956D4D901C8C611E58256556AE9A828E72128C3B5B8E3EB,"NOWISEE | KO INU | RUKA",15,"OP-00005452-LnInterior-S2686-T141620-A141620",55b0748b914eadc52688a0fa86d4dc982e29a049974cbfc08edd9f4cc216e9ab,O00002686,141620,414,49759999999988946730666667,141663,414,6237333333332227670044444,0,CandidateNotObserved,ABSTAIN,3503,3503
02D9D1781418E7442956D4D901C8C611E58256556AE9A828E72128C3B5B8E3EB,"NOWISEE | KO INU | RUKA",15,"OP-00005459-LnInterior-S2760-T145370-A145370",49701d0d99f7183f87cf9cfae35a00b630e11b259a9e5cbd0a2d684ad0d88fc5,O00002760,145370,425,49759999999988653397333333,145412,425,62079999999988650112000001,6,CandidateNotObserved,ABSTAIN,3607,3607
02D9D1781418E7442956D4D901C8C611E58256556AE9A828E72128C3B5B8E3EB,"NOWISEE | KO INU | RUKA",15,"OP-00005460-LnInterior-S2784-T147245-A147245",760817ab0c4ca8e07dc0a82c5efcf49a689f57594766ac2fab058215da3d92df,O00002784,147245,430,99759999999988506730666667,147288,431,12373333333321836700444449,6,NoObservedRelation,ABSTAIN,3668,3668
02D9D1781418E7442956D4D901C8C611E58256556AE9A828E72128C3B5B8E3EB,"NOWISEE | KO INU | RUKA",15,"OP-00005463-LnInterior-S2809-T148652-A148652",95064ed3efa8a0bb18c8d6d51bad7badc6a7ef6af29e3f098c6e4dad2b36a134,O00002809,148652,435,12479999999988396672,148695,435,25093333333321726641777774,0,NoObservedRelation,ABSTAIN,3712,3712
02D9D1781418E7442956D4D901C8C611E58256556AE9A828E72128C3B5B8E3EB,"NOWISEE | KO INU | RUKA",15,"OP-00005462-LnInterior-S2809-T148779-A148779",6d6c0c528b1b57da62c2f800ad23eaf7fdf68e108e6f23a856c0f644683f5069,O00002809,148779,435,49733333333321720071111111,148821,435,62053333333321716785777773,0,NoObservedRelation,ABSTAIN,3718,3718
02D9D1781418E7442956D4D901C8C611E58256556AE9A828E72128C3B5B8E3EB,"NOWISEE | KO INU | RUKA",15,"OP-00005466-LnInterior-S2865-T150995-A150995",bf5ada2d9b5bec28fec8a4a82fdc0e079e86680b0e32c404e536fa3fb4c12238,O00002865,150995,441,99759999999988213397333333,151038,442,12373333333321543367111112,5,CandidateNotObserved,ABSTAIN,3790,3790
02D9D1781418E7442956D4D901C8C611E58256556AE9A828E72128C3B5B8E3EB,"NOWISEE | KO INU | RUKA",15,"OP-00005472-LnInterior-S3443-T178439-A178439",a4d6c27f7247478bc2491c1c4789afcf0f0ac97dadf3fe80392909b70c14a6bf,O00003443,178439,522,49999999999986066666666667,178950,523,99893333333319360028444443,2,CandidateNotObserved,ABSTAIN,4511,4511
02D9D1781418E7442956D4D901C8C611E58256556AE9A828E72128C3B5B8E3EB,"NOWISEE | KO INU | RUKA",15,"OP-00005477-LnInterior-S3468-T181166-A181166",6c7a1f63dae60d5649ab4357d205fbd5800417a8695468cb0a9479b744bb9f04,O00003468,181166,530,49919999999985853354666667,181677,531,99813333333319146716444443,4,CandidateNotObserved,ABSTAIN,4540,4540
02D9D1781418E7442956D4D901C8C611E58256556AE9A828E72128C3B5B8E3EB,"NOWISEE | KO INU | RUKA",15,"OP-00005480-LnInterior-S4356-T218666-A218666",1897ab60d5f437882e2fbaa68b2246976c876de338de592a6ab747c550b67864,O00004356,218666,640,49919999999982920021333333,218751,640,74853333333316246705777782,2,CandidateNotObserved,ABSTAIN,5634,5634
02D9D1781418E7442956D4D901C8C611E58256556AE9A828E72128C3B5B8E3EB,"NOWISEE | KO INU | RUKA",16,"OP-00005402-LnInterior-S32-T4916-A4916",2453f9d1bca918992e0b3090898d381913e6f0a90fa339911759f9339a91d398,O00000032,4916,13,499199999999996400213333333,5342,14,748799999999996066986666666,3,CandidateNotObserved,ABSTAIN,60,60
02D9D1781418E7442956D4D901C8C611E58256556AE9A828E72128C3B5B8E3EB,"NOWISEE | KO INU | RUKA",16,"OP-00005403-LnInterior-S32-T5598-A5598",6e6548a070351a12d9a292b71a670a0c557f6cd0e07f15ba2faa61c2bd1a9c4b,O00000032,5598,15,499733333333329200071111111,6024,16,749333333333328866844444445,2,NoObservedRelation,ABSTAIN,67,67
02D9D1781418E7442956D4D901C8C611E58256556AE9A828E72128C3B5B8E3EB,"NOWISEE | KO INU | RUKA",16,"OP-00005407-LnInterior-S74-T10882-A10882",ccb56460445baf0e0d86bc8316a7ed7461367be1394fd51da083650c2820c3e4,O00000074,10882,30,999466666666658400142222222,11308,32,249066666666658066915555556,4,NoObservedRelation,ABSTAIN,134,134
02D9D1781418E7442956D4D901C8C611E58256556AE9A828E72128C3B5B8E3EB,"NOWISEE | KO INU | RUKA",16,"OP-00005412-LnInterior-S181-T19064-A19064",488d516e4ff3a782fa94fbed1bb2cd92ffaa3a882c747c4d4f9689a8ca7399f8,O00000181,19064,54,999999999999985333333333333,19788,57,123733333333318100337777778,2,NoObservedRelation,ABSTAIN,290,290
02D9D1781418E7442956D4D901C8C611E58256556AE9A828E72128C3B5B8E3EB,"NOWISEE | KO INU | RUKA",16,"OP-00005414-LnInterior-S221-T21279-A21279",51362d67d4756826ab8b678a016a31defa9766c68f7a89e5627d340f785878f1,O00000221,21279,61,497333333333316934044444444,21322,61,623466666666650233742222221,1,CandidateNotObserved,ABSTAIN,349,349
02D9D1781418E7442956D4D901C8C611E58256556AE9A828E72128C3B5B8E3EB,"NOWISEE | KO INU | RUKA",16,"OP-00005425-LnInterior-S2003-T100029-A100029",037c9d2c34575c67831b17ba7ab8ac392dc9f4d892dc16e15fa8cfd1bde6b5bf,O00002003,100029,292,49733333333325533404444444,100114,292,74666666666658860088888888,2,NoObservedRelation,ABSTAIN,2499,2499
02D9D1781418E7442956D4D901C8C611E58256556AE9A828E72128C3B5B8E3EB,"NOWISEE | KO INU | RUKA",16,"OP-00005431-LnInterior-S2197-T111791-A111791",ed6409848a1af000a4beb8c0cd8de26f497c7aa0844710f25ee055531ba90ec7,O00002197,111791,326,99919999999991280021333333,113197,331,12346666666657836707555556,2,NoObservedRelation,ABSTAIN,2768,2768
02D9D1781418E7442956D4D901C8C611E58256556AE9A828E72128C3B5B8E3EB,"NOWISEE | KO INU | RUKA",16,"OP-00005439-LnInterior-S2240-T116862-A116862",56319ca293201ae10fd3ca541e8f308c9d529b4f34b6343543d034c95f7ab236,O00002240,116862,341,87413333333324216689777778,116947,342,12346666666657543374222222,6,NoObservedRelation,ABSTAIN,2826,2826
02D9D1781418E7442956D4D901C8C611E58256556AE9A828E72128C3B5B8E3EB,"NOWISEE | KO INU | RUKA",16,"OP-00005441-LnInterior-S2334-T123041-A123041",297e773fdb08e3d5e9611d4efdacfe9bc5c540be7fc46e59c770969ded03caf5,O00002334,123041,359,99919999999990400021333333,123083,360,12239999999990396736000000,1,NoObservedRelation,ABSTAIN,2984,2984
02D9D1781418E7442956D4D901C8C611E58256556AE9A828E72128C3B5B8E3EB,"NOWISEE | KO INU | RUKA",16,"OP-00005448-LnInterior-S2611-T137359-A137359",65dbd90be3bea9ed5565e6ae5da8de1087ad1d085c4fd9b29dd4691f7a98b371,O00002611,137359,401,99866666666655946702222222,137401,402,12186666666655943416888888,2,CandidateNotObserved,ABSTAIN,3352,3352
02D9D1781418E7442956D4D901C8C611E58256556AE9A828E72128C3B5B8E3EB,"NOWISEE | KO INU | RUKA",16,"OP-00005451-LnInterior-S2636-T138211-A138211",5c5db50821df58bdce3b91f853a4df5bd9279890bd5742f79beaabe403178208,O00002636,138211,404,49786666666655880056888889,138253,404,62106666666655876771555556,1,NoObservedRelation,ABSTAIN,3376,3376
02D9D1781418E7442956D4D901C8C611E58256556AE9A828E72128C3B5B8E3EB,"NOWISEE | KO INU | RUKA",16,"OP-00005453-LnInterior-S2686-T141492-A141492",10d1cb07a99b2abefe2fafcb96d852ee1cbaa58cdb9726c70dbaba9f1a3045ff,O00002686,141492,414,12213333333322290076444444,141535,414,2482666666665562004622222,2,NoObservedRelation,ABSTAIN,3458,3458
02D9D1781418E7442956D4D901C8C611E58256556AE9A828E72128C3B5B8E3EB,"NOWISEE | KO INU | RUKA",16,"OP-00005452-LnInterior-S2686-T141620-A141620",1ece7e8fcf2b193a0bd8689923f2e1751e96495519494f1b6be979b9ca5c73f6,O00002686,141620,414,49759999999988946730666667,141662,414,62079999999988943445333332,1,CandidateNotObserved,ABSTAIN,3464,3464
02D9D1781418E7442956D4D901C8C611E58256556AE9A828E72128C3B5B8E3EB,"NOWISEE | KO INU | RUKA",16,"OP-00005457-LnInterior-S2733-T143666-A143666",0854cc08f5a4ce776313164873d73dcdb854ca415bf9a441cef79e32204d6b22,O00002733,143666,420,49919999999988786688,143709,420,62533333333322116657777777,4,CandidateNotObserved,ABSTAIN,3528,3528
02D9D1781418E7442956D4D901C8C611E58256556AE9A828E72128C3B5B8E3EB,"NOWISEE | KO INU | RUKA",16,"OP-00005456-LnInterior-S2733-T144007-A144007",c442b9c04ad5feab8c3a8bb99019753c00b7bc2e55e4a54d504a24ebbba4bc9f,O00002733,144007,421,49946666666655426680888889,144049,421,62266666666655423395555557,0,CandidateNotObserved,ABSTAIN,3541,3541
02D9D1781418E7442956D4D901C8C611E58256556AE9A828E72128C3B5B8E3EB,"NOWISEE | KO INU | RUKA",16,"OP-00005459-LnInterior-S2760-T145370-A145370",49701d0d99f7183f87cf9cfae35a00b630e11b259a9e5cbd0a2d684ad0d88fc5,O00002760,145370,425,49759999999988653397333333,145412,425,62079999999988650112000001,6,CandidateNotObserved,ABSTAIN,3582,3582
02D9D1781418E7442956D4D901C8C611E58256556AE9A828E72128C3B5B8E3EB,"NOWISEE | KO INU | RUKA",16,"OP-00005461-LnInterior-S2784-T147416-A147416",9bdd828a3c58431d10e2dbc2f41098344d7f49dc3689e7fe8d83accb352f0f90,O00002784,147416,431,49919999999988493354666667,147459,431,6253333333332182332444444,6,CandidateNotObserved,ABSTAIN,3648,3648
02D9D1781418E7442956D4D901C8C611E58256556AE9A828E72128C3B5B8E3EB,"NOWISEE | KO INU | RUKA",16,"OP-00005462-LnInterior-S2809-T148779-A148779",c97f192366b4d58fb413e108c723dafed9eaf3e3f9e17613467efd19d0ecdffe,O00002809,148779,435,49733333333321720071111111,148822,435,62346666666655050040888884,2,NoObservedRelation,ABSTAIN,3690,3690
02D9D1781418E7442956D4D901C8C611E58256556AE9A828E72128C3B5B8E3EB,"NOWISEE | KO INU | RUKA",16,"OP-00005464-LnInterior-S2837-T149461-A149461",69ddc46a0515b161bd27223b1aadef9cd9a65666b744966bde624b5eb8b8aaec,O00002837,149461,437,49786666666655000056888889,149504,437,62399999999988330026666667,6,CandidateObservedAmongAlternatives,ADMIT,3714,3714
02D9D1781418E7442956D4D901C8C611E58256556AE9A828E72128C3B5B8E3EB,"NOWISEE | KO INU | RUKA",16,"OP-00005475-LnInterior-S3445-T178353-A178353",ffb041c5ea26348fee3b3ee7b87a385340462deb87e16aa16dc3502e913de457,O00003445,178353,522,24773333333319406727111111,178992,524,12213333333319356743111111,2,NoObservedRelation,ABSTAIN,4503,4503
02D9D1781418E7442956D4D901C8C611E58256556AE9A828E72128C3B5B8E3EB,"NOWISEE | KO INU | RUKA",17,"OP-00005405-LnInterior-S53-T8240-A8240",9a4da553225a1368d3f0e9bb4d587078eeb9b9b26140c0c11b2a636fafcd6a16,O00000053,8240,23,249599999999993800106666667,8325,23,498933333333327066951111111,2,NoObservedRelation,ABSTAIN,98,98
02D9D1781418E7442956D4D901C8C611E58256556AE9A828E72128C3B5B8E3EB,"NOWISEE | KO INU | RUKA",17,"OP-00005409-LnInterior-S108-T13609-A13609",af084647f83fc17bb61a3244b39617f003fffc849e6c5a386919d42967c50278,O00000108,13609,38,998666666666656267022222222,13865,39,749599999999989400106666669,4,NoObservedRelation,ABSTAIN,180,180
02D9D1781418E7442956D4D901C8C611E58256556AE9A828E72128C3B5B8E3EB,"NOWISEE | KO INU | RUKA",17,"OP-00005414-LnInterior-S221-T21279-A21279",1ab840c207ab183609531f72a26a41ea7bcb16e6c35f670e3fdb1e599d3ccd77,O00000221,21279,61,497333333333316934044444444,21321,61,62053333333331690119111111,0,CandidateNotObserved,ABSTAIN,337,337
02D9D1781418E7442956D4D901C8C611E58256556AE9A828E72128C3B5B8E3EB,"NOWISEE | KO INU | RUKA",17,"OP-00005416-LnInterior-S581-T43268-A43268",d169ead2826400bf9c78dfd3a472669723485e54b58cecb1609de837db661737,O00000581,43268,125,99839999999996640042666667,43310,126,12159999999996636757333334,1,CandidateNotObserved,ABSTAIN,808,808
02D9D1781418E7442956D4D901C8C611E58256556AE9A828E72128C3B5B8E3EB,"NOWISEE | KO INU | RUKA",17,"OP-00005425-LnInterior-S2003-T100029-A100029",3abea7afdab8a150176969c1205a5b1cf6ddb8a47625dfff60aa89e05a8e39f6,O00002003,100029,292,49733333333325533404444444,100072,292,62346666666658863374222221,2,NoObservedRelation,ABSTAIN,2454,2454
02D9D1781418E7442956D4D901C8C611E58256556AE9A828E72128C3B5B8E3EB,"NOWISEE | KO INU | RUKA",17,"OP-00005439-LnInterior-S2240-T116862-A116862",8a15bcd55a518cda7c1551c49ef544ea263eb9d274ab60c3841f522f8fc41c15,O00002240,116862,341,87413333333324216689777778,116905,342,00026666666657546659555556,3,NoObservedRelation,ABSTAIN,2777,2777
02D9D1781418E7442956D4D901C8C611E58256556AE9A828E72128C3B5B8E3EB,"NOWISEE | KO INU | RUKA",17,"OP-00005449-LnInterior-S2611-T136762-A136762",295dc2dada1913289a52818c114faafae81a6d2be1982ccd2e46ac7c4158bf9d,O00002611,136762,400,24746666666655993400888889,136804,400,37066666666655990115555558,5,NoObservedRelation,ABSTAIN,3265,3265
02D9D1781418E7442956D4D901C8C611E58256556AE9A828E72128C3B5B8E3EB,"NOWISEE | KO INU | RUKA",17,"OP-00005452-LnInterior-S2686-T141620-A141620",55b0748b914eadc52688a0fa86d4dc982e29a049974cbfc08edd9f4cc216e9ab,O00002686,141620,414,49759999999988946730666667,141663,414,6237333333332227670044444,0,CandidateNotObserved,ABSTAIN,3403,3403
02D9D1781418E7442956D4D901C8C611E58256556AE9A828E72128C3B5B8E3EB,"NOWISEE | KO INU | RUKA",17,"OP-00005455-LnInterior-S2709-T143154-A143154",c77d4f58618ba5783c2e0a46e7544476752bd979783c334195f50978625c5d0d,O00002709,143154,418,99733333333322160071111111,143197,419,12346666666655490040888886,1,CandidateNotObserved,ABSTAIN,3451,3451
02D9D1781418E7442956D4D901C8C611E58256556AE9A828E72128C3B5B8E3EB,"NOWISEE | KO INU | RUKA",17,"OP-00005456-LnInterior-S2733-T144007-A144007",4f95212ae41910b139e770268c0c076b9d2522935a68f96d3554b5f20a9df0e6,O00002733,144007,421,49946666666655426680888889,144050,421,62559999999988756650666669,0,CandidateNotObserved,ABSTAIN,3475,3475
02D9D1781418E7442956D4D901C8C611E58256556AE9A828E72128C3B5B8E3EB,"NOWISEE | KO INU | RUKA",17,"OP-00005463-LnInterior-S2809-T148652-A148652",9c897a4c7e18b55be6f3bc88c2bf8e800055b0520c4e5891e414e4c00e90d244,O00002809,148652,435,12479999999988396672,148694,435,24799999999988393386666663,0,NoObservedRelation,ABSTAIN,3608,3608
02D9D1781418E7442956D4D901C8C611E58256556AE9A828E72128C3B5B8E3EB,"NOWISEE | KO INU | RUKA",17,"OP-00005469-LnInterior-S2951-T154916-A154916",7e4e14f5e140bb45cca51c3d6f001412e9517f302ba3553c52609d40696dd066,O00002951,154916,453,49919999999987906688,154959,453,62533333333321236657777777,2,CandidateNotObserved,ABSTAIN,3805,3805
02D9D1781418E7442956D4D901C8C611E58256556AE9A828E72128C3B5B8E3EB,"NOWISEE | KO INU | RUKA",17,"OP-00005475-LnInterior-S3445-T178353-A178353",a25e689e5e31345d6c329a01047acc4d07dc2867adfba30ebb10421a2ffbdfdd,O00003445,178353,522,24773333333319406727111111,178822,523,62346666666652703374222222,2,NoObservedRelation,ABSTAIN,4402,4402
02D9D1781418E7442956D4D901C8C611E58256556AE9A828E72128C3B5B8E3EB,"NOWISEE | KO INU | RUKA",17,"OP-00005495-LnInterior-S5219-T248836-A248836",088f8023954772d21b1172a4d4735589ab30f2eafbb9937f3a6f92b2acb94a0d,O00005219,248836,728,99786666666647226723555556,248879,729,12399999999980556693333333,5,NoObservedRelation,ABSTAIN,6508,6508
02D9D1781418E7442956D4D901C8C611E58256556AE9A828E72128C3B5B8E3EB,"NOWISEE | KO INU | RUKA",18,"OP-00005406-LnInterior-S74-T10541-A10541",1aa7c3f09bd875cd0cd4ab6b5d362e7dd26554602be9ade80df526104909ee1b,O00000074,10541,29,999199999999992000213333333,10967,31,248799999999991666986666666,4,NoObservedRelation,ABSTAIN,134,134
02D9D1781418E7442956D4D901C8C611E58256556AE9A828E72128C3B5B8E3EB,"NOWISEE | KO INU | RUKA",18,"OP-00005407-LnInterior-S74-T10882-A10882",4b7d19ca4cbd5b59fbc7b5e5a3a51d9bf12f0b3652170b708ae993cdecfc9d97,O00000074,10882,30,999466666666658400142222222,11137,31,747466666666658200675555555,2,NoObservedRelation,ABSTAIN,140,140
02D9D1781418E7442956D4D901C8C611E58256556AE9A828E72128C3B5B8E3EB,"NOWISEE | KO INU | RUKA",18,"OP-00005415-LnInterior-S221-T20981-A20981",9408fcd6c465666a841246293c454dce826b03bb87aee5f436b8c154930ce189,O00000221,20981,60,623199999999983833813333333,21023,60,74639999999998380096000000,2,NoObservedRelation,ABSTAIN,343,343
02D9D1781418E7442956D4D901C8C611E58256556AE9A828E72128C3B5B8E3EB,"NOWISEE | KO INU | RUKA",18,"OP-00005414-LnInterior-S221-T21279-A21279",51362d67d4756826ab8b678a016a31defa9766c68f7a89e5627d340f785878f1,O00000221,21279,61,497333333333316934044444444,21322,61,623466666666650233742222221,0,CandidateNotObserved,ABSTAIN,353,353
02D9D1781418E7442956D4D901C8C611E58256556AE9A828E72128C3B5B8E3EB,"NOWISEE | KO INU | RUKA",18,"OP-00005431-LnInterior-S2197-T111791-A111791",5bed8868a8d0b89d1d401ab8f2a2c9e5ed9cc0db9b8a8abbb3291ac3bcf80483,O00002197,111791,326,99919999999991280021333333,112515,329,12293333333324556721777778,4,NoObservedRelation,ABSTAIN,2764,2764
02D9D1781418E7442956D4D901C8C611E58256556AE9A828E72128C3B5B8E3EB,"NOWISEE | KO INU | RUKA",18,"OP-00005436-LnInterior-S2239-T117245-A117245",70e8ca4571e28c5e5d9c9570b9b7a4f5a340e8c5a7179fa5b26c0d32e9aca2d8,O00002239,117245,342,99759999999990853397333333,117330,343,24693333333324180081777777,2,NoObservedRelation,ABSTAIN,2825,2825
02D9D1781418E7442956D4D901C8C611E58256556AE9A828E72128C3B5B8E3EB,"NOWISEE | KO INU | RUKA",18,"OP-00005444-LnInterior-S2505-T130711-A130711",592f7f494784a036099d6ae5f34628f08f3bc6cfa394bf1fba9394b19c1d27cd,O00002505,130711,382,49786666666656466723555556,130966,383,24586666666656446776888889,4,CandidateNotObserved,ABSTAIN,3155,3155
02D9D1781418E7442956D4D901C8C611E58256556AE9A828E72128C3B5B8E3EB,"NOWISEE | KO INU | RUKA",18,"OP-00005449-LnInterior-S2611-T136762-A136762",295dc2dada1913289a52818c114faafae81a6d2be1982ccd2e46ac7c4158bf9d,O00002611,136762,400,24746666666655993400888889,136804,400,37066666666655990115555558,5,NoObservedRelation,ABSTAIN,3312,3312
02D9D1781418E7442956D4D901C8C611E58256556AE9A828E72128C3B5B8E3EB,"NOWISEE | KO INU | RUKA",18,"OP-00005463-LnInterior-S2809-T148652-A148652",9c897a4c7e18b55be6f3bc88c2bf8e800055b0520c4e5891e414e4c00e90d244,O00002809,148652,435,12479999999988396672,148694,435,24799999999988393386666663,5,NoObservedRelation,ABSTAIN,3646,3646
02D9D1781418E7442956D4D901C8C611E58256556AE9A828E72128C3B5B8E3EB,"NOWISEE | KO INU | RUKA",18,"OP-00005464-LnInterior-S2837-T149461-A149461",69ddc46a0515b161bd27223b1aadef9cd9a65666b744966bde624b5eb8b8aaec,O00002837,149461,437,49786666666655000056888889,149504,437,62399999999988330026666667,2,CandidateObservedAmongAlternatives,ADMIT,3673,3673
02D9D1781418E7442956D4D901C8C611E58256556AE9A828E72128C3B5B8E3EB,"NOWISEE | KO INU | RUKA",18,"OP-00005466-LnInterior-S2865-T150995-A150995",bf5ada2d9b5bec28fec8a4a82fdc0e079e86680b0e32c404e536fa3fb4c12238,O00002865,150995,441,99759999999988213397333333,151038,442,12373333333321543367111112,5,CandidateNotObserved,ABSTAIN,3722,3722
02D9D1781418E7442956D4D901C8C611E58256556AE9A828E72128C3B5B8E3EB,"NOWISEE | KO INU | RUKA",18,"OP-00005467-LnInterior-S2865-T151336-A151336",ecd984f092ddad1c863e3403161adb17521ba61cdb93f2804e4963db85471810,O00002865,151336,442,99786666666654853390222222,151379,443,12399999999988183360000003,3,CandidateNotObserved,ABSTAIN,3735,3735
02D9D1781418E7442956D4D901C8C611E58256556AE9A828E72128C3B5B8E3EB,"NOWISEE | KO INU | RUKA",18,"OP-00005477-LnInterior-S3468-T181166-A181166",be95a6d42e69dd611b30e532c659cf3c9af16238a3060617bc77d3350622eaca,O00003468,181166,530,49919999999985853354666667,181209,530,62533333333319183324444446,3,CandidateNotObserved,ABSTAIN,4488,4488
02D9D1781418E7442956D4D901C8C611E58256556AE9A828E72128C3B5B8E3EB,"NOWISEE | KO INU | RUKA",18,"OP-00005495-LnInterior-S5219-T248836-A248836",80aef335d12ac319f04c231148326d0b49c926d6e9540973a690e7f76c1ed461,O00005219,248836,728,99786666666647226723555556,248921,729,24719999999980553407999999,1,NoObservedRelation,ABSTAIN,6558,6558
02D9D1781418E7442956D4D901C8C611E58256556AE9A828E72128C3B5B8E3EB,"NOWISEE | KO INU | RUKA",19,"OP-00005401-LnInterior-S11-T2870-A2870",bfa721dabb8f2fee768411e37638ce07cd082a1c805f401e2ab9bd95cf1c5a7d,O00000011,2870,7,49759999999999800064,3467,9,248799999999997533653333333,5,NoObservedRelation,ABSTAIN,34,34
02D9D1781418E7442956D4D901C8C611E58256556AE9A828E72128C3B5B8E3EB,"NOWISEE | KO INU | RUKA",19,"OP-00005405-LnInterior-S53-T8240-A8240",9a4da553225a1368d3f0e9bb4d587078eeb9b9b26140c0c11b2a636fafcd6a16,O00000053,8240,23,249599999999993800106666667,8325,23,498933333333327066951111111,0,NoObservedRelation,ABSTAIN,100,100
02D9D1781418E7442956D4D901C8C611E58256556AE9A828E72128C3B5B8E3EB,"NOWISEE | KO INU | RUKA",19,"OP-00005414-LnInterior-S221-T21279-A21279",51362d67d4756826ab8b678a016a31defa9766c68f7a89e5627d340f785878f1,O00000221,21279,61,497333333333316934044444444,21322,61,623466666666650233742222221,1,CandidateNotObserved,ABSTAIN,338,338
02D9D1781418E7442956D4D901C8C611E58256556AE9A828E72128C3B5B8E3EB,"NOWISEE | KO INU | RUKA",19,"OP-00005425-LnInterior-S2003-T100029-A100029",037c9d2c34575c67831b17ba7ab8ac392dc9f4d892dc16e15fa8cfd1bde6b5bf,O00002003,100029,292,49733333333325533404444444,100114,292,74666666666658860088888888,2,NoObservedRelation,ABSTAIN,2458,2458
02D9D1781418E7442956D4D901C8C611E58256556AE9A828E72128C3B5B8E3EB,"NOWISEE | KO INU | RUKA",19,"OP-00005433-LnInterior-S2200-T112515-A112515",c1323f685671929667e459f04e60bc21e7eb1dc13a199ddf75157cc369c6b9da,O00002200,112515,329,12293333333324556721777778,112601,329,37519999999991216661333333,2,NoObservedRelation,ABSTAIN,2730,2730
02D9D1781418E7442956D4D901C8C611E58256556AE9A828E72128C3B5B8E3EB,"NOWISEE | KO INU | RUKA",19,"OP-00005435-LnInterior-S2219-T114518-A114518",65d34fa7a162293db0724847d134faeb6a926d4c07ea72a0d5bf6edf454942de,O00002219,114518,334,99839999999991066709333333,114560,335,12159999999991063424000000,4,NoObservedRelation,ABSTAIN,2750,2750
02D9D1781418E7442956D4D901C8C611E58256556AE9A828E72128C3B5B8E3EB,"NOWISEE | KO INU | RUKA",19,"OP-00005439-LnInterior-S2240-T116862-A116862",56319ca293201ae10fd3ca541e8f308c9d529b4f34b6343543d034c95f7ab236,O00002240,116862,341,87413333333324216689777778,116947,342,12346666666657543374222222,3,NoObservedRelation,ABSTAIN,2781,2781
02D9D1781418E7442956D4D901C8C611E58256556AE9A828E72128C3B5B8E3EB,"NOWISEE | KO INU | RUKA",19,"OP-00005453-LnInterior-S2686-T141492-A141492",1fd1a315eb17959935686bd0f8e4fdefaa96c39579dacd15bc496c2dfc2b7d80,O00002686,141492,414,12213333333322290076444444,141534,414,24533333333322286791111112,2,NoObservedRelation,ABSTAIN,3401,3401
02D9D1781418E7442956D4D901C8C611E58256556AE9A828E72128C3B5B8E3EB,"NOWISEE | KO INU | RUKA",19,"OP-00005454-LnInterior-S2709-T142814-A142814",b9065cbb339a2e61521868c37e2784b490f9c3bf944af0e548caa6c9aa1323a7,O00002709,142814,417,99999999999988853333333333,142856,418,12319999999988850048000003,2,CandidateNotObserved,ABSTAIN,3444,3444
02D9D1781418E7442956D4D901C8C611E58256556AE9A828E72128C3B5B8E3EB,"NOWISEE | KO INU | RUKA",19,"OP-00005455-LnInterior-S2709-T143154-A143154",c77d4f58618ba5783c2e0a46e7544476752bd979783c334195f50978625c5d0d,O00002709,143154,418,99733333333322160071111111,143197,419,12346666666655490040888886,3,CandidateNotObserved,ABSTAIN,3457,3457
02D9D1781418E7442956D4D901C8C611E58256556AE9A828E72128C3B5B8E3EB,"NOWISEE | KO INU | RUKA",19,"OP-00005456-LnInterior-S2733-T144007-A144007",4f95212ae41910b139e770268c0c076b9d2522935a68f96d3554b5f20a9df0e6,O00002733,144007,421,49946666666655426680888889,144050,421,62559999999988756650666669,4,CandidateNotObserved,ABSTAIN,3485,3485
02D9D1781418E7442956D4D901C8C611E58256556AE9A828E72128C3B5B8E3EB,"NOWISEE | KO INU | RUKA",19,"OP-00005467-LnInterior-S2865-T151336-A151336",fc158a4ed58e0f78b1efb8617aef62eb30b30dbb931b2ee43b01b05cdb4c4d70,O00002865,151336,442,99786666666654853390222222,152061,445,12453333333321463345777778,5,CandidateNotObserved,ABSTAIN,3706,3706
02D9D1781418E7442956D4D901C8C611E58256556AE9A828E72128C3B5B8E3EB,"NOWISEE | KO INU | RUKA",19,"OP-00005469-LnInterior-S2951-T154916-A154916",ff5fa5b326a47a6ad25dcf53ec27ef4cc7a957c7bfdeac125efbbf24242e061c,O00002951,154916,453,49919999999987906688,155342,454,74879999999987873365333336,0,CandidateNotObserved,ABSTAIN,3811,3811
02D9D1781418E7442956D4D901C8C611E58256556AE9A828E72128C3B5B8E3EB,"NOWISEE | KO INU | RUKA",19,"OP-00005475-LnInterior-S3445-T178353-A178353",8d3dd908e3fb08a3fe34fe962ce98bd7263b6a3a21fbe7faa008cc997c59f14f,O00003445,178353,522,24773333333319406727111111,178395,522,37093333333319403441777773,2,NoObservedRelation,ABSTAIN,4422,4422
02D9D1781418E7442956D4D901C8C611E58256556AE9A828E72128C3B5B8E3EB,"NOWISEE | KO INU | RUKA",19,"OP-00005477-LnInterior-S3468-T181166-A181166",fed0e12976ccf7422215279714c3c47bf6a522eda651a5f9a270d2bc02877604,O00003468,181166,530,49919999999985853354666667,181208,530,62239999999985850069333329,3,CandidateNotObserved,ABSTAIN,4455,4455
02D9D1781418E7442956D4D901C8C611E58256556AE9A828E72128C3B5B8E3EB,"NOWISEE | KO INU | RUKA",19,"OP-00005495-LnInterior-S5219-T248836-A248836",80aef335d12ac319f04c231148326d0b49c926d6e9540973a690e7f76c1ed461,O00005219,248836,728,99786666666647226723555556,248921,729,24719999999980553407999999,5,NoObservedRelation,ABSTAIN,6499,6499
02D9D1781418E7442956D4D901C8C611E58256556AE9A828E72128C3B5B8E3EB,"NOWISEE | KO INU | RUKA",19,"OP-00005496-LnInterior-S5265-T251564-A251564",f29ce46cd695300e83e8129c595d71d43fd5e0f3b77d1447e32e404a75f43e2f,O00005265,251564,736,99999999999980346666666667,251607,737,12613333333313676636444441,2,NoObservedRelation,ABSTAIN,6565,6565
02D9D1781418E7442956D4D901C8C611E58256556AE9A828E72128C3B5B8E3EB,"NOWISEE | KO INU | RUKA",19,"OP-00005498-LnInterior-S5268-T251564-A251564",dcf09f4ee2744c45484e2975ebdafe449785c283888fd8676e425b5ef1dd3b64,O00005268,251564,736,99999999999980346666666667,251862,737,87413333333313656689777781,2,NoObservedRelation,ABSTAIN,6568,6568
02D9D1781418E7442956D4D901C8C611E58256556AE9A828E72128C3B5B8E3EB,"NOWISEE | KO INU | RUKA",20,"OP-00005400-LnInterior-S11-T2189-A2189",79fa53e79ada8011359c376cd2765d0fe716b09218beff13ac6390da9adabe2b,O00000011,2189,5,4999999999999985333333333333,2444,6,247999999999998333866666666,3,CandidateNotObserved,ABSTAIN,28,28
02D9D1781418E7442956D4D901C8C611E58256556AE9A828E72128C3B5B8E3EB,"NOWISEE | KO INU | RUKA",20,"OP-00005401-LnInterior-S11-T2870-A2870",3c4c7bf7e9a65a4a3c5ddba05abfa70e56511f09a35dfe519ae4dcb21810aeba,O00000011,2870,7,49759999999999800064,3296,8,747199999999997667413333334,5,NoObservedRelation,ABSTAIN,35,35
02D9D1781418E7442956D4D901C8C611E58256556AE9A828E72128C3B5B8E3EB,"NOWISEE | KO INU | RUKA",20,"OP-00005402-LnInterior-S32-T4916-A4916",2453f9d1bca918992e0b3090898d381913e6f0a90fa339911759f9339a91d398,O00000032,4916,13,499199999999996400213333333,5342,14,748799999999996066986666666,0,CandidateNotObserved,ABSTAIN,65,65
02D9D1781418E7442956D4D901C8C611E58256556AE9A828E72128C3B5B8E3EB,"NOWISEE | KO INU | RUKA",20,"OP-00005408-LnInterior-S108-T13098-A13098",1526a83c94770a5c9018af9badfede0d42a0336b19148b54e45705f47b593e05,O00000108,13098,37,499733333333323333404444444,13183,37,749066666666656600248888888,5,CandidateNotObserved,ABSTAIN,181,181
02D9D1781418E7442956D4D901C8C611E58256556AE9A828E72128C3B5B8E3EB,"NOWISEE | KO INU | RUKA",20,"OP-00005409-LnInterior-S108-T13609-A13609",c453754a05e027537fd1db46b13a5aa1bb3d109003aefe55a42c58036926b602,O00000108,13609,38,998666666666656267022222222,14206,40,749866666666655800035555556,4,NoObservedRelation,ABSTAIN,191,191
02D9D1781418E7442956D4D901C8C611E58256556AE9A828E72128C3B5B8E3EB,"NOWISEE | KO INU | RUKA",20,"OP-00005433-LnInterior-S2200-T112515-A112515",b64fafff6e55ec41013b0bff99402e5ec5b1258a69349d262f7eaf84b2f82650,O00002200,112515,329,12293333333324556721777778,115115,336,74959999999991020010666667,4,NoObservedRelation,ABSTAIN,2768,2768
02D9D1781418E7442956D4D901C8C611E58256556AE9A828E72128C3B5B8E3EB,"NOWISEE | KO INU | RUKA",20,"OP-00005448-LnInterior-S2611-T137359-A137359",6d2500121c14e1d19d3a32dc291d9bb98042cc3b788d4054170c61487b419067,O00002611,137359,401,99866666666655946702222222,137402,402,12479999999989276671999998,4,CandidateNotObserved,ABSTAIN,3330,3330
02D9D1781418E7442956D4D901C8C611E58256556AE9A828E72128C3B5B8E3EB,"NOWISEE | KO INU | RUKA",20,"OP-00005451-LnInterior-S2636-T138211-A138211",a4e833da6b6f540149f4c70a2843a63341d0b72e25ed2afb823cc4a2abff0da9,O00002636,138211,404,49786666666655880056888889,138254,404,62399999999989210026666668,1,NoObservedRelation,ABSTAIN,3357,3357
02D9D1781418E7442956D4D901C8C611E58256556AE9A828E72128C3B5B8E3EB,"NOWISEE | KO INU | RUKA",20,"OP-00005452-LnInterior-S2686-T141620-A141620",1ece7e8fcf2b193a0bd8689923f2e1751e96495519494f1b6be979b9ca5c73f6,O00002686,141620,414,49759999999988946730666667,141662,414,62079999999988943445333332,0,CandidateNotObserved,ABSTAIN,3453,3453
02D9D1781418E7442956D4D901C8C611E58256556AE9A828E72128C3B5B8E3EB,"NOWISEE | KO INU | RUKA",20,"OP-00005455-LnInterior-S2709-T143154-A143154",c77d4f58618ba5783c2e0a46e7544476752bd979783c334195f50978625c5d0d,O00002709,143154,418,99733333333322160071111111,143197,419,12346666666655490040888886,3,CandidateNotObserved,ABSTAIN,3498,3498
02D9D1781418E7442956D4D901C8C611E58256556AE9A828E72128C3B5B8E3EB,"NOWISEE | KO INU | RUKA",20,"OP-00005457-LnInterior-S2733-T143666-A143666",6281ee2cd25d765c06ee1eb8687d6cba56f0bf844f229b0c5d52112c94405a62,O00002733,143666,420,49919999999988786688,143780,420,83359999999988777770666664,4,CandidateNotObserved,ABSTAIN,3516,3516
02D9D1781418E7442956D4D901C8C611E58256556AE9A828E72128C3B5B8E3EB,"NOWISEE | KO INU | RUKA",20,"OP-00005456-LnInterior-S2733-T144007-A144007",9f0f127d3e727efa4bdc78b58b0fe6de02574a879cf64dfb311078a6772bcf85,O00002733,144007,421,49946666666655426680888889,144092,421,74879999999988753365333333,0,CandidateObservedAmongAlternatives,ADMIT,3528,3528
02D9D1781418E7442956D4D901C8C611E58256556AE9A828E72128C3B5B8E3EB,"NOWISEE | KO INU | RUKA",20,"OP-00005462-LnInterior-S2809-T148779-A148779",6d6c0c528b1b57da62c2f800ad23eaf7fdf68e108e6f23a856c0f644683f5069,O00002809,148779,435,49733333333321720071111111,148821,435,62053333333321716785777773,0,NoObservedRelation,ABSTAIN,3670,3670
02D9D1781418E7442956D4D901C8C611E58256556AE9A828E72128C3B5B8E3EB,"NOWISEE | KO INU | RUKA",20,"OP-00005466-LnInterior-S2865-T150995-A150995",bf5ada2d9b5bec28fec8a4a82fdc0e079e86680b0e32c404e536fa3fb4c12238,O00002865,150995,441,99759999999988213397333333,151038,442,12373333333321543367111112,2,CandidateNotObserved,ABSTAIN,3741,3741
02D9D1781418E7442956D4D901C8C611E58256556AE9A828E72128C3B5B8E3EB,"NOWISEE | KO INU | RUKA",20,"OP-00005477-LnInterior-S3468-T181166-A181166",fed0e12976ccf7422215279714c3c47bf6a522eda651a5f9a270d2bc02877604,O00003468,181166,530,49919999999985853354666667,181208,530,62239999999985850069333329,3,CandidateNotObserved,ABSTAIN,4494,4494
0338ADEB4CDBB086D7819736292CB932608EA53DAD840AD3B8BBEAA605AC8349,"BUTAOTOME | HAKANAKI MONO NINGEN | YUEAST 2018",1,"OP-00001945-LnInterior-S691-T60024-A60024",6b9e8ffa6db5255264de39d82b6e26b7eb08fb028efe4052bd6c214725382b07,O00000691,60024,179,499000000000179499,60108,179,751000000000179751,3,NoObservedRelation,ABSTAIN,842,842
0338ADEB4CDBB086D7819736292CB932608EA53DAD840AD3B8BBEAA605AC8349,"BUTAOTOME | HAKANAKI MONO NINGEN | YUEAST 2018",1,"OP-00001956-LnInterior-S1165-T105857-A105857",80bf9e879ac58f32b5ab38682a204939a83eaf62772186598fc0310431a3eebb,O00001165,105857,316,998000000000316998,105940,317,247000000000317247,2,NoObservedRelation,ABSTAIN,1426,1426
0338ADEB4CDBB086D7819736292CB932608EA53DAD840AD3B8BBEAA605AC8349,"BUTAOTOME | HAKANAKI MONO NINGEN | YUEAST 2018",1,"OP-00001960-LnInterior-S1535-T137857-A137857",80f48e950095091d177253efe4bfe1d601a532548b650944d562e377e5a7674c,O00001535,137857,412,998000000000412998,137940,413,247000000000413247,2,NoObservedRelation,ABSTAIN,1865,1865
0338ADEB4CDBB086D7819736292CB932608EA53DAD840AD3B8BBEAA605AC8349,"BUTAOTOME | HAKANAKI MONO NINGEN | YUEAST 2018",2,"OP-00001941-LnInterior-S601-T52857-A52857",3609e0e16354c2c27a8addae18077078d0c92df5e7febdb044bf48613936e62d,O00000601,52857,157,998000000000157998,52940,158,247000000000158247,2,NoObservedRelation,ABSTAIN,738,738
0338ADEB4CDBB086D7819736292CB932608EA53DAD840AD3B8BBEAA605AC8349,"BUTAOTOME | HAKANAKI MONO NINGEN | YUEAST 2018",2,"OP-00001956-LnInterior-S1165-T105857-A105857",80bf9e879ac58f32b5ab38682a204939a83eaf62772186598fc0310431a3eebb,O00001165,105857,316,998000000000316998,105940,317,247000000000317247,2,NoObservedRelation,ABSTAIN,1421,1421
0338ADEB4CDBB086D7819736292CB932608EA53DAD840AD3B8BBEAA605AC8349,"BUTAOTOME | HAKANAKI MONO NINGEN | YUEAST 2018",2,"OP-00001955-LnInterior-S1165-T106024-A106024",5d3f4eaf2780139d04c10ed853269e46a2d42ff65d62ab7a607e08cbb9d02855,O00001165,106024,317,499000000000317499,106107,317,748000000000317748,3,CandidateNotObserved,ABSTAIN,1426,1426
0338ADEB4CDBB086D7819736292CB932608EA53DAD840AD3B8BBEAA605AC8349,"BUTAOTOME | HAKANAKI MONO NINGEN | YUEAST 2018",3,"OP-00001948-LnInterior-S869-T79524-A79524",be9a17386ae5bc0da7b29e1e61c0827e1593917018e23487e327920d52252004,O00000869,79524,237,999000000000237999,79774,238,749000000000238749,3,CandidateObservedUnique,ADMIT,1052,1052
0338ADEB4CDBB086D7819736292CB932608EA53DAD840AD3B8BBEAA605AC8349,"BUTAOTOME | HAKANAKI MONO NINGEN | YUEAST 2018",3,"OP-00001959-LnInterior-S1535-T138024-A138024",7e3d4c4b7ac02cfce512cb0d7ab0c8e28352b343c5d37b557c747e41b2eb8862,O00001535,138024,413,499000000000413499,138107,413,748000000000413748,3,CandidateNotObserved,ABSTAIN,1852,1852
0338ADEB4CDBB086D7819736292CB932608EA53DAD840AD3B8BBEAA605AC8349,"BUTAOTOME | HAKANAKI MONO NINGEN | YUEAST 2018",4,"OP-00001935-LnInterior-S347-T29857-A29857",8f974dea2c967e84cfb4000b83ba6bbe69d6a6dbca223f5a0d465bd80833af6a,O00000347,29857,88,998000000000088998,30190,89,997000000000089997,3,CandidateNotObserved,ABSTAIN,426,426
0338ADEB4CDBB086D7819736292CB932608EA53DAD840AD3B8BBEAA605AC8349,"BUTAOTOME | HAKANAKI MONO NINGEN | YUEAST 2018",4,"OP-00001944-LnInterior-S689-T59024-A59024",d4d42452c32e09dc632d0ef089b5d1bf683a77f702f83be089cfbdb75a43d546,O00000689,59024,176,499000000000176499,59107,176,748000000000176748,1,NoObservedRelation,ABSTAIN,828,828
0338ADEB4CDBB086D7819736292CB932608EA53DAD840AD3B8BBEAA605AC8349,"BUTAOTOME | HAKANAKI MONO NINGEN | YUEAST 2018",4,"OP-00001945-LnInterior-S691-T60024-A60024",6b9e8ffa6db5255264de39d82b6e26b7eb08fb028efe4052bd6c214725382b07,O00000691,60024,179,499000000000179499,60108,179,751000000000179751,3,NoObservedRelation,ABSTAIN,844,844
0338ADEB4CDBB086D7819736292CB932608EA53DAD840AD3B8BBEAA605AC8349,"BUTAOTOME | HAKANAKI MONO NINGEN | YUEAST 2018",4,"OP-00001960-LnInterior-S1535-T137857-A137857",b77934e62358dc3ef8c03a6f0e0f882e5b10f538139ff29e5c505eeca3513731,O00001535,137857,412,998000000000412998,137941,413,250000000000413250,2,NoObservedRelation,ABSTAIN,1853,1853
0338ADEB4CDBB086D7819736292CB932608EA53DAD840AD3B8BBEAA605AC8349,"BUTAOTOME | HAKANAKI MONO NINGEN | YUEAST 2018",5,"OP-00001935-LnInterior-S347-T29857-A29857",5d1f080834769178270a9e7428bc7537536c882bc340b567a55065435ba64d3c,O00000347,29857,88,998000000000088998,29941,89,250000000000089250,3,CandidateNotObserved,ABSTAIN,421,421
0338ADEB4CDBB086D7819736292CB932608EA53DAD840AD3B8BBEAA605AC8349,"BUTAOTOME | HAKANAKI MONO NINGEN | YUEAST 2018",5,"OP-00001962-LnInterior-S1924-T167524-A167524",ac054f7ba3018317402344d3e75b2cb4b6e4320b3d368fcaa0848e4d581632a3,O00001924,167524,501,999000000000501999,167691,502,500000000000502500,2,CandidateNotObserved,ABSTAIN,2277,2277
0338ADEB4CDBB086D7819736292CB932608EA53DAD840AD3B8BBEAA605AC8349,"BUTAOTOME | HAKANAKI MONO NINGEN | YUEAST 2018",6,"OP-00001956-LnInterior-S1165-T105857-A105857",80bf9e879ac58f32b5ab38682a204939a83eaf62772186598fc0310431a3eebb,O00001165,105857,316,998000000000316998,105940,317,247000000000317247,2,NoObservedRelation,ABSTAIN,1406,1406
0338ADEB4CDBB086D7819736292CB932608EA53DAD840AD3B8BBEAA605AC8349,"BUTAOTOME | HAKANAKI MONO NINGEN | YUEAST 2018",6,"OP-00001959-LnInterior-S1535-T138024-A138024",7e3d4c4b7ac02cfce512cb0d7ab0c8e28352b343c5d37b557c747e41b2eb8862,O00001535,138024,413,499000000000413499,138107,413,748000000000413748,3,CandidateNotObserved,ABSTAIN,1851,1851
0338ADEB4CDBB086D7819736292CB932608EA53DAD840AD3B8BBEAA605AC8349,"BUTAOTOME | HAKANAKI MONO NINGEN | YUEAST 2018",7,"OP-00001942-LnInterior-S601-T52690-A52690",714e082296fdc0f608c69d3c94083cabb4b5de13f57f0060b468d401c0dd341b,O00000601,52690,157,497000000000157497,52774,157,749000000000157749,0,CandidateNotObserved,ABSTAIN,736,736
0338ADEB4CDBB086D7819736292CB932608EA53DAD840AD3B8BBEAA605AC8349,"BUTAOTOME | HAKANAKI MONO NINGEN | YUEAST 2018",7,"OP-00001945-LnInterior-S691-T60024-A60024",7fe9f04f2c9a71bc89759b04fa5c731999394d4b29310ba6f7556fc33b16568a,O00000691,60024,179,499000000000179499,60107,179,748000000000179748,3,NoObservedRelation,ABSTAIN,845,845
0338ADEB4CDBB086D7819736292CB932608EA53DAD840AD3B8BBEAA605AC8349,"BUTAOTOME | HAKANAKI MONO NINGEN | YUEAST 2018",7,"OP-00001956-LnInterior-S1165-T105857-A105857",80bf9e879ac58f32b5ab38682a204939a83eaf62772186598fc0310431a3eebb,O00001165,105857,316,998000000000316998,105940,317,247000000000317247,2,NoObservedRelation,ABSTAIN,1414,1414
0338ADEB4CDBB086D7819736292CB932608EA53DAD840AD3B8BBEAA605AC8349,"BUTAOTOME | HAKANAKI MONO NINGEN | YUEAST 2018",7,"OP-00001955-LnInterior-S1165-T106024-A106024",5d3f4eaf2780139d04c10ed853269e46a2d42ff65d62ab7a607e08cbb9d02855,O00001165,106024,317,499000000000317499,106107,317,748000000000317748,3,CandidateNotObserved,ABSTAIN,1419,1419
0338ADEB4CDBB086D7819736292CB932608EA53DAD840AD3B8BBEAA605AC8349,"BUTAOTOME | HAKANAKI MONO NINGEN | YUEAST 2018",7,"OP-00001960-LnInterior-S1535-T137857-A137857",80f48e950095091d177253efe4bfe1d601a532548b650944d562e377e5a7674c,O00001535,137857,412,998000000000412998,137940,413,247000000000413247,2,NoObservedRelation,ABSTAIN,1863,1863
0338ADEB4CDBB086D7819736292CB932608EA53DAD840AD3B8BBEAA605AC8349,"BUTAOTOME | HAKANAKI MONO NINGEN | YUEAST 2018",8,"OP-00001935-LnInterior-S347-T29857-A29857",7443d9680df435e033273f41ad3659ca3f122ffbde31d5d6c747b148e49f01e7,O00000347,29857,88,998000000000088998,30107,89,748000000000089748,3,CandidateObservedUnique,ADMIT,422,422
0338ADEB4CDBB086D7819736292CB932608EA53DAD840AD3B8BBEAA605AC8349,"BUTAOTOME | HAKANAKI MONO NINGEN | YUEAST 2018",8,"OP-00001960-LnInterior-S1535-T137857-A137857",80f48e950095091d177253efe4bfe1d601a532548b650944d562e377e5a7674c,O00001535,137857,412,998000000000412998,137940,413,247000000000413247,2,NoObservedRelation,ABSTAIN,1858,1858
0338ADEB4CDBB086D7819736292CB932608EA53DAD840AD3B8BBEAA605AC8349,"BUTAOTOME | HAKANAKI MONO NINGEN | YUEAST 2018",9,"OP-00001944-LnInterior-S689-T59024-A59024",d4d42452c32e09dc632d0ef089b5d1bf683a77f702f83be089cfbdb75a43d546,O00000689,59024,176,499000000000176499,59107,176,748000000000176748,1,NoObservedRelation,ABSTAIN,825,825
0338ADEB4CDBB086D7819736292CB932608EA53DAD840AD3B8BBEAA605AC8349,"BUTAOTOME | HAKANAKI MONO NINGEN | YUEAST 2018",9,"OP-00001945-LnInterior-S691-T60024-A60024",b6c5ab2d02ce64bff996e5d4f16520aa159088c5872313d24be1cd34bda027f9,O00000691,60024,179,499000000000179499,60190,179,997000000000179997,3,NoObservedRelation,ABSTAIN,837,837
0338ADEB4CDBB086D7819736292CB932608EA53DAD840AD3B8BBEAA605AC8349,"BUTAOTOME | HAKANAKI MONO NINGEN | YUEAST 2018",9,"OP-00001955-LnInterior-S1165-T106024-A106024",5d3f4eaf2780139d04c10ed853269e46a2d42ff65d62ab7a607e08cbb9d02855,O00001165,106024,317,499000000000317499,106107,317,748000000000317748,3,CandidateNotObserved,ABSTAIN,1422,1422
0338ADEB4CDBB086D7819736292CB932608EA53DAD840AD3B8BBEAA605AC8349,"BUTAOTOME | HAKANAKI MONO NINGEN | YUEAST 2018",9,"OP-00001960-LnInterior-S1535-T137857-A137857",80f48e950095091d177253efe4bfe1d601a532548b650944d562e377e5a7674c,O00001535,137857,412,998000000000412998,137940,413,247000000000413247,2,NoObservedRelation,ABSTAIN,1856,1856
0338ADEB4CDBB086D7819736292CB932608EA53DAD840AD3B8BBEAA605AC8349,"BUTAOTOME | HAKANAKI MONO NINGEN | YUEAST 2018",9,"OP-00001961-LnInterior-S1924-T168274-A168274",c4f133564b8271bda17d287408fce13c940548ae0cc1534c76acb3d4d78b01b2,O00001924,168274,504,249000000000504249,168357,504,498000000000504498,2,NoObservedRelation,ABSTAIN,2297,2297
0338ADEB4CDBB086D7819736292CB932608EA53DAD840AD3B8BBEAA605AC8349,"BUTAOTOME | HAKANAKI MONO NINGEN | YUEAST 2018",10,"OP-00001935-LnInterior-S347-T29857-A29857",8f974dea2c967e84cfb4000b83ba6bbe69d6a6dbca223f5a0d465bd80833af6a,O00000347,29857,88,998000000000088998,30190,89,997000000000089997,3,CandidateNotObserved,ABSTAIN,429,429
0338ADEB4CDBB086D7819736292CB932608EA53DAD840AD3B8BBEAA605AC8349,"BUTAOTOME | HAKANAKI MONO NINGEN | YUEAST 2018",10,"OP-00001944-LnInterior-S689-T59024-A59024",d4d42452c32e09dc632d0ef089b5d1bf683a77f702f83be089cfbdb75a43d546,O00000689,59024,176,499000000000176499,59107,176,748000000000176748,1,NoObservedRelation,ABSTAIN,817,817
0338ADEB4CDBB086D7819736292CB932608EA53DAD840AD3B8BBEAA605AC8349,"BUTAOTOME | HAKANAKI MONO NINGEN | YUEAST 2018",10,"OP-00001945-LnInterior-S691-T60024-A60024",daf0d32e341de444fb7db063adbfca3ab33b2f6e0b7153248adb53ab4dc6f23e,O00000691,60024,179,499000000000179499,60441,180,750000000000180750,3,NoObservedRelation,ABSTAIN,829,829
0338ADEB4CDBB086D7819736292CB932608EA53DAD840AD3B8BBEAA605AC8349,"BUTAOTOME | HAKANAKI MONO NINGEN | YUEAST 2018",10,"OP-00001948-LnInterior-S869-T79524-A79524",be9a17386ae5bc0da7b29e1e61c0827e1593917018e23487e327920d52252004,O00000869,79524,237,999000000000237999,79774,238,749000000000238749,3,CandidateObservedUnique,ADMIT,1058,1058
0338ADEB4CDBB086D7819736292CB932608EA53DAD840AD3B8BBEAA605AC8349,"BUTAOTOME | HAKANAKI MONO NINGEN | YUEAST 2018",11,"OP-00001944-LnInterior-S689-T59024-A59024",d4d42452c32e09dc632d0ef089b5d1bf683a77f702f83be089cfbdb75a43d546,O00000689,59024,176,499000000000176499,59107,176,748000000000176748,1,NoObservedRelation,ABSTAIN,833,833
0338ADEB4CDBB086D7819736292CB932608EA53DAD840AD3B8BBEAA605AC8349,"BUTAOTOME | HAKANAKI MONO NINGEN | YUEAST 2018",11,"OP-00001945-LnInterior-S691-T60024-A60024",7fe9f04f2c9a71bc89759b04fa5c731999394d4b29310ba6f7556fc33b16568a,O00000691,60024,179,499000000000179499,60107,179,748000000000179748,2,NoObservedRelation,ABSTAIN,847,847
0338ADEB4CDBB086D7819736292CB932608EA53DAD840AD3B8BBEAA605AC8349,"BUTAOTOME | HAKANAKI MONO NINGEN | YUEAST 2018",11,"OP-00001959-LnInterior-S1535-T138024-A138024",7e3d4c4b7ac02cfce512cb0d7ab0c8e28352b343c5d37b557c747e41b2eb8862,O00001535,138024,413,499000000000413499,138107,413,748000000000413748,3,CandidateNotObserved,ABSTAIN,1872,1872
0338ADEB4CDBB086D7819736292CB932608EA53DAD840AD3B8BBEAA605AC8349,"BUTAOTOME | HAKANAKI MONO NINGEN | YUEAST 2018",11,"OP-00001961-LnInterior-S1924-T168274-A168274",c4f133564b8271bda17d287408fce13c940548ae0cc1534c76acb3d4d78b01b2,O00001924,168274,504,249000000000504249,168357,504,498000000000504498,2,NoObservedRelation,ABSTAIN,2300,2300
0338ADEB4CDBB086D7819736292CB932608EA53DAD840AD3B8BBEAA605AC8349,"BUTAOTOME | HAKANAKI MONO NINGEN | YUEAST 2018",12,"OP-00001955-LnInterior-S1165-T106024-A106024",5d3f4eaf2780139d04c10ed853269e46a2d42ff65d62ab7a607e08cbb9d02855,O00001165,106024,317,499000000000317499,106107,317,748000000000317748,3,CandidateNotObserved,ABSTAIN,1442,1442
0338ADEB4CDBB086D7819736292CB932608EA53DAD840AD3B8BBEAA605AC8349,"BUTAOTOME | HAKANAKI MONO NINGEN | YUEAST 2018",12,"OP-00001959-LnInterior-S1535-T138024-A138024",7e3d4c4b7ac02cfce512cb0d7ab0c8e28352b343c5d37b557c747e41b2eb8862,O00001535,138024,413,499000000000413499,138107,413,748000000000413748,3,CandidateNotObserved,ABSTAIN,1885,1885
0338ADEB4CDBB086D7819736292CB932608EA53DAD840AD3B8BBEAA605AC8349,"BUTAOTOME | HAKANAKI MONO NINGEN | YUEAST 2018",13,"OP-00001943-LnInterior-S689-T59190-A59190",1de4af5578dadb50e181e0db7a0c2fe3ac0b1151d98f7fe18f72b6042ff7dc06,O00000689,59190,176,997000000000176997,59440,177,747000000000177747,3,NoObservedRelation,ABSTAIN,808,808
0338ADEB4CDBB086D7819736292CB932608EA53DAD840AD3B8BBEAA605AC8349,"BUTAOTOME | HAKANAKI MONO NINGEN | YUEAST 2018",13,"OP-00001945-LnInterior-S691-T60024-A60024",690537e83b54dfc434cb31f7260a192be1a45bdde405b99bc4c9ed28a0d7752d,O00000691,60024,179,499000000000179499,60274,180,249000000000180249,3,NoObservedRelation,ABSTAIN,817,817
0338ADEB4CDBB086D7819736292CB932608EA53DAD840AD3B8BBEAA605AC8349,"BUTAOTOME | HAKANAKI MONO NINGEN | YUEAST 2018",13,"OP-00001949-LnInterior-S913-T83357-A83357",b1280db47590084a8fb6924163a53e31a7f526c044160da05328e19fe610615a,O00000913,83357,249,498000000000249498,83523,249,996000000000249996,0,CandidateNotObserved,ABSTAIN,1089,1089
0338ADEB4CDBB086D7819736292CB932608EA53DAD840AD3B8BBEAA605AC8349,"BUTAOTOME | HAKANAKI MONO NINGEN | YUEAST 2018",14,"OP-00001956-LnInterior-S1165-T105857-A105857",80bf9e879ac58f32b5ab38682a204939a83eaf62772186598fc0310431a3eebb,O00001165,105857,316,998000000000316998,105940,317,247000000000317247,2,NoObservedRelation,ABSTAIN,1403,1403
0338ADEB4CDBB086D7819736292CB932608EA53DAD840AD3B8BBEAA605AC8349,"BUTAOTOME | HAKANAKI MONO NINGEN | YUEAST 2018",15,"OP-00001941-LnInterior-S601-T52857-A52857",3609e0e16354c2c27a8addae18077078d0c92df5e7febdb044bf48613936e62d,O00000601,52857,157,998000000000157998,52940,158,247000000000158247,2,NoObservedRelation,ABSTAIN,734,734
0338ADEB4CDBB086D7819736292CB932608EA53DAD840AD3B8BBEAA605AC8349,"BUTAOTOME | HAKANAKI MONO NINGEN | YUEAST 2018",15,"OP-00001943-LnInterior-S689-T59190-A59190",efe1618cea054f058c5e86481daebac75467ed89fc4f1a619dd5133a542ee8cb,O00000689,59190,176,997000000000176997,59273,177,246000000000177246,3,NoObservedRelation,ABSTAIN,826,826
0338ADEB4CDBB086D7819736292CB932608EA53DAD840AD3B8BBEAA605AC8349,"BUTAOTOME | HAKANAKI MONO NINGEN | YUEAST 2018",15,"OP-00001960-LnInterior-S1535-T137857-A137857",80f48e950095091d177253efe4bfe1d601a532548b650944d562e377e5a7674c,O00001535,137857,412,998000000000412998,137940,413,247000000000413247,2,NoObservedRelation,ABSTAIN,1863,1863
0338ADEB4CDBB086D7819736292CB932608EA53DAD840AD3B8BBEAA605AC8349,"BUTAOTOME | HAKANAKI MONO NINGEN | YUEAST 2018",15,"OP-00001962-LnInterior-S1924-T167524-A167524",2fee7ca7a74837eaa997b92d866092625819cfea59fb1b977e4d944fa5465781,O00001924,167524,501,999000000000501999,167607,502,248000000000502248,2,CandidateNotObserved,ABSTAIN,2290,2290
0338ADEB4CDBB086D7819736292CB932608EA53DAD840AD3B8BBEAA605AC8349,"BUTAOTOME | HAKANAKI MONO NINGEN | YUEAST 2018",15,"OP-00001961-LnInterior-S1924-T168274-A168274",5fe1d401854c5f91a5076f80155324836a54abbd9526cbb5467887ef31ca2042,O00001924,168274,504,249000000000504249,168440,504,747000000000504747,2,NoObservedRelation,ABSTAIN,2293,2293
0338ADEB4CDBB086D7819736292CB932608EA53DAD840AD3B8BBEAA605AC8349,"BUTAOTOME | HAKANAKI MONO NINGEN | YUEAST 2018",16,"OP-00001933-LnInterior-S303-T25857-A25857",2c9f41836a815e6d4483da5f8d044b33ad235f869895e5bd9df01087e6b64d15,O00000303,25857,76,998000000000076998,26023,77,496000000000077496,0,CandidateNotObserved,ABSTAIN,383,383
0338ADEB4CDBB086D7819736292CB932608EA53DAD840AD3B8BBEAA605AC8349,"BUTAOTOME | HAKANAKI MONO NINGEN | YUEAST 2018",16,"OP-00001945-LnInterior-S691-T60024-A60024",b6c5ab2d02ce64bff996e5d4f16520aa159088c5872313d24be1cd34bda027f9,O00000691,60024,179,499000000000179499,60190,179,997000000000179997,3,NoObservedRelation,ABSTAIN,856,856
0338ADEB4CDBB086D7819736292CB932608EA53DAD840AD3B8BBEAA605AC8349,"BUTAOTOME | HAKANAKI MONO NINGEN | YUEAST 2018",16,"OP-00001956-LnInterior-S1165-T105857-A105857",80bf9e879ac58f32b5ab38682a204939a83eaf62772186598fc0310431a3eebb,O00001165,105857,316,998000000000316998,105940,317,247000000000317247,2,NoObservedRelation,ABSTAIN,1421,1421
0338ADEB4CDBB086D7819736292CB932608EA53DAD840AD3B8BBEAA605AC8349,"BUTAOTOME | HAKANAKI MONO NINGEN | YUEAST 2018",16,"OP-00001960-LnInterior-S1535-T137857-A137857",80f48e950095091d177253efe4bfe1d601a532548b650944d562e377e5a7674c,O00001535,137857,412,998000000000412998,137940,413,247000000000413247,2,NoObservedRelation,ABSTAIN,1857,1857
0338ADEB4CDBB086D7819736292CB932608EA53DAD840AD3B8BBEAA605AC8349,"BUTAOTOME | HAKANAKI MONO NINGEN | YUEAST 2018",16,"OP-00001961-LnInterior-S1924-T168274-A168274",5fe1d401854c5f91a5076f80155324836a54abbd9526cbb5467887ef31ca2042,O00001924,168274,504,249000000000504249,168440,504,747000000000504747,2,NoObservedRelation,ABSTAIN,2298,2298
0338ADEB4CDBB086D7819736292CB932608EA53DAD840AD3B8BBEAA605AC8349,"BUTAOTOME | HAKANAKI MONO NINGEN | YUEAST 2018",17,"OP-00001935-LnInterior-S347-T29857-A29857",5d1f080834769178270a9e7428bc7537536c882bc340b567a55065435ba64d3c,O00000347,29857,88,998000000000088998,29941,89,250000000000089250,3,CandidateNotObserved,ABSTAIN,424,424
0338ADEB4CDBB086D7819736292CB932608EA53DAD840AD3B8BBEAA605AC8349,"BUTAOTOME | HAKANAKI MONO NINGEN | YUEAST 2018",17,"OP-00001942-LnInterior-S601-T52690-A52690",f28e4a109a7ab5dedf8a8380311643395f35140f59cd1644c43612d3e19557c3,O00000601,52690,157,497000000000157497,52773,157,746000000000157746,0,CandidateNotObserved,ABSTAIN,724,724
0338ADEB4CDBB086D7819736292CB932608EA53DAD840AD3B8BBEAA605AC8349,"BUTAOTOME | HAKANAKI MONO NINGEN | YUEAST 2018",17,"OP-00001955-LnInterior-S1165-T106024-A106024",5d3f4eaf2780139d04c10ed853269e46a2d42ff65d62ab7a607e08cbb9d02855,O00001165,106024,317,499000000000317499,106107,317,748000000000317748,3,CandidateNotObserved,ABSTAIN,1404,1404
0338ADEB4CDBB086D7819736292CB932608EA53DAD840AD3B8BBEAA605AC8349,"BUTAOTOME | HAKANAKI MONO NINGEN | YUEAST 2018",17,"OP-00001959-LnInterior-S1535-T138024-A138024",7e3d4c4b7ac02cfce512cb0d7ab0c8e28352b343c5d37b557c747e41b2eb8862,O00001535,138024,413,499000000000413499,138107,413,748000000000413748,3,CandidateNotObserved,ABSTAIN,1844,1844
0338ADEB4CDBB086D7819736292CB932608EA53DAD840AD3B8BBEAA605AC8349,"BUTAOTOME | HAKANAKI MONO NINGEN | YUEAST 2018",18,"OP-00001935-LnInterior-S347-T29857-A29857",c374ba6996590ed728b7c2d382c2b2d7c6dbbab73cf9babe5fbb3cca8ae6f4a8,O00000347,29857,88,998000000000088998,30024,89,499000000000089499,3,CandidateNotObserved,ABSTAIN,431,431
0338ADEB4CDBB086D7819736292CB932608EA53DAD840AD3B8BBEAA605AC8349,"BUTAOTOME | HAKANAKI MONO NINGEN | YUEAST 2018",18,"OP-00001945-LnInterior-S691-T60024-A60024",7fe9f04f2c9a71bc89759b04fa5c731999394d4b29310ba6f7556fc33b16568a,O00000691,60024,179,499000000000179499,60107,179,748000000000179748,2,NoObservedRelation,ABSTAIN,835,835
0338ADEB4CDBB086D7819736292CB932608EA53DAD840AD3B8BBEAA605AC8349,"BUTAOTOME | HAKANAKI MONO NINGEN | YUEAST 2018",18,"OP-00001948-LnInterior-S869-T79524-A79524",be9a17386ae5bc0da7b29e1e61c0827e1593917018e23487e327920d52252004,O00000869,79524,237,999000000000237999,79774,238,749000000000238749,3,CandidateObservedUnique,ADMIT,1066,1066
0338ADEB4CDBB086D7819736292CB932608EA53DAD840AD3B8BBEAA605AC8349,"BUTAOTOME | HAKANAKI MONO NINGEN | YUEAST 2018",18,"OP-00001955-LnInterior-S1165-T106024-A106024",5d3f4eaf2780139d04c10ed853269e46a2d42ff65d62ab7a607e08cbb9d02855,O00001165,106024,317,499000000000317499,106107,317,748000000000317748,3,CandidateNotObserved,ABSTAIN,1418,1418
0338ADEB4CDBB086D7819736292CB932608EA53DAD840AD3B8BBEAA605AC8349,"BUTAOTOME | HAKANAKI MONO NINGEN | YUEAST 2018",18,"OP-00001962-LnInterior-S1924-T167524-A167524",e07ffab7005def816866ff41c61b7270a3b0af56c72ad1ec532ec4c763e78345,O00001924,167524,501,999000000000501999,168274,504,249000000000504249,2,CandidateNotObserved,ABSTAIN,2302,2302
0338ADEB4CDBB086D7819736292CB932608EA53DAD840AD3B8BBEAA605AC8349,"BUTAOTOME | HAKANAKI MONO NINGEN | YUEAST 2018",19,"OP-00001942-LnInterior-S601-T52690-A52690",f28e4a109a7ab5dedf8a8380311643395f35140f59cd1644c43612d3e19557c3,O00000601,52690,157,497000000000157497,52773,157,746000000000157746,0,CandidateNotObserved,ABSTAIN,723,723
0338ADEB4CDBB086D7819736292CB932608EA53DAD840AD3B8BBEAA605AC8349,"BUTAOTOME | HAKANAKI MONO NINGEN | YUEAST 2018",19,"OP-00001941-LnInterior-S601-T52857-A52857",07ee8c45cf1720ca6d3ad4cfcf174806c14f75fc66b163eab996c26d088de885,O00000601,52857,157,998000000000157998,53024,158,499000000000158499,2,NoObservedRelation,ABSTAIN,728,728
0338ADEB4CDBB086D7819736292CB932608EA53DAD840AD3B8BBEAA605AC8349,"BUTAOTOME | HAKANAKI MONO NINGEN | YUEAST 2018",19,"OP-00001943-LnInterior-S689-T59190-A59190",0db222e7ba959c0c7f70cb40501cfc8a2d1d13f469b5367df886748408e0e9b7,O00000689,59190,176,997000000000176997,59274,177,249000000000177249,3,NoObservedRelation,ABSTAIN,819,819
0338ADEB4CDBB086D7819736292CB932608EA53DAD840AD3B8BBEAA605AC8349,"BUTAOTOME | HAKANAKI MONO NINGEN | YUEAST 2018",19,"OP-00001955-LnInterior-S1165-T106024-A106024",5d3f4eaf2780139d04c10ed853269e46a2d42ff65d62ab7a607e08cbb9d02855,O00001165,106024,317,499000000000317499,106107,317,748000000000317748,3,CandidateNotObserved,ABSTAIN,1418,1418
0338ADEB4CDBB086D7819736292CB932608EA53DAD840AD3B8BBEAA605AC8349,"BUTAOTOME | HAKANAKI MONO NINGEN | YUEAST 2018",19,"OP-00001961-LnInterior-S1924-T168274-A168274",4f7974831679573941b82d733ef7f5fa2e70d85b9a635e02a5068ddd22c5fda6,O00001924,168274,504,249000000000504249,168441,504,750000000000504750,2,NoObservedRelation,ABSTAIN,2301,2301
0338ADEB4CDBB086D7819736292CB932608EA53DAD840AD3B8BBEAA605AC8349,"BUTAOTOME | HAKANAKI MONO NINGEN | YUEAST 2018",20,"OP-00001959-LnInterior-S1535-T138024-A138024",7e3d4c4b7ac02cfce512cb0d7ab0c8e28352b343c5d37b557c747e41b2eb8862,O00001535,138024,413,499000000000413499,138107,413,748000000000413748,3,CandidateNotObserved,ABSTAIN,1840,1840
20651C9B11DBB0D7BA2D64A8F167577AE0452762EEA83C5A7558BA89B8D2C788,"KIKUO | KARA KARA KARA NO KARA | XNETT",1,"OP-00010142-LnInterior-S232-T21136-A21136",0bc0913cdccd33bfafb921e1c0a10f54f28291760026880419f9038bc50fd29e,O00000232,21136,43,748133333333350832586666667,21362,44,249100000000017699640000003,5,NoObservedRelation,ABSTAIN,360,360
20651C9B11DBB0D7BA2D64A8F167577AE0452762EEA83C5A7558BA89B8D2C788,"KIKUO | KARA KARA KARA NO KARA | XNETT",1,"OP-00010143-LnInterior-S232-T21249-A21249",8bbb87d000e78172621dad03666b6dd58fe017d646146947f705c0a24f0304e0,O00000232,21249,43,998616666666684266113333333,21474,44,49736666666668446561333333,5,NoObservedRelation,ABSTAIN,367,367
20651C9B11DBB0D7BA2D64A8F167577AE0452762EEA83C5A7558BA89B8D2C788,"KIKUO | KARA KARA KARA NO KARA | XNETT",1,"OP-00010151-LnInterior-S2124-T120046-A120046",f5bbf05afef4971e2e2254d894e8b96598422a80138dfc4157f772bf3c035945,O00002124,120046,262,99863333333343853278666667,120130,263,18483333333343860726666667,5,NoObservedRelation,ABSTAIN,2931,2931
20651C9B11DBB0D7BA2D64A8F167577AE0452762EEA83C5A7558BA89B8D2C788,"KIKUO | KARA KARA KARA NO KARA | XNETT",1,"OP-00010160-LnInterior-S2159-T126249-A126249",e090419d3e8e338ccfb249728affb45cceb35beb635e0e7b45d40265c94b7de7,O00002159,126249,276,74861666666677736611333333,126559,277,43578333333344430764666667,5,NoObservedRelation,ABSTAIN,2995,2995
20651C9B11DBB0D7BA2D64A8F167577AE0452762EEA83C5A7558BA89B8D2C788,"KIKUO | KARA KARA KARA NO KARA | XNETT",1,"OP-00010163-LnInterior-S2172-T127941-A127941",1c0a4fe523f7149c733e6f868336a3c98722af12ea31ce749ccd5d4c7af34d93,O00002172,127941,280,49921666666677886635333333,128393,281,50115000000011260046000000,2,CandidateNotObserved,ABSTAIN,3015,3015
20651C9B11DBB0D7BA2D64A8F167577AE0452762EEA83C5A7558BA89B8D2C788,"KIKUO | KARA KARA KARA NO KARA | XNETT",1,"OP-00010176-LnInterior-S4712-T246410-A246410",9083da8d56587dd35e0c4861b9b075ccda5eff622302ff234f56b73c86dbf666,O00004712,246410,577,44755000000024340352750001,246807,578,57238333333357748674972219,2,CandidateNotObserved,ABSTAIN,6359,6359
20651C9B11DBB0D7BA2D64A8F167577AE0452762EEA83C5A7558BA89B8D2C788,"KIKUO | KARA KARA KARA NO KARA | XNETT",1,"OP-00010188-LnInterior-S10104-T467902-A467902",2f0c7ba110f44690f90e9846a4eab651c0d4a4e38e97e52dda5691f7012b5f72,O00010104,467902,1205,0082166666673284439719445,468233,1205,9460500000006624025275000,5,NoObservedRelation,ABSTAIN,13747,13747
20651C9B11DBB0D7BA2D64A8F167577AE0452762EEA83C5A7558BA89B8D2C788,"KIKUO | KARA KARA KARA NO KARA | XNETT",1,"OP-00010189-LnInterior-S10104-T468079-A468079",2dd0ba3dbdb90320fa415286587c8ca047da94fadd6733f953e3cc0b360c9242,O00010104,468079,1205,5097166666673287783052778,468256,1206,0112166666673291126386111,4,NoObservedRelation,ABSTAIN,13754,13754
20651C9B11DBB0D7BA2D64A8F167577AE0452762EEA83C5A7558BA89B8D2C788,"KIKUO | KARA KARA KARA NO KARA | XNETT",2,"OP-00010142-LnInterior-S232-T21136-A21136",0bc0913cdccd33bfafb921e1c0a10f54f28291760026880419f9038bc50fd29e,O00000232,21136,43,748133333333350832586666667,21362,44,249100000000017699640000003,5,NoObservedRelation,ABSTAIN,355,355
20651C9B11DBB0D7BA2D64A8F167577AE0452762EEA83C5A7558BA89B8D2C788,"KIKUO | KARA KARA KARA NO KARA | XNETT",2,"OP-00010143-LnInterior-S232-T21249-A21249",8bbb87d000e78172621dad03666b6dd58fe017d646146947f705c0a24f0304e0,O00000232,21249,43,998616666666684266113333333,21474,44,49736666666668446561333333,2,NoObservedRelation,ABSTAIN,362,362
20651C9B11DBB0D7BA2D64A8F167577AE0452762EEA83C5A7558BA89B8D2C788,"KIKUO | KARA KARA KARA NO KARA | XNETT",2,"OP-00010163-LnInterior-S2172-T127941-A127941",89e1f1aa07d2a4a9bb57e6551792111e1ccc3238a4327e2252f30f170a0def2a,O00002172,127941,280,49921666666677886635333333,128222,281,12210000000011244884000000,2,CandidateNotObserved,ABSTAIN,3021,3021
20651C9B11DBB0D7BA2D64A8F167577AE0452762EEA83C5A7558BA89B8D2C788,"KIKUO | KARA KARA KARA NO KARA | XNETT",2,"OP-00010164-LnInterior-S2176-T127941-A127941",0ad73699431c80622aefcfd30815f7ff79849489ccda8dc401fb0e67e5029599,O00002176,127941,280,49921666666677886635333333,128280,281,25066666666677916693333333,2,CandidateNotObserved,ABSTAIN,3024,3024
20651C9B11DBB0D7BA2D64A8F167577AE0452762EEA83C5A7558BA89B8D2C788,"KIKUO | KARA KARA KARA NO KARA | XNETT",2,"OP-00010176-LnInterior-S4712-T246410-A246410",9083da8d56587dd35e0c4861b9b075ccda5eff622302ff234f56b73c86dbf666,O00004712,246410,577,44755000000024340352750001,246807,578,57238333333357748674972219,2,CandidateNotObserved,ABSTAIN,6359,6359
20651C9B11DBB0D7BA2D64A8F167577AE0452762EEA83C5A7558BA89B8D2C788,"KIKUO | KARA KARA KARA NO KARA | XNETT",3,"OP-00010142-LnInterior-S232-T21136-A21136",55326f47eaa9c252287114c342226a8b0963066f97867dcbc4036ee8cadcc959,O00000232,21136,43,748133333333350832586666667,21361,44,24688333333335103208666667,4,NoObservedRelation,ABSTAIN,348,348
20651C9B11DBB0D7BA2D64A8F167577AE0452762EEA83C5A7558BA89B8D2C788,"KIKUO | KARA KARA KARA NO KARA | XNETT",3,"OP-00010143-LnInterior-S232-T21249-A21249",2ba369a0e851a293d77401e4dcdbe333c62ba57521930e08320397d683807e11,O00000232,21249,43,998616666666684266113333333,21475,44,499583333333351133166666663,0,NoObservedRelation,ABSTAIN,354,354
20651C9B11DBB0D7BA2D64A8F167577AE0452762EEA83C5A7558BA89B8D2C788,"KIKUO | KARA KARA KARA NO KARA | XNETT",3,"OP-00010150-LnInterior-S2124-T119821-A119821",5f94998677ae404f8db70ce814d0d6590b8845f94a25ae8a9cd37edb83e05e35,O00002124,119821,262,49988333333343833328666667,120046,262,99863333333343853278666667,0,NoObservedRelation,ABSTAIN,2920,2920
20651C9B11DBB0D7BA2D64A8F167577AE0452762EEA83C5A7558BA89B8D2C788,"KIKUO | KARA KARA KARA NO KARA | XNETT",3,"OP-00010164-LnInterior-S2176-T127941-A127941",215dcaf5e3dc49a9f8799d070ce6a0251efc47df7ce35f4a8b2b62288499ad1c,O00002176,127941,280,49921666666677886635333333,128393,281,50115000000011260046000000,2,CandidateNotObserved,ABSTAIN,3001,3001
20651C9B11DBB0D7BA2D64A8F167577AE0452762EEA83C5A7558BA89B8D2C788,"KIKUO | KARA KARA KARA NO KARA | XNETT",4,"OP-00010142-LnInterior-S232-T21136-A21136",0bc0913cdccd33bfafb921e1c0a10f54f28291760026880419f9038bc50fd29e,O00000232,21136,43,748133333333350832586666667,21362,44,249100000000017699640000003,4,NoObservedRelation,ABSTAIN,347,347
20651C9B11DBB0D7BA2D64A8F167577AE0452762EEA83C5A7558BA89B8D2C788,"KIKUO | KARA KARA KARA NO KARA | XNETT",4,"OP-00010143-LnInterior-S232-T21249-A21249",2ba369a0e851a293d77401e4dcdbe333c62ba57521930e08320397d683807e11,O00000232,21249,43,998616666666684266113333333,21475,44,499583333333351133166666663,0,NoObservedRelation,ABSTAIN,354,354
20651C9B11DBB0D7BA2D64A8F167577AE0452762EEA83C5A7558BA89B8D2C788,"KIKUO | KARA KARA KARA NO KARA | XNETT",4,"OP-00010160-LnInterior-S2159-T126249-A126249",e090419d3e8e338ccfb249728affb45cceb35beb635e0e7b45d40265c94b7de7,O00002159,126249,276,74861666666677736611333333,126559,277,43578333333344430764666667,5,NoObservedRelation,ABSTAIN,2955,2955
20651C9B11DBB0D7BA2D64A8F167577AE0452762EEA83C5A7558BA89B8D2C788,"KIKUO | KARA KARA KARA NO KARA | XNETT",4,"OP-00010173-LnInterior-S4595-T240807-A240807",e9729710c8fc17de72230b91611aa2642519501b37ad9f5d8083044650daf565,O00004595,240807,561,57238333333356615341638890,241028,562,19855000000023323752750004,2,NoObservedRelation,ABSTAIN,6144,6144
20651C9B11DBB0D7BA2D64A8F167577AE0452762EEA83C5A7558BA89B8D2C788,"KIKUO | KARA KARA KARA NO KARA | XNETT",4,"OP-00010185-LnInterior-S6667-T318895-A318895",6d8aa34c2a5ac5dcf8ef878b1297436d5fb308cb10e38db65c8447334c52a168,O00006667,318895,782,82171666666704698630527779,318983,783,07105000000038048586083338,2,NoObservedRelation,ABSTAIN,8938,8938
20651C9B11DBB0D7BA2D64A8F167577AE0452762EEA83C5A7558BA89B8D2C788,"KIKUO | KARA KARA KARA NO KARA | XNETT",4,"OP-00010188-LnInterior-S10104-T467902-A467902",95e6e97cd870990701ab759d1cb3f36840bc5cb19a7bded4102198c4851c67fd,O00010104,467902,1205,0082166666673284439719445,468079,1205,5097166666673287783052778,5,NoObservedRelation,ABSTAIN,13693,13693
20651C9B11DBB0D7BA2D64A8F167577AE0452762EEA83C5A7558BA89B8D2C788,"KIKUO | KARA KARA KARA NO KARA | XNETT",4,"OP-00010189-LnInterior-S10104-T468079-A468079",015152f2f5a8af8390f6419db0f00691c3824fcddfdbaf768ebb02bfa69b9f4f,O00010104,468079,1205,5097166666673287783052778,468410,1206,4475500000006627368608333,4,NoObservedRelation,ABSTAIN,13700,13700
20651C9B11DBB0D7BA2D64A8F167577AE0452762EEA83C5A7558BA89B8D2C788,"KIKUO | KARA KARA KARA NO KARA | XNETT",5,"OP-00010143-LnInterior-S232-T21249-A21249",8bbb87d000e78172621dad03666b6dd58fe017d646146947f705c0a24f0304e0,O00000232,21249,43,998616666666684266113333333,21474,44,49736666666668446561333333,0,NoObservedRelation,ABSTAIN,356,356
20651C9B11DBB0D7BA2D64A8F167577AE0452762EEA83C5A7558BA89B8D2C788,"KIKUO | KARA KARA KARA NO KARA | XNETT",5,"OP-00010151-LnInterior-S2124-T120046-A120046",579c5ce87798aeb871df79bb0e711fe68f973395b73df78c6ee147a7a8bcb918,O00002124,120046,262,99863333333343853278666667,120243,263,43531666666677204079333334,0,NoObservedRelation,ABSTAIN,2914,2914
20651C9B11DBB0D7BA2D64A8F167577AE0452762EEA83C5A7558BA89B8D2C788,"KIKUO | KARA KARA KARA NO KARA | XNETT",5,"OP-00010160-LnInterior-S2159-T126249-A126249",24494516427064c685db648e7f256b6735e56fcb8e9f0dabc8791056b4bf7273,O00002159,126249,276,74861666666677736611333333,126756,277,87246666666677781565333333,5,NoObservedRelation,ABSTAIN,2976,2976
20651C9B11DBB0D7BA2D64A8F167577AE0452762EEA83C5A7558BA89B8D2C788,"KIKUO | KARA KARA KARA NO KARA | XNETT",5,"OP-00010164-LnInterior-S2176-T127941-A127941",1a402b3b51c680625739e60d8d5a1a615de06d47fab44b8b4bbd3b1fa4088302,O00002176,127941,280,49921666666677886635333333,128392,281,49893333333344593290666667,2,CandidateObservedUnique,ADMIT,2997,2997
20651C9B11DBB0D7BA2D64A8F167577AE0452762EEA83C5A7558BA89B8D2C788,"KIKUO | KARA KARA KARA NO KARA | XNETT",5,"OP-00010173-LnInterior-S4595-T240807-A240807",e9729710c8fc17de72230b91611aa2642519501b37ad9f5d8083044650daf565,O00004595,240807,561,57238333333356615341638890,241028,562,19855000000023323752750004,2,NoObservedRelation,ABSTAIN,6143,6143
20651C9B11DBB0D7BA2D64A8F167577AE0452762EEA83C5A7558BA89B8D2C788,"KIKUO | KARA KARA KARA NO KARA | XNETT",5,"OP-00010176-LnInterior-S4712-T246410-A246410",bd0f301da17df67d235dca4ffce3394bb7e4482b0fa6fe9a26c93bb60d190262,O00004712,246410,577,44755000000024340352750001,246454,577,57221666666691015330527779,4,CandidateNotObserved,ABSTAIN,6316,6316
20651C9B11DBB0D7BA2D64A8F167577AE0452762EEA83C5A7558BA89B8D2C788,"KIKUO | KARA KARA KARA NO KARA | XNETT",5,"OP-00010184-LnInterior-S6667-T319056-A319056",0fba8bbd087ef5cdc4fb583400f0296696ecfd22c80b865e949da8a79202cf36,O00006667,319056,783,27788333333371395708305557,319166,783,58955000000038083152749998,0,NoObservedRelation,ABSTAIN,9012,9012
20651C9B11DBB0D7BA2D64A8F167577AE0452762EEA83C5A7558BA89B8D2C788,"KIKUO | KARA KARA KARA NO KARA | XNETT",5,"OP-00010188-LnInterior-S10104-T467902-A467902",2f0c7ba110f44690f90e9846a4eab651c0d4a4e38e97e52dda5691f7012b5f72,O00010104,467902,1205,0082166666673284439719445,468233,1205,9460500000006624025275000,5,NoObservedRelation,ABSTAIN,13759,13759
20651C9B11DBB0D7BA2D64A8F167577AE0452762EEA83C5A7558BA89B8D2C788,"KIKUO | KARA KARA KARA NO KARA | XNETT",5,"OP-00010189-LnInterior-S10104-T468079-A468079",015152f2f5a8af8390f6419db0f00691c3824fcddfdbaf768ebb02bfa69b9f4f,O00010104,468079,1205,5097166666673287783052778,468410,1206,4475500000006627368608333,4,NoObservedRelation,ABSTAIN,13765,13765
20651C9B11DBB0D7BA2D64A8F167577AE0452762EEA83C5A7558BA89B8D2C788,"KIKUO | KARA KARA KARA NO KARA | XNETT",6,"OP-00010142-LnInterior-S232-T21136-A21136",0bc0913cdccd33bfafb921e1c0a10f54f28291760026880419f9038bc50fd29e,O00000232,21136,43,748133333333350832586666667,21362,44,249100000000017699640000003,5,NoObservedRelation,ABSTAIN,362,362
20651C9B11DBB0D7BA2D64A8F167577AE0452762EEA83C5A7558BA89B8D2C788,"KIKUO | KARA KARA KARA NO KARA | XNETT",6,"OP-00010151-LnInterior-S2124-T120046-A120046",579c5ce87798aeb871df79bb0e711fe68f973395b73df78c6ee147a7a8bcb918,O00002124,120046,262,99863333333343853278666667,120243,263,43531666666677204079333334,5,NoObservedRelation,ABSTAIN,2904,2904
20651C9B11DBB0D7BA2D64A8F167577AE0452762EEA83C5A7558BA89B8D2C788,"KIKUO | KARA KARA KARA NO KARA | XNETT",6,"OP-00010157-LnInterior-S2139-T123655-A123655",4d63f998cb8e8a8038cde942daf0b75f88b55f2d86fc21d2272a1b2aee102bf7,O00002139,123655,270,99858333333344173276666667,123993,271,74781666666677536579333333,2,NoObservedRelation,ABSTAIN,2936,2936
20651C9B11DBB0D7BA2D64A8F167577AE0452762EEA83C5A7558BA89B8D2C788,"KIKUO | KARA KARA KARA NO KARA | XNETT",6,"OP-00010176-LnInterior-S4712-T246410-A246410",c24309a0f5bd795d6e09005dae3920dd6907e180a1fe8da6b7f67745d2a2c27c,O00004712,246410,577,44755000000024340352750001,246718,578,32021666666691065197194448,2,CandidateNotObserved,ABSTAIN,6332,6332
20651C9B11DBB0D7BA2D64A8F167577AE0452762EEA83C5A7558BA89B8D2C788,"KIKUO | KARA KARA KARA NO KARA | XNETT",6,"OP-00010189-LnInterior-S10104-T468079-A468079",015152f2f5a8af8390f6419db0f00691c3824fcddfdbaf768ebb02bfa69b9f4f,O00010104,468079,1205,5097166666673287783052778,468410,1206,4475500000006627368608333,4,NoObservedRelation,ABSTAIN,13718,13718
20651C9B11DBB0D7BA2D64A8F167577AE0452762EEA83C5A7558BA89B8D2C788,"KIKUO | KARA KARA KARA NO KARA | XNETT",7,"OP-00010143-LnInterior-S232-T21249-A21249",2ba369a0e851a293d77401e4dcdbe333c62ba57521930e08320397d683807e11,O00000232,21249,43,998616666666684266113333333,21475,44,499583333333351133166666663,0,NoObservedRelation,ABSTAIN,374,374
20651C9B11DBB0D7BA2D64A8F167577AE0452762EEA83C5A7558BA89B8D2C788,"KIKUO | KARA KARA KARA NO KARA | XNETT",7,"OP-00010164-LnInterior-S2176-T127941-A127941",215dcaf5e3dc49a9f8799d070ce6a0251efc47df7ce35f4a8b2b62288499ad1c,O00002176,127941,280,49921666666677886635333333,128393,281,50115000000011260046000000,2,CandidateNotObserved,ABSTAIN,3014,3014
20651C9B11DBB0D7BA2D64A8F167577AE0452762EEA83C5A7558BA89B8D2C788,"KIKUO | KARA KARA KARA NO KARA | XNETT",7,"OP-00010185-LnInterior-S6667-T318895-A318895",47ba37663ae6a39c541d9d66eed5da1e565f7b343f6d67b7322960ce450ded4e,O00006667,318895,782,82171666666704698630527779,318984,783,07388333333371382108305558,2,NoObservedRelation,ABSTAIN,8993,8993
20651C9B11DBB0D7BA2D64A8F167577AE0452762EEA83C5A7558BA89B8D2C788,"KIKUO | KARA KARA KARA NO KARA | XNETT",7,"OP-00010188-LnInterior-S10104-T467902-A467902",2f0c7ba110f44690f90e9846a4eab651c0d4a4e38e97e52dda5691f7012b5f72,O00010104,467902,1205,0082166666673284439719445,468233,1205,9460500000006624025275000,5,NoObservedRelation,ABSTAIN,13747,13747
20651C9B11DBB0D7BA2D64A8F167577AE0452762EEA83C5A7558BA89B8D2C788,"KIKUO | KARA KARA KARA NO KARA | XNETT",8,"OP-00010142-LnInterior-S232-T21136-A21136",0bc0913cdccd33bfafb921e1c0a10f54f28291760026880419f9038bc50fd29e,O00000232,21136,43,748133333333350832586666667,21362,44,249100000000017699640000003,5,NoObservedRelation,ABSTAIN,363,363
20651C9B11DBB0D7BA2D64A8F167577AE0452762EEA83C5A7558BA89B8D2C788,"KIKUO | KARA KARA KARA NO KARA | XNETT",8,"OP-00010143-LnInterior-S232-T21249-A21249",8bbb87d000e78172621dad03666b6dd58fe017d646146947f705c0a24f0304e0,O00000232,21249,43,998616666666684266113333333,21474,44,49736666666668446561333333,5,NoObservedRelation,ABSTAIN,369,369
20651C9B11DBB0D7BA2D64A8F167577AE0452762EEA83C5A7558BA89B8D2C788,"KIKUO | KARA KARA KARA NO KARA | XNETT",8,"OP-00010160-LnInterior-S2159-T126249-A126249",b4c526219f6b6d7ae151d7de5e8d14a6a35fa0149647ca805197301af34d21cd,O00002159,126249,276,74861666666677736611333333,126588,277,50006666666677766669333333,5,NoObservedRelation,ABSTAIN,2995,2995
20651C9B11DBB0D7BA2D64A8F167577AE0452762EEA83C5A7558BA89B8D2C788,"KIKUO | KARA KARA KARA NO KARA | XNETT",8,"OP-00010176-LnInterior-S4712-T246410-A246410",ff1572c26a4725aea575d49ff9528122a58157768e344ad68c69ba2a285a5793,O00004712,246410,577,44755000000024340352750001,246630,578,07088333333357715241638892,2,CandidateNotObserved,ABSTAIN,6381,6381
20651C9B11DBB0D7BA2D64A8F167577AE0452762EEA83C5A7558BA89B8D2C788,"KIKUO | KARA KARA KARA NO KARA | XNETT",8,"OP-00010188-LnInterior-S10104-T467902-A467902",2f0c7ba110f44690f90e9846a4eab651c0d4a4e38e97e52dda5691f7012b5f72,O00010104,467902,1205,0082166666673284439719445,468233,1205,9460500000006624025275000,5,NoObservedRelation,ABSTAIN,13761,13761
20651C9B11DBB0D7BA2D64A8F167577AE0452762EEA83C5A7558BA89B8D2C788,"KIKUO | KARA KARA KARA NO KARA | XNETT",9,"OP-00010163-LnInterior-S2172-T127941-A127941",43843c180d7d3c27d89934053d1bcd11c95e3a34fc433f0b05b735d403a0e8b8,O00002172,127941,280,49921666666677886635333333,128392,281,49893333333344593290666667,2,CandidateObservedUnique,ADMIT,3011,3011
20651C9B11DBB0D7BA2D64A8F167577AE0452762EEA83C5A7558BA89B8D2C788,"KIKUO | KARA KARA KARA NO KARA | XNETT",9,"OP-00010173-LnInterior-S4595-T240807-A240807",e9729710c8fc17de72230b91611aa2642519501b37ad9f5d8083044650daf565,O00004595,240807,561,57238333333356615341638890,241028,562,19855000000023323752750004,4,NoObservedRelation,ABSTAIN,6186,6186
20651C9B11DBB0D7BA2D64A8F167577AE0452762EEA83C5A7558BA89B8D2C788,"KIKUO | KARA KARA KARA NO KARA | XNETT",9,"OP-00010181-LnInterior-S6474-T309410-A309410",650a05561ef3f42bd853d3bada13cca4f3328a8b7a8527c016465577f3466dfd,O00006474,309410,755,94755000000036240352750001,309542,756,32155000000036265286083332,0,CandidateNotObserved,ABSTAIN,8722,8722
20651C9B11DBB0D7BA2D64A8F167577AE0452762EEA83C5A7558BA89B8D2C788,"KIKUO | KARA KARA KARA NO KARA | XNETT",9,"OP-00010184-LnInterior-S6667-T319056-A319056",76421596274220e333ce433f2998b0d00cad89892ad410e8fd2e6248e3f6c3b4,O00006667,319056,783,27788333333371395708305557,319145,783,53005000000038079186083338,0,NoObservedRelation,ABSTAIN,9023,9023
20651C9B11DBB0D7BA2D64A8F167577AE0452762EEA83C5A7558BA89B8D2C788,"KIKUO | KARA KARA KARA NO KARA | XNETT",10,"OP-00010143-LnInterior-S232-T21249-A21249",8bbb87d000e78172621dad03666b6dd58fe017d646146947f705c0a24f0304e0,O00000232,21249,43,998616666666684266113333333,21474,44,49736666666668446561333333,2,NoObservedRelation,ABSTAIN,357,357
20651C9B11DBB0D7BA2D64A8F167577AE0452762EEA83C5A7558BA89B8D2C788,"KIKUO | KARA KARA KARA NO KARA | XNETT",10,"OP-00010150-LnInterior-S2124-T119821-A119821",5f94998677ae404f8db70ce814d0d6590b8845f94a25ae8a9cd37edb83e05e35,O00002124,119821,262,49988333333343833328666667,120046,262,99863333333343853278666667,0,NoObservedRelation,ABSTAIN,2884,2884
20651C9B11DBB0D7BA2D64A8F167577AE0452762EEA83C5A7558BA89B8D2C788,"KIKUO | KARA KARA KARA NO KARA | XNETT",10,"OP-00010173-LnInterior-S4595-T240807-A240807",c92e48db136411e49ab1de3ff67547d49b6a0cb286369d133cd57b2b65001182,O00004595,240807,561,57238333333356615341638890,241027,562,19571666666689990230527781,2,NoObservedRelation,ABSTAIN,6131,6131
20651C9B11DBB0D7BA2D64A8F167577AE0452762EEA83C5A7558BA89B8D2C788,"KIKUO | KARA KARA KARA NO KARA | XNETT",10,"OP-00010176-LnInterior-S4712-T246410-A246410",4e2fe7672cd12a73994101ac21ed44886f952eecaed1c7ef0064dc19fb50664e,O00004712,246410,577,44755000000024340352750001,246719,578,32305000000024398719416665,2,CandidateNotObserved,ABSTAIN,6295,6295
20651C9B11DBB0D7BA2D64A8F167577AE0452762EEA83C5A7558BA89B8D2C788,"KIKUO | KARA KARA KARA NO KARA | XNETT",11,"OP-00010142-LnInterior-S232-T21136-A21136",55326f47eaa9c252287114c342226a8b0963066f97867dcbc4036ee8cadcc959,O00000232,21136,43,748133333333350832586666667,21361,44,24688333333335103208666667,4,NoObservedRelation,ABSTAIN,367,367
20651C9B11DBB0D7BA2D64A8F167577AE0452762EEA83C5A7558BA89B8D2C788,"KIKUO | KARA KARA KARA NO KARA | XNETT",11,"OP-00010160-LnInterior-S2159-T126249-A126249",d748dea3ebb7c41523e86e304964ef4b70d0292ca8942f568da47eba1c0b4c06,O00002159,126249,276,74861666666677736611333333,126813,277,99881666666677786619333333,5,NoObservedRelation,ABSTAIN,2995,2995
20651C9B11DBB0D7BA2D64A8F167577AE0452762EEA83C5A7558BA89B8D2C788,"KIKUO | KARA KARA KARA NO KARA | XNETT",11,"OP-00010173-LnInterior-S4595-T240807-A240807",e9729710c8fc17de72230b91611aa2642519501b37ad9f5d8083044650daf565,O00004595,240807,561,57238333333356615341638890,241028,562,19855000000023323752750004,2,NoObservedRelation,ABSTAIN,6202,6202
20651C9B11DBB0D7BA2D64A8F167577AE0452762EEA83C5A7558BA89B8D2C788,"KIKUO | KARA KARA KARA NO KARA | XNETT",11,"OP-00010176-LnInterior-S4712-T246410-A246410",bd0f301da17df67d235dca4ffce3394bb7e4482b0fa6fe9a26c93bb60d190262,O00004712,246410,577,44755000000024340352750001,246454,577,57221666666691015330527779,4,CandidateNotObserved,ABSTAIN,6375,6375
20651C9B11DBB0D7BA2D64A8F167577AE0452762EEA83C5A7558BA89B8D2C788,"KIKUO | KARA KARA KARA NO KARA | XNETT",12,"OP-00010142-LnInterior-S232-T21136-A21136",55326f47eaa9c252287114c342226a8b0963066f97867dcbc4036ee8cadcc959,O00000232,21136,43,748133333333350832586666667,21361,44,24688333333335103208666667,4,NoObservedRelation,ABSTAIN,359,359
20651C9B11DBB0D7BA2D64A8F167577AE0452762EEA83C5A7558BA89B8D2C788,"KIKUO | KARA KARA KARA NO KARA | XNETT",12,"OP-00010150-LnInterior-S2124-T119821-A119821",857058f7d27f63284342257482754b658a8db3c27ca00a21bee2f55b48bf6ec9,O00002124,119821,262,49988333333343833328666667,119990,262,87450000000010514980000001,0,NoObservedRelation,ABSTAIN,2914,2914
20651C9B11DBB0D7BA2D64A8F167577AE0452762EEA83C5A7558BA89B8D2C788,"KIKUO | KARA KARA KARA NO KARA | XNETT",12,"OP-00010151-LnInterior-S2124-T120046-A120046",dfc80f55bedece532af1b459322eee1715ab6006e2beb89d8e63da09cf8c1864,O00002124,120046,262,99863333333343853278666667,120216,263,37546666666677201685333333,5,NoObservedRelation,ABSTAIN,2917,2917
20651C9B11DBB0D7BA2D64A8F167577AE0452762EEA83C5A7558BA89B8D2C788,"KIKUO | KARA KARA KARA NO KARA | XNETT",12,"OP-00010164-LnInterior-S2176-T127941-A127941",1a402b3b51c680625739e60d8d5a1a615de06d47fab44b8b4bbd3b1fa4088302,O00002176,127941,280,49921666666677886635333333,128392,281,49893333333344593290666667,2,CandidateObservedUnique,ADMIT,2993,2993
20651C9B11DBB0D7BA2D64A8F167577AE0452762EEA83C5A7558BA89B8D2C788,"KIKUO | KARA KARA KARA NO KARA | XNETT",12,"OP-00010185-LnInterior-S6667-T318895-A318895",47ba37663ae6a39c541d9d66eed5da1e565f7b343f6d67b7322960ce450ded4e,O00006667,318895,782,82171666666704698630527779,318984,783,07388333333371382108305558,2,NoObservedRelation,ABSTAIN,8961,8961
20651C9B11DBB0D7BA2D64A8F167577AE0452762EEA83C5A7558BA89B8D2C788,"KIKUO | KARA KARA KARA NO KARA | XNETT",12,"OP-00010184-LnInterior-S6667-T319056-A319056",c683e2a49faed471c4a9e811437721b7611aa7e7b29caf89a5d6975cc057c790,O00006667,319056,783,27788333333371395708305557,319188,783,65188333333371420641638888,0,NoObservedRelation,ABSTAIN,8971,8971
20651C9B11DBB0D7BA2D64A8F167577AE0452762EEA83C5A7558BA89B8D2C788,"KIKUO | KARA KARA KARA NO KARA | XNETT",13,"OP-00010142-LnInterior-S232-T21136-A21136",0bc0913cdccd33bfafb921e1c0a10f54f28291760026880419f9038bc50fd29e,O00000232,21136,43,748133333333350832586666667,21362,44,249100000000017699640000003,4,NoObservedRelation,ABSTAIN,335,335
20651C9B11DBB0D7BA2D64A8F167577AE0452762EEA83C5A7558BA89B8D2C788,"KIKUO | KARA KARA KARA NO KARA | XNETT",13,"OP-00010143-LnInterior-S232-T21249-A21249",8bbb87d000e78172621dad03666b6dd58fe017d646146947f705c0a24f0304e0,O00000232,21249,43,998616666666684266113333333,21474,44,49736666666668446561333333,4,NoObservedRelation,ABSTAIN,341,341
20651C9B11DBB0D7BA2D64A8F167577AE0452762EEA83C5A7558BA89B8D2C788,"KIKUO | KARA KARA KARA NO KARA | XNETT",13,"OP-00010150-LnInterior-S2124-T119821-A119821",857058f7d27f63284342257482754b658a8db3c27ca00a21bee2f55b48bf6ec9,O00002124,119821,262,49988333333343833328666667,119990,262,87450000000010514980000001,0,NoObservedRelation,ABSTAIN,2904,2904
20651C9B11DBB0D7BA2D64A8F167577AE0452762EEA83C5A7558BA89B8D2C788,"KIKUO | KARA KARA KARA NO KARA | XNETT",13,"OP-00010151-LnInterior-S2124-T120046-A120046",dfc80f55bedece532af1b459322eee1715ab6006e2beb89d8e63da09cf8c1864,O00002124,120046,262,99863333333343853278666667,120216,263,37546666666677201685333333,0,NoObservedRelation,ABSTAIN,2907,2907
20651C9B11DBB0D7BA2D64A8F167577AE0452762EEA83C5A7558BA89B8D2C788,"KIKUO | KARA KARA KARA NO KARA | XNETT",13,"OP-00010163-LnInterior-S2172-T127941-A127941",89e1f1aa07d2a4a9bb57e6551792111e1ccc3238a4327e2252f30f170a0def2a,O00002172,127941,280,49921666666677886635333333,128222,281,12210000000011244884000000,2,CandidateNotObserved,ABSTAIN,2986,2986
20651C9B11DBB0D7BA2D64A8F167577AE0452762EEA83C5A7558BA89B8D2C788,"KIKUO | KARA KARA KARA NO KARA | XNETT",13,"OP-00010173-LnInterior-S4595-T240807-A240807",ccbc963c1d2b28721468de1085e9ceb3126d573db2c3679dd99a0715614a94bf,O00004595,240807,561,57238333333356615341638890,240939,561,94638333333356640274972227,2,NoObservedRelation,ABSTAIN,6142,6142
20651C9B11DBB0D7BA2D64A8F167577AE0452762EEA83C5A7558BA89B8D2C788,"KIKUO | KARA KARA KARA NO KARA | XNETT",13,"OP-00010184-LnInterior-S6667-T319056-A319056",c683e2a49faed471c4a9e811437721b7611aa7e7b29caf89a5d6975cc057c790,O00006667,319056,783,27788333333371395708305557,319188,783,65188333333371420641638888,0,NoObservedRelation,ABSTAIN,8944,8944
20651C9B11DBB0D7BA2D64A8F167577AE0452762EEA83C5A7558BA89B8D2C788,"KIKUO | KARA KARA KARA NO KARA | XNETT",13,"OP-00010188-LnInterior-S10104-T467902-A467902",2f0c7ba110f44690f90e9846a4eab651c0d4a4e38e97e52dda5691f7012b5f72,O00010104,467902,1205,0082166666673284439719445,468233,1205,9460500000006624025275000,5,NoObservedRelation,ABSTAIN,13669,13669
20651C9B11DBB0D7BA2D64A8F167577AE0452762EEA83C5A7558BA89B8D2C788,"KIKUO | KARA KARA KARA NO KARA | XNETT",14,"OP-00010143-LnInterior-S232-T21249-A21249",8bbb87d000e78172621dad03666b6dd58fe017d646146947f705c0a24f0304e0,O00000232,21249,43,998616666666684266113333333,21474,44,49736666666668446561333333,4,NoObservedRelation,ABSTAIN,347,347
20651C9B11DBB0D7BA2D64A8F167577AE0452762EEA83C5A7558BA89B8D2C788,"KIKUO | KARA KARA KARA NO KARA | XNETT",14,"OP-00010173-LnInterior-S4595-T240807-A240807",08ac656375c69b5a69dc2312ebc035d8e3ba493502131c42396d955ecc6ae498,O00004595,240807,561,57238333333356615341638890,240851,561,69705000000023290319416668,2,NoObservedRelation,ABSTAIN,6181,6181
20651C9B11DBB0D7BA2D64A8F167577AE0452762EEA83C5A7558BA89B8D2C788,"KIKUO | KARA KARA KARA NO KARA | XNETT",14,"OP-00010188-LnInterior-S10104-T467902-A467902",95e6e97cd870990701ab759d1cb3f36840bc5cb19a7bded4102198c4851c67fd,O00010104,467902,1205,0082166666673284439719445,468079,1205,5097166666673287783052778,5,NoObservedRelation,ABSTAIN,13746,13746
20651C9B11DBB0D7BA2D64A8F167577AE0452762EEA83C5A7558BA89B8D2C788,"KIKUO | KARA KARA KARA NO KARA | XNETT",15,"OP-00010143-LnInterior-S232-T21249-A21249",2ba369a0e851a293d77401e4dcdbe333c62ba57521930e08320397d683807e11,O00000232,21249,43,998616666666684266113333333,21475,44,499583333333351133166666663,0,NoObservedRelation,ABSTAIN,368,368
20651C9B11DBB0D7BA2D64A8F167577AE0452762EEA83C5A7558BA89B8D2C788,"KIKUO | KARA KARA KARA NO KARA | XNETT",15,"OP-00010151-LnInterior-S2124-T120046-A120046",579c5ce87798aeb871df79bb0e711fe68f973395b73df78c6ee147a7a8bcb918,O00002124,120046,262,99863333333343853278666667,120243,263,43531666666677204079333334,0,NoObservedRelation,ABSTAIN,2942,2942
20651C9B11DBB0D7BA2D64A8F167577AE0452762EEA83C5A7558BA89B8D2C788,"KIKUO | KARA KARA KARA NO KARA | XNETT",15,"OP-00010160-LnInterior-S2159-T126249-A126249",4b6d4286fc060fbb05344077d5ce0706d582f748980de6a407441fdcc17a32a8,O00002159,126249,276,74861666666677736611333333,126700,277,74833333333344443266666666,5,NoObservedRelation,ABSTAIN,3004,3004
20651C9B11DBB0D7BA2D64A8F167577AE0452762EEA83C5A7558BA89B8D2C788,"KIKUO | KARA KARA KARA NO KARA | XNETT",15,"OP-00010175-LnInterior-S4653-T242351-A242351",b530e31e2ac879f3a4c8257f53da0af65fcd7fd357697ddf779b3a19526a6411,O00004653,242351,565,94705000000023573652750001,242395,566,07171666666690248630527778,6,CandidateNotObserved,ABSTAIN,6266,6266
20651C9B11DBB0D7BA2D64A8F167577AE0452762EEA83C5A7558BA89B8D2C788,"KIKUO | KARA KARA KARA NO KARA | XNETT",15,"OP-00010185-LnInterior-S6667-T318895-A318895",47ba37663ae6a39c541d9d66eed5da1e565f7b343f6d67b7322960ce450ded4e,O00006667,318895,782,82171666666704698630527779,318984,783,07388333333371382108305558,2,NoObservedRelation,ABSTAIN,9022,9022
20651C9B11DBB0D7BA2D64A8F167577AE0452762EEA83C5A7558BA89B8D2C788,"KIKUO | KARA KARA KARA NO KARA | XNETT",15,"OP-00010184-LnInterior-S6667-T319056-A319056",3ed26f27a6c6928fea9531f045ccbf9802b1517f957d32eb1705c2aebf017b56,O00006667,319056,783,27788333333371395708305557,319204,783,69721666666704756997194446,0,NoObservedRelation,ABSTAIN,9032,9032
20651C9B11DBB0D7BA2D64A8F167577AE0452762EEA83C5A7558BA89B8D2C788,"KIKUO | KARA KARA KARA NO KARA | XNETT",15,"OP-00010188-LnInterior-S10104-T467902-A467902",2f0c7ba110f44690f90e9846a4eab651c0d4a4e38e97e52dda5691f7012b5f72,O00010104,467902,1205,0082166666673284439719445,468233,1205,9460500000006624025275000,5,NoObservedRelation,ABSTAIN,13789,13789
20651C9B11DBB0D7BA2D64A8F167577AE0452762EEA83C5A7558BA89B8D2C788,"KIKUO | KARA KARA KARA NO KARA | XNETT",15,"OP-00010189-LnInterior-S10104-T468079-A468079",015152f2f5a8af8390f6419db0f00691c3824fcddfdbaf768ebb02bfa69b9f4f,O00010104,468079,1205,5097166666673287783052778,468410,1206,4475500000006627368608333,4,NoObservedRelation,ABSTAIN,13795,13795
20651C9B11DBB0D7BA2D64A8F167577AE0452762EEA83C5A7558BA89B8D2C788,"KIKUO | KARA KARA KARA NO KARA | XNETT",16,"OP-00010143-LnInterior-S232-T21249-A21249",2ba369a0e851a293d77401e4dcdbe333c62ba57521930e08320397d683807e11,O00000232,21249,43,998616666666684266113333333,21475,44,499583333333351133166666663,0,NoObservedRelation,ABSTAIN,349,349
20651C9B11DBB0D7BA2D64A8F167577AE0452762EEA83C5A7558BA89B8D2C788,"KIKUO | KARA KARA KARA NO KARA | XNETT",16,"OP-00010151-LnInterior-S2124-T120046-A120046",dfc80f55bedece532af1b459322eee1715ab6006e2beb89d8e63da09cf8c1864,O00002124,120046,262,99863333333343853278666667,120216,263,37546666666677201685333333,5,NoObservedRelation,ABSTAIN,2897,2897
20651C9B11DBB0D7BA2D64A8F167577AE0452762EEA83C5A7558BA89B8D2C788,"KIKUO | KARA KARA KARA NO KARA | XNETT",16,"OP-00010157-LnInterior-S2139-T123655-A123655",4d63f998cb8e8a8038cde942daf0b75f88b55f2d86fc21d2272a1b2aee102bf7,O00002139,123655,270,99858333333344173276666667,123993,271,74781666666677536579333333,2,NoObservedRelation,ABSTAIN,2927,2927
20651C9B11DBB0D7BA2D64A8F167577AE0452762EEA83C5A7558BA89B8D2C788,"KIKUO | KARA KARA KARA NO KARA | XNETT",16,"OP-00010173-LnInterior-S4595-T240807-A240807",e9729710c8fc17de72230b91611aa2642519501b37ad9f5d8083044650daf565,O00004595,240807,561,57238333333356615341638890,241028,562,19855000000023323752750004,2,NoObservedRelation,ABSTAIN,6170,6170
20651C9B11DBB0D7BA2D64A8F167577AE0452762EEA83C5A7558BA89B8D2C788,"KIKUO | KARA KARA KARA NO KARA | XNETT",16,"OP-00010185-LnInterior-S6667-T318895-A318895",47ba37663ae6a39c541d9d66eed5da1e565f7b343f6d67b7322960ce450ded4e,O00006667,318895,782,82171666666704698630527779,318984,783,07388333333371382108305558,2,NoObservedRelation,ABSTAIN,9038,9038
20651C9B11DBB0D7BA2D64A8F167577AE0452762EEA83C5A7558BA89B8D2C788,"KIKUO | KARA KARA KARA NO KARA | XNETT",17,"OP-00010143-LnInterior-S232-T21249-A21249",8bbb87d000e78172621dad03666b6dd58fe017d646146947f705c0a24f0304e0,O00000232,21249,43,998616666666684266113333333,21474,44,49736666666668446561333333,4,NoObservedRelation,ABSTAIN,365,365
20651C9B11DBB0D7BA2D64A8F167577AE0452762EEA83C5A7558BA89B8D2C788,"KIKUO | KARA KARA KARA NO KARA | XNETT",17,"OP-00010150-LnInterior-S2124-T119821-A119821",5f94998677ae404f8db70ce814d0d6590b8845f94a25ae8a9cd37edb83e05e35,O00002124,119821,262,49988333333343833328666667,120046,262,99863333333343853278666667,0,NoObservedRelation,ABSTAIN,2877,2877
20651C9B11DBB0D7BA2D64A8F167577AE0452762EEA83C5A7558BA89B8D2C788,"KIKUO | KARA KARA KARA NO KARA | XNETT",17,"OP-00010160-LnInterior-S2159-T126249-A126249",e02683cf6f0699a30c5989b6e32ad1810f316a3067e10f438333cec1cf74b39b,O00002159,126249,276,74861666666677736611333333,126925,278,24708333333344463216666666,5,NoObservedRelation,ABSTAIN,2939,2939
20651C9B11DBB0D7BA2D64A8F167577AE0452762EEA83C5A7558BA89B8D2C788,"KIKUO | KARA KARA KARA NO KARA | XNETT",17,"OP-00010163-LnInterior-S2172-T127941-A127941",1c0a4fe523f7149c733e6f868336a3c98722af12ea31ce749ccd5d4c7af34d93,O00002172,127941,280,49921666666677886635333333,128393,281,50115000000011260046000000,2,CandidateNotObserved,ABSTAIN,2959,2959
20651C9B11DBB0D7BA2D64A8F167577AE0452762EEA83C5A7558BA89B8D2C788,"KIKUO | KARA KARA KARA NO KARA | XNETT",17,"OP-00010164-LnInterior-S2176-T127941-A127941",1a402b3b51c680625739e60d8d5a1a615de06d47fab44b8b4bbd3b1fa4088302,O00002176,127941,280,49921666666677886635333333,128392,281,49893333333344593290666667,2,CandidateObservedUnique,ADMIT,2962,2962
20651C9B11DBB0D7BA2D64A8F167577AE0452762EEA83C5A7558BA89B8D2C788,"KIKUO | KARA KARA KARA NO KARA | XNETT",17,"OP-00010173-LnInterior-S4595-T240807-A240807",e9729710c8fc17de72230b91611aa2642519501b37ad9f5d8083044650daf565,O00004595,240807,561,57238333333356615341638890,241028,562,19855000000023323752750004,2,NoObservedRelation,ABSTAIN,6144,6144
20651C9B11DBB0D7BA2D64A8F167577AE0452762EEA83C5A7558BA89B8D2C788,"KIKUO | KARA KARA KARA NO KARA | XNETT",17,"OP-00010185-LnInterior-S6667-T318895-A318895",6d8aa34c2a5ac5dcf8ef878b1297436d5fb308cb10e38db65c8447334c52a168,O00006667,318895,782,82171666666704698630527779,318983,783,07105000000038048586083338,2,NoObservedRelation,ABSTAIN,8938,8938
20651C9B11DBB0D7BA2D64A8F167577AE0452762EEA83C5A7558BA89B8D2C788,"KIKUO | KARA KARA KARA NO KARA | XNETT",17,"OP-00010188-LnInterior-S10104-T467902-A467902",2f0c7ba110f44690f90e9846a4eab651c0d4a4e38e97e52dda5691f7012b5f72,O00010104,467902,1205,0082166666673284439719445,468233,1205,9460500000006624025275000,5,NoObservedRelation,ABSTAIN,13704,13704
20651C9B11DBB0D7BA2D64A8F167577AE0452762EEA83C5A7558BA89B8D2C788,"KIKUO | KARA KARA KARA NO KARA | XNETT",18,"OP-00010150-LnInterior-S2124-T119821-A119821",74771fafcfa728f5d4045a5921d0efbb4214ff48e23d5945c8fe304b7805415e,O00002124,119821,262,49988333333343833328666667,119991,262,87671666666677181735333333,0,NoObservedRelation,ABSTAIN,2896,2896
20651C9B11DBB0D7BA2D64A8F167577AE0452762EEA83C5A7558BA89B8D2C788,"KIKUO | KARA KARA KARA NO KARA | XNETT",18,"OP-00010188-LnInterior-S10104-T467902-A467902",2f0c7ba110f44690f90e9846a4eab651c0d4a4e38e97e52dda5691f7012b5f72,O00010104,467902,1205,0082166666673284439719445,468233,1205,9460500000006624025275000,5,NoObservedRelation,ABSTAIN,13728,13728
20651C9B11DBB0D7BA2D64A8F167577AE0452762EEA83C5A7558BA89B8D2C788,"KIKUO | KARA KARA KARA NO KARA | XNETT",19,"OP-00010142-LnInterior-S232-T21136-A21136",0bc0913cdccd33bfafb921e1c0a10f54f28291760026880419f9038bc50fd29e,O00000232,21136,43,748133333333350832586666667,21362,44,249100000000017699640000003,5,NoObservedRelation,ABSTAIN,358,358
20651C9B11DBB0D7BA2D64A8F167577AE0452762EEA83C5A7558BA89B8D2C788,"KIKUO | KARA KARA KARA NO KARA | XNETT",19,"OP-00010150-LnInterior-S2124-T119821-A119821",5f94998677ae404f8db70ce814d0d6590b8845f94a25ae8a9cd37edb83e05e35,O00002124,119821,262,49988333333343833328666667,120046,262,99863333333343853278666667,0,NoObservedRelation,ABSTAIN,2925,2925
20651C9B11DBB0D7BA2D64A8F167577AE0452762EEA83C5A7558BA89B8D2C788,"KIKUO | KARA KARA KARA NO KARA | XNETT",19,"OP-00010173-LnInterior-S4595-T240807-A240807",4019ea95bbabce78f7b5cf3df9ea1e6fb021ef179ab12c46fea04a0343ccf063,O00004595,240807,561,57238333333356615341638890,241071,562,32038333333356665208305557,4,NoObservedRelation,ABSTAIN,6164,6164
20651C9B11DBB0D7BA2D64A8F167577AE0452762EEA83C5A7558BA89B8D2C788,"KIKUO | KARA KARA KARA NO KARA | XNETT",20,"OP-00010157-LnInterior-S2139-T123655-A123655",4d63f998cb8e8a8038cde942daf0b75f88b55f2d86fc21d2272a1b2aee102bf7,O00002139,123655,270,99858333333344173276666667,123993,271,74781666666677536579333333,2,NoObservedRelation,ABSTAIN,2928,2928
20651C9B11DBB0D7BA2D64A8F167577AE0452762EEA83C5A7558BA89B8D2C788,"KIKUO | KARA KARA KARA NO KARA | XNETT",20,"OP-00010176-LnInterior-S4712-T246410-A246410",5dbe3143a757e6c00ed6048571a001339dbb4653dea3487baf834c2bf55a51dd,O00004712,246410,577,44755000000024340352750001,246895,578,82171666666691098630527779,2,CandidateObservedAmongAlternatives,ADMIT,6306,6306
20651C9B11DBB0D7BA2D64A8F167577AE0452762EEA83C5A7558BA89B8D2C788,"KIKUO | KARA KARA KARA NO KARA | XNETT",20,"OP-00010185-LnInterior-S6667-T318895-A318895",6d8aa34c2a5ac5dcf8ef878b1297436d5fb308cb10e38db65c8447334c52a168,O00006667,318895,782,82171666666704698630527779,318983,783,07105000000038048586083338,2,NoObservedRelation,ABSTAIN,8971,8971
20651C9B11DBB0D7BA2D64A8F167577AE0452762EEA83C5A7558BA89B8D2C788,"KIKUO | KARA KARA KARA NO KARA | XNETT",20,"OP-00010188-LnInterior-S10104-T467902-A467902",95e6e97cd870990701ab759d1cb3f36840bc5cb19a7bded4102198c4851c67fd,O00010104,467902,1205,0082166666673284439719445,468079,1205,5097166666673287783052778,5,NoObservedRelation,ABSTAIN,13782,13782
322F995448A73713DCBECE3D140F4D516EF687DBC43CC140CFF14948566F906B,"ORGT | DESTINY | BAIO",1,"OP-00001654-LnInterior-S378-T40365-A40365",e6d07f5c77894f4d17390af132dc30452e76ed2cfdc96f30dbf0c12c840a6d44,O00000378,40365,118,4971666666665481695,40529,118,9946333333332143387,3,NoObservedRelation,ABSTAIN,602,602
322F995448A73713DCBECE3D140F4D516EF687DBC43CC140CFF14948566F906B,"ORGT | DESTINY | BAIO",1,"OP-00001658-LnInterior-S1281-T111080-A111080",485481764d6b4145b0a79669bf34486438f8f9b99740ff56678d087af91e9f25,O00001281,111080,332,999333333333000334,111299,333,6636333333329996697,2,NoObservedRelation,ABSTAIN,1862,1862
322F995448A73713DCBECE3D140F4D516EF687DBC43CC140CFF14948566F906B,"ORGT | DESTINY | BAIO",1,"OP-00001660-LnInterior-S1283-T111080-A111080",c0bc87ebb6cba4182b9eaa13f3798517049beaec38be58203a1667a753c93071,O00001283,111080,332,999333333333000334,111355,333,8334999999996661665,2,NoObservedRelation,ABSTAIN,1865,1865
322F995448A73713DCBECE3D140F4D516EF687DBC43CC140CFF14948566F906B,"ORGT | DESTINY | BAIO",2,"OP-00001658-LnInterior-S1281-T111080-A111080",0a8c668336f1056a6f15ddb5c85a7017d4a56d5767f731de9fd844854c48407b,O00001281,111080,332,999333333333000334,111245,333,4998333333329998335,4,NoObservedRelation,ABSTAIN,1847,1847
322F995448A73713DCBECE3D140F4D516EF687DBC43CC140CFF14948566F906B,"ORGT | DESTINY | BAIO",2,"OP-00001660-LnInterior-S1283-T111080-A111080",c0bc87ebb6cba4182b9eaa13f3798517049beaec38be58203a1667a753c93071,O00001283,111080,332,999333333333000334,111355,333,8334999999996661665,4,NoObservedRelation,ABSTAIN,1850,1850
322F995448A73713DCBECE3D140F4D516EF687DBC43CC140CFF14948566F906B,"ORGT | DESTINY | BAIO",2,"OP-00001657-LnInterior-S1281-T111245-A111245",cde34b8a0b59a176e5111128d57f0b22fb73b65a9cf73959d940aada1e116636,O00001281,111245,333,4998333333329998335,111492,334,2490666666663324176,2,NoObservedRelation,ABSTAIN,1855,1855
322F995448A73713DCBECE3D140F4D516EF687DBC43CC140CFF14948566F906B,"ORGT | DESTINY | BAIO",3,"OP-00001654-LnInterior-S378-T40365-A40365",5bdf5e409172d9f2bce2c5abb032203503ec2ae2104ae907eed5d38efbd90cdb,O00000378,40365,118,4971666666665481695,40530,118,9976666666665476690,3,NoObservedRelation,ABSTAIN,569,569
322F995448A73713DCBECE3D140F4D516EF687DBC43CC140CFF14948566F906B,"ORGT | DESTINY | BAIO",3,"OP-00001660-LnInterior-S1283-T111080-A111080",4c12516f9532edf8445decf7daad85e38d49cf3e97abfd56f8710cc82f8e8e17,O00001283,111080,332,999333333333000334,111245,333,4998333333329998335,4,NoObservedRelation,ABSTAIN,1838,1838
322F995448A73713DCBECE3D140F4D516EF687DBC43CC140CFF14948566F906B,"ORGT | DESTINY | BAIO",3,"OP-00001659-LnInterior-S1283-T111245-A111245",d4cf9af846798e305d62303a93940d796680f1ec6291e0ef7d8be9f2a28ed44a,O00001283,111245,333,4998333333329998335,111410,334,0003333333329993330,4,NoObservedRelation,ABSTAIN,1844,1844
322F995448A73713DCBECE3D140F4D516EF687DBC43CC140CFF14948566F906B,"ORGT | DESTINY | BAIO",4,"OP-00001660-LnInterior-S1283-T111080-A111080",c0bc87ebb6cba4182b9eaa13f3798517049beaec38be58203a1667a753c93071,O00001283,111080,332,999333333333000334,111355,333,8334999999996661665,4,NoObservedRelation,ABSTAIN,1853,1853
322F995448A73713DCBECE3D140F4D516EF687DBC43CC140CFF14948566F906B,"ORGT | DESTINY | BAIO",4,"OP-00001659-LnInterior-S1283-T111245-A111245",d4cf9af846798e305d62303a93940d796680f1ec6291e0ef7d8be9f2a28ed44a,O00001283,111245,333,4998333333329998335,111410,334,0003333333329993330,4,NoObservedRelation,ABSTAIN,1859,1859
322F995448A73713DCBECE3D140F4D516EF687DBC43CC140CFF14948566F906B,"ORGT | DESTINY | BAIO",5,"OP-00001658-LnInterior-S1281-T111080-A111080",0a8c668336f1056a6f15ddb5c85a7017d4a56d5767f731de9fd844854c48407b,O00001281,111080,332,999333333333000334,111245,333,4998333333329998335,4,NoObservedRelation,ABSTAIN,1847,1847
322F995448A73713DCBECE3D140F4D516EF687DBC43CC140CFF14948566F906B,"ORGT | DESTINY | BAIO",5,"OP-00001660-LnInterior-S1283-T111080-A111080",c0bc87ebb6cba4182b9eaa13f3798517049beaec38be58203a1667a753c93071,O00001283,111080,332,999333333333000334,111355,333,8334999999996661665,4,NoObservedRelation,ABSTAIN,1850,1850
322F995448A73713DCBECE3D140F4D516EF687DBC43CC140CFF14948566F906B,"ORGT | DESTINY | BAIO",5,"OP-00001657-LnInterior-S1281-T111245-A111245",a47ba9fb27015e67ce21f49addccdbf288419cc0656e2581391cb5490bde5f9d,O00001281,111245,333,4998333333329998335,111464,334,1641333333329991692,2,NoObservedRelation,ABSTAIN,1855,1855
322F995448A73713DCBECE3D140F4D516EF687DBC43CC140CFF14948566F906B,"ORGT | DESTINY | BAIO",6,"OP-00001658-LnInterior-S1281-T111080-A111080",0a8c668336f1056a6f15ddb5c85a7017d4a56d5767f731de9fd844854c48407b,O00001281,111080,332,999333333333000334,111245,333,4998333333329998335,4,NoObservedRelation,ABSTAIN,1859,1859
322F995448A73713DCBECE3D140F4D516EF687DBC43CC140CFF14948566F906B,"ORGT | DESTINY | BAIO",6,"OP-00001657-LnInterior-S1281-T111245-A111245",480a7424647a811c4069e95e80684c7a95b799917bb7552ac89f244dd899fa8b,O00001281,111245,333,4998333333329998335,111520,334,3339999999996656660,4,NoObservedRelation,ABSTAIN,1865,1865
322F995448A73713DCBECE3D140F4D516EF687DBC43CC140CFF14948566F906B,"ORGT | DESTINY | BAIO",6,"OP-00001659-LnInterior-S1283-T111245-A111245",257f37c77b776bee87d30454f12d67fb1c604fac6ba1c481b89f22a8dd9a45e1,O00001283,111245,333,4998333333329998335,111492,334,2490666666663324176,2,NoObservedRelation,ABSTAIN,1868,1868
322F995448A73713DCBECE3D140F4D516EF687DBC43CC140CFF14948566F906B,"ORGT | DESTINY | BAIO",7,"OP-00001653-LnInterior-S378-T40201-A40201",a64057e98e4c6cf916f86f3e1af8fb355c709134b9f3d55d0c5aa367d5b95d4d,O00000378,40201,117,9996999999998820003,40365,118,4971666666665481695,6,NoObservedRelation,ABSTAIN,611,611
322F995448A73713DCBECE3D140F4D516EF687DBC43CC140CFF14948566F906B,"ORGT | DESTINY | BAIO",7,"OP-00001654-LnInterior-S378-T40365-A40365",5bdf5e409172d9f2bce2c5abb032203503ec2ae2104ae907eed5d38efbd90cdb,O00000378,40365,118,4971666666665481695,40530,118,9976666666665476690,1,NoObservedRelation,ABSTAIN,617,617
322F995448A73713DCBECE3D140F4D516EF687DBC43CC140CFF14948566F906B,"ORGT | DESTINY | BAIO",7,"OP-00001658-LnInterior-S1281-T111080-A111080",485481764d6b4145b0a79669bf34486438f8f9b99740ff56678d087af91e9f25,O00001281,111080,332,999333333333000334,111299,333,6636333333329996697,2,NoObservedRelation,ABSTAIN,1863,1863
322F995448A73713DCBECE3D140F4D516EF687DBC43CC140CFF14948566F906B,"ORGT | DESTINY | BAIO",8,"OP-00001654-LnInterior-S378-T40365-A40365",e6d07f5c77894f4d17390af132dc30452e76ed2cfdc96f30dbf0c12c840a6d44,O00000378,40365,118,4971666666665481695,40529,118,9946333333332143387,3,NoObservedRelation,ABSTAIN,589,589
322F995448A73713DCBECE3D140F4D516EF687DBC43CC140CFF14948566F906B,"ORGT | DESTINY | BAIO",8,"OP-00001658-LnInterior-S1281-T111080-A111080",b07a9a62d88e5bcd27dc609ebd8c066c1c8c09d1c8114cb0f137228e45ab8537,O00001281,111080,332,999333333333000334,111327,333,7485666666663329181,2,NoObservedRelation,ABSTAIN,1877,1877
322F995448A73713DCBECE3D140F4D516EF687DBC43CC140CFF14948566F906B,"ORGT | DESTINY | BAIO",8,"OP-00001660-LnInterior-S1283-T111080-A111080",51f03c760860cee0b455baf93b7342bc4aa1816f69ff7dbb61a79ad7788a8612,O00001283,111080,332,999333333333000334,111299,333,6636333333329996697,2,NoObservedRelation,ABSTAIN,1880,1880
322F995448A73713DCBECE3D140F4D516EF687DBC43CC140CFF14948566F906B,"ORGT | DESTINY | BAIO",8,"OP-00001657-LnInterior-S1281-T111245-A111245",cde34b8a0b59a176e5111128d57f0b22fb73b65a9cf73959d940aada1e116636,O00001281,111245,333,4998333333329998335,111492,334,2490666666663324176,2,NoObservedRelation,ABSTAIN,1887,1887
322F995448A73713DCBECE3D140F4D516EF687DBC43CC140CFF14948566F906B,"ORGT | DESTINY | BAIO",9,"OP-00001658-LnInterior-S1281-T111080-A111080",485481764d6b4145b0a79669bf34486438f8f9b99740ff56678d087af91e9f25,O00001281,111080,332,999333333333000334,111299,333,6636333333329996697,2,NoObservedRelation,ABSTAIN,1844,1844
322F995448A73713DCBECE3D140F4D516EF687DBC43CC140CFF14948566F906B,"ORGT | DESTINY | BAIO",9,"OP-00001659-LnInterior-S1283-T111245-A111245",340e48e9066093238ebd6165f1c04673a2ee69e2feacbd4ae392b5f97e449ba8,O00001283,111245,333,4998333333329998335,111520,334,3339999999996656660,4,NoObservedRelation,ABSTAIN,1851,1851
322F995448A73713DCBECE3D140F4D516EF687DBC43CC140CFF14948566F906B,"ORGT | DESTINY | BAIO",10,"OP-00001653-LnInterior-S378-T40201-A40201",1ebd3d50bcd5eeb4ff0d5870108480e0deefaa71d1ef1ca9345fc92eb98e759f,O00000378,40201,117,9996999999998820003,40366,118,5001999999998814998,3,NoObservedRelation,ABSTAIN,595,595
322F995448A73713DCBECE3D140F4D516EF687DBC43CC140CFF14948566F906B,"ORGT | DESTINY | BAIO",10,"OP-00001658-LnInterior-S1281-T111080-A111080",485481764d6b4145b0a79669bf34486438f8f9b99740ff56678d087af91e9f25,O00001281,111080,332,999333333333000334,111299,333,6636333333329996697,2,NoObservedRelation,ABSTAIN,1852,1852
322F995448A73713DCBECE3D140F4D516EF687DBC43CC140CFF14948566F906B,"ORGT | DESTINY | BAIO",11,"OP-00001653-LnInterior-S378-T40201-A40201",a64057e98e4c6cf916f86f3e1af8fb355c709134b9f3d55d0c5aa367d5b95d4d,O00000378,40201,117,9996999999998820003,40365,118,4971666666665481695,3,NoObservedRelation,ABSTAIN,577,577
322F995448A73713DCBECE3D140F4D516EF687DBC43CC140CFF14948566F906B,"ORGT | DESTINY | BAIO",11,"OP-00001660-LnInterior-S1283-T111080-A111080",51f03c760860cee0b455baf93b7342bc4aa1816f69ff7dbb61a79ad7788a8612,O00001283,111080,332,999333333333000334,111299,333,6636333333329996697,4,NoObservedRelation,ABSTAIN,1867,1867
322F995448A73713DCBECE3D140F4D516EF687DBC43CC140CFF14948566F906B,"ORGT | DESTINY | BAIO",12,"OP-00001658-LnInterior-S1281-T111080-A111080",0a8c668336f1056a6f15ddb5c85a7017d4a56d5767f731de9fd844854c48407b,O00001281,111080,332,999333333333000334,111245,333,4998333333329998335,4,NoObservedRelation,ABSTAIN,1879,1879
322F995448A73713DCBECE3D140F4D516EF687DBC43CC140CFF14948566F906B,"ORGT | DESTINY | BAIO",12,"OP-00001657-LnInterior-S1281-T111245-A111245",53b0fedb4dc2f35194d42d0b4c5507f31f5939f9234267eae5cc1e459e336595,O00001281,111245,333,4998333333329998335,111410,334,0003333333329993330,2,NoObservedRelation,ABSTAIN,1887,1887
322F995448A73713DCBECE3D140F4D516EF687DBC43CC140CFF14948566F906B,"ORGT | DESTINY | BAIO",12,"OP-00001659-LnInterior-S1283-T111245-A111245",340e48e9066093238ebd6165f1c04673a2ee69e2feacbd4ae392b5f97e449ba8,O00001283,111245,333,4998333333329998335,111520,334,3339999999996656660,2,NoObservedRelation,ABSTAIN,1890,1890
322F995448A73713DCBECE3D140F4D516EF687DBC43CC140CFF14948566F906B,"ORGT | DESTINY | BAIO",13,"OP-00001654-LnInterior-S378-T40365-A40365",e6d07f5c77894f4d17390af132dc30452e76ed2cfdc96f30dbf0c12c840a6d44,O00000378,40365,118,4971666666665481695,40529,118,9946333333332143387,3,NoObservedRelation,ABSTAIN,574,574
322F995448A73713DCBECE3D140F4D516EF687DBC43CC140CFF14948566F906B,"ORGT | DESTINY | BAIO",13,"OP-00001657-LnInterior-S1281-T111245-A111245",cde34b8a0b59a176e5111128d57f0b22fb73b65a9cf73959d940aada1e116636,O00001281,111245,333,4998333333329998335,111492,334,2490666666663324176,2,NoObservedRelation,ABSTAIN,1847,1847
322F995448A73713DCBECE3D140F4D516EF687DBC43CC140CFF14948566F906B,"ORGT | DESTINY | BAIO",13,"OP-00001659-LnInterior-S1283-T111245-A111245",257f37c77b776bee87d30454f12d67fb1c604fac6ba1c481b89f22a8dd9a45e1,O00001283,111245,333,4998333333329998335,111492,334,2490666666663324176,2,NoObservedRelation,ABSTAIN,1850,1850
322F995448A73713DCBECE3D140F4D516EF687DBC43CC140CFF14948566F906B,"ORGT | DESTINY | BAIO",14,"OP-00001654-LnInterior-S378-T40365-A40365",4c44e9ca41d5b25ceb0a44b255ec4a4cec3f46294b221f802de40593955efe38,O00000378,40365,118,4971666666665481695,40695,119,4981666666665471685,3,NoObservedRelation,ABSTAIN,575,575
322F995448A73713DCBECE3D140F4D516EF687DBC43CC140CFF14948566F906B,"ORGT | DESTINY | BAIO",14,"OP-00001658-LnInterior-S1281-T111080-A111080",0a8c668336f1056a6f15ddb5c85a7017d4a56d5767f731de9fd844854c48407b,O00001281,111080,332,999333333333000334,111245,333,4998333333329998335,2,NoObservedRelation,ABSTAIN,1827,1827
322F995448A73713DCBECE3D140F4D516EF687DBC43CC140CFF14948566F906B,"ORGT | DESTINY | BAIO",15,"OP-00001658-LnInterior-S1281-T111080-A111080",b07a9a62d88e5bcd27dc609ebd8c066c1c8c09d1c8114cb0f137228e45ab8537,O00001281,111080,332,999333333333000334,111327,333,7485666666663329181,4,NoObservedRelation,ABSTAIN,1859,1859
322F995448A73713DCBECE3D140F4D516EF687DBC43CC140CFF14948566F906B,"ORGT | DESTINY | BAIO",16,"OP-00001653-LnInterior-S378-T40201-A40201",30b369d21920888650ff131486e0dec99b39dd88a978d563c3ed2be6abee7374,O00000378,40201,117,9996999999998820003,40531,119,0006999999998809993,3,NoObservedRelation,ABSTAIN,581,581
322F995448A73713DCBECE3D140F4D516EF687DBC43CC140CFF14948566F906B,"ORGT | DESTINY | BAIO",16,"OP-00001658-LnInterior-S1281-T111080-A111080",0a8c668336f1056a6f15ddb5c85a7017d4a56d5767f731de9fd844854c48407b,O00001281,111080,332,999333333333000334,111245,333,4998333333329998335,2,NoObservedRelation,ABSTAIN,1827,1827
322F995448A73713DCBECE3D140F4D516EF687DBC43CC140CFF14948566F906B,"ORGT | DESTINY | BAIO",16,"OP-00001657-LnInterior-S1281-T111245-A111245",cde34b8a0b59a176e5111128d57f0b22fb73b65a9cf73959d940aada1e116636,O00001281,111245,333,4998333333329998335,111492,334,2490666666663324176,4,NoObservedRelation,ABSTAIN,1833,1833
322F995448A73713DCBECE3D140F4D516EF687DBC43CC140CFF14948566F906B,"ORGT | DESTINY | BAIO",17,"OP-00001658-LnInterior-S1281-T111080-A111080",b07a9a62d88e5bcd27dc609ebd8c066c1c8c09d1c8114cb0f137228e45ab8537,O00001281,111080,332,999333333333000334,111327,333,7485666666663329181,4,NoObservedRelation,ABSTAIN,1836,1836
322F995448A73713DCBECE3D140F4D516EF687DBC43CC140CFF14948566F906B,"ORGT | DESTINY | BAIO",17,"OP-00001660-LnInterior-S1283-T111080-A111080",51f03c760860cee0b455baf93b7342bc4aa1816f69ff7dbb61a79ad7788a8612,O00001283,111080,332,999333333333000334,111299,333,6636333333329996697,4,NoObservedRelation,ABSTAIN,1839,1839
322F995448A73713DCBECE3D140F4D516EF687DBC43CC140CFF14948566F906B,"ORGT | DESTINY | BAIO",18,"OP-00001654-LnInterior-S378-T40365-A40365",e6d07f5c77894f4d17390af132dc30452e76ed2cfdc96f30dbf0c12c840a6d44,O00000378,40365,118,4971666666665481695,40529,118,9946333333332143387,3,NoObservedRelation,ABSTAIN,579,579
322F995448A73713DCBECE3D140F4D516EF687DBC43CC140CFF14948566F906B,"ORGT | DESTINY | BAIO",18,"OP-00001658-LnInterior-S1281-T111080-A111080",ef530a4195b5604e8d654eb551005cd30b99cd9ca3c3392b60b9356579c9c4e1,O00001281,111080,332,999333333333000334,111355,333,8334999999996661665,4,NoObservedRelation,ABSTAIN,1855,1855
322F995448A73713DCBECE3D140F4D516EF687DBC43CC140CFF14948566F906B,"ORGT | DESTINY | BAIO",18,"OP-00001660-LnInterior-S1283-T111080-A111080",51f03c760860cee0b455baf93b7342bc4aa1816f69ff7dbb61a79ad7788a8612,O00001283,111080,332,999333333333000334,111299,333,6636333333329996697,4,NoObservedRelation,ABSTAIN,1858,1858
322F995448A73713DCBECE3D140F4D516EF687DBC43CC140CFF14948566F906B,"ORGT | DESTINY | BAIO",18,"OP-00001657-LnInterior-S1281-T111245-A111245",53b0fedb4dc2f35194d42d0b4c5507f31f5939f9234267eae5cc1e459e336595,O00001281,111245,333,4998333333329998335,111410,334,0003333333329993330,2,NoObservedRelation,ABSTAIN,1864,1864
322F995448A73713DCBECE3D140F4D516EF687DBC43CC140CFF14948566F906B,"ORGT | DESTINY | BAIO",18,"OP-00001659-LnInterior-S1283-T111245-A111245",a4a6e7b07e83da4763d8f8febb207c4901189e0174cb4491e4dcb0ae52998ccc,O00001283,111245,333,4998333333329998335,111464,334,1641333333329991692,2,NoObservedRelation,ABSTAIN,1867,1867
322F995448A73713DCBECE3D140F4D516EF687DBC43CC140CFF14948566F906B,"ORGT | DESTINY | BAIO",19,"OP-00001654-LnInterior-S378-T40365-A40365",e6d07f5c77894f4d17390af132dc30452e76ed2cfdc96f30dbf0c12c840a6d44,O00000378,40365,118,4971666666665481695,40529,118,9946333333332143387,3,NoObservedRelation,ABSTAIN,583,583
322F995448A73713DCBECE3D140F4D516EF687DBC43CC140CFF14948566F906B,"ORGT | DESTINY | BAIO",19,"OP-00001659-LnInterior-S1283-T111245-A111245",340e48e9066093238ebd6165f1c04673a2ee69e2feacbd4ae392b5f97e449ba8,O00001283,111245,333,4998333333329998335,111520,334,3339999999996656660,4,NoObservedRelation,ABSTAIN,1854,1854
322F995448A73713DCBECE3D140F4D516EF687DBC43CC140CFF14948566F906B,"ORGT | DESTINY | BAIO",20,"OP-00001660-LnInterior-S1283-T111080-A111080",4c12516f9532edf8445decf7daad85e38d49cf3e97abfd56f8710cc82f8e8e17,O00001283,111080,332,999333333333000334,111245,333,4998333333329998335,4,NoObservedRelation,ABSTAIN,1827,1827
322F995448A73713DCBECE3D140F4D516EF687DBC43CC140CFF14948566F906B,"ORGT | DESTINY | BAIO",20,"OP-00001657-LnInterior-S1281-T111245-A111245",cde34b8a0b59a176e5111128d57f0b22fb73b65a9cf73959d940aada1e116636,O00001281,111245,333,4998333333329998335,111492,334,2490666666663324176,2,NoObservedRelation,ABSTAIN,1833,1833
322F995448A73713DCBECE3D140F4D516EF687DBC43CC140CFF14948566F906B,"ORGT | DESTINY | BAIO",20,"OP-00001659-LnInterior-S1283-T111245-A111245",257f37c77b776bee87d30454f12d67fb1c604fac6ba1c481b89f22a8dd9a45e1,O00001283,111245,333,4998333333329998335,111492,334,2490666666663324176,4,NoObservedRelation,ABSTAIN,1836,1836
DD5D885E5A72729DF913D1010A32D145596DB465F94271AE54E5ECDD7A3C5C20,"NMK&WATHUE | CELESTIAL AXES | WONKI",1,"OP-00003106-LnInterior-S3085-T123046-A123046",f3a54a84f44f3addf64d208afd5f7a3d099bca0d5d717cb768defda2fac0dee0,O00003085,123046,442,4964000000002212482,123184,442,9978000000002214989,3,CandidateObservedUnique,ADMIT,4097,4097
DD5D885E5A72729DF913D1010A32D145596DB465F94271AE54E5ECDD7A3C5C20,"NMK&WATHUE | CELESTIAL AXES | WONKI",1,"OP-00003105-LnInterior-S3082-T123184-A123184",98957d5de31b0ebf8021177755199965892adfceee31337c596f34276ca4ef49,O00003082,123184,442,9978000000002214989,123872,445,4975333333335560821,4,CandidateNotObserved,ABSTAIN,4101,4101
DD5D885E5A72729DF913D1010A32D145596DB465F94271AE54E5ECDD7A3C5C20,"NMK&WATHUE | CELESTIAL AXES | WONKI",1,"OP-00003107-LnInterior-S3085-T123184-A123184",f2e753aaebe8bf09dfa01fd14b5c0f31e40594aa946b4eaa3e1bf8d63fe7f677,O00003085,123184,442,9978000000002214989,123321,443,49556666666688841445,0,CandidateNotObserved,ABSTAIN,4104,4104
DD5D885E5A72729DF913D1010A32D145596DB465F94271AE54E5ECDD7A3C5C20,"NMK&WATHUE | CELESTIAL AXES | WONKI",2,"OP-00003099-LnInterior-S945-T39102-A39102",0ea7f36051206c0c9146480e6512cf170d245d678883bca8668e237ca1f984d9,O00000945,39102,137,4998666666667354166,39239,137,99763333333340233215,3,CandidateObservedUnique,ADMIT,1263,1263
DD5D885E5A72729DF913D1010A32D145596DB465F94271AE54E5ECDD7A3C5C20,"NMK&WATHUE | CELESTIAL AXES | WONKI",2,"OP-00003104-LnInterior-S3082-T123046-A123046",c29f7b92aad7e7f9aec8411c35a8deed7e8fc2f5820f00847e879a3b15f96b9a,O00003082,123046,442,4964000000002212482,123183,442,99416666666688816375,4,CandidateNotObserved,ABSTAIN,4114,4114
DD5D885E5A72729DF913D1010A32D145596DB465F94271AE54E5ECDD7A3C5C20,"NMK&WATHUE | CELESTIAL AXES | WONKI",2,"OP-00003106-LnInterior-S3085-T123046-A123046",f3a54a84f44f3addf64d208afd5f7a3d099bca0d5d717cb768defda2fac0dee0,O00003085,123046,442,4964000000002212482,123184,442,9978000000002214989,4,CandidateObservedUnique,ADMIT,4117,4117
DD5D885E5A72729DF913D1010A32D145596DB465F94271AE54E5ECDD7A3C5C20,"NMK&WATHUE | CELESTIAL AXES | WONKI",3,"OP-00003106-LnInterior-S3085-T123046-A123046",f3a54a84f44f3addf64d208afd5f7a3d099bca0d5d717cb768defda2fac0dee0,O00003085,123046,442,4964000000002212482,123184,442,9978000000002214989,3,CandidateObservedUnique,ADMIT,4112,4112
DD5D885E5A72729DF913D1010A32D145596DB465F94271AE54E5ECDD7A3C5C20,"NMK&WATHUE | CELESTIAL AXES | WONKI",4,"OP-00003099-LnInterior-S945-T39102-A39102",0ea7f36051206c0c9146480e6512cf170d245d678883bca8668e237ca1f984d9,O00000945,39102,137,4998666666667354166,39239,137,99763333333340233215,3,CandidateObservedUnique,ADMIT,1259,1259
DD5D885E5A72729DF913D1010A32D145596DB465F94271AE54E5ECDD7A3C5C20,"NMK&WATHUE | CELESTIAL AXES | WONKI",4,"OP-00003098-LnInterior-S945-T39514-A39514",568d827c715990bfa2d1c5013c506576f2beb0e4e8e763de324d6895a8689889,O00000945,39514,138,9968000000000694984,40065,140,99876666666673716605,0,CandidateNotObserved,ABSTAIN,1267,1267
DD5D885E5A72729DF913D1010A32D145596DB465F94271AE54E5ECDD7A3C5C20,"NMK&WATHUE | CELESTIAL AXES | WONKI",4,"OP-00003107-LnInterior-S3085-T123184-A123184",17a4f905b736fa89fbe094bf2d58d3f165cf07b6c96bea62b721966be9bededc,O00003085,123184,442,9978000000002214989,123322,443,4992000000002217496,0,CandidateObservedUnique,ADMIT,4078,4078
DD5D885E5A72729DF913D1010A32D145596DB465F94271AE54E5ECDD7A3C5C20,"NMK&WATHUE | CELESTIAL AXES | WONKI",5,"OP-00003104-LnInterior-S3082-T123046-A123046",d25ba44810562a5e73f641aaa308fcd4862d259eb43c1d343caf7ad6543f7d7d,O00003082,123046,442,4964000000002212482,123184,442,9978000000002214989,3,CandidateObservedUnique,ADMIT,4082,4082
DD5D885E5A72729DF913D1010A32D145596DB465F94271AE54E5ECDD7A3C5C20,"NMK&WATHUE | CELESTIAL AXES | WONKI",6,"OP-00003106-LnInterior-S3085-T123046-A123046",94418f4d23a2846e78e1ec90cdc20be09c51c1f8087e2d7abb232d3927d37e22,O00003085,123046,442,4964000000002212482,123115,442,74710000000022137355,2,CandidateNotObserved,ABSTAIN,4095,4095
DD5D885E5A72729DF913D1010A32D145596DB465F94271AE54E5ECDD7A3C5C20,"NMK&WATHUE | CELESTIAL AXES | WONKI",6,"OP-00003105-LnInterior-S3082-T123184-A123184",6af0adb8dd698388c3583b329a05d6f8d1ebfeca4cf7de353f974b73289560e2,O00003082,123184,442,9978000000002214989,123322,443,4992000000002217496,0,CandidateObservedUnique,ADMIT,4099,4099
DD5D885E5A72729DF913D1010A32D145596DB465F94271AE54E5ECDD7A3C5C20,"NMK&WATHUE | CELESTIAL AXES | WONKI",7,"OP-00003099-LnInterior-S945-T39102-A39102",0ea7f36051206c0c9146480e6512cf170d245d678883bca8668e237ca1f984d9,O00000945,39102,137,4998666666667354166,39239,137,99763333333340233215,0,CandidateObservedUnique,ADMIT,1279,1279
DD5D885E5A72729DF913D1010A32D145596DB465F94271AE54E5ECDD7A3C5C20,"NMK&WATHUE | CELESTIAL AXES | WONKI",7,"OP-00003098-LnInterior-S945-T39514-A39514",88afd44881030657a7e928dcc7134660bc3fad1a8c80d2264f4fd9d2912aaae4,O00000945,39514,138,9968000000000694984,39651,139,49456666666673641395,0,CandidateNotObserved,ABSTAIN,1285,1285
DD5D885E5A72729DF913D1010A32D145596DB465F94271AE54E5ECDD7A3C5C20,"NMK&WATHUE | CELESTIAL AXES | WONKI",7,"OP-00003106-LnInterior-S3085-T123046-A123046",f3a54a84f44f3addf64d208afd5f7a3d099bca0d5d717cb768defda2fac0dee0,O00003085,123046,442,4964000000002212482,123184,442,9978000000002214989,3,CandidateObservedUnique,ADMIT,4109,4109
DD5D885E5A72729DF913D1010A32D145596DB465F94271AE54E5ECDD7A3C5C20,"NMK&WATHUE | CELESTIAL AXES | WONKI",7,"OP-00003107-LnInterior-S3085-T123184-A123184",62a8c7abe80ef4b2eb3faac04a9d5ae47eb5ac97887d598e2fcbecf41098c087,O00003085,123184,442,9978000000002214989,123391,443,74990000000022187495,0,CandidateNotObserved,ABSTAIN,4114,4114
DD5D885E5A72729DF913D1010A32D145596DB465F94271AE54E5ECDD7A3C5C20,"NMK&WATHUE | CELESTIAL AXES | WONKI",8,"OP-00003099-LnInterior-S945-T39102-A39102",b74e7b2899f35398ab9722e635cb45c8be1b1a73308684bc08235098bafbf981,O00000945,39102,137,4998666666667354166,39240,138,0012666666667356673,0,CandidateNotObserved,ABSTAIN,1277,1277
DD5D885E5A72729DF913D1010A32D145596DB465F94271AE54E5ECDD7A3C5C20,"NMK&WATHUE | CELESTIAL AXES | WONKI",8,"OP-00003098-LnInterior-S945-T39514-A39514",a825d523388b0453c8ad50931ef3560cc20a5c6a25886b1c7da37385b80021d3,O00000945,39514,138,9968000000000694984,39790,139,9996000000000699998,5,CandidateNotObserved,ABSTAIN,1283,1283
DD5D885E5A72729DF913D1010A32D145596DB465F94271AE54E5ECDD7A3C5C20,"NMK&WATHUE | CELESTIAL AXES | WONKI",8,"OP-00003104-LnInterior-S3082-T123046-A123046",d25ba44810562a5e73f641aaa308fcd4862d259eb43c1d343caf7ad6543f7d7d,O00003082,123046,442,4964000000002212482,123184,442,9978000000002214989,3,CandidateObservedUnique,ADMIT,4104,4104
DD5D885E5A72729DF913D1010A32D145596DB465F94271AE54E5ECDD7A3C5C20,"NMK&WATHUE | CELESTIAL AXES | WONKI",8,"OP-00003106-LnInterior-S3085-T123046-A123046",94418f4d23a2846e78e1ec90cdc20be09c51c1f8087e2d7abb232d3927d37e22,O00003085,123046,442,4964000000002212482,123115,442,74710000000022137355,2,CandidateNotObserved,ABSTAIN,4107,4107
DD5D885E5A72729DF913D1010A32D145596DB465F94271AE54E5ECDD7A3C5C20,"NMK&WATHUE | CELESTIAL AXES | WONKI",9,"OP-00003099-LnInterior-S945-T39102-A39102",0ea7f36051206c0c9146480e6512cf170d245d678883bca8668e237ca1f984d9,O00000945,39102,137,4998666666667354166,39239,137,99763333333340233215,3,CandidateObservedUnique,ADMIT,1273,1273
DD5D885E5A72729DF913D1010A32D145596DB465F94271AE54E5ECDD7A3C5C20,"NMK&WATHUE | CELESTIAL AXES | WONKI",9,"OP-00003104-LnInterior-S3082-T123046-A123046",9a5c69bcd68bb391e02beb8fe7d09e7a0715095a1ef2dbcaf392e3acbfb05f03,O00003082,123046,442,4964000000002212482,123115,442,74710000000022137355,2,CandidateNotObserved,ABSTAIN,4118,4118
DD5D885E5A72729DF913D1010A32D145596DB465F94271AE54E5ECDD7A3C5C20,"NMK&WATHUE | CELESTIAL AXES | WONKI",9,"OP-00003106-LnInterior-S3085-T123046-A123046",94418f4d23a2846e78e1ec90cdc20be09c51c1f8087e2d7abb232d3927d37e22,O00003085,123046,442,4964000000002212482,123115,442,74710000000022137355,2,CandidateNotObserved,ABSTAIN,4121,4121
DD5D885E5A72729DF913D1010A32D145596DB465F94271AE54E5ECDD7A3C5C20,"NMK&WATHUE | CELESTIAL AXES | WONKI",9,"OP-00003107-LnInterior-S3085-T123184-A123184",c26598d8fcff0d53028b382bdc19fdacfdf9bc718b4086fa0f8597927163dfd6,O00003085,123184,442,9978000000002214989,123253,443,24850000000022162425,0,CandidateNotObserved,ABSTAIN,4126,4126
DD5D885E5A72729DF913D1010A32D145596DB465F94271AE54E5ECDD7A3C5C20,"NMK&WATHUE | CELESTIAL AXES | WONKI",10,"OP-00003106-LnInterior-S3085-T123046-A123046",8632511c8147bc490a64b04df6c6f000d0597e04b4c0aeb3df1480ed6f594cfc,O00003085,123046,442,4964000000002212482,123322,443,4992000000002217496,4,CandidateNotObserved,ABSTAIN,4108,4108
DD5D885E5A72729DF913D1010A32D145596DB465F94271AE54E5ECDD7A3C5C20,"NMK&WATHUE | CELESTIAL AXES | WONKI",10,"OP-00003105-LnInterior-S3082-T123184-A123184",6af0adb8dd698388c3583b329a05d6f8d1ebfeca4cf7de353f974b73289560e2,O00003082,123184,442,9978000000002214989,123322,443,4992000000002217496,0,CandidateObservedUnique,ADMIT,4114,4114
DD5D885E5A72729DF913D1010A32D145596DB465F94271AE54E5ECDD7A3C5C20,"NMK&WATHUE | CELESTIAL AXES | WONKI",10,"OP-00003107-LnInterior-S3085-T123184-A123184",c26598d8fcff0d53028b382bdc19fdacfdf9bc718b4086fa0f8597927163dfd6,O00003085,123184,442,9978000000002214989,123253,443,24850000000022162425,3,CandidateNotObserved,ABSTAIN,4117,4117
DD5D885E5A72729DF913D1010A32D145596DB465F94271AE54E5ECDD7A3C5C20,"NMK&WATHUE | CELESTIAL AXES | WONKI",11,"OP-00003106-LnInterior-S3085-T123046-A123046",f3a54a84f44f3addf64d208afd5f7a3d099bca0d5d717cb768defda2fac0dee0,O00003085,123046,442,4964000000002212482,123184,442,9978000000002214989,3,CandidateObservedUnique,ADMIT,4093,4093
DD5D885E5A72729DF913D1010A32D145596DB465F94271AE54E5ECDD7A3C5C20,"NMK&WATHUE | CELESTIAL AXES | WONKI",12,"OP-00003099-LnInterior-S945-T39102-A39102",0ea7f36051206c0c9146480e6512cf170d245d678883bca8668e237ca1f984d9,O00000945,39102,137,4998666666667354166,39239,137,99763333333340233215,0,CandidateObservedUnique,ADMIT,1268,1268
DD5D885E5A72729DF913D1010A32D145596DB465F94271AE54E5ECDD7A3C5C20,"NMK&WATHUE | CELESTIAL AXES | WONKI",12,"OP-00003105-LnInterior-S3082-T123184-A123184",49f9a3d3d226de93a022822409390e5446e76ec5e5da59b0d757f8608281ad8d,O00003082,123184,442,9978000000002214989,123253,443,24850000000022162425,3,CandidateNotObserved,ABSTAIN,4091,4091
DD5D885E5A72729DF913D1010A32D145596DB465F94271AE54E5ECDD7A3C5C20,"NMK&WATHUE | CELESTIAL AXES | WONKI",12,"OP-00003107-LnInterior-S3085-T123184-A123184",c26598d8fcff0d53028b382bdc19fdacfdf9bc718b4086fa0f8597927163dfd6,O00003085,123184,442,9978000000002214989,123253,443,24850000000022162425,3,CandidateNotObserved,ABSTAIN,4094,4094
DD5D885E5A72729DF913D1010A32D145596DB465F94271AE54E5ECDD7A3C5C20,"NMK&WATHUE | CELESTIAL AXES | WONKI",14,"OP-00003104-LnInterior-S3082-T123046-A123046",9a5c69bcd68bb391e02beb8fe7d09e7a0715095a1ef2dbcaf392e3acbfb05f03,O00003082,123046,442,4964000000002212482,123115,442,74710000000022137355,2,CandidateNotObserved,ABSTAIN,4099,4099
DD5D885E5A72729DF913D1010A32D145596DB465F94271AE54E5ECDD7A3C5C20,"NMK&WATHUE | CELESTIAL AXES | WONKI",14,"OP-00003105-LnInterior-S3082-T123184-A123184",6af0adb8dd698388c3583b329a05d6f8d1ebfeca4cf7de353f974b73289560e2,O00003082,123184,442,9978000000002214989,123322,443,4992000000002217496,0,CandidateObservedUnique,ADMIT,4104,4104
DD5D885E5A72729DF913D1010A32D145596DB465F94271AE54E5ECDD7A3C5C20,"NMK&WATHUE | CELESTIAL AXES | WONKI",15,"OP-00003098-LnInterior-S945-T39514-A39514",9a0b2c2cc10a9e6f65e028a738ec6dd62a952e1edbadb02a3f39700aa004d2e8,O00000945,39514,138,9968000000000694984,39652,139,4982000000000697491,5,CandidateObservedUnique,ADMIT,1303,1303
DD5D885E5A72729DF913D1010A32D145596DB465F94271AE54E5ECDD7A3C5C20,"NMK&WATHUE | CELESTIAL AXES | WONKI",15,"OP-00003104-LnInterior-S3082-T123046-A123046",d25ba44810562a5e73f641aaa308fcd4862d259eb43c1d343caf7ad6543f7d7d,O00003082,123046,442,4964000000002212482,123184,442,9978000000002214989,3,CandidateObservedUnique,ADMIT,4154,4154
DD5D885E5A72729DF913D1010A32D145596DB465F94271AE54E5ECDD7A3C5C20,"NMK&WATHUE | CELESTIAL AXES | WONKI",16,"OP-00003099-LnInterior-S945-T39102-A39102",fd443ee5d7df169e61b25e954c55cff06bfead0bf33d0b5e4a474cfca0a4e794,O00000945,39102,137,4998666666667354166,40065,140,99876666666673716605,5,CandidateNotObserved,ABSTAIN,1258,1258
DD5D885E5A72729DF913D1010A32D145596DB465F94271AE54E5ECDD7A3C5C20,"NMK&WATHUE | CELESTIAL AXES | WONKI",16,"OP-00003107-LnInterior-S3085-T123184-A123184",c26598d8fcff0d53028b382bdc19fdacfdf9bc718b4086fa0f8597927163dfd6,O00003085,123184,442,9978000000002214989,123253,443,24850000000022162425,3,CandidateNotObserved,ABSTAIN,4111,4111
DD5D885E5A72729DF913D1010A32D145596DB465F94271AE54E5ECDD7A3C5C20,"NMK&WATHUE | CELESTIAL AXES | WONKI",17,"OP-00003099-LnInterior-S945-T39102-A39102",7fd395a3ec6325430463a890aba61fdcfc69e3f42dff1f6725cb54fb5adb7487,O00000945,39102,137,4998666666667354166,39514,138,9968000000000694984,0,CandidateNotObserved,ABSTAIN,1232,1232
DD5D885E5A72729DF913D1010A32D145596DB465F94271AE54E5ECDD7A3C5C20,"NMK&WATHUE | CELESTIAL AXES | WONKI",17,"OP-00003104-LnInterior-S3082-T123046-A123046",d25ba44810562a5e73f641aaa308fcd4862d259eb43c1d343caf7ad6543f7d7d,O00003082,123046,442,4964000000002212482,123184,442,9978000000002214989,3,CandidateObservedUnique,ADMIT,4067,4067
DD5D885E5A72729DF913D1010A32D145596DB465F94271AE54E5ECDD7A3C5C20,"NMK&WATHUE | CELESTIAL AXES | WONKI",18,"OP-00003099-LnInterior-S945-T39102-A39102",e6645f7ed4412ccd6a91c526e27a260205e4472f864971012a3fc2d36f941203,O00000945,39102,137,4998666666667354166,39377,138,49903333333340258285,0,CandidateNotObserved,ABSTAIN,1251,1251
DD5D885E5A72729DF913D1010A32D145596DB465F94271AE54E5ECDD7A3C5C20,"NMK&WATHUE | CELESTIAL AXES | WONKI",18,"OP-00003106-LnInterior-S3085-T123046-A123046",f3a54a84f44f3addf64d208afd5f7a3d099bca0d5d717cb768defda2fac0dee0,O00003085,123046,442,4964000000002212482,123184,442,9978000000002214989,3,CandidateObservedUnique,ADMIT,4051,4051
DD5D885E5A72729DF913D1010A32D145596DB465F94271AE54E5ECDD7A3C5C20,"NMK&WATHUE | CELESTIAL AXES | WONKI",19,"OP-00003099-LnInterior-S945-T39102-A39102",b74e7b2899f35398ab9722e635cb45c8be1b1a73308684bc08235098bafbf981,O00000945,39102,137,4998666666667354166,39240,138,0012666666667356673,0,CandidateNotObserved,ABSTAIN,1248,1248
DD5D885E5A72729DF913D1010A32D145596DB465F94271AE54E5ECDD7A3C5C20,"NMK&WATHUE | CELESTIAL AXES | WONKI",19,"OP-00003104-LnInterior-S3082-T123046-A123046",9a5c69bcd68bb391e02beb8fe7d09e7a0715095a1ef2dbcaf392e3acbfb05f03,O00003082,123046,442,4964000000002212482,123115,442,74710000000022137355,2,CandidateNotObserved,ABSTAIN,4077,4077
DD5D885E5A72729DF913D1010A32D145596DB465F94271AE54E5ECDD7A3C5C20,"NMK&WATHUE | CELESTIAL AXES | WONKI",19,"OP-00003106-LnInterior-S3085-T123046-A123046",94418f4d23a2846e78e1ec90cdc20be09c51c1f8087e2d7abb232d3927d37e22,O00003085,123046,442,4964000000002212482,123115,442,74710000000022137355,2,CandidateNotObserved,ABSTAIN,4080,4080
DD5D885E5A72729DF913D1010A32D145596DB465F94271AE54E5ECDD7A3C5C20,"NMK&WATHUE | CELESTIAL AXES | WONKI",19,"OP-00003107-LnInterior-S3085-T123184-A123184",17a4f905b736fa89fbe094bf2d58d3f165cf07b6c96bea62b721966be9bededc,O00003085,123184,442,9978000000002214989,123322,443,4992000000002217496,0,CandidateObservedUnique,ADMIT,4085,4085
DD5D885E5A72729DF913D1010A32D145596DB465F94271AE54E5ECDD7A3C5C20,"NMK&WATHUE | CELESTIAL AXES | WONKI",20,"OP-00003099-LnInterior-S945-T39102-A39102",0ea7f36051206c0c9146480e6512cf170d245d678883bca8668e237ca1f984d9,O00000945,39102,137,4998666666667354166,39239,137,99763333333340233215,0,CandidateObservedUnique,ADMIT,1246,1246
DD5D885E5A72729DF913D1010A32D145596DB465F94271AE54E5ECDD7A3C5C20,"NMK&WATHUE | CELESTIAL AXES | WONKI",20,"OP-00003104-LnInterior-S3082-T123046-A123046",d25ba44810562a5e73f641aaa308fcd4862d259eb43c1d343caf7ad6543f7d7d,O00003082,123046,442,4964000000002212482,123184,442,9978000000002214989,3,CandidateObservedUnique,ADMIT,4070,4070
DD5D885E5A72729DF913D1010A32D145596DB465F94271AE54E5ECDD7A3C5C20,"NMK&WATHUE | CELESTIAL AXES | WONKI",20,"OP-00003106-LnInterior-S3085-T123046-A123046",f3a54a84f44f3addf64d208afd5f7a3d099bca0d5d717cb768defda2fac0dee0,O00003085,123046,442,4964000000002212482,123184,442,9978000000002214989,4,CandidateObservedUnique,ADMIT,4073,4073
DD5D885E5A72729DF913D1010A32D145596DB465F94271AE54E5ECDD7A3C5C20,"NMK&WATHUE | CELESTIAL AXES | WONKI",20,"OP-00003105-LnInterior-S3082-T123184-A123184",66be72c16a8a996d2dc3f2915fa33a7e319151eeb9e321502119b9ca94bdea47,O00003082,123184,442,9978000000002214989,123321,443,49556666666688841445,0,CandidateNotObserved,ABSTAIN,4077,4077
E73B098AA0CB6FA3BECE45E9551EF225412F5E01F6398184093A40B944F0AAE0,"NJK RECORD FEAT. 3L | SPRING OF DREAMS | ITZBENJA616",1,"OP-00004614-LnInterior-S29-T7764-A7764",eb18840cebabe2af50f51cdee8ad27dbcae6500f7a93a8cadca2b2b9d68009f2,O00000029,7764,19,79820000000000197982,8029,20,473950000000002047395,2,CandidateObservedUnique,ADMIT,64,64
E73B098AA0CB6FA3BECE45E9551EF225412F5E01F6398184093A40B944F0AAE0,"NJK RECORD FEAT. 3L | SPRING OF DREAMS | ITZBENJA616",1,"OP-00004615-LnInterior-S29-T8029-A8029",c7d9aa3fb9123dfda0d63d1fa9a5e974db3f52f90deee7c0013d6bf2013dd4b5,O00000029,8029,20,473950000000002047395,8294,21,149700000000002114970,4,NoObservedRelation,ABSTAIN,67,67
E73B098AA0CB6FA3BECE45E9551EF225412F5E01F6398184093A40B944F0AAE0,"NJK RECORD FEAT. 3L | SPRING OF DREAMS | ITZBENJA616",1,"OP-00004619-LnInterior-S46-T12264-A12264",b60160468ae359476bef0f4fee5335c038edea2951fc22e87cb8dceed285f858,O00000046,12264,31,27320000000000312732,12528,31,94640000000000319464,3,NoObservedRelation,ABSTAIN,108,108
E73B098AA0CB6FA3BECE45E9551EF225412F5E01F6398184093A40B944F0AAE0,"NJK RECORD FEAT. 3L | SPRING OF DREAMS | ITZBENJA616",1,"OP-00004621-LnInterior-S47-T12264-A12264",80fa6e3446ccfda3f482cdeb8ceb7a21507c49a77ad07113229a1e27c566ceb3,O00000047,12264,31,27320000000000312732,12529,31,948950000000003194895,6,NoObservedRelation,ABSTAIN,111,111
E73B098AA0CB6FA3BECE45E9551EF225412F5E01F6398184093A40B944F0AAE0,"NJK RECORD FEAT. 3L | SPRING OF DREAMS | ITZBENJA616",1,"OP-00004623-LnInterior-S52-T13764-A13764",d9280da2ac167c691176d9e70c7db1374c18248eb140ccc7a1c010925d6791c1,O00000052,13764,35,09820000000000350982,14029,35,773950000000003577395,1,CandidateObservedUnique,ADMIT,129,129
E73B098AA0CB6FA3BECE45E9551EF225412F5E01F6398184093A40B944F0AAE0,"NJK RECORD FEAT. 3L | SPRING OF DREAMS | ITZBENJA616",1,"OP-00004625-LnInterior-S54-T13764-A13764",e09e099e81cfb0d3d4343ea8a70c503ef7fdc61995737d94a9dce58df3398524,O00000054,13764,35,09820000000000350982,14029,35,773950000000003577395,3,CandidateObservedUnique,ADMIT,132,132
E73B098AA0CB6FA3BECE45E9551EF225412F5E01F6398184093A40B944F0AAE0,"NJK RECORD FEAT. 3L | SPRING OF DREAMS | ITZBENJA616",1,"OP-00004628-LnInterior-S62-T14823-A14823",53e934bd910b484e796b9e332de8496249cfd05b7df3320776080c93714580ef,O00000062,14823,37,798650000000003779865,15088,38,474400000000003847440,4,CandidateObservedUnique,ADMIT,146,146
E73B098AA0CB6FA3BECE45E9551EF225412F5E01F6398184093A40B944F0AAE0,"NJK RECORD FEAT. 3L | SPRING OF DREAMS | ITZBENJA616",1,"OP-00004631-LnInterior-S68-T16588-A16588",69f090f4e4162d651b491718df7c5609fddee1d37b62ddf5af9b6b573c955597,O00000068,16588,42,29940000000000422994,16853,42,975150000000004297515,6,CandidateObservedUnique,ADMIT,170,170
E73B098AA0CB6FA3BECE45E9551EF225412F5E01F6398184093A40B944F0AAE0,"NJK RECORD FEAT. 3L | SPRING OF DREAMS | ITZBENJA616",1,"OP-00004636-LnInterior-S76-T17647-A17647",dc0c6ac5aeeeec0da48df6ad5c0d91cc6ad8bd3fb7c18a432c785a095bae7d6c,O00000076,17647,44,999850000000004499985,17911,45,673050000000004567305,1,CandidateObservedUnique,ADMIT,185,185
E73B098AA0CB6FA3BECE45E9551EF225412F5E01F6398184093A40B944F0AAE0,"NJK RECORD FEAT. 3L | SPRING OF DREAMS | ITZBENJA616",1,"OP-00004643-LnInterior-S90-T20029-A20029",93cc626c54dbc70a4ce5ac3e530f513515a7dd009da3f34ecb30855e57876650,O00000090,20029,51,073950000000005107395,20294,51,749700000000005174970,0,NoObservedRelation,ABSTAIN,205,205
E73B098AA0CB6FA3BECE45E9551EF225412F5E01F6398184093A40B944F0AAE0,"NJK RECORD FEAT. 3L | SPRING OF DREAMS | ITZBENJA616",1,"OP-00004642-LnInterior-S90-T20509-A20509",4192f84a29a3a446c49dd519eeed6340cbf2cdbdf979866a89ef04708cfe9ec3,O00000090,20509,52,297950000000005229795,20804,53,050200000000005305020,3,CandidateNotObserved,ABSTAIN,214,214
E73B098AA0CB6FA3BECE45E9551EF225412F5E01F6398184093A40B944F0AAE0,"NJK RECORD FEAT. 3L | SPRING OF DREAMS | ITZBENJA616",1,"OP-00004644-LnInterior-S91-T20509-A20509",7c51d94086ff14ad325a0857f74ffc35597c21a5e4534cdb7889da1b3d5c2787,O00000091,20509,52,297950000000005229795,20804,53,050200000000005305020,5,CandidateNotObserved,ABSTAIN,217,217
E73B098AA0CB6FA3BECE45E9551EF225412F5E01F6398184093A40B944F0AAE0,"NJK RECORD FEAT. 3L | SPRING OF DREAMS | ITZBENJA616",1,"OP-00004657-LnInterior-S1615-T112938-A112938",dc748b55174cf895964156b38ba68f51cf7583f6ce46620aa0cc1d4b3eb8d782,O00001615,112938,287,99190000000002879919,113232,288,741600000000028874160,4,CandidateNotObserved,ABSTAIN,2404,2404
E73B098AA0CB6FA3BECE45E9551EF225412F5E01F6398184093A40B944F0AAE0,"NJK RECORD FEAT. 3L | SPRING OF DREAMS | ITZBENJA616",1,"OP-00004671-LnInterior-S2792-T176272-A176272",d4091df6f69449080c49da5231b5d688e50589cd386e8308636e36e9a700989a,O00002792,176272,449,49360000000004494936,176370,449,743500000000044974350,5,NoObservedRelation,ABSTAIN,4181,4181
E73B098AA0CB6FA3BECE45E9551EF225412F5E01F6398184093A40B944F0AAE0,"NJK RECORD FEAT. 3L | SPRING OF DREAMS | ITZBENJA616",1,"OP-00004681-LnInterior-S4442-T263698-A263698",49adf2cd479110d70dc4fa177fb13523696ad22295aec0ca12c64d423bef1dba,O00004442,263698,672,42990000000006724299,263773,672,621150000000067262115,0,NoObservedRelation,ABSTAIN,6178,6178
E73B098AA0CB6FA3BECE45E9551EF225412F5E01F6398184093A40B944F0AAE0,"NJK RECORD FEAT. 3L | SPRING OF DREAMS | ITZBENJA616",2,"OP-00004609-LnInterior-S1-T2382-A2382",be7a802d99d0d18db418d13fb861d8b74e73a3416f8c2edf815158fd0b0b2a1f,O00000001,2382,6,07410000000000060741,3441,8,774550000000000877455,0,NoObservedRelation,ABSTAIN,20,20
E73B098AA0CB6FA3BECE45E9551EF225412F5E01F6398184093A40B944F0AAE0,"NJK RECORD FEAT. 3L | SPRING OF DREAMS | ITZBENJA616",2,"OP-00004611-LnInterior-S12-T3529-A3529",53b44d4b67ffd9c94d5cf9b5e0a03f657861b4bbbd933e3b1e2b2f0dbc69ac6a,O00000012,3529,8,998950000000000899895,3794,9,674700000000000967470,6,CandidateNotObserved,ABSTAIN,31,31
E73B098AA0CB6FA3BECE45E9551EF225412F5E01F6398184093A40B944F0AAE0,"NJK RECORD FEAT. 3L | SPRING OF DREAMS | ITZBENJA616",2,"OP-00004615-LnInterior-S29-T8029-A8029",c7d9aa3fb9123dfda0d63d1fa9a5e974db3f52f90deee7c0013d6bf2013dd4b5,O00000029,8029,20,473950000000002047395,8294,21,149700000000002114970,2,NoObservedRelation,ABSTAIN,65,65
E73B098AA0CB6FA3BECE45E9551EF225412F5E01F6398184093A40B944F0AAE0,"NJK RECORD FEAT. 3L | SPRING OF DREAMS | ITZBENJA616",2,"OP-00004617-LnInterior-S35-T10853-A10853",6464bb8d1186a17d84b928ab64122afc67bcc87fab889483587ec7c35fc23f72,O00000035,10853,27,675150000000002767515,11118,28,350900000000002835090,5,NoObservedRelation,ABSTAIN,84,84
E73B098AA0CB6FA3BECE45E9551EF225412F5E01F6398184093A40B944F0AAE0,"NJK RECORD FEAT. 3L | SPRING OF DREAMS | ITZBENJA616",2,"OP-00004619-LnInterior-S46-T12264-A12264",9ceaf1bf0e014f28fb7a15e2f168167cd3f8fe1c9ebaaa7bb5d149253a51925e,O00000046,12264,31,27320000000000312732,14029,35,773950000000003577395,3,NoObservedRelation,ABSTAIN,98,98
E73B098AA0CB6FA3BECE45E9551EF225412F5E01F6398184093A40B944F0AAE0,"NJK RECORD FEAT. 3L | SPRING OF DREAMS | ITZBENJA616",2,"OP-00004621-LnInterior-S47-T12264-A12264",008e946149c14672d75cb06665682cd62b2b9f24c8c3535524ddb07bd1a64cfe,O00000047,12264,31,27320000000000312732,12528,31,94640000000000319464,6,NoObservedRelation,ABSTAIN,101,101
E73B098AA0CB6FA3BECE45E9551EF225412F5E01F6398184093A40B944F0AAE0,"NJK RECORD FEAT. 3L | SPRING OF DREAMS | ITZBENJA616",2,"OP-00004624-LnInterior-S54-T13411-A13411",8fb79fea2dce3414bfa733d214772febc6e23c7e467b104788edd52d286a9b98,O00000054,13411,34,198050000000003419805,13676,34,873800000000003487380,3,CandidateObservedUnique,ADMIT,118,118
E73B098AA0CB6FA3BECE45E9551EF225412F5E01F6398184093A40B944F0AAE0,"NJK RECORD FEAT. 3L | SPRING OF DREAMS | ITZBENJA616",2,"OP-00004625-LnInterior-S54-T13764-A13764",5c67d2e639f56950d6ce28429d4ee71bfe8081e6b8d1f50badab2bdb42b6c712,O00000054,13764,35,09820000000000350982,14735,37,574250000000003757425,0,CandidateNotObserved,ABSTAIN,126,126
E73B098AA0CB6FA3BECE45E9551EF225412F5E01F6398184093A40B944F0AAE0,"NJK RECORD FEAT. 3L | SPRING OF DREAMS | ITZBENJA616",2,"OP-00004631-LnInterior-S68-T16588-A16588",69f090f4e4162d651b491718df7c5609fddee1d37b62ddf5af9b6b573c955597,O00000068,16588,42,29940000000000422994,16853,42,975150000000004297515,5,CandidateObservedUnique,ADMIT,154,154
E73B098AA0CB6FA3BECE45E9551EF225412F5E01F6398184093A40B944F0AAE0,"NJK RECORD FEAT. 3L | SPRING OF DREAMS | ITZBENJA616",2,"OP-00004633-LnInterior-S69-T16588-A16588",ce71805bc8425f859a805c960efafef1c5bec256fcc93dcd06552ace4db787d3,O00000069,16588,42,29940000000000422994,17206,43,87530000000000438753,2,CandidateNotObserved,ABSTAIN,157,157
E73B098AA0CB6FA3BECE45E9551EF225412F5E01F6398184093A40B944F0AAE0,"NJK RECORD FEAT. 3L | SPRING OF DREAMS | ITZBENJA616",2,"OP-00004638-LnInterior-S82-T19058-A19058",2d9087efd388e5c604ddfc73cab34c6e211e2eb49e7f189ed50b5fa7fdcd8bde,O00000082,19058,48,59790000000000485979,19352,49,347600000000004934760,6,CandidateNotObserved,ABSTAIN,193,193
E73B098AA0CB6FA3BECE45E9551EF225412F5E01F6398184093A40B944F0AAE0,"NJK RECORD FEAT. 3L | SPRING OF DREAMS | ITZBENJA616",2,"OP-00004640-LnInterior-S83-T19058-A19058",a10b9f33c94c4c0fe873fba41e13a987b000ad49a1ecb1417be1cfcaa6aa6dce,O00000083,19058,48,59790000000000485979,19676,50,17380000000000501738,1,CandidateNotObserved,ABSTAIN,196,196
E73B098AA0CB6FA3BECE45E9551EF225412F5E01F6398184093A40B944F0AAE0,"NJK RECORD FEAT. 3L | SPRING OF DREAMS | ITZBENJA616",2,"OP-00004645-LnInterior-S91-T20029-A20029",03428a4355dcbdc473495ec6366579891036077268b3d8711ff5684a1f01c292,O00000091,20029,51,073950000000005107395,20294,51,749700000000005174970,3,NoObservedRelation,ABSTAIN,206,206
E73B098AA0CB6FA3BECE45E9551EF225412F5E01F6398184093A40B944F0AAE0,"NJK RECORD FEAT. 3L | SPRING OF DREAMS | ITZBENJA616",2,"OP-00004647-LnInterior-S97-T25252-A25252",b359d4fb80309a76db102b6a9280c6eb89d0c796fb9031fc1b44d0e84877c79f,O00000097,25252,64,39260000000000643926,25301,64,517550000000006451755,5,CandidateNotObserved,ABSTAIN,235,235
E73B098AA0CB6FA3BECE45E9551EF225412F5E01F6398184093A40B944F0AAE0,"NJK RECORD FEAT. 3L | SPRING OF DREAMS | ITZBENJA616",2,"OP-00004649-LnInterior-S315-T37651-A37651",15dc336e3421863a4f072bd916d4ad1e2480b4da9af733d35b99a02fa85ca80f,O00000315,37651,96,010050000000009601005,38043,97,009650000000009700965,6,CandidateNotObserved,ABSTAIN,560,560
E73B098AA0CB6FA3BECE45E9551EF225412F5E01F6398184093A40B944F0AAE0,"NJK RECORD FEAT. 3L | SPRING OF DREAMS | ITZBENJA616",2,"OP-00004656-LnInterior-S1615-T112546-A112546",2584433a429e2a82a1de7c8033aef758e409c4a705ffc47ce5dd8a786ab0800e,O00001615,112546,286,99230000000002869923,112938,287,99190000000002879919,1,CandidateObservedUnique,ADMIT,2432,2432
E73B098AA0CB6FA3BECE45E9551EF225412F5E01F6398184093A40B944F0AAE0,"NJK RECORD FEAT. 3L | SPRING OF DREAMS | ITZBENJA616",2,"OP-00004657-LnInterior-S1615-T112938-A112938",dc748b55174cf895964156b38ba68f51cf7583f6ce46620aa0cc1d4b3eb8d782,O00001615,112938,287,99190000000002879919,113232,288,741600000000028874160,6,CandidateNotObserved,ABSTAIN,2438,2438
E73B098AA0CB6FA3BECE45E9551EF225412F5E01F6398184093A40B944F0AAE0,"NJK RECORD FEAT. 3L | SPRING OF DREAMS | ITZBENJA616",2,"OP-00004671-LnInterior-S2792-T176272-A176272",d4091df6f69449080c49da5231b5d688e50589cd386e8308636e36e9a700989a,O00002792,176272,449,49360000000004494936,176370,449,743500000000044974350,4,NoObservedRelation,ABSTAIN,4260,4260
E73B098AA0CB6FA3BECE45E9551EF225412F5E01F6398184093A40B944F0AAE0,"NJK RECORD FEAT. 3L | SPRING OF DREAMS | ITZBENJA616",2,"OP-00004681-LnInterior-S4442-T263698-A263698",c31db1d1c3be4e6e1a9e498cf4e92025306780ba3a0b75dee3421f5527174cd4,O00004442,263698,672,42990000000006724299,263818,672,73590000000006727359,4,NoObservedRelation,ABSTAIN,6268,6268
E73B098AA0CB6FA3BECE45E9551EF225412F5E01F6398184093A40B944F0AAE0,"NJK RECORD FEAT. 3L | SPRING OF DREAMS | ITZBENJA616",3,"OP-00004608-LnInterior-S1-T2117-A2117",77f7b1568c62967c4ffa822c0da0cf9c8ac9e4c4d6ceb0dd45b2eb98bc7aaaab,O00000001,2117,5,398350000000000539835,3088,7,87440000000000078744,5,CandidateNotObserved,ABSTAIN,19,19
E73B098AA0CB6FA3BECE45E9551EF225412F5E01F6398184093A40B944F0AAE0,"NJK RECORD FEAT. 3L | SPRING OF DREAMS | ITZBENJA616",3,"OP-00004609-LnInterior-S1-T2382-A2382",f005ff63348f32ef01991bea5b1ef0367f2c93337c7d712564ce6d9c75406aba,O00000001,2382,6,07410000000000060741,2647,6,749850000000000674985,5,NoObservedRelation,ABSTAIN,22,22
E73B098AA0CB6FA3BECE45E9551EF225412F5E01F6398184093A40B944F0AAE0,"NJK RECORD FEAT. 3L | SPRING OF DREAMS | ITZBENJA616",3,"OP-00004613-LnInterior-S22-T6617-A6617",b55d4b03fc0f0b0c113b68105260741d431cd0083a7b07b70b9112990e812d6a,O00000022,6617,16,873350000000001687335,6881,17,546550000000001754655,1,NoObservedRelation,ABSTAIN,49,49
E73B098AA0CB6FA3BECE45E9551EF225412F5E01F6398184093A40B944F0AAE0,"NJK RECORD FEAT. 3L | SPRING OF DREAMS | ITZBENJA616",3,"OP-00004614-LnInterior-S29-T7764-A7764",eb18840cebabe2af50f51cdee8ad27dbcae6500f7a93a8cadca2b2b9d68009f2,O00000029,7764,19,79820000000000197982,8029,20,473950000000002047395,5,CandidateObservedUnique,ADMIT,62,62
E73B098AA0CB6FA3BECE45E9551EF225412F5E01F6398184093A40B944F0AAE0,"NJK RECORD FEAT. 3L | SPRING OF DREAMS | ITZBENJA616",3,"OP-00004616-LnInterior-S35-T10588-A10588",1ccf4c26aa5a357a1bc2e9af0f4c5e25e1d8b9400c59db914cc3b171d9fde474,O00000035,10588,26,99940000000000269994,10852,27,67260000000000276726,0,CandidateNotObserved,ABSTAIN,83,83
E73B098AA0CB6FA3BECE45E9551EF225412F5E01F6398184093A40B944F0AAE0,"NJK RECORD FEAT. 3L | SPRING OF DREAMS | ITZBENJA616",3,"OP-00004618-LnInterior-S46-T12000-A12000",d5065140b05df480f8276da4406a3e0dc75dc3b4d133675dfc32eef5bf636941,O00000046,12000,30,60000000000000306,12265,31,275750000000003127575,4,CandidateNotObserved,ABSTAIN,98,98
E73B098AA0CB6FA3BECE45E9551EF225412F5E01F6398184093A40B944F0AAE0,"NJK RECORD FEAT. 3L | SPRING OF DREAMS | ITZBENJA616",3,"OP-00004623-LnInterior-S52-T13764-A13764",8628978c6c1c326be346dad8933c297bf8888479caa0501e79f273772b902f8a,O00000052,13764,35,09820000000000350982,15088,38,474400000000003847440,0,CandidateNotObserved,ABSTAIN,121,121
E73B098AA0CB6FA3BECE45E9551EF225412F5E01F6398184093A40B944F0AAE0,"NJK RECORD FEAT. 3L | SPRING OF DREAMS | ITZBENJA616",3,"OP-00004627-LnInterior-S60-T15088-A15088",4c66c17db9e4b753d7fb51d0f2c75a58ea05e1034bd19a00d0c13c1b7a255dea,O00000060,15088,38,47440000000000384744,15353,39,150150000000003915015,3,NoObservedRelation,ABSTAIN,135,135
E73B098AA0CB6FA3BECE45E9551EF225412F5E01F6398184093A40B944F0AAE0,"NJK RECORD FEAT. 3L | SPRING OF DREAMS | ITZBENJA616",3,"OP-00004629-LnInterior-S62-T15088-A15088",b9f94a067df5af61576dbf0901abfe0806bc8e5e8b190ad0df90be2c8442994d,O00000062,15088,38,47440000000000384744,16412,41,850600000000004185060,4,NoObservedRelation,ABSTAIN,138,138
E73B098AA0CB6FA3BECE45E9551EF225412F5E01F6398184093A40B944F0AAE0,"NJK RECORD FEAT. 3L | SPRING OF DREAMS | ITZBENJA616",3,"OP-00004637-LnInterior-S76-T17911-A17911",131089a363a75d634bd512481f799d1890af2199de9ffc3cb0f3ac2a9f33fcc7,O00000076,17911,45,673050000000004567305,18175,46,346250000000004634625,4,NoObservedRelation,ABSTAIN,167,167
E73B098AA0CB6FA3BECE45E9551EF225412F5E01F6398184093A40B944F0AAE0,"NJK RECORD FEAT. 3L | SPRING OF DREAMS | ITZBENJA616",3,"OP-00004640-LnInterior-S83-T19058-A19058",69c3c3e6227e96509bd6f5958eb3e6750ec403d75d9bdda3760cea8e18cefd0b,O00000083,19058,48,59790000000000485979,19322,49,271100000000004927110,6,CandidateNotObserved,ABSTAIN,182,182
E73B098AA0CB6FA3BECE45E9551EF225412F5E01F6398184093A40B944F0AAE0,"NJK RECORD FEAT. 3L | SPRING OF DREAMS | ITZBENJA616",3,"OP-00004645-LnInterior-S91-T20029-A20029",e5b39c092640fd1fda0044b199209072695b6be0637ba204d7677956468a3319,O00000091,20029,51,073950000000005107395,20293,51,747150000000005174715,0,NoObservedRelation,ABSTAIN,192,192
E73B098AA0CB6FA3BECE45E9551EF225412F5E01F6398184093A40B944F0AAE0,"NJK RECORD FEAT. 3L | SPRING OF DREAMS | ITZBENJA616",3,"OP-00004649-LnInterior-S315-T37651-A37651",15dc336e3421863a4f072bd916d4ad1e2480b4da9af733d35b99a02fa85ca80f,O00000315,37651,96,010050000000009601005,38043,97,009650000000009700965,6,CandidateNotObserved,ABSTAIN,563,563
E73B098AA0CB6FA3BECE45E9551EF225412F5E01F6398184093A40B944F0AAE0,"NJK RECORD FEAT. 3L | SPRING OF DREAMS | ITZBENJA616",3,"OP-00004654-LnInterior-S1376-T100053-A100053",7d15b6584e451b74b29a4f9129d29bfc319edde3613ca336c6ccac6b8f14a0a7,O00001376,100053,255,135150000000025513515,100102,255,260100000000025526010,1,CandidateNotObserved,ABSTAIN,2054,2054
E73B098AA0CB6FA3BECE45E9551EF225412F5E01F6398184093A40B944F0AAE0,"NJK RECORD FEAT. 3L | SPRING OF DREAMS | ITZBENJA616",3,"OP-00004656-LnInterior-S1615-T112546-A112546",277e449ceb96e1492ae21ba1a6a88e5a2c31a4e2c54233299280488bb0bf511b,O00001615,112546,286,99230000000002869923,112644,287,242200000000028724220,6,CandidateNotObserved,ABSTAIN,2388,2388
E73B098AA0CB6FA3BECE45E9551EF225412F5E01F6398184093A40B944F0AAE0,"NJK RECORD FEAT. 3L | SPRING OF DREAMS | ITZBENJA616",3,"OP-00004672-LnInterior-S2942-T188265-A188265",2f995af898161d6fd2834c1893fcfcc21412d6ebade0ec0ff6a4887ca221acee,O00002942,188265,480,075750000000048007575,188298,480,159900000000048015990,0,NoObservedRelation,ABSTAIN,4377,4377
E73B098AA0CB6FA3BECE45E9551EF225412F5E01F6398184093A40B944F0AAE0,"NJK RECORD FEAT. 3L | SPRING OF DREAMS | ITZBENJA616",3,"OP-00004673-LnInterior-S2942-T188340-A188340",41f4a1ece34dcfa0924a7413b0b81a4f1595c45031b75f4ecd84d0d44a46a013,O00002942,188340,480,2670000000000480267,188373,480,351150000000048035115,0,CandidateNotObserved,ABSTAIN,4383,4383
E73B098AA0CB6FA3BECE45E9551EF225412F5E01F6398184093A40B944F0AAE0,"NJK RECORD FEAT. 3L | SPRING OF DREAMS | ITZBENJA616",3,"OP-00004681-LnInterior-S4442-T263698-A263698",49adf2cd479110d70dc4fa177fb13523696ad22295aec0ca12c64d423bef1dba,O00004442,263698,672,42990000000006724299,263773,672,621150000000067262115,0,NoObservedRelation,ABSTAIN,6204,6204
E73B098AA0CB6FA3BECE45E9551EF225412F5E01F6398184093A40B944F0AAE0,"NJK RECORD FEAT. 3L | SPRING OF DREAMS | ITZBENJA616",3,"OP-00004683-LnInterior-S4443-T263796-A263796",6c3fe9ca83e7d20acaca8e6763c895f33ad973ff1a6faed3e69b273efd4b16ff,O00004443,263796,672,67980000000006726798,263916,672,98580000000006729858,6,NoObservedRelation,ABSTAIN,6210,6210
E73B098AA0CB6FA3BECE45E9551EF225412F5E01F6398184093A40B944F0AAE0,"NJK RECORD FEAT. 3L | SPRING OF DREAMS | ITZBENJA616",4,"OP-00004609-LnInterior-S1-T2382-A2382",644e59b63d29efd65da711589e7e2004b4f461adb94466119e7710f081e0eae9,O00000001,2382,6,07410000000000060741,3794,9,67470000000000096747,6,NoObservedRelation,ABSTAIN,20,20
E73B098AA0CB6FA3BECE45E9551EF225412F5E01F6398184093A40B944F0AAE0,"NJK RECORD FEAT. 3L | SPRING OF DREAMS | ITZBENJA616",4,"OP-00004610-LnInterior-S12-T4941-A4941",cd5feea165510c9e0425d3ea47142de8f05d9a32edded5b5ac0fe01354e21d42,O00000012,4941,12,599550000000001259955,5206,13,275300000000001327530,4,CandidateNotObserved,ABSTAIN,47,47
E73B098AA0CB6FA3BECE45E9551EF225412F5E01F6398184093A40B944F0AAE0,"NJK RECORD FEAT. 3L | SPRING OF DREAMS | ITZBENJA616",4,"OP-00004614-LnInterior-S29-T7764-A7764",eb18840cebabe2af50f51cdee8ad27dbcae6500f7a93a8cadca2b2b9d68009f2,O00000029,7764,19,79820000000000197982,8029,20,473950000000002047395,5,CandidateObservedUnique,ADMIT,66,66
E73B098AA0CB6FA3BECE45E9551EF225412F5E01F6398184093A40B944F0AAE0,"NJK RECORD FEAT. 3L | SPRING OF DREAMS | ITZBENJA616",4,"OP-00004616-LnInterior-S35-T10588-A10588",1ccf4c26aa5a357a1bc2e9af0f4c5e25e1d8b9400c59db914cc3b171d9fde474,O00000035,10588,26,99940000000000269994,10852,27,67260000000000276726,5,CandidateNotObserved,ABSTAIN,91,91
E73B098AA0CB6FA3BECE45E9551EF225412F5E01F6398184093A40B944F0AAE0,"NJK RECORD FEAT. 3L | SPRING OF DREAMS | ITZBENJA616",4,"OP-00004617-LnInterior-S35-T10853-A10853",6464bb8d1186a17d84b928ab64122afc67bcc87fab889483587ec7c35fc23f72,O00000035,10853,27,675150000000002767515,11118,28,350900000000002835090,5,NoObservedRelation,ABSTAIN,94,94
E73B098AA0CB6FA3BECE45E9551EF225412F5E01F6398184093A40B944F0AAE0,"NJK RECORD FEAT. 3L | SPRING OF DREAMS | ITZBENJA616",4,"OP-00004620-LnInterior-S47-T12000-A12000",87a3ba56821a63a46c63171e0b47c4da90d686e36a13316062e321167592bd99,O00000047,12000,30,60000000000000306,14029,35,773950000000003577395,3,CandidateNotObserved,ABSTAIN,109,109
E73B098AA0CB6FA3BECE45E9551EF225412F5E01F6398184093A40B944F0AAE0,"NJK RECORD FEAT. 3L | SPRING OF DREAMS | ITZBENJA616",4,"OP-00004619-LnInterior-S46-T12264-A12264",fb8a7f9a419d9c336ab0c28fed3da8d251da23b9c35b64d18522f62d91d5de68,O00000046,12264,31,27320000000000312732,12617,32,173350000000003217335,3,NoObservedRelation,ABSTAIN,112,112
E73B098AA0CB6FA3BECE45E9551EF225412F5E01F6398184093A40B944F0AAE0,"NJK RECORD FEAT. 3L | SPRING OF DREAMS | ITZBENJA616",4,"OP-00004624-LnInterior-S54-T13411-A13411",8fb79fea2dce3414bfa733d214772febc6e23c7e467b104788edd52d286a9b98,O00000054,13411,34,198050000000003419805,13676,34,873800000000003487380,2,CandidateObservedUnique,ADMIT,124,124
E73B098AA0CB6FA3BECE45E9551EF225412F5E01F6398184093A40B944F0AAE0,"NJK RECORD FEAT. 3L | SPRING OF DREAMS | ITZBENJA616",4,"OP-00004623-LnInterior-S52-T13764-A13764",d9280da2ac167c691176d9e70c7db1374c18248eb140ccc7a1c010925d6791c1,O00000052,13764,35,09820000000000350982,14029,35,773950000000003577395,1,CandidateObservedUnique,ADMIT,133,133
E73B098AA0CB6FA3BECE45E9551EF225412F5E01F6398184093A40B944F0AAE0,"NJK RECORD FEAT. 3L | SPRING OF DREAMS | ITZBENJA616",4,"OP-00004637-LnInterior-S76-T17911-A17911",aaa6b53b2762f04f0fab43c2bf7f5f99d1e2bcdd12503369212608fc7adf9af9,O00000076,17911,45,673050000000004567305,18264,46,57320000000000465732,4,NoObservedRelation,ABSTAIN,179,179
E73B098AA0CB6FA3BECE45E9551EF225412F5E01F6398184093A40B944F0AAE0,"NJK RECORD FEAT. 3L | SPRING OF DREAMS | ITZBENJA616",4,"OP-00004645-LnInterior-S91-T20029-A20029",020ca881d31b6f2e160f20cbb014d6a96b935a69912b44330982ef4e02f866ec,O00000091,20029,51,073950000000005107395,20479,52,221450000000005222145,3,NoObservedRelation,ABSTAIN,206,206
E73B098AA0CB6FA3BECE45E9551EF225412F5E01F6398184093A40B944F0AAE0,"NJK RECORD FEAT. 3L | SPRING OF DREAMS | ITZBENJA616",4,"OP-00004644-LnInterior-S91-T20509-A20509",7c51d94086ff14ad325a0857f74ffc35597c21a5e4534cdb7889da1b3d5c2787,O00000091,20509,52,297950000000005229795,20804,53,050200000000005305020,3,CandidateNotObserved,ABSTAIN,213,213
E73B098AA0CB6FA3BECE45E9551EF225412F5E01F6398184093A40B944F0AAE0,"NJK RECORD FEAT. 3L | SPRING OF DREAMS | ITZBENJA616",4,"OP-00004649-LnInterior-S315-T37651-A37651",facb7210b30f2bc4d859676a879b1fb2483b960a583ec15458fba4adbfc285a9,O00000315,37651,96,010050000000009601005,37847,96,509850000000009650985,6,CandidateNotObserved,ABSTAIN,577,577
E73B098AA0CB6FA3BECE45E9551EF225412F5E01F6398184093A40B944F0AAE0,"NJK RECORD FEAT. 3L | SPRING OF DREAMS | ITZBENJA616",4,"OP-00004656-LnInterior-S1615-T112546-A112546",34d7f04cee46c88e52652e67dc3371a096cbac0a71bb5dafda3a34f154e73c39,O00001615,112546,286,99230000000002869923,112621,287,183550000000028718355,6,CandidateNotObserved,ABSTAIN,2413,2413
E73B098AA0CB6FA3BECE45E9551EF225412F5E01F6398184093A40B944F0AAE0,"NJK RECORD FEAT. 3L | SPRING OF DREAMS | ITZBENJA616",4,"OP-00004657-LnInterior-S1615-T112938-A112938",b5fb82105f62d742d2e5ca39bfbc941621a1534cf267e6f2958c62ba817ae185,O00001615,112938,287,99190000000002879919,113428,289,241400000000028924140,4,CandidateNotObserved,ABSTAIN,2417,2417
E73B098AA0CB6FA3BECE45E9551EF225412F5E01F6398184093A40B944F0AAE0,"NJK RECORD FEAT. 3L | SPRING OF DREAMS | ITZBENJA616",4,"OP-00004670-LnInterior-S2792-T176174-A176174",c96b4dcf1f9c8affab497b4181cb71a1bbe864939444552b4f0d304daaa06f6d,O00002792,176174,449,24370000000004492437,176273,449,496150000000044949615,0,NoObservedRelation,ABSTAIN,4168,4168
E73B098AA0CB6FA3BECE45E9551EF225412F5E01F6398184093A40B944F0AAE0,"NJK RECORD FEAT. 3L | SPRING OF DREAMS | ITZBENJA616",4,"OP-00004672-LnInterior-S2942-T188265-A188265",2f995af898161d6fd2834c1893fcfcc21412d6ebade0ec0ff6a4887ca221acee,O00002942,188265,480,075750000000048007575,188298,480,159900000000048015990,5,NoObservedRelation,ABSTAIN,4355,4355
E73B098AA0CB6FA3BECE45E9551EF225412F5E01F6398184093A40B944F0AAE0,"NJK RECORD FEAT. 3L | SPRING OF DREAMS | ITZBENJA616",4,"OP-00004673-LnInterior-S2942-T188340-A188340",41f4a1ece34dcfa0924a7413b0b81a4f1595c45031b75f4ecd84d0d44a46a013,O00002942,188340,480,2670000000000480267,188373,480,351150000000048035115,0,CandidateNotObserved,ABSTAIN,4361,4361
E73B098AA0CB6FA3BECE45E9551EF225412F5E01F6398184093A40B944F0AAE0,"NJK RECORD FEAT. 3L | SPRING OF DREAMS | ITZBENJA616",5,"OP-00004609-LnInterior-S1-T2382-A2382",644e59b63d29efd65da711589e7e2004b4f461adb94466119e7710f081e0eae9,O00000001,2382,6,07410000000000060741,3794,9,67470000000000096747,6,NoObservedRelation,ABSTAIN,24,24
E73B098AA0CB6FA3BECE45E9551EF225412F5E01F6398184093A40B944F0AAE0,"NJK RECORD FEAT. 3L | SPRING OF DREAMS | ITZBENJA616",5,"OP-00004611-LnInterior-S12-T3529-A3529",53b44d4b67ffd9c94d5cf9b5e0a03f657861b4bbbd933e3b1e2b2f0dbc69ac6a,O00000012,3529,8,998950000000000899895,3794,9,674700000000000967470,0,CandidateNotObserved,ABSTAIN,39,39
E73B098AA0CB6FA3BECE45E9551EF225412F5E01F6398184093A40B944F0AAE0,"NJK RECORD FEAT. 3L | SPRING OF DREAMS | ITZBENJA616",5,"OP-00004613-LnInterior-S22-T6617-A6617",e92b4594583ea871fa98bc74d3f649fb7d17dfddcc22f48142657b79cd556710,O00000022,6617,16,873350000000001687335,6882,17,549100000000001754910,3,NoObservedRelation,ABSTAIN,61,61
E73B098AA0CB6FA3BECE45E9551EF225412F5E01F6398184093A40B944F0AAE0,"NJK RECORD FEAT. 3L | SPRING OF DREAMS | ITZBENJA616",5,"OP-00004614-LnInterior-S29-T7764-A7764",705baf873a622e9d0988d1c106f9ffadff782f0168348ef059752be78d564e2a,O00000029,7764,19,79820000000000197982,8735,22,274250000000002227425,6,CandidateNotObserved,ABSTAIN,74,74
E73B098AA0CB6FA3BECE45E9551EF225412F5E01F6398184093A40B944F0AAE0,"NJK RECORD FEAT. 3L | SPRING OF DREAMS | ITZBENJA616",5,"OP-00004616-LnInterior-S35-T10588-A10588",85222eef14b416138bf74315741c6bf49d82d857cf53193f9cb4655bb0604f97,O00000035,10588,26,99940000000000269994,12264,31,27320000000000312732,4,CandidateNotObserved,ABSTAIN,97,97
E73B098AA0CB6FA3BECE45E9551EF225412F5E01F6398184093A40B944F0AAE0,"NJK RECORD FEAT. 3L | SPRING OF DREAMS | ITZBENJA616",5,"OP-00004617-LnInterior-S35-T10853-A10853",7b52d0df2d500d514ca93eca36c18020fb873be68ac60495d91353db444da3db,O00000035,10853,27,675150000000002767515,11911,30,373050000000003037305,0,NoObservedRelation,ABSTAIN,100,100
E73B098AA0CB6FA3BECE45E9551EF225412F5E01F6398184093A40B944F0AAE0,"NJK RECORD FEAT. 3L | SPRING OF DREAMS | ITZBENJA616",5,"OP-00004630-LnInterior-S68-T16235-A16235",eee4bbaaf1cc7461ee76401c266f041d15b7ad9e0a3cea5bdc8820f48196732c,O00000068,16235,41,399250000000004139925,16500,42,075000000000004207500,2,CandidateObservedUnique,ADMIT,172,172
E73B098AA0CB6FA3BECE45E9551EF225412F5E01F6398184093A40B944F0AAE0,"NJK RECORD FEAT. 3L | SPRING OF DREAMS | ITZBENJA616",5,"OP-00004637-LnInterior-S76-T17911-A17911",131089a363a75d634bd512481f799d1890af2199de9ffc3cb0f3ac2a9f33fcc7,O00000076,17911,45,673050000000004567305,18175,46,346250000000004634625,4,NoObservedRelation,ABSTAIN,197,197
E73B098AA0CB6FA3BECE45E9551EF225412F5E01F6398184093A40B944F0AAE0,"NJK RECORD FEAT. 3L | SPRING OF DREAMS | ITZBENJA616",5,"OP-00004640-LnInterior-S83-T19058-A19058",dc7212ae3da0603e3d03b52d9ba8e0e35488f3dd533675820d920782829e0174,O00000083,19058,48,59790000000000485979,19323,49,273650000000004927365,6,CandidateObservedUnique,ADMIT,214,214
E73B098AA0CB6FA3BECE45E9551EF225412F5E01F6398184093A40B944F0AAE0,"NJK RECORD FEAT. 3L | SPRING OF DREAMS | ITZBENJA616",5,"OP-00004643-LnInterior-S90-T20029-A20029",97584df939be8e68dca5ab19ccc0dcbe398f51ee52dcc2e4d61cb6fb22aa1b70,O00000090,20029,51,073950000000005107395,20411,52,048050000000005204805,0,NoObservedRelation,ABSTAIN,223,223
E73B098AA0CB6FA3BECE45E9551EF225412F5E01F6398184093A40B944F0AAE0,"NJK RECORD FEAT. 3L | SPRING OF DREAMS | ITZBENJA616",5,"OP-00004648-LnInterior-S315-T37259-A37259",03a7f240c99bbc04e657e173b19bf3febc95a1da74cd348d142df0476b8c5d28,O00000315,37259,95,010450000000009501045,38043,97,009650000000009700965,6,CandidateNotObserved,ABSTAIN,575,575
E73B098AA0CB6FA3BECE45E9551EF225412F5E01F6398184093A40B944F0AAE0,"NJK RECORD FEAT. 3L | SPRING OF DREAMS | ITZBENJA616",5,"OP-00004649-LnInterior-S315-T37651-A37651",41b6439a6a38bc406830fa4056462ea81fb20a3e96642e24e6f83d664986bb03,O00000315,37651,96,010050000000009601005,38044,97,012200000000009701220,6,CandidateNotObserved,ABSTAIN,579,579
E73B098AA0CB6FA3BECE45E9551EF225412F5E01F6398184093A40B944F0AAE0,"NJK RECORD FEAT. 3L | SPRING OF DREAMS | ITZBENJA616",5,"OP-00004654-LnInterior-S1376-T100053-A100053",7d15b6584e451b74b29a4f9129d29bfc319edde3613ca336c6ccac6b8f14a0a7,O00001376,100053,255,135150000000025513515,100102,255,260100000000025526010,1,CandidateNotObserved,ABSTAIN,2067,2067
E73B098AA0CB6FA3BECE45E9551EF225412F5E01F6398184093A40B944F0AAE0,"NJK RECORD FEAT. 3L | SPRING OF DREAMS | ITZBENJA616",5,"OP-00004657-LnInterior-S1615-T112938-A112938",dc748b55174cf895964156b38ba68f51cf7583f6ce46620aa0cc1d4b3eb8d782,O00001615,112938,287,99190000000002879919,113232,288,741600000000028874160,4,CandidateNotObserved,ABSTAIN,2407,2407
E73B098AA0CB6FA3BECE45E9551EF225412F5E01F6398184093A40B944F0AAE0,"NJK RECORD FEAT. 3L | SPRING OF DREAMS | ITZBENJA616",5,"OP-00004668-LnInterior-S2753-T174605-A174605",30d245fd084a08547a1a1ae7b534ad74cc4dc705260e64b3d2aac673ac114992,O00002753,174605,445,242750000000044524275,174638,445,326900000000044532690,6,CandidateNotObserved,ABSTAIN,4143,4143
E73B098AA0CB6FA3BECE45E9551EF225412F5E01F6398184093A40B944F0AAE0,"NJK RECORD FEAT. 3L | SPRING OF DREAMS | ITZBENJA616",5,"OP-00004683-LnInterior-S4443-T263796-A263796",37998fb7686ab8a79fbe5399c3536882ccea81b44d9abb1ec0241a16ff735dce,O00004443,263796,672,67980000000006726798,263871,672,871050000000067287105,0,NoObservedRelation,ABSTAIN,6210,6210
E73B098AA0CB6FA3BECE45E9551EF225412F5E01F6398184093A40B944F0AAE0,"NJK RECORD FEAT. 3L | SPRING OF DREAMS | ITZBENJA616",5,"OP-00004680-LnInterior-S4442-T263918-A263918",ce60ba301be49b2c1ecf9794ef430e1583ba5023fb626c338ce8cc34b46fcb61,O00004442,263918,672,99090000000006729909,264038,673,29690000000006732969,6,NoObservedRelation,ABSTAIN,6214,6214
E73B098AA0CB6FA3BECE45E9551EF225412F5E01F6398184093A40B944F0AAE0,"NJK RECORD FEAT. 3L | SPRING OF DREAMS | ITZBENJA616",6,"OP-00004608-LnInterior-S1-T2117-A2117",961bba2ab389e02e5500c05a7d01906840f7c74088011ae669e476c275996f90,O00000001,2117,5,398350000000000539835,2735,6,974250000000000697425,0,CandidateNotObserved,ABSTAIN,17,17
E73B098AA0CB6FA3BECE45E9551EF225412F5E01F6398184093A40B944F0AAE0,"NJK RECORD FEAT. 3L | SPRING OF DREAMS | ITZBENJA616",6,"OP-00004611-LnInterior-S12-T3529-A3529",53b44d4b67ffd9c94d5cf9b5e0a03f657861b4bbbd933e3b1e2b2f0dbc69ac6a,O00000012,3529,8,998950000000000899895,3794,9,674700000000000967470,0,CandidateNotObserved,ABSTAIN,29,29
E73B098AA0CB6FA3BECE45E9551EF225412F5E01F6398184093A40B944F0AAE0,"NJK RECORD FEAT. 3L | SPRING OF DREAMS | ITZBENJA616",6,"OP-00004610-LnInterior-S12-T4941-A4941",cd5feea165510c9e0425d3ea47142de8f05d9a32edded5b5ac0fe01354e21d42,O00000012,4941,12,599550000000001259955,5206,13,275300000000001327530,6,CandidateNotObserved,ABSTAIN,43,43
E73B098AA0CB6FA3BECE45E9551EF225412F5E01F6398184093A40B944F0AAE0,"NJK RECORD FEAT. 3L | SPRING OF DREAMS | ITZBENJA616",6,"OP-00004613-LnInterior-S22-T6617-A6617",e92b4594583ea871fa98bc74d3f649fb7d17dfddcc22f48142657b79cd556710,O00000022,6617,16,873350000000001687335,6882,17,549100000000001754910,3,NoObservedRelation,ABSTAIN,57,57
E73B098AA0CB6FA3BECE45E9551EF225412F5E01F6398184093A40B944F0AAE0,"NJK RECORD FEAT. 3L | SPRING OF DREAMS | ITZBENJA616",6,"OP-00004619-LnInterior-S46-T12264-A12264",b60160468ae359476bef0f4fee5335c038edea2951fc22e87cb8dceed285f858,O00000046,12264,31,27320000000000312732,12528,31,94640000000000319464,3,NoObservedRelation,ABSTAIN,108,108
E73B098AA0CB6FA3BECE45E9551EF225412F5E01F6398184093A40B944F0AAE0,"NJK RECORD FEAT. 3L | SPRING OF DREAMS | ITZBENJA616",6,"OP-00004621-LnInterior-S47-T12264-A12264",008e946149c14672d75cb06665682cd62b2b9f24c8c3535524ddb07bd1a64cfe,O00000047,12264,31,27320000000000312732,12528,31,94640000000000319464,3,NoObservedRelation,ABSTAIN,111,111
E73B098AA0CB6FA3BECE45E9551EF225412F5E01F6398184093A40B944F0AAE0,"NJK RECORD FEAT. 3L | SPRING OF DREAMS | ITZBENJA616",6,"OP-00004630-LnInterior-S68-T16235-A16235",923a0ea25364eb2f1d37e238d5ea2ba1cf57429d78342577b1561dc66d438577,O00000068,16235,41,399250000000004139925,17558,44,772900000000004477290,5,CandidateNotObserved,ABSTAIN,158,158
E73B098AA0CB6FA3BECE45E9551EF225412F5E01F6398184093A40B944F0AAE0,"NJK RECORD FEAT. 3L | SPRING OF DREAMS | ITZBENJA616",6,"OP-00004633-LnInterior-S69-T16588-A16588",c163c6516bd454621c445c4e01a9100f14330bb1f997232f252b4aad0e27d73e,O00000069,16588,42,29940000000000422994,16853,42,975150000000004297515,5,CandidateObservedUnique,ADMIT,167,167
E73B098AA0CB6FA3BECE45E9551EF225412F5E01F6398184093A40B944F0AAE0,"NJK RECORD FEAT. 3L | SPRING OF DREAMS | ITZBENJA616",6,"OP-00004634-LnInterior-S75-T17647-A17647",02b32237c1cd64b7008f5f6e4da385aab87e6e42859d34a64fa39769161e9d58,O00000075,17647,44,999850000000004499985,17911,45,673050000000004567305,4,CandidateObservedUnique,ADMIT,184,184
E73B098AA0CB6FA3BECE45E9551EF225412F5E01F6398184093A40B944F0AAE0,"NJK RECORD FEAT. 3L | SPRING OF DREAMS | ITZBENJA616",6,"OP-00004642-LnInterior-S90-T20509-A20509",4192f84a29a3a446c49dd519eeed6340cbf2cdbdf979866a89ef04708cfe9ec3,O00000090,20509,52,297950000000005229795,20804,53,050200000000005305020,5,CandidateNotObserved,ABSTAIN,216,216
E73B098AA0CB6FA3BECE45E9551EF225412F5E01F6398184093A40B944F0AAE0,"NJK RECORD FEAT. 3L | SPRING OF DREAMS | ITZBENJA616",6,"OP-00004646-LnInterior-S97-T25377-A25377",90d39707a1f9e9c8676ee8c297da2d8dd7b09a8daada93d6954093a2efbe21ae,O00000097,25377,64,711350000000006471135,25426,64,836300000000006483630,3,CandidateNotObserved,ABSTAIN,250,250
E73B098AA0CB6FA3BECE45E9551EF225412F5E01F6398184093A40B944F0AAE0,"NJK RECORD FEAT. 3L | SPRING OF DREAMS | ITZBENJA616",6,"OP-00004648-LnInterior-S315-T37259-A37259",a32617c925f8f453d5e09e57c8a39a15ece04c699e646e27eaf43017c840b107,O00000315,37259,95,010450000000009501045,37651,96,010050000000009601005,6,CandidateObservedUnique,ADMIT,575,575
E73B098AA0CB6FA3BECE45E9551EF225412F5E01F6398184093A40B944F0AAE0,"NJK RECORD FEAT. 3L | SPRING OF DREAMS | ITZBENJA616",6,"OP-00004654-LnInterior-S1376-T100053-A100053",7d15b6584e451b74b29a4f9129d29bfc319edde3613ca336c6ccac6b8f14a0a7,O00001376,100053,255,135150000000025513515,100102,255,260100000000025526010,1,CandidateNotObserved,ABSTAIN,2066,2066
E73B098AA0CB6FA3BECE45E9551EF225412F5E01F6398184093A40B944F0AAE0,"NJK RECORD FEAT. 3L | SPRING OF DREAMS | ITZBENJA616",6,"OP-00004656-LnInterior-S1615-T112546-A112546",34d7f04cee46c88e52652e67dc3371a096cbac0a71bb5dafda3a34f154e73c39,O00001615,112546,286,99230000000002869923,112621,287,183550000000028718355,6,CandidateNotObserved,ABSTAIN,2389,2389
E73B098AA0CB6FA3BECE45E9551EF225412F5E01F6398184093A40B944F0AAE0,"NJK RECORD FEAT. 3L | SPRING OF DREAMS | ITZBENJA616",6,"OP-00004657-LnInterior-S1615-T112938-A112938",1a563d0e5bc4e8fe381f23494b0bb31925193fc2ed6edcd742565583fc53f5e6,O00001615,112938,287,99190000000002879919,113331,288,994050000000028899405,2,CandidateObservedUnique,ADMIT,2395,2395
E73B098AA0CB6FA3BECE45E9551EF225412F5E01F6398184093A40B944F0AAE0,"NJK RECORD FEAT. 3L | SPRING OF DREAMS | ITZBENJA616",6,"OP-00004671-LnInterior-S2792-T176272-A176272",d4091df6f69449080c49da5231b5d688e50589cd386e8308636e36e9a700989a,O00002792,176272,449,49360000000004494936,176370,449,743500000000044974350,4,NoObservedRelation,ABSTAIN,4150,4150
E73B098AA0CB6FA3BECE45E9551EF225412F5E01F6398184093A40B944F0AAE0,"NJK RECORD FEAT. 3L | SPRING OF DREAMS | ITZBENJA616",6,"OP-00004672-LnInterior-S2942-T188265-A188265",2f995af898161d6fd2834c1893fcfcc21412d6ebade0ec0ff6a4887ca221acee,O00002942,188265,480,075750000000048007575,188298,480,159900000000048015990,0,NoObservedRelation,ABSTAIN,4329,4329
E73B098AA0CB6FA3BECE45E9551EF225412F5E01F6398184093A40B944F0AAE0,"NJK RECORD FEAT. 3L | SPRING OF DREAMS | ITZBENJA616",6,"OP-00004673-LnInterior-S2942-T188340-A188340",5e6d42e64c7158797c31475c8c4a7fc7cea18d55f1f1f4bf2c7a5e0199a8ca56,O00002942,188340,480,2670000000000480267,188372,480,34860000000004803486,5,CandidateNotObserved,ABSTAIN,4335,4335
E73B098AA0CB6FA3BECE45E9551EF225412F5E01F6398184093A40B944F0AAE0,"NJK RECORD FEAT. 3L | SPRING OF DREAMS | ITZBENJA616",6,"OP-00004681-LnInterior-S4442-T263698-A263698",24c2a42d3e3f198818b18f50374d8ec46844be1f91c8ff5c835610fbfa958205,O00004442,263698,672,42990000000006724299,263918,672,99090000000006729909,0,NoObservedRelation,ABSTAIN,6148,6148
E73B098AA0CB6FA3BECE45E9551EF225412F5E01F6398184093A40B944F0AAE0,"NJK RECORD FEAT. 3L | SPRING OF DREAMS | ITZBENJA616",6,"OP-00004683-LnInterior-S4443-T263796-A263796",37998fb7686ab8a79fbe5399c3536882ccea81b44d9abb1ec0241a16ff735dce,O00004443,263796,672,67980000000006726798,263871,672,871050000000067287105,6,NoObservedRelation,ABSTAIN,6154,6154
E73B098AA0CB6FA3BECE45E9551EF225412F5E01F6398184093A40B944F0AAE0,"NJK RECORD FEAT. 3L | SPRING OF DREAMS | ITZBENJA616",6,"OP-00004680-LnInterior-S4442-T263918-A263918",ce60ba301be49b2c1ecf9794ef430e1583ba5023fb626c338ce8cc34b46fcb61,O00004442,263918,672,99090000000006729909,264038,673,29690000000006732969,6,NoObservedRelation,ABSTAIN,6159,6159
E73B098AA0CB6FA3BECE45E9551EF225412F5E01F6398184093A40B944F0AAE0,"NJK RECORD FEAT. 3L | SPRING OF DREAMS | ITZBENJA616",7,"OP-00004609-LnInterior-S1-T2382-A2382",be7a802d99d0d18db418d13fb861d8b74e73a3416f8c2edf815158fd0b0b2a1f,O00000001,2382,6,07410000000000060741,3441,8,774550000000000877455,6,NoObservedRelation,ABSTAIN,22,22
E73B098AA0CB6FA3BECE45E9551EF225412F5E01F6398184093A40B944F0AAE0,"NJK RECORD FEAT. 3L | SPRING OF DREAMS | ITZBENJA616",7,"OP-00004611-LnInterior-S12-T3529-A3529",53b44d4b67ffd9c94d5cf9b5e0a03f657861b4bbbd933e3b1e2b2f0dbc69ac6a,O00000012,3529,8,998950000000000899895,3794,9,674700000000000967470,0,CandidateNotObserved,ABSTAIN,35,35
E73B098AA0CB6FA3BECE45E9551EF225412F5E01F6398184093A40B944F0AAE0,"NJK RECORD FEAT. 3L | SPRING OF DREAMS | ITZBENJA616",7,"OP-00004610-LnInterior-S12-T4941-A4941",bc16dfe532b39df01efa321a8a3802a5acb4d44c4ab34eb7d2a0c7b3981c0d13,O00000012,4941,12,599550000000001259955,5205,13,272750000000001327275,3,CandidateNotObserved,ABSTAIN,45,45
E73B098AA0CB6FA3BECE45E9551EF225412F5E01F6398184093A40B944F0AAE0,"NJK RECORD FEAT. 3L | SPRING OF DREAMS | ITZBENJA616",7,"OP-00004615-LnInterior-S29-T8029-A8029",c7d9aa3fb9123dfda0d63d1fa9a5e974db3f52f90deee7c0013d6bf2013dd4b5,O00000029,8029,20,473950000000002047395,8294,21,149700000000002114970,4,NoObservedRelation,ABSTAIN,71,71
E73B098AA0CB6FA3BECE45E9551EF225412F5E01F6398184093A40B944F0AAE0,"NJK RECORD FEAT. 3L | SPRING OF DREAMS | ITZBENJA616",7,"OP-00004617-LnInterior-S35-T10853-A10853",4ff698fa9cac8f965d81dc682e9cf11a55457c3ef1d05264e85471ee80212984,O00000035,10853,27,675150000000002767515,11117,28,348350000000002834835,5,NoObservedRelation,ABSTAIN,96,96
E73B098AA0CB6FA3BECE45E9551EF225412F5E01F6398184093A40B944F0AAE0,"NJK RECORD FEAT. 3L | SPRING OF DREAMS | ITZBENJA616",7,"OP-00004622-LnInterior-S52-T13411-A13411",988c2730a85f811eaeeba85c238e75ed670b599a88f41ad5a9221d48712602f1,O00000052,13411,34,198050000000003419805,15441,39,374550000000003937455,3,CandidateNotObserved,ABSTAIN,127,127
E73B098AA0CB6FA3BECE45E9551EF225412F5E01F6398184093A40B944F0AAE0,"NJK RECORD FEAT. 3L | SPRING OF DREAMS | ITZBENJA616",7,"OP-00004623-LnInterior-S52-T13764-A13764",d9280da2ac167c691176d9e70c7db1374c18248eb140ccc7a1c010925d6791c1,O00000052,13764,35,09820000000000350982,14029,35,773950000000003577395,1,CandidateObservedUnique,ADMIT,135,135
E73B098AA0CB6FA3BECE45E9551EF225412F5E01F6398184093A40B944F0AAE0,"NJK RECORD FEAT. 3L | SPRING OF DREAMS | ITZBENJA616",7,"OP-00004626-LnInterior-S60-T14823-A14823",153edfc4d4f15e223ab083001c351722984abb3632de69476e0685e1cb139651,O00000060,14823,37,798650000000003779865,15088,38,474400000000003847440,4,CandidateObservedUnique,ADMIT,145,145
E73B098AA0CB6FA3BECE45E9551EF225412F5E01F6398184093A40B944F0AAE0,"NJK RECORD FEAT. 3L | SPRING OF DREAMS | ITZBENJA616",7,"OP-00004627-LnInterior-S60-T15088-A15088",4c66c17db9e4b753d7fb51d0f2c75a58ea05e1034bd19a00d0c13c1b7a255dea,O00000060,15088,38,47440000000000384744,15353,39,150150000000003915015,3,NoObservedRelation,ABSTAIN,149,149
E73B098AA0CB6FA3BECE45E9551EF225412F5E01F6398184093A40B944F0AAE0,"NJK RECORD FEAT. 3L | SPRING OF DREAMS | ITZBENJA616",7,"OP-00004632-LnInterior-S69-T16235-A16235",17de2308a7a079205c9c575c87bb618927b39514dcb94e22fd1c71be29d6541f,O00000069,16235,41,399250000000004139925,16500,42,075000000000004207500,2,CandidateObservedUnique,ADMIT,163,163
E73B098AA0CB6FA3BECE45E9551EF225412F5E01F6398184093A40B944F0AAE0,"NJK RECORD FEAT. 3L | SPRING OF DREAMS | ITZBENJA616",7,"OP-00004639-LnInterior-S82-T18970-A18970",9a8f73b851898a282281361a23fd6e079978d8a6021b4c2d056dfc232eb3f1fb,O00000082,18970,48,37350000000000483735,19235,49,049250000000004904925,1,NoObservedRelation,ABSTAIN,189,189
E73B098AA0CB6FA3BECE45E9551EF225412F5E01F6398184093A40B944F0AAE0,"NJK RECORD FEAT. 3L | SPRING OF DREAMS | ITZBENJA616",7,"OP-00004648-LnInterior-S315-T37259-A37259",a32617c925f8f453d5e09e57c8a39a15ece04c699e646e27eaf43017c840b107,O00000315,37259,95,010450000000009501045,37651,96,010050000000009601005,6,CandidateObservedUnique,ADMIT,585,585
E73B098AA0CB6FA3BECE45E9551EF225412F5E01F6398184093A40B944F0AAE0,"NJK RECORD FEAT. 3L | SPRING OF DREAMS | ITZBENJA616",7,"OP-00004657-LnInterior-S1615-T112938-A112938",b5fb82105f62d742d2e5ca39bfbc941621a1534cf267e6f2958c62ba817ae185,O00001615,112938,287,99190000000002879919,113428,289,241400000000028924140,4,CandidateNotObserved,ABSTAIN,2427,2427
E73B098AA0CB6FA3BECE45E9551EF225412F5E01F6398184093A40B944F0AAE0,"NJK RECORD FEAT. 3L | SPRING OF DREAMS | ITZBENJA616",7,"OP-00004671-LnInterior-S2792-T176272-A176272",d4091df6f69449080c49da5231b5d688e50589cd386e8308636e36e9a700989a,O00002792,176272,449,49360000000004494936,176370,449,743500000000044974350,4,NoObservedRelation,ABSTAIN,4208,4208
E73B098AA0CB6FA3BECE45E9551EF225412F5E01F6398184093A40B944F0AAE0,"NJK RECORD FEAT. 3L | SPRING OF DREAMS | ITZBENJA616",7,"OP-00004673-LnInterior-S2942-T188340-A188340",41f4a1ece34dcfa0924a7413b0b81a4f1595c45031b75f4ecd84d0d44a46a013,O00002942,188340,480,2670000000000480267,188373,480,351150000000048035115,1,CandidateNotObserved,ABSTAIN,4405,4405
E73B098AA0CB6FA3BECE45E9551EF225412F5E01F6398184093A40B944F0AAE0,"NJK RECORD FEAT. 3L | SPRING OF DREAMS | ITZBENJA616",7,"OP-00004681-LnInterior-S4442-T263698-A263698",49adf2cd479110d70dc4fa177fb13523696ad22295aec0ca12c64d423bef1dba,O00004442,263698,672,42990000000006724299,263773,672,621150000000067262115,3,NoObservedRelation,ABSTAIN,6235,6235
E73B098AA0CB6FA3BECE45E9551EF225412F5E01F6398184093A40B944F0AAE0,"NJK RECORD FEAT. 3L | SPRING OF DREAMS | ITZBENJA616",7,"OP-00004682-LnInterior-S4443-T263698-A263698",408ccd77e6b78ddcdba0fab60389b9cd82ac4dc8c23f2d45181b291ef8377b2a,O00004443,263698,672,42990000000006724299,263818,672,73590000000006727359,3,NoObservedRelation,ABSTAIN,6238,6238
E73B098AA0CB6FA3BECE45E9551EF225412F5E01F6398184093A40B944F0AAE0,"NJK RECORD FEAT. 3L | SPRING OF DREAMS | ITZBENJA616",7,"OP-00004683-LnInterior-S4443-T263796-A263796",37998fb7686ab8a79fbe5399c3536882ccea81b44d9abb1ec0241a16ff735dce,O00004443,263796,672,67980000000006726798,263871,672,871050000000067287105,0,NoObservedRelation,ABSTAIN,6243,6243
E73B098AA0CB6FA3BECE45E9551EF225412F5E01F6398184093A40B944F0AAE0,"NJK RECORD FEAT. 3L | SPRING OF DREAMS | ITZBENJA616",7,"OP-00004680-LnInterior-S4442-T263918-A263918",e7c8c871adf8dd9d8cc3ca46d442405a883e6b153fd37c4d009a8c2e516b2d08,O00004442,263918,672,99090000000006729909,263993,673,182150000000067318215,0,NoObservedRelation,ABSTAIN,6248,6248
E73B098AA0CB6FA3BECE45E9551EF225412F5E01F6398184093A40B944F0AAE0,"NJK RECORD FEAT. 3L | SPRING OF DREAMS | ITZBENJA616",8,"OP-00004609-LnInterior-S1-T2382-A2382",be7a802d99d0d18db418d13fb861d8b74e73a3416f8c2edf815158fd0b0b2a1f,O00000001,2382,6,07410000000000060741,3441,8,774550000000000877455,0,NoObservedRelation,ABSTAIN,22,22
E73B098AA0CB6FA3BECE45E9551EF225412F5E01F6398184093A40B944F0AAE0,"NJK RECORD FEAT. 3L | SPRING OF DREAMS | ITZBENJA616",8,"OP-00004611-LnInterior-S12-T3529-A3529",53b44d4b67ffd9c94d5cf9b5e0a03f657861b4bbbd933e3b1e2b2f0dbc69ac6a,O00000012,3529,8,998950000000000899895,3794,9,674700000000000967470,6,CandidateNotObserved,ABSTAIN,33,33
E73B098AA0CB6FA3BECE45E9551EF225412F5E01F6398184093A40B944F0AAE0,"NJK RECORD FEAT. 3L | SPRING OF DREAMS | ITZBENJA616",8,"OP-00004613-LnInterior-S22-T6617-A6617",b55d4b03fc0f0b0c113b68105260741d431cd0083a7b07b70b9112990e812d6a,O00000022,6617,16,873350000000001687335,6881,17,546550000000001754655,3,NoObservedRelation,ABSTAIN,55,55
E73B098AA0CB6FA3BECE45E9551EF225412F5E01F6398184093A40B944F0AAE0,"NJK RECORD FEAT. 3L | SPRING OF DREAMS | ITZBENJA616",8,"OP-00004615-LnInterior-S29-T8029-A8029",c7d9aa3fb9123dfda0d63d1fa9a5e974db3f52f90deee7c0013d6bf2013dd4b5,O00000029,8029,20,473950000000002047395,8294,21,149700000000002114970,4,NoObservedRelation,ABSTAIN,71,71
E73B098AA0CB6FA3BECE45E9551EF225412F5E01F6398184093A40B944F0AAE0,"NJK RECORD FEAT. 3L | SPRING OF DREAMS | ITZBENJA616",8,"OP-00004622-LnInterior-S52-T13411-A13411",e5cb9e411639deae9b2064cd218972b266492581c6d5a91f4b89a5c0c6a14415,O00000052,13411,34,198050000000003419805,13676,34,873800000000003487380,2,CandidateObservedUnique,ADMIT,127,127
E73B098AA0CB6FA3BECE45E9551EF225412F5E01F6398184093A40B944F0AAE0,"NJK RECORD FEAT. 3L | SPRING OF DREAMS | ITZBENJA616",8,"OP-00004626-LnInterior-S60-T14823-A14823",153edfc4d4f15e223ab083001c351722984abb3632de69476e0685e1cb139651,O00000060,14823,37,798650000000003779865,15088,38,474400000000003847440,0,CandidateObservedUnique,ADMIT,147,147
E73B098AA0CB6FA3BECE45E9551EF225412F5E01F6398184093A40B944F0AAE0,"NJK RECORD FEAT. 3L | SPRING OF DREAMS | ITZBENJA616",8,"OP-00004627-LnInterior-S60-T15088-A15088",4c66c17db9e4b753d7fb51d0f2c75a58ea05e1034bd19a00d0c13c1b7a255dea,O00000060,15088,38,47440000000000384744,15353,39,150150000000003915015,4,NoObservedRelation,ABSTAIN,151,151
E73B098AA0CB6FA3BECE45E9551EF225412F5E01F6398184093A40B944F0AAE0,"NJK RECORD FEAT. 3L | SPRING OF DREAMS | ITZBENJA616",8,"OP-00004629-LnInterior-S62-T15088-A15088",51d6ad96437ed55c33995fac29519cb3c6f38aea8415ca90a026b2b36e78c10c,O00000062,15088,38,47440000000000384744,16500,42,0750000000000042075,4,NoObservedRelation,ABSTAIN,154,154
E73B098AA0CB6FA3BECE45E9551EF225412F5E01F6398184093A40B944F0AAE0,"NJK RECORD FEAT. 3L | SPRING OF DREAMS | ITZBENJA616",8,"OP-00004631-LnInterior-S68-T16588-A16588",69f090f4e4162d651b491718df7c5609fddee1d37b62ddf5af9b6b573c955597,O00000068,16588,42,29940000000000422994,16853,42,975150000000004297515,2,CandidateObservedUnique,ADMIT,176,176
E73B098AA0CB6FA3BECE45E9551EF225412F5E01F6398184093A40B944F0AAE0,"NJK RECORD FEAT. 3L | SPRING OF DREAMS | ITZBENJA616",8,"OP-00004634-LnInterior-S75-T17647-A17647",02b32237c1cd64b7008f5f6e4da385aab87e6e42859d34a64fa39769161e9d58,O00000075,17647,44,999850000000004499985,17911,45,673050000000004567305,0,CandidateObservedUnique,ADMIT,190,190
E73B098AA0CB6FA3BECE45E9551EF225412F5E01F6398184093A40B944F0AAE0,"NJK RECORD FEAT. 3L | SPRING OF DREAMS | ITZBENJA616",8,"OP-00004645-LnInterior-S91-T20029-A20029",46d36faf4520296c8bb52a004ea293c8555cfddd3fb982e79c5555746cc007f9,O00000091,20029,51,073950000000005107395,20324,51,826200000000005182620,4,NoObservedRelation,ABSTAIN,218,218
E73B098AA0CB6FA3BECE45E9551EF225412F5E01F6398184093A40B944F0AAE0,"NJK RECORD FEAT. 3L | SPRING OF DREAMS | ITZBENJA616",8,"OP-00004644-LnInterior-S91-T20509-A20509",7c51d94086ff14ad325a0857f74ffc35597c21a5e4534cdb7889da1b3d5c2787,O00000091,20509,52,297950000000005229795,20804,53,050200000000005305020,5,CandidateNotObserved,ABSTAIN,227,227
E73B098AA0CB6FA3BECE45E9551EF225412F5E01F6398184093A40B944F0AAE0,"NJK RECORD FEAT. 3L | SPRING OF DREAMS | ITZBENJA616",8,"OP-00004648-LnInterior-S315-T37259-A37259",049330d6c6ec4e8e53848204e9e345e7113b3827fab3b4544558e37466d72328,O00000315,37259,95,010450000000009501045,38044,97,01220000000000970122,6,CandidateNotObserved,ABSTAIN,583,583
E73B098AA0CB6FA3BECE45E9551EF225412F5E01F6398184093A40B944F0AAE0,"NJK RECORD FEAT. 3L | SPRING OF DREAMS | ITZBENJA616",8,"OP-00004649-LnInterior-S315-T37651-A37651",15dc336e3421863a4f072bd916d4ad1e2480b4da9af733d35b99a02fa85ca80f,O00000315,37651,96,010050000000009601005,38043,97,009650000000009700965,6,CandidateNotObserved,ABSTAIN,587,587
E73B098AA0CB6FA3BECE45E9551EF225412F5E01F6398184093A40B944F0AAE0,"NJK RECORD FEAT. 3L | SPRING OF DREAMS | ITZBENJA616",8,"OP-00004670-LnInterior-S2792-T176174-A176174",bbc3a39070b3b8c728c6acde4eca56895ce1dae07be1fb7e417fb04922adeff3,O00002792,176174,449,24370000000004492437,176272,449,493600000000044949360,3,NoObservedRelation,ABSTAIN,4223,4223
E73B098AA0CB6FA3BECE45E9551EF225412F5E01F6398184093A40B944F0AAE0,"NJK RECORD FEAT. 3L | SPRING OF DREAMS | ITZBENJA616",8,"OP-00004682-LnInterior-S4443-T263698-A263698",a8265e73004a3725bcd504315906965f654afd2635584e56a2601d3c6078ce1b,O00004443,263698,672,42990000000006724299,263773,672,621150000000067262115,3,NoObservedRelation,ABSTAIN,6230,6230
E73B098AA0CB6FA3BECE45E9551EF225412F5E01F6398184093A40B944F0AAE0,"NJK RECORD FEAT. 3L | SPRING OF DREAMS | ITZBENJA616",9,"OP-00004611-LnInterior-S12-T3529-A3529",53b44d4b67ffd9c94d5cf9b5e0a03f657861b4bbbd933e3b1e2b2f0dbc69ac6a,O00000012,3529,8,998950000000000899895,3794,9,674700000000000967470,5,CandidateNotObserved,ABSTAIN,31,31
E73B098AA0CB6FA3BECE45E9551EF225412F5E01F6398184093A40B944F0AAE0,"NJK RECORD FEAT. 3L | SPRING OF DREAMS | ITZBENJA616",9,"OP-00004613-LnInterior-S22-T6617-A6617",b55d4b03fc0f0b0c113b68105260741d431cd0083a7b07b70b9112990e812d6a,O00000022,6617,16,873350000000001687335,6881,17,546550000000001754655,1,NoObservedRelation,ABSTAIN,51,51
E73B098AA0CB6FA3BECE45E9551EF225412F5E01F6398184093A40B944F0AAE0,"NJK RECORD FEAT. 3L | SPRING OF DREAMS | ITZBENJA616",9,"OP-00004617-LnInterior-S35-T10853-A10853",6464bb8d1186a17d84b928ab64122afc67bcc87fab889483587ec7c35fc23f72,O00000035,10853,27,675150000000002767515,11118,28,350900000000002835090,5,NoObservedRelation,ABSTAIN,80,80
E73B098AA0CB6FA3BECE45E9551EF225412F5E01F6398184093A40B944F0AAE0,"NJK RECORD FEAT. 3L | SPRING OF DREAMS | ITZBENJA616",9,"OP-00004621-LnInterior-S47-T12264-A12264",80fa6e3446ccfda3f482cdeb8ceb7a21507c49a77ad07113229a1e27c566ceb3,O00000047,12264,31,27320000000000312732,12529,31,948950000000003194895,6,NoObservedRelation,ABSTAIN,97,97
E73B098AA0CB6FA3BECE45E9551EF225412F5E01F6398184093A40B944F0AAE0,"NJK RECORD FEAT. 3L | SPRING OF DREAMS | ITZBENJA616",9,"OP-00004630-LnInterior-S68-T16235-A16235",eee4bbaaf1cc7461ee76401c266f041d15b7ad9e0a3cea5bdc8820f48196732c,O00000068,16235,41,399250000000004139925,16500,42,075000000000004207500,4,CandidateObservedUnique,ADMIT,148,148
E73B098AA0CB6FA3BECE45E9551EF225412F5E01F6398184093A40B944F0AAE0,"NJK RECORD FEAT. 3L | SPRING OF DREAMS | ITZBENJA616",9,"OP-00004634-LnInterior-S75-T17647-A17647",1fbaead0d0c4fade920c4e29a1be32e01e64e9593b870ff9cb253266406348c7,O00000075,17647,44,999850000000004499985,18617,47,473350000000004747335,0,CandidateNotObserved,ABSTAIN,164,164
E73B098AA0CB6FA3BECE45E9551EF225412F5E01F6398184093A40B944F0AAE0,"NJK RECORD FEAT. 3L | SPRING OF DREAMS | ITZBENJA616",9,"OP-00004635-LnInterior-S75-T17911-A17911",0d149d68bbf5686d2eefc3118335d035162259154648187ee7c32a74a5ea6a69,O00000075,17911,45,673050000000004567305,18617,47,473350000000004747335,0,NoObservedRelation,ABSTAIN,168,168
E73B098AA0CB6FA3BECE45E9551EF225412F5E01F6398184093A40B944F0AAE0,"NJK RECORD FEAT. 3L | SPRING OF DREAMS | ITZBENJA616",9,"OP-00004637-LnInterior-S76-T17911-A17911",82af189e21365c0a7dacfce8edce6dedb760c5b6527a8cce314dc7d1e73b756a,O00000076,17911,45,673050000000004567305,19234,49,046700000000004904670,0,NoObservedRelation,ABSTAIN,171,171
E73B098AA0CB6FA3BECE45E9551EF225412F5E01F6398184093A40B944F0AAE0,"NJK RECORD FEAT. 3L | SPRING OF DREAMS | ITZBENJA616",9,"OP-00004640-LnInterior-S83-T19058-A19058",694ac3d29801d2a09f71318d770e0c402e41a311674c3e6f081914cb4ac6f7d1,O00000083,19058,48,59790000000000485979,19353,49,350150000000004935015,6,CandidateNotObserved,ABSTAIN,190,190
E73B098AA0CB6FA3BECE45E9551EF225412F5E01F6398184093A40B944F0AAE0,"NJK RECORD FEAT. 3L | SPRING OF DREAMS | ITZBENJA616",9,"OP-00004645-LnInterior-S91-T20029-A20029",46d36faf4520296c8bb52a004ea293c8555cfddd3fb982e79c5555746cc007f9,O00000091,20029,51,073950000000005107395,20324,51,826200000000005182620,3,NoObservedRelation,ABSTAIN,198,198
E73B098AA0CB6FA3BECE45E9551EF225412F5E01F6398184093A40B944F0AAE0,"NJK RECORD FEAT. 3L | SPRING OF DREAMS | ITZBENJA616",9,"OP-00004649-LnInterior-S315-T37651-A37651",8adb5c964e58144dc6fa73ad1ea283b0f046bcd8766b2da70e061b64121169f4,O00000315,37651,96,010050000000009601005,37945,96,759750000000009675975,2,CandidateNotObserved,ABSTAIN,563,563
E73B098AA0CB6FA3BECE45E9551EF225412F5E01F6398184093A40B944F0AAE0,"NJK RECORD FEAT. 3L | SPRING OF DREAMS | ITZBENJA616",9,"OP-00004656-LnInterior-S1615-T112546-A112546",f3cf81acd3af45e4533eeb583cc34a10d6fcbd685af0caaafd262be270969296,O00001615,112546,286,99230000000002869923,113330,288,99150000000002889915,4,CandidateNotObserved,ABSTAIN,2430,2430
E73B098AA0CB6FA3BECE45E9551EF225412F5E01F6398184093A40B944F0AAE0,"NJK RECORD FEAT. 3L | SPRING OF DREAMS | ITZBENJA616",9,"OP-00004657-LnInterior-S1615-T112938-A112938",b5fb82105f62d742d2e5ca39bfbc941621a1534cf267e6f2958c62ba817ae185,O00001615,112938,287,99190000000002879919,113428,289,241400000000028924140,2,CandidateNotObserved,ABSTAIN,2436,2436
E73B098AA0CB6FA3BECE45E9551EF225412F5E01F6398184093A40B944F0AAE0,"NJK RECORD FEAT. 3L | SPRING OF DREAMS | ITZBENJA616",9,"OP-00004670-LnInterior-S2792-T176174-A176174",bbc3a39070b3b8c728c6acde4eca56895ce1dae07be1fb7e417fb04922adeff3,O00002792,176174,449,24370000000004492437,176272,449,493600000000044949360,0,NoObservedRelation,ABSTAIN,4219,4219
E73B098AA0CB6FA3BECE45E9551EF225412F5E01F6398184093A40B944F0AAE0,"NJK RECORD FEAT. 3L | SPRING OF DREAMS | ITZBENJA616",9,"OP-00004671-LnInterior-S2792-T176272-A176272",d4091df6f69449080c49da5231b5d688e50589cd386e8308636e36e9a700989a,O00002792,176272,449,49360000000004494936,176370,449,743500000000044974350,4,NoObservedRelation,ABSTAIN,4224,4224
E73B098AA0CB6FA3BECE45E9551EF225412F5E01F6398184093A40B944F0AAE0,"NJK RECORD FEAT. 3L | SPRING OF DREAMS | ITZBENJA616",9,"OP-00004673-LnInterior-S2942-T188340-A188340",41f4a1ece34dcfa0924a7413b0b81a4f1595c45031b75f4ecd84d0d44a46a013,O00002942,188340,480,2670000000000480267,188373,480,351150000000048035115,5,CandidateNotObserved,ABSTAIN,4414,4414
E73B098AA0CB6FA3BECE45E9551EF225412F5E01F6398184093A40B944F0AAE0,"NJK RECORD FEAT. 3L | SPRING OF DREAMS | ITZBENJA616",9,"OP-00004682-LnInterior-S4443-T263698-A263698",408ccd77e6b78ddcdba0fab60389b9cd82ac4dc8c23f2d45181b291ef8377b2a,O00004443,263698,672,42990000000006724299,263818,672,73590000000006727359,0,NoObservedRelation,ABSTAIN,6228,6228
E73B098AA0CB6FA3BECE45E9551EF225412F5E01F6398184093A40B944F0AAE0,"NJK RECORD FEAT. 3L | SPRING OF DREAMS | ITZBENJA616",9,"OP-00004683-LnInterior-S4443-T263796-A263796",6c3fe9ca83e7d20acaca8e6763c895f33ad973ff1a6faed3e69b273efd4b16ff,O00004443,263796,672,67980000000006726798,263916,672,98580000000006729858,0,NoObservedRelation,ABSTAIN,6232,6232
E73B098AA0CB6FA3BECE45E9551EF225412F5E01F6398184093A40B944F0AAE0,"NJK RECORD FEAT. 3L | SPRING OF DREAMS | ITZBENJA616",9,"OP-00004680-LnInterior-S4442-T263918-A263918",e7c8c871adf8dd9d8cc3ca46d442405a883e6b153fd37c4d009a8c2e516b2d08,O00004442,263918,672,99090000000006729909,263993,673,182150000000067318215,6,NoObservedRelation,ABSTAIN,6236,6236
E73B098AA0CB6FA3BECE45E9551EF225412F5E01F6398184093A40B944F0AAE0,"NJK RECORD FEAT. 3L | SPRING OF DREAMS | ITZBENJA616",10,"OP-00004608-LnInterior-S1-T2117-A2117",ea3d30c3c9d45614ea94631db7fcd1c3572585c120f19472a0137a0ba033f020,O00000001,2117,5,398350000000000539835,2382,6,074100000000000607410,6,CandidateObservedUnique,ADMIT,19,19
E73B098AA0CB6FA3BECE45E9551EF225412F5E01F6398184093A40B944F0AAE0,"NJK RECORD FEAT. 3L | SPRING OF DREAMS | ITZBENJA616",10,"OP-00004609-LnInterior-S1-T2382-A2382",f005ff63348f32ef01991bea5b1ef0367f2c93337c7d712564ce6d9c75406aba,O00000001,2382,6,07410000000000060741,2647,6,749850000000000674985,0,NoObservedRelation,ABSTAIN,22,22
E73B098AA0CB6FA3BECE45E9551EF225412F5E01F6398184093A40B944F0AAE0,"NJK RECORD FEAT. 3L | SPRING OF DREAMS | ITZBENJA616",10,"OP-00004613-LnInterior-S22-T6617-A6617",e92b4594583ea871fa98bc74d3f649fb7d17dfddcc22f48142657b79cd556710,O00000022,6617,16,873350000000001687335,6882,17,549100000000001754910,0,NoObservedRelation,ABSTAIN,57,57
E73B098AA0CB6FA3BECE45E9551EF225412F5E01F6398184093A40B944F0AAE0,"NJK RECORD FEAT. 3L | SPRING OF DREAMS | ITZBENJA616",10,"OP-00004616-LnInterior-S35-T10588-A10588",dfc3fb737e958d07eb954dd9df526cb2c2e2efcab4259a9af6c253653cf8816e,O00000035,10588,26,99940000000000269994,11558,29,47290000000000294729,0,CandidateNotObserved,ABSTAIN,89,89
E73B098AA0CB6FA3BECE45E9551EF225412F5E01F6398184093A40B944F0AAE0,"NJK RECORD FEAT. 3L | SPRING OF DREAMS | ITZBENJA616",10,"OP-00004617-LnInterior-S35-T10853-A10853",4ff698fa9cac8f965d81dc682e9cf11a55457c3ef1d05264e85471ee80212984,O00000035,10853,27,675150000000002767515,11117,28,348350000000002834835,0,NoObservedRelation,ABSTAIN,92,92
E73B098AA0CB6FA3BECE45E9551EF225412F5E01F6398184093A40B944F0AAE0,"NJK RECORD FEAT. 3L | SPRING OF DREAMS | ITZBENJA616",10,"OP-00004620-LnInterior-S47-T12000-A12000",f6a0c8c192eb5ad7ea08d9a70990f66372b1448a8c7ba29fe6ec557ea9d289f7,O00000047,12000,30,60000000000000306,12265,31,275750000000003127575,3,CandidateNotObserved,ABSTAIN,109,109
E73B098AA0CB6FA3BECE45E9551EF225412F5E01F6398184093A40B944F0AAE0,"NJK RECORD FEAT. 3L | SPRING OF DREAMS | ITZBENJA616",10,"OP-00004621-LnInterior-S47-T12264-A12264",9fb258f465c02ccc2e0afe0975b4a983e98c91972185a4e407681e08a45950e8,O00000047,12264,31,27320000000000312732,13587,34,646850000000003464685,3,NoObservedRelation,ABSTAIN,113,113
E73B098AA0CB6FA3BECE45E9551EF225412F5E01F6398184093A40B944F0AAE0,"NJK RECORD FEAT. 3L | SPRING OF DREAMS | ITZBENJA616",10,"OP-00004626-LnInterior-S60-T14823-A14823",153edfc4d4f15e223ab083001c351722984abb3632de69476e0685e1cb139651,O00000060,14823,37,798650000000003779865,15088,38,474400000000003847440,0,CandidateObservedUnique,ADMIT,145,145
E73B098AA0CB6FA3BECE45E9551EF225412F5E01F6398184093A40B944F0AAE0,"NJK RECORD FEAT. 3L | SPRING OF DREAMS | ITZBENJA616",10,"OP-00004628-LnInterior-S62-T14823-A14823",53e934bd910b484e796b9e332de8496249cfd05b7df3320776080c93714580ef,O00000062,14823,37,798650000000003779865,15088,38,474400000000003847440,3,CandidateObservedUnique,ADMIT,148,148
E73B098AA0CB6FA3BECE45E9551EF225412F5E01F6398184093A40B944F0AAE0,"NJK RECORD FEAT. 3L | SPRING OF DREAMS | ITZBENJA616",10,"OP-00004629-LnInterior-S62-T15088-A15088",51d6ad96437ed55c33995fac29519cb3c6f38aea8415ca90a026b2b36e78c10c,O00000062,15088,38,47440000000000384744,16500,42,0750000000000042075,4,NoObservedRelation,ABSTAIN,152,152
E73B098AA0CB6FA3BECE45E9551EF225412F5E01F6398184093A40B944F0AAE0,"NJK RECORD FEAT. 3L | SPRING OF DREAMS | ITZBENJA616",10,"OP-00004630-LnInterior-S68-T16235-A16235",eee4bbaaf1cc7461ee76401c266f041d15b7ad9e0a3cea5bdc8820f48196732c,O00000068,16235,41,399250000000004139925,16500,42,075000000000004207500,5,CandidateObservedUnique,ADMIT,170,170
E73B098AA0CB6FA3BECE45E9551EF225412F5E01F6398184093A40B944F0AAE0,"NJK RECORD FEAT. 3L | SPRING OF DREAMS | ITZBENJA616",10,"OP-00004634-LnInterior-S75-T17647-A17647",02b32237c1cd64b7008f5f6e4da385aab87e6e42859d34a64fa39769161e9d58,O00000075,17647,44,999850000000004499985,17911,45,673050000000004567305,4,CandidateObservedUnique,ADMIT,190,190
E73B098AA0CB6FA3BECE45E9551EF225412F5E01F6398184093A40B944F0AAE0,"NJK RECORD FEAT. 3L | SPRING OF DREAMS | ITZBENJA616",10,"OP-00004638-LnInterior-S82-T19058-A19058",26132dead400e485da3ec8c7132524c15a154f7feab13775b09953d662a59ccf,O00000082,19058,48,59790000000000485979,19323,49,273650000000004927365,6,CandidateObservedUnique,ADMIT,211,211
E73B098AA0CB6FA3BECE45E9551EF225412F5E01F6398184093A40B944F0AAE0,"NJK RECORD FEAT. 3L | SPRING OF DREAMS | ITZBENJA616",10,"OP-00004643-LnInterior-S90-T20029-A20029",de5fd223fa524e521520e54638a93d00c7daf475822b65c61d01c45d94818ba3,O00000090,20029,51,073950000000005107395,20804,53,05020000000000530502,3,NoObservedRelation,ABSTAIN,223,223
E73B098AA0CB6FA3BECE45E9551EF225412F5E01F6398184093A40B944F0AAE0,"NJK RECORD FEAT. 3L | SPRING OF DREAMS | ITZBENJA616",10,"OP-00004649-LnInterior-S315-T37651-A37651",59e29f4919da27a5c1e04807d5b0a43b08a57921d624f78d107af32e2aa311ad,O00000315,37651,96,010050000000009601005,37726,96,201300000000009620130,2,CandidateNotObserved,ABSTAIN,590,590
E73B098AA0CB6FA3BECE45E9551EF225412F5E01F6398184093A40B944F0AAE0,"NJK RECORD FEAT. 3L | SPRING OF DREAMS | ITZBENJA616",10,"OP-00004671-LnInterior-S2792-T176272-A176272",d4091df6f69449080c49da5231b5d688e50589cd386e8308636e36e9a700989a,O00002792,176272,449,49360000000004494936,176370,449,743500000000044974350,0,NoObservedRelation,ABSTAIN,4202,4202
E73B098AA0CB6FA3BECE45E9551EF225412F5E01F6398184093A40B944F0AAE0,"NJK RECORD FEAT. 3L | SPRING OF DREAMS | ITZBENJA616",10,"OP-00004683-LnInterior-S4443-T263796-A263796",6c3fe9ca83e7d20acaca8e6763c895f33ad973ff1a6faed3e69b273efd4b16ff,O00004443,263796,672,67980000000006726798,263916,672,98580000000006729858,0,NoObservedRelation,ABSTAIN,6210,6210
E73B098AA0CB6FA3BECE45E9551EF225412F5E01F6398184093A40B944F0AAE0,"NJK RECORD FEAT. 3L | SPRING OF DREAMS | ITZBENJA616",10,"OP-00004680-LnInterior-S4442-T263918-A263918",e7c8c871adf8dd9d8cc3ca46d442405a883e6b153fd37c4d009a8c2e516b2d08,O00004442,263918,672,99090000000006729909,263993,673,182150000000067318215,6,NoObservedRelation,ABSTAIN,6214,6214
E73B098AA0CB6FA3BECE45E9551EF225412F5E01F6398184093A40B944F0AAE0,"NJK RECORD FEAT. 3L | SPRING OF DREAMS | ITZBENJA616",11,"OP-00004615-LnInterior-S29-T8029-A8029",c7d9aa3fb9123dfda0d63d1fa9a5e974db3f52f90deee7c0013d6bf2013dd4b5,O00000029,8029,20,473950000000002047395,8294,21,149700000000002114970,2,NoObservedRelation,ABSTAIN,65,65
E73B098AA0CB6FA3BECE45E9551EF225412F5E01F6398184093A40B944F0AAE0,"NJK RECORD FEAT. 3L | SPRING OF DREAMS | ITZBENJA616",11,"OP-00004622-LnInterior-S52-T13411-A13411",2a81443f6425e5df756b890fadaa549f8d4e0af9a87d9add26463b4cb721fc85,O00000052,13411,34,198050000000003419805,14735,37,574250000000003757425,1,CandidateNotObserved,ABSTAIN,111,111
E73B098AA0CB6FA3BECE45E9551EF225412F5E01F6398184093A40B944F0AAE0,"NJK RECORD FEAT. 3L | SPRING OF DREAMS | ITZBENJA616",11,"OP-00004623-LnInterior-S52-T13764-A13764",d9280da2ac167c691176d9e70c7db1374c18248eb140ccc7a1c010925d6791c1,O00000052,13764,35,09820000000000350982,14029,35,773950000000003577395,3,CandidateObservedUnique,ADMIT,121,121
E73B098AA0CB6FA3BECE45E9551EF225412F5E01F6398184093A40B944F0AAE0,"NJK RECORD FEAT. 3L | SPRING OF DREAMS | ITZBENJA616",11,"OP-00004630-LnInterior-S68-T16235-A16235",eee4bbaaf1cc7461ee76401c266f041d15b7ad9e0a3cea5bdc8820f48196732c,O00000068,16235,41,399250000000004139925,16500,42,075000000000004207500,5,CandidateObservedUnique,ADMIT,148,148
E73B098AA0CB6FA3BECE45E9551EF225412F5E01F6398184093A40B944F0AAE0,"NJK RECORD FEAT. 3L | SPRING OF DREAMS | ITZBENJA616",11,"OP-00004634-LnInterior-S75-T17647-A17647",6f2a617570a91c33b3c155cc7320dd165fa5ee4348798598c86b6465c2dea41c,O00000075,17647,44,999850000000004499985,17912,45,675600000000004567560,4,CandidateNotObserved,ABSTAIN,166,166
E73B098AA0CB6FA3BECE45E9551EF225412F5E01F6398184093A40B944F0AAE0,"NJK RECORD FEAT. 3L | SPRING OF DREAMS | ITZBENJA616",11,"OP-00004639-LnInterior-S82-T18970-A18970",9a8f73b851898a282281361a23fd6e079978d8a6021b4c2d056dfc232eb3f1fb,O00000082,18970,48,37350000000000483735,19235,49,049250000000004904925,0,NoObservedRelation,ABSTAIN,177,177
E73B098AA0CB6FA3BECE45E9551EF225412F5E01F6398184093A40B944F0AAE0,"NJK RECORD FEAT. 3L | SPRING OF DREAMS | ITZBENJA616",11,"OP-00004641-LnInterior-S83-T18970-A18970",06529f997a52a97c6336dfadd290628e5fb652b28b4e153c7c06c220227046c8,O00000083,18970,48,37350000000000483735,19235,49,049250000000004904925,0,NoObservedRelation,ABSTAIN,180,180
E73B098AA0CB6FA3BECE45E9551EF225412F5E01F6398184093A40B944F0AAE0,"NJK RECORD FEAT. 3L | SPRING OF DREAMS | ITZBENJA616",11,"OP-00004640-LnInterior-S83-T19058-A19058",dc7212ae3da0603e3d03b52d9ba8e0e35488f3dd533675820d920782829e0174,O00000083,19058,48,59790000000000485979,19323,49,273650000000004927365,6,CandidateObservedUnique,ADMIT,188,188
E73B098AA0CB6FA3BECE45E9551EF225412F5E01F6398184093A40B944F0AAE0,"NJK RECORD FEAT. 3L | SPRING OF DREAMS | ITZBENJA616",11,"OP-00004643-LnInterior-S90-T20029-A20029",98ca36cc5db70f9b35ecab80ae019efd0b6a6b18b373b26690e8796ea910d0e5,O00000090,20029,51,073950000000005107395,20324,51,826200000000005182620,0,NoObservedRelation,ABSTAIN,199,199
E73B098AA0CB6FA3BECE45E9551EF225412F5E01F6398184093A40B944F0AAE0,"NJK RECORD FEAT. 3L | SPRING OF DREAMS | ITZBENJA616",11,"OP-00004645-LnInterior-S91-T20029-A20029",03428a4355dcbdc473495ec6366579891036077268b3d8711ff5684a1f01c292,O00000091,20029,51,073950000000005107395,20294,51,749700000000005174970,0,NoObservedRelation,ABSTAIN,202,202
E73B098AA0CB6FA3BECE45E9551EF225412F5E01F6398184093A40B944F0AAE0,"NJK RECORD FEAT. 3L | SPRING OF DREAMS | ITZBENJA616",11,"OP-00004646-LnInterior-S97-T25377-A25377",90d39707a1f9e9c8676ee8c297da2d8dd7b09a8daada93d6954093a2efbe21ae,O00000097,25377,64,711350000000006471135,25426,64,836300000000006483630,4,CandidateNotObserved,ABSTAIN,244,244
E73B098AA0CB6FA3BECE45E9551EF225412F5E01F6398184093A40B944F0AAE0,"NJK RECORD FEAT. 3L | SPRING OF DREAMS | ITZBENJA616",11,"OP-00004649-LnInterior-S315-T37651-A37651",92cb775a33697dd56ea216e8ff1e2927e4e42ec27732ed87305101f1d84da050,O00000315,37651,96,010050000000009601005,37749,96,259950000000009625995,2,CandidateNotObserved,ABSTAIN,571,571
E73B098AA0CB6FA3BECE45E9551EF225412F5E01F6398184093A40B944F0AAE0,"NJK RECORD FEAT. 3L | SPRING OF DREAMS | ITZBENJA616",11,"OP-00004668-LnInterior-S2753-T174605-A174605",30d245fd084a08547a1a1ae7b534ad74cc4dc705260e64b3d2aac673ac114992,O00002753,174605,445,242750000000044524275,174638,445,326900000000044532690,6,CandidateNotObserved,ABSTAIN,4172,4172
E73B098AA0CB6FA3BECE45E9551EF225412F5E01F6398184093A40B944F0AAE0,"NJK RECORD FEAT. 3L | SPRING OF DREAMS | ITZBENJA616",11,"OP-00004681-LnInterior-S4442-T263698-A263698",c31db1d1c3be4e6e1a9e498cf4e92025306780ba3a0b75dee3421f5527174cd4,O00004442,263698,672,42990000000006724299,263818,672,73590000000006727359,4,NoObservedRelation,ABSTAIN,6240,6240
E73B098AA0CB6FA3BECE45E9551EF225412F5E01F6398184093A40B944F0AAE0,"NJK RECORD FEAT. 3L | SPRING OF DREAMS | ITZBENJA616",11,"OP-00004682-LnInterior-S4443-T263698-A263698",a8265e73004a3725bcd504315906965f654afd2635584e56a2601d3c6078ce1b,O00004443,263698,672,42990000000006724299,263773,672,621150000000067262115,3,NoObservedRelation,ABSTAIN,6243,6243
E73B098AA0CB6FA3BECE45E9551EF225412F5E01F6398184093A40B944F0AAE0,"NJK RECORD FEAT. 3L | SPRING OF DREAMS | ITZBENJA616",12,"OP-00004609-LnInterior-S1-T2382-A2382",f005ff63348f32ef01991bea5b1ef0367f2c93337c7d712564ce6d9c75406aba,O00000001,2382,6,07410000000000060741,2647,6,749850000000000674985,6,NoObservedRelation,ABSTAIN,20,20
E73B098AA0CB6FA3BECE45E9551EF225412F5E01F6398184093A40B944F0AAE0,"NJK RECORD FEAT. 3L | SPRING OF DREAMS | ITZBENJA616",12,"OP-00004611-LnInterior-S12-T3529-A3529",53b44d4b67ffd9c94d5cf9b5e0a03f657861b4bbbd933e3b1e2b2f0dbc69ac6a,O00000012,3529,8,998950000000000899895,3794,9,674700000000000967470,4,CandidateNotObserved,ABSTAIN,35,35
E73B098AA0CB6FA3BECE45E9551EF225412F5E01F6398184093A40B944F0AAE0,"NJK RECORD FEAT. 3L | SPRING OF DREAMS | ITZBENJA616",12,"OP-00004612-LnInterior-S22-T6353-A6353",f566f08dceac4354d0ac2eaca13b139b24ae6932eaba5f7f6d4efd95aac93ddb,O00000022,6353,16,200150000000001620015,6617,16,873350000000001687335,2,CandidateObservedUnique,ADMIT,58,58
E73B098AA0CB6FA3BECE45E9551EF225412F5E01F6398184093A40B944F0AAE0,"NJK RECORD FEAT. 3L | SPRING OF DREAMS | ITZBENJA616",12,"OP-00004613-LnInterior-S22-T6617-A6617",b55d4b03fc0f0b0c113b68105260741d431cd0083a7b07b70b9112990e812d6a,O00000022,6617,16,873350000000001687335,6881,17,546550000000001754655,1,NoObservedRelation,ABSTAIN,61,61
E73B098AA0CB6FA3BECE45E9551EF225412F5E01F6398184093A40B944F0AAE0,"NJK RECORD FEAT. 3L | SPRING OF DREAMS | ITZBENJA616",12,"OP-00004617-LnInterior-S35-T10853-A10853",6464bb8d1186a17d84b928ab64122afc67bcc87fab889483587ec7c35fc23f72,O00000035,10853,27,675150000000002767515,11118,28,350900000000002835090,5,NoObservedRelation,ABSTAIN,100,100
E73B098AA0CB6FA3BECE45E9551EF225412F5E01F6398184093A40B944F0AAE0,"NJK RECORD FEAT. 3L | SPRING OF DREAMS | ITZBENJA616",12,"OP-00004622-LnInterior-S52-T13411-A13411",5a34e8a824f236e45222084aa8e6bd25be51e7e2034087bf2f018593622f0f69,O00000052,13411,34,198050000000003419805,13675,34,871250000000003487125,1,CandidateNotObserved,ABSTAIN,129,129
E73B098AA0CB6FA3BECE45E9551EF225412F5E01F6398184093A40B944F0AAE0,"NJK RECORD FEAT. 3L | SPRING OF DREAMS | ITZBENJA616",12,"OP-00004625-LnInterior-S54-T13764-A13764",00415ea9f750176f4ef1e68c6e95877020fc6e7e088c7dd2e79b3a9ecdddae36,O00000054,13764,35,09820000000000350982,15088,38,474400000000003847440,3,CandidateNotObserved,ABSTAIN,136,136
E73B098AA0CB6FA3BECE45E9551EF225412F5E01F6398184093A40B944F0AAE0,"NJK RECORD FEAT. 3L | SPRING OF DREAMS | ITZBENJA616",12,"OP-00004626-LnInterior-S60-T14823-A14823",153edfc4d4f15e223ab083001c351722984abb3632de69476e0685e1cb139651,O00000060,14823,37,798650000000003779865,15088,38,474400000000003847440,3,CandidateObservedUnique,ADMIT,149,149
E73B098AA0CB6FA3BECE45E9551EF225412F5E01F6398184093A40B944F0AAE0,"NJK RECORD FEAT. 3L | SPRING OF DREAMS | ITZBENJA616",12,"OP-00004627-LnInterior-S60-T15088-A15088",f4da1a96d8c2c2d1cbefc501e29d88137e022914013208ae8c2c9728b54a32cb,O00000060,15088,38,47440000000000384744,16412,41,850600000000004185060,4,NoObservedRelation,ABSTAIN,153,153
E73B098AA0CB6FA3BECE45E9551EF225412F5E01F6398184093A40B944F0AAE0,"NJK RECORD FEAT. 3L | SPRING OF DREAMS | ITZBENJA616",12,"OP-00004632-LnInterior-S69-T16235-A16235",8fb709c3dc28c5f23b71065253ffe7892838ba3726ba04163390ab10ccd3705d,O00000069,16235,41,399250000000004139925,16853,42,975150000000004297515,5,CandidateNotObserved,ABSTAIN,173,173
E73B098AA0CB6FA3BECE45E9551EF225412F5E01F6398184093A40B944F0AAE0,"NJK RECORD FEAT. 3L | SPRING OF DREAMS | ITZBENJA616",12,"OP-00004636-LnInterior-S76-T17647-A17647",dc0c6ac5aeeeec0da48df6ad5c0d91cc6ad8bd3fb7c18a432c785a095bae7d6c,O00000076,17647,44,999850000000004499985,17911,45,673050000000004567305,1,CandidateObservedUnique,ADMIT,193,193
E73B098AA0CB6FA3BECE45E9551EF225412F5E01F6398184093A40B944F0AAE0,"NJK RECORD FEAT. 3L | SPRING OF DREAMS | ITZBENJA616",12,"OP-00004635-LnInterior-S75-T17911-A17911",f54ed77e6908b1e3a90a08e1524d56fe8d9106ac37882694085e62e288321bb8,O00000075,17911,45,673050000000004567305,18175,46,346250000000004634625,0,NoObservedRelation,ABSTAIN,196,196
E73B098AA0CB6FA3BECE45E9551EF225412F5E01F6398184093A40B944F0AAE0,"NJK RECORD FEAT. 3L | SPRING OF DREAMS | ITZBENJA616",12,"OP-00004637-LnInterior-S76-T17911-A17911",a7840f2c6e1eb8ee978fd687897fc09c9fb53b74bd5c5f1c89b2502fecd148b8,O00000076,17911,45,673050000000004567305,18176,46,348800000000004634880,0,NoObservedRelation,ABSTAIN,199,199
E73B098AA0CB6FA3BECE45E9551EF225412F5E01F6398184093A40B944F0AAE0,"NJK RECORD FEAT. 3L | SPRING OF DREAMS | ITZBENJA616",12,"OP-00004645-LnInterior-S91-T20029-A20029",c562532d06b00453addf35c858c079702201752403cdb4847fa8dfcb9ae41955,O00000091,20029,51,073950000000005107395,20804,53,05020000000000530502,3,NoObservedRelation,ABSTAIN,224,224
E73B098AA0CB6FA3BECE45E9551EF225412F5E01F6398184093A40B944F0AAE0,"NJK RECORD FEAT. 3L | SPRING OF DREAMS | ITZBENJA616",12,"OP-00004670-LnInterior-S2792-T176174-A176174",33b383236b5727fbcc8fffdd639619393f5692619cce212d1092f89a0db7c6ed,O00002792,176174,449,24370000000004492437,176370,449,743500000000044974350,0,NoObservedRelation,ABSTAIN,4162,4162
E73B098AA0CB6FA3BECE45E9551EF225412F5E01F6398184093A40B944F0AAE0,"NJK RECORD FEAT. 3L | SPRING OF DREAMS | ITZBENJA616",12,"OP-00004681-LnInterior-S4442-T263698-A263698",49adf2cd479110d70dc4fa177fb13523696ad22295aec0ca12c64d423bef1dba,O00004442,263698,672,42990000000006724299,263773,672,621150000000067262115,4,NoObservedRelation,ABSTAIN,6159,6159
E73B098AA0CB6FA3BECE45E9551EF225412F5E01F6398184093A40B944F0AAE0,"NJK RECORD FEAT. 3L | SPRING OF DREAMS | ITZBENJA616",12,"OP-00004682-LnInterior-S4443-T263698-A263698",408ccd77e6b78ddcdba0fab60389b9cd82ac4dc8c23f2d45181b291ef8377b2a,O00004443,263698,672,42990000000006724299,263818,672,73590000000006727359,4,NoObservedRelation,ABSTAIN,6162,6162
E73B098AA0CB6FA3BECE45E9551EF225412F5E01F6398184093A40B944F0AAE0,"NJK RECORD FEAT. 3L | SPRING OF DREAMS | ITZBENJA616",12,"OP-00004683-LnInterior-S4443-T263796-A263796",37998fb7686ab8a79fbe5399c3536882ccea81b44d9abb1ec0241a16ff735dce,O00004443,263796,672,67980000000006726798,263871,672,871050000000067287105,6,NoObservedRelation,ABSTAIN,6166,6166
E73B098AA0CB6FA3BECE45E9551EF225412F5E01F6398184093A40B944F0AAE0,"NJK RECORD FEAT. 3L | SPRING OF DREAMS | ITZBENJA616",12,"OP-00004680-LnInterior-S4442-T263918-A263918",e7c8c871adf8dd9d8cc3ca46d442405a883e6b153fd37c4d009a8c2e516b2d08,O00004442,263918,672,99090000000006729909,263993,673,182150000000067318215,0,NoObservedRelation,ABSTAIN,6170,6170
E73B098AA0CB6FA3BECE45E9551EF225412F5E01F6398184093A40B944F0AAE0,"NJK RECORD FEAT. 3L | SPRING OF DREAMS | ITZBENJA616",13,"OP-00004608-LnInterior-S1-T2117-A2117",ea3d30c3c9d45614ea94631db7fcd1c3572585c120f19472a0137a0ba033f020,O00000001,2117,5,398350000000000539835,2382,6,074100000000000607410,0,CandidateObservedUnique,ADMIT,17,17
E73B098AA0CB6FA3BECE45E9551EF225412F5E01F6398184093A40B944F0AAE0,"NJK RECORD FEAT. 3L | SPRING OF DREAMS | ITZBENJA616",13,"OP-00004609-LnInterior-S1-T2382-A2382",f005ff63348f32ef01991bea5b1ef0367f2c93337c7d712564ce6d9c75406aba,O00000001,2382,6,07410000000000060741,2647,6,749850000000000674985,6,NoObservedRelation,ABSTAIN,20,20
E73B098AA0CB6FA3BECE45E9551EF225412F5E01F6398184093A40B944F0AAE0,"NJK RECORD FEAT. 3L | SPRING OF DREAMS | ITZBENJA616",13,"OP-00004613-LnInterior-S22-T6617-A6617",633a3f28b2e0f3105694d9a3abfec5eddabcb6d11cfde83cade08876b513abb4,O00000022,6617,16,873350000000001687335,7323,18,673650000000001867365,3,NoObservedRelation,ABSTAIN,51,51
E73B098AA0CB6FA3BECE45E9551EF225412F5E01F6398184093A40B944F0AAE0,"NJK RECORD FEAT. 3L | SPRING OF DREAMS | ITZBENJA616",13,"OP-00004614-LnInterior-S29-T7764-A7764",892a7a02bff308f45c89614acf76148a2fa87c0be12a8471a20afe5ed850c4d4,O00000029,7764,19,79820000000000197982,8028,20,471400000000002047140,5,CandidateNotObserved,ABSTAIN,66,66
E73B098AA0CB6FA3BECE45E9551EF225412F5E01F6398184093A40B944F0AAE0,"NJK RECORD FEAT. 3L | SPRING OF DREAMS | ITZBENJA616",13,"OP-00004615-LnInterior-S29-T8029-A8029",c7d9aa3fb9123dfda0d63d1fa9a5e974db3f52f90deee7c0013d6bf2013dd4b5,O00000029,8029,20,473950000000002047395,8294,21,149700000000002114970,2,NoObservedRelation,ABSTAIN,69,69
E73B098AA0CB6FA3BECE45E9551EF225412F5E01F6398184093A40B944F0AAE0,"NJK RECORD FEAT. 3L | SPRING OF DREAMS | ITZBENJA616",13,"OP-00004621-LnInterior-S47-T12264-A12264",bba7ab3fe1f1387b6f52edb0df66a341bac7f67bce52ecb37d8c40e00f05f8dc,O00000047,12264,31,27320000000000312732,12617,32,173350000000003217335,6,NoObservedRelation,ABSTAIN,103,103
E73B098AA0CB6FA3BECE45E9551EF225412F5E01F6398184093A40B944F0AAE0,"NJK RECORD FEAT. 3L | SPRING OF DREAMS | ITZBENJA616",13,"OP-00004622-LnInterior-S52-T13411-A13411",0cae4b95a8fe559daaa38306fc7918655d1324176bb327323e0daad57150e9c5,O00000052,13411,34,198050000000003419805,14029,35,773950000000003577395,1,CandidateNotObserved,ABSTAIN,115,115
E73B098AA0CB6FA3BECE45E9551EF225412F5E01F6398184093A40B944F0AAE0,"NJK RECORD FEAT. 3L | SPRING OF DREAMS | ITZBENJA616",13,"OP-00004624-LnInterior-S54-T13411-A13411",9763c0078cae1154836eef5f975891b1771cedf7cea60eb0d309fd7c3ae6468e,O00000054,13411,34,198050000000003419805,14029,35,773950000000003577395,3,CandidateNotObserved,ABSTAIN,118,118
E73B098AA0CB6FA3BECE45E9551EF225412F5E01F6398184093A40B944F0AAE0,"NJK RECORD FEAT. 3L | SPRING OF DREAMS | ITZBENJA616",13,"OP-00004625-LnInterior-S54-T13764-A13764",00415ea9f750176f4ef1e68c6e95877020fc6e7e088c7dd2e79b3a9ecdddae36,O00000054,13764,35,09820000000000350982,15088,38,474400000000003847440,3,CandidateNotObserved,ABSTAIN,126,126
E73B098AA0CB6FA3BECE45E9551EF225412F5E01F6398184093A40B944F0AAE0,"NJK RECORD FEAT. 3L | SPRING OF DREAMS | ITZBENJA616",13,"OP-00004630-LnInterior-S68-T16235-A16235",eee4bbaaf1cc7461ee76401c266f041d15b7ad9e0a3cea5bdc8820f48196732c,O00000068,16235,41,399250000000004139925,16500,42,075000000000004207500,4,CandidateObservedUnique,ADMIT,158,158
E73B098AA0CB6FA3BECE45E9551EF225412F5E01F6398184093A40B944F0AAE0,"NJK RECORD FEAT. 3L | SPRING OF DREAMS | ITZBENJA616",13,"OP-00004633-LnInterior-S69-T16588-A16588",c163c6516bd454621c445c4e01a9100f14330bb1f997232f252b4aad0e27d73e,O00000069,16588,42,29940000000000422994,16853,42,975150000000004297515,6,CandidateObservedUnique,ADMIT,165,165
E73B098AA0CB6FA3BECE45E9551EF225412F5E01F6398184093A40B944F0AAE0,"NJK RECORD FEAT. 3L | SPRING OF DREAMS | ITZBENJA616",13,"OP-00004643-LnInterior-S90-T20029-A20029",de5fd223fa524e521520e54638a93d00c7daf475822b65c61d01c45d94818ba3,O00000090,20029,51,073950000000005107395,20804,53,05020000000000530502,3,NoObservedRelation,ABSTAIN,205,205
E73B098AA0CB6FA3BECE45E9551EF225412F5E01F6398184093A40B944F0AAE0,"NJK RECORD FEAT. 3L | SPRING OF DREAMS | ITZBENJA616",13,"OP-00004648-LnInterior-S315-T37259-A37259",191b5b7ea230175c8d22f756c0a549ff274477a6bd58f7d9626d310372a6fe1c,O00000315,37259,95,010450000000009501045,37357,95,260350000000009526035,6,CandidateNotObserved,ABSTAIN,562,562
E73B098AA0CB6FA3BECE45E9551EF225412F5E01F6398184093A40B944F0AAE0,"NJK RECORD FEAT. 3L | SPRING OF DREAMS | ITZBENJA616",13,"OP-00004657-LnInterior-S1615-T112938-A112938",1f8f9a181187b04ae7769e50f61badd3e39632d5ce8685d90c3714b4e1b3cf9e,O00001615,112938,287,99190000000002879919,113036,288,241800000000028824180,6,CandidateNotObserved,ABSTAIN,2402,2402
E73B098AA0CB6FA3BECE45E9551EF225412F5E01F6398184093A40B944F0AAE0,"NJK RECORD FEAT. 3L | SPRING OF DREAMS | ITZBENJA616",13,"OP-00004672-LnInterior-S2942-T188265-A188265",2f995af898161d6fd2834c1893fcfcc21412d6ebade0ec0ff6a4887ca221acee,O00002942,188265,480,075750000000048007575,188298,480,159900000000048015990,0,NoObservedRelation,ABSTAIN,4370,4370
E73B098AA0CB6FA3BECE45E9551EF225412F5E01F6398184093A40B944F0AAE0,"NJK RECORD FEAT. 3L | SPRING OF DREAMS | ITZBENJA616",13,"OP-00004682-LnInterior-S4443-T263698-A263698",408ccd77e6b78ddcdba0fab60389b9cd82ac4dc8c23f2d45181b291ef8377b2a,O00004443,263698,672,42990000000006724299,263818,672,73590000000006727359,0,NoObservedRelation,ABSTAIN,6154,6154
E73B098AA0CB6FA3BECE45E9551EF225412F5E01F6398184093A40B944F0AAE0,"NJK RECORD FEAT. 3L | SPRING OF DREAMS | ITZBENJA616",13,"OP-00004683-LnInterior-S4443-T263796-A263796",6c3fe9ca83e7d20acaca8e6763c895f33ad973ff1a6faed3e69b273efd4b16ff,O00004443,263796,672,67980000000006726798,263916,672,98580000000006729858,6,NoObservedRelation,ABSTAIN,6159,6159
E73B098AA0CB6FA3BECE45E9551EF225412F5E01F6398184093A40B944F0AAE0,"NJK RECORD FEAT. 3L | SPRING OF DREAMS | ITZBENJA616",14,"OP-00004608-LnInterior-S1-T2117-A2117",961bba2ab389e02e5500c05a7d01906840f7c74088011ae669e476c275996f90,O00000001,2117,5,398350000000000539835,2735,6,974250000000000697425,6,CandidateNotObserved,ABSTAIN,21,21
E73B098AA0CB6FA3BECE45E9551EF225412F5E01F6398184093A40B944F0AAE0,"NJK RECORD FEAT. 3L | SPRING OF DREAMS | ITZBENJA616",14,"OP-00004609-LnInterior-S1-T2382-A2382",f005ff63348f32ef01991bea5b1ef0367f2c93337c7d712564ce6d9c75406aba,O00000001,2382,6,07410000000000060741,2647,6,749850000000000674985,6,NoObservedRelation,ABSTAIN,24,24
E73B098AA0CB6FA3BECE45E9551EF225412F5E01F6398184093A40B944F0AAE0,"NJK RECORD FEAT. 3L | SPRING OF DREAMS | ITZBENJA616",14,"OP-00004610-LnInterior-S12-T4941-A4941",3636f93ae63fc64e424a994f0bce4b80803765d7739755e0a5d7eca40b9e7ce3,O00000012,4941,12,599550000000001259955,6264,15,973200000000001597320,3,CandidateNotObserved,ABSTAIN,45,45
E73B098AA0CB6FA3BECE45E9551EF225412F5E01F6398184093A40B944F0AAE0,"NJK RECORD FEAT. 3L | SPRING OF DREAMS | ITZBENJA616",14,"OP-00004615-LnInterior-S29-T8029-A8029",a8b65f351710366518c9d22adcdce8ca0ce20914437ccdcb0c2c096278652f5c,O00000029,8029,20,473950000000002047395,9441,24,074550000000002407455,6,NoObservedRelation,ABSTAIN,69,69
E73B098AA0CB6FA3BECE45E9551EF225412F5E01F6398184093A40B944F0AAE0,"NJK RECORD FEAT. 3L | SPRING OF DREAMS | ITZBENJA616",14,"OP-00004618-LnInterior-S46-T12000-A12000",9b31d48cf6794abb3394989a70703cae7aaf6879ea34e52a6e62b526303f5828,O00000046,12000,30,60000000000000306,12264,31,27320000000000312732,4,CandidateObservedUnique,ADMIT,104,104
E73B098AA0CB6FA3BECE45E9551EF225412F5E01F6398184093A40B944F0AAE0,"NJK RECORD FEAT. 3L | SPRING OF DREAMS | ITZBENJA616",14,"OP-00004619-LnInterior-S46-T12264-A12264",b60160468ae359476bef0f4fee5335c038edea2951fc22e87cb8dceed285f858,O00000046,12264,31,27320000000000312732,12528,31,94640000000000319464,6,NoObservedRelation,ABSTAIN,108,108
E73B098AA0CB6FA3BECE45E9551EF225412F5E01F6398184093A40B944F0AAE0,"NJK RECORD FEAT. 3L | SPRING OF DREAMS | ITZBENJA616",14,"OP-00004622-LnInterior-S52-T13411-A13411",0cae4b95a8fe559daaa38306fc7918655d1324176bb327323e0daad57150e9c5,O00000052,13411,34,198050000000003419805,14029,35,773950000000003577395,1,CandidateNotObserved,ABSTAIN,121,121
E73B098AA0CB6FA3BECE45E9551EF225412F5E01F6398184093A40B944F0AAE0,"NJK RECORD FEAT. 3L | SPRING OF DREAMS | ITZBENJA616",14,"OP-00004623-LnInterior-S52-T13764-A13764",d9280da2ac167c691176d9e70c7db1374c18248eb140ccc7a1c010925d6791c1,O00000052,13764,35,09820000000000350982,14029,35,773950000000003577395,1,CandidateObservedUnique,ADMIT,129,129
E73B098AA0CB6FA3BECE45E9551EF225412F5E01F6398184093A40B944F0AAE0,"NJK RECORD FEAT. 3L | SPRING OF DREAMS | ITZBENJA616",14,"OP-00004626-LnInterior-S60-T14823-A14823",153edfc4d4f15e223ab083001c351722984abb3632de69476e0685e1cb139651,O00000060,14823,37,798650000000003779865,15088,38,474400000000003847440,0,CandidateObservedUnique,ADMIT,141,141
E73B098AA0CB6FA3BECE45E9551EF225412F5E01F6398184093A40B944F0AAE0,"NJK RECORD FEAT. 3L | SPRING OF DREAMS | ITZBENJA616",14,"OP-00004630-LnInterior-S68-T16235-A16235",eee4bbaaf1cc7461ee76401c266f041d15b7ad9e0a3cea5bdc8820f48196732c,O00000068,16235,41,399250000000004139925,16500,42,075000000000004207500,4,CandidateObservedUnique,ADMIT,160,160
E73B098AA0CB6FA3BECE45E9551EF225412F5E01F6398184093A40B944F0AAE0,"NJK RECORD FEAT. 3L | SPRING OF DREAMS | ITZBENJA616",14,"OP-00004634-LnInterior-S75-T17647-A17647",02b32237c1cd64b7008f5f6e4da385aab87e6e42859d34a64fa39769161e9d58,O00000075,17647,44,999850000000004499985,17911,45,673050000000004567305,0,CandidateObservedUnique,ADMIT,178,178
E73B098AA0CB6FA3BECE45E9551EF225412F5E01F6398184093A40B944F0AAE0,"NJK RECORD FEAT. 3L | SPRING OF DREAMS | ITZBENJA616",14,"OP-00004636-LnInterior-S76-T17647-A17647",1ebf656eb43f3d02258f0262e6cdfcb3d12114f3ebd3fcb8cfa6cf4219c427b3,O00000076,17647,44,999850000000004499985,17912,45,675600000000004567560,1,CandidateNotObserved,ABSTAIN,181,181
E73B098AA0CB6FA3BECE45E9551EF225412F5E01F6398184093A40B944F0AAE0,"NJK RECORD FEAT. 3L | SPRING OF DREAMS | ITZBENJA616",14,"OP-00004639-LnInterior-S82-T18970-A18970",9a8f73b851898a282281361a23fd6e079978d8a6021b4c2d056dfc232eb3f1fb,O00000082,18970,48,37350000000000483735,19235,49,049250000000004904925,1,NoObservedRelation,ABSTAIN,191,191
E73B098AA0CB6FA3BECE45E9551EF225412F5E01F6398184093A40B944F0AAE0,"NJK RECORD FEAT. 3L | SPRING OF DREAMS | ITZBENJA616",14,"OP-00004647-LnInterior-S97-T25252-A25252",b359d4fb80309a76db102b6a9280c6eb89d0c796fb9031fc1b44d0e84877c79f,O00000097,25252,64,39260000000000643926,25301,64,517550000000006451755,5,CandidateNotObserved,ABSTAIN,235,235
E73B098AA0CB6FA3BECE45E9551EF225412F5E01F6398184093A40B944F0AAE0,"NJK RECORD FEAT. 3L | SPRING OF DREAMS | ITZBENJA616",14,"OP-00004656-LnInterior-S1615-T112546-A112546",2584433a429e2a82a1de7c8033aef758e409c4a705ffc47ce5dd8a786ab0800e,O00001615,112546,286,99230000000002869923,112938,287,99190000000002879919,1,CandidateObservedUnique,ADMIT,2383,2383
E73B098AA0CB6FA3BECE45E9551EF225412F5E01F6398184093A40B944F0AAE0,"NJK RECORD FEAT. 3L | SPRING OF DREAMS | ITZBENJA616",14,"OP-00004670-LnInterior-S2792-T176174-A176174",bbc3a39070b3b8c728c6acde4eca56895ce1dae07be1fb7e417fb04922adeff3,O00002792,176174,449,24370000000004492437,176272,449,493600000000044949360,0,NoObservedRelation,ABSTAIN,4179,4179
E73B098AA0CB6FA3BECE45E9551EF225412F5E01F6398184093A40B944F0AAE0,"NJK RECORD FEAT. 3L | SPRING OF DREAMS | ITZBENJA616",14,"OP-00004672-LnInterior-S2942-T188265-A188265",2f995af898161d6fd2834c1893fcfcc21412d6ebade0ec0ff6a4887ca221acee,O00002942,188265,480,075750000000048007575,188298,480,159900000000048015990,5,NoObservedRelation,ABSTAIN,4369,4369
E73B098AA0CB6FA3BECE45E9551EF225412F5E01F6398184093A40B944F0AAE0,"NJK RECORD FEAT. 3L | SPRING OF DREAMS | ITZBENJA616",14,"OP-00004673-LnInterior-S2942-T188340-A188340",5e6d42e64c7158797c31475c8c4a7fc7cea18d55f1f1f4bf2c7a5e0199a8ca56,O00002942,188340,480,2670000000000480267,188372,480,34860000000004803486,5,CandidateNotObserved,ABSTAIN,4373,4373
E73B098AA0CB6FA3BECE45E9551EF225412F5E01F6398184093A40B944F0AAE0,"NJK RECORD FEAT. 3L | SPRING OF DREAMS | ITZBENJA616",14,"OP-00004680-LnInterior-S4442-T263918-A263918",ce60ba301be49b2c1ecf9794ef430e1583ba5023fb626c338ce8cc34b46fcb61,O00004442,263918,672,99090000000006729909,264038,673,29690000000006732969,0,NoObservedRelation,ABSTAIN,6202,6202
E73B098AA0CB6FA3BECE45E9551EF225412F5E01F6398184093A40B944F0AAE0,"NJK RECORD FEAT. 3L | SPRING OF DREAMS | ITZBENJA616",15,"OP-00004609-LnInterior-S1-T2382-A2382",f005ff63348f32ef01991bea5b1ef0367f2c93337c7d712564ce6d9c75406aba,O00000001,2382,6,07410000000000060741,2647,6,749850000000000674985,5,NoObservedRelation,ABSTAIN,18,18
E73B098AA0CB6FA3BECE45E9551EF225412F5E01F6398184093A40B944F0AAE0,"NJK RECORD FEAT. 3L | SPRING OF DREAMS | ITZBENJA616",15,"OP-00004610-LnInterior-S12-T4941-A4941",3636f93ae63fc64e424a994f0bce4b80803765d7739755e0a5d7eca40b9e7ce3,O00000012,4941,12,599550000000001259955,6264,15,973200000000001597320,4,CandidateNotObserved,ABSTAIN,43,43
E73B098AA0CB6FA3BECE45E9551EF225412F5E01F6398184093A40B944F0AAE0,"NJK RECORD FEAT. 3L | SPRING OF DREAMS | ITZBENJA616",15,"OP-00004613-LnInterior-S22-T6617-A6617",b55d4b03fc0f0b0c113b68105260741d431cd0083a7b07b70b9112990e812d6a,O00000022,6617,16,873350000000001687335,6881,17,546550000000001754655,3,NoObservedRelation,ABSTAIN,57,57
E73B098AA0CB6FA3BECE45E9551EF225412F5E01F6398184093A40B944F0AAE0,"NJK RECORD FEAT. 3L | SPRING OF DREAMS | ITZBENJA616",15,"OP-00004615-LnInterior-S29-T8029-A8029",a8b65f351710366518c9d22adcdce8ca0ce20914437ccdcb0c2c096278652f5c,O00000029,8029,20,473950000000002047395,9441,24,074550000000002407455,6,NoObservedRelation,ABSTAIN,67,67
E73B098AA0CB6FA3BECE45E9551EF225412F5E01F6398184093A40B944F0AAE0,"NJK RECORD FEAT. 3L | SPRING OF DREAMS | ITZBENJA616",15,"OP-00004616-LnInterior-S35-T10588-A10588",dfc3fb737e958d07eb954dd9df526cb2c2e2efcab4259a9af6c253653cf8816e,O00000035,10588,26,99940000000000269994,11558,29,47290000000000294729,0,CandidateNotObserved,ABSTAIN,91,91
E73B098AA0CB6FA3BECE45E9551EF225412F5E01F6398184093A40B944F0AAE0,"NJK RECORD FEAT. 3L | SPRING OF DREAMS | ITZBENJA616",15,"OP-00004617-LnInterior-S35-T10853-A10853",4ff698fa9cac8f965d81dc682e9cf11a55457c3ef1d05264e85471ee80212984,O00000035,10853,27,675150000000002767515,11117,28,348350000000002834835,0,NoObservedRelation,ABSTAIN,94,94
E73B098AA0CB6FA3BECE45E9551EF225412F5E01F6398184093A40B944F0AAE0,"NJK RECORD FEAT. 3L | SPRING OF DREAMS | ITZBENJA616",15,"OP-00004620-LnInterior-S47-T12000-A12000",f6a0c8c192eb5ad7ea08d9a70990f66372b1448a8c7ba29fe6ec557ea9d289f7,O00000047,12000,30,60000000000000306,12265,31,275750000000003127575,4,CandidateNotObserved,ABSTAIN,109,109
E73B098AA0CB6FA3BECE45E9551EF225412F5E01F6398184093A40B944F0AAE0,"NJK RECORD FEAT. 3L | SPRING OF DREAMS | ITZBENJA616",15,"OP-00004622-LnInterior-S52-T13411-A13411",e5cb9e411639deae9b2064cd218972b266492581c6d5a91f4b89a5c0c6a14415,O00000052,13411,34,198050000000003419805,13676,34,873800000000003487380,3,CandidateObservedUnique,ADMIT,127,127
E73B098AA0CB6FA3BECE45E9551EF225412F5E01F6398184093A40B944F0AAE0,"NJK RECORD FEAT. 3L | SPRING OF DREAMS | ITZBENJA616",15,"OP-00004623-LnInterior-S52-T13764-A13764",8628978c6c1c326be346dad8933c297bf8888479caa0501e79f273772b902f8a,O00000052,13764,35,09820000000000350982,15088,38,474400000000003847440,3,CandidateNotObserved,ABSTAIN,133,133
E73B098AA0CB6FA3BECE45E9551EF225412F5E01F6398184093A40B944F0AAE0,"NJK RECORD FEAT. 3L | SPRING OF DREAMS | ITZBENJA616",15,"OP-00004643-LnInterior-S90-T20029-A20029",97584df939be8e68dca5ab19ccc0dcbe398f51ee52dcc2e4d61cb6fb22aa1b70,O00000090,20029,51,073950000000005107395,20411,52,048050000000005204805,3,NoObservedRelation,ABSTAIN,207,207
E73B098AA0CB6FA3BECE45E9551EF225412F5E01F6398184093A40B944F0AAE0,"NJK RECORD FEAT. 3L | SPRING OF DREAMS | ITZBENJA616",15,"OP-00004645-LnInterior-S91-T20029-A20029",62bb6a786c565e357cac48659596b204db36885e220cf2fd77c77887abbea15a,O00000091,20029,51,073950000000005107395,20323,51,823650000000005182365,4,NoObservedRelation,ABSTAIN,210,210
E73B098AA0CB6FA3BECE45E9551EF225412F5E01F6398184093A40B944F0AAE0,"NJK RECORD FEAT. 3L | SPRING OF DREAMS | ITZBENJA616",15,"OP-00004642-LnInterior-S90-T20509-A20509",4192f84a29a3a446c49dd519eeed6340cbf2cdbdf979866a89ef04708cfe9ec3,O00000090,20509,52,297950000000005229795,20804,53,050200000000005305020,5,CandidateNotObserved,ABSTAIN,218,218
E73B098AA0CB6FA3BECE45E9551EF225412F5E01F6398184093A40B944F0AAE0,"NJK RECORD FEAT. 3L | SPRING OF DREAMS | ITZBENJA616",15,"OP-00004644-LnInterior-S91-T20509-A20509",7c51d94086ff14ad325a0857f74ffc35597c21a5e4534cdb7889da1b3d5c2787,O00000091,20509,52,297950000000005229795,20804,53,050200000000005305020,5,CandidateNotObserved,ABSTAIN,221,221
E73B098AA0CB6FA3BECE45E9551EF225412F5E01F6398184093A40B944F0AAE0,"NJK RECORD FEAT. 3L | SPRING OF DREAMS | ITZBENJA616",15,"OP-00004648-LnInterior-S315-T37259-A37259",86586f07e7a6fd2e88890f2ca8c881b49c966836e016f59f7f5c7890e223197f,O00000315,37259,95,010450000000009501045,37334,95,201700000000009520170,6,CandidateNotObserved,ABSTAIN,569,569
E73B098AA0CB6FA3BECE45E9551EF225412F5E01F6398184093A40B944F0AAE0,"NJK RECORD FEAT. 3L | SPRING OF DREAMS | ITZBENJA616",15,"OP-00004649-LnInterior-S315-T37651-A37651",8adb5c964e58144dc6fa73ad1ea283b0f046bcd8766b2da70e061b64121169f4,O00000315,37651,96,010050000000009601005,37945,96,759750000000009675975,2,CandidateNotObserved,ABSTAIN,573,573
E73B098AA0CB6FA3BECE45E9551EF225412F5E01F6398184093A40B944F0AAE0,"NJK RECORD FEAT. 3L | SPRING OF DREAMS | ITZBENJA616",15,"OP-00004656-LnInterior-S1615-T112546-A112546",9781424d20fc643c240c1043f01c3ad484e33514632fd031ea9a81a498c0bebc,O00001615,112546,286,99230000000002869923,112939,287,994450000000028799445,6,CandidateNotObserved,ABSTAIN,2404,2404
E73B098AA0CB6FA3BECE45E9551EF225412F5E01F6398184093A40B944F0AAE0,"NJK RECORD FEAT. 3L | SPRING OF DREAMS | ITZBENJA616",15,"OP-00004657-LnInterior-S1615-T112938-A112938",dc748b55174cf895964156b38ba68f51cf7583f6ce46620aa0cc1d4b3eb8d782,O00001615,112938,287,99190000000002879919,113232,288,741600000000028874160,2,CandidateNotObserved,ABSTAIN,2408,2408
E73B098AA0CB6FA3BECE45E9551EF225412F5E01F6398184093A40B944F0AAE0,"NJK RECORD FEAT. 3L | SPRING OF DREAMS | ITZBENJA616",15,"OP-00004665-LnInterior-S2000-T136958-A136958",f753dda24d75ed39c14f06a27a94c010e437dc4143dcca14727e05f44487be03,O00002000,136958,349,24290000000003492429,137056,349,49280000000003494928,2,CandidateNotObserved,ABSTAIN,2951,2951
E73B098AA0CB6FA3BECE45E9551EF225412F5E01F6398184093A40B944F0AAE0,"NJK RECORD FEAT. 3L | SPRING OF DREAMS | ITZBENJA616",15,"OP-00004668-LnInterior-S2753-T174605-A174605",30d245fd084a08547a1a1ae7b534ad74cc4dc705260e64b3d2aac673ac114992,O00002753,174605,445,242750000000044524275,174638,445,326900000000044532690,6,CandidateNotObserved,ABSTAIN,4184,4184
E73B098AA0CB6FA3BECE45E9551EF225412F5E01F6398184093A40B944F0AAE0,"NJK RECORD FEAT. 3L | SPRING OF DREAMS | ITZBENJA616",15,"OP-00004672-LnInterior-S2942-T188265-A188265",2f995af898161d6fd2834c1893fcfcc21412d6ebade0ec0ff6a4887ca221acee,O00002942,188265,480,075750000000048007575,188298,480,159900000000048015990,0,NoObservedRelation,ABSTAIN,4424,4424
E73B098AA0CB6FA3BECE45E9551EF225412F5E01F6398184093A40B944F0AAE0,"NJK RECORD FEAT. 3L | SPRING OF DREAMS | ITZBENJA616",15,"OP-00004673-LnInterior-S2942-T188340-A188340",5e6d42e64c7158797c31475c8c4a7fc7cea18d55f1f1f4bf2c7a5e0199a8ca56,O00002942,188340,480,2670000000000480267,188372,480,34860000000004803486,5,CandidateNotObserved,ABSTAIN,4430,4430
E73B098AA0CB6FA3BECE45E9551EF225412F5E01F6398184093A40B944F0AAE0,"NJK RECORD FEAT. 3L | SPRING OF DREAMS | ITZBENJA616",15,"OP-00004680-LnInterior-S4442-T263918-A263918",ce60ba301be49b2c1ecf9794ef430e1583ba5023fb626c338ce8cc34b46fcb61,O00004442,263918,672,99090000000006729909,264038,673,29690000000006732969,6,NoObservedRelation,ABSTAIN,6253,6253
E73B098AA0CB6FA3BECE45E9551EF225412F5E01F6398184093A40B944F0AAE0,"NJK RECORD FEAT. 3L | SPRING OF DREAMS | ITZBENJA616",16,"OP-00004608-LnInterior-S1-T2117-A2117",ea3d30c3c9d45614ea94631db7fcd1c3572585c120f19472a0137a0ba033f020,O00000001,2117,5,398350000000000539835,2382,6,074100000000000607410,6,CandidateObservedUnique,ADMIT,21,21
E73B098AA0CB6FA3BECE45E9551EF225412F5E01F6398184093A40B944F0AAE0,"NJK RECORD FEAT. 3L | SPRING OF DREAMS | ITZBENJA616",16,"OP-00004610-LnInterior-S12-T4941-A4941",bc16dfe532b39df01efa321a8a3802a5acb4d44c4ab34eb7d2a0c7b3981c0d13,O00000012,4941,12,599550000000001259955,5205,13,272750000000001327275,6,CandidateNotObserved,ABSTAIN,41,41
E73B098AA0CB6FA3BECE45E9551EF225412F5E01F6398184093A40B944F0AAE0,"NJK RECORD FEAT. 3L | SPRING OF DREAMS | ITZBENJA616",16,"OP-00004613-LnInterior-S22-T6617-A6617",633a3f28b2e0f3105694d9a3abfec5eddabcb6d11cfde83cade08876b513abb4,O00000022,6617,16,873350000000001687335,7323,18,673650000000001867365,0,NoObservedRelation,ABSTAIN,53,53
E73B098AA0CB6FA3BECE45E9551EF225412F5E01F6398184093A40B944F0AAE0,"NJK RECORD FEAT. 3L | SPRING OF DREAMS | ITZBENJA616",16,"OP-00004617-LnInterior-S35-T10853-A10853",4ff698fa9cac8f965d81dc682e9cf11a55457c3ef1d05264e85471ee80212984,O00000035,10853,27,675150000000002767515,11117,28,348350000000002834835,5,NoObservedRelation,ABSTAIN,82,82
E73B098AA0CB6FA3BECE45E9551EF225412F5E01F6398184093A40B944F0AAE0,"NJK RECORD FEAT. 3L | SPRING OF DREAMS | ITZBENJA616",16,"OP-00004619-LnInterior-S46-T12264-A12264",b60160468ae359476bef0f4fee5335c038edea2951fc22e87cb8dceed285f858,O00000046,12264,31,27320000000000312732,12528,31,94640000000000319464,6,NoObservedRelation,ABSTAIN,96,96
E73B098AA0CB6FA3BECE45E9551EF225412F5E01F6398184093A40B944F0AAE0,"NJK RECORD FEAT. 3L | SPRING OF DREAMS | ITZBENJA616",16,"OP-00004626-LnInterior-S60-T14823-A14823",153edfc4d4f15e223ab083001c351722984abb3632de69476e0685e1cb139651,O00000060,14823,37,798650000000003779865,15088,38,474400000000003847440,0,CandidateObservedUnique,ADMIT,133,133
E73B098AA0CB6FA3BECE45E9551EF225412F5E01F6398184093A40B944F0AAE0,"NJK RECORD FEAT. 3L | SPRING OF DREAMS | ITZBENJA616",16,"OP-00004630-LnInterior-S68-T16235-A16235",923a0ea25364eb2f1d37e238d5ea2ba1cf57429d78342577b1561dc66d438577,O00000068,16235,41,399250000000004139925,17558,44,772900000000004477290,5,CandidateNotObserved,ABSTAIN,150,150
E73B098AA0CB6FA3BECE45E9551EF225412F5E01F6398184093A40B944F0AAE0,"NJK RECORD FEAT. 3L | SPRING OF DREAMS | ITZBENJA616",16,"OP-00004631-LnInterior-S68-T16588-A16588",b3470f031edc8aba57aab4b036d01ddc3401b8981523a9a93022c15a2fb5b1a6,O00000068,16588,42,29940000000000422994,17206,43,87530000000000438753,5,CandidateNotObserved,ABSTAIN,156,156
E73B098AA0CB6FA3BECE45E9551EF225412F5E01F6398184093A40B944F0AAE0,"NJK RECORD FEAT. 3L | SPRING OF DREAMS | ITZBENJA616",16,"OP-00004633-LnInterior-S69-T16588-A16588",c163c6516bd454621c445c4e01a9100f14330bb1f997232f252b4aad0e27d73e,O00000069,16588,42,29940000000000422994,16853,42,975150000000004297515,6,CandidateObservedUnique,ADMIT,159,159
E73B098AA0CB6FA3BECE45E9551EF225412F5E01F6398184093A40B944F0AAE0,"NJK RECORD FEAT. 3L | SPRING OF DREAMS | ITZBENJA616",16,"OP-00004635-LnInterior-S75-T17911-A17911",f54ed77e6908b1e3a90a08e1524d56fe8d9106ac37882694085e62e288321bb8,O00000075,17911,45,673050000000004567305,18175,46,346250000000004634625,4,NoObservedRelation,ABSTAIN,172,172
E73B098AA0CB6FA3BECE45E9551EF225412F5E01F6398184093A40B944F0AAE0,"NJK RECORD FEAT. 3L | SPRING OF DREAMS | ITZBENJA616",16,"OP-00004643-LnInterior-S90-T20029-A20029",93cc626c54dbc70a4ce5ac3e530f513515a7dd009da3f34ecb30855e57876650,O00000090,20029,51,073950000000005107395,20294,51,749700000000005174970,0,NoObservedRelation,ABSTAIN,191,191
E73B098AA0CB6FA3BECE45E9551EF225412F5E01F6398184093A40B944F0AAE0,"NJK RECORD FEAT. 3L | SPRING OF DREAMS | ITZBENJA616",16,"OP-00004645-LnInterior-S91-T20029-A20029",e5b39c092640fd1fda0044b199209072695b6be0637ba204d7677956468a3319,O00000091,20029,51,073950000000005107395,20293,51,747150000000005174715,0,NoObservedRelation,ABSTAIN,194,194
E73B098AA0CB6FA3BECE45E9551EF225412F5E01F6398184093A40B944F0AAE0,"NJK RECORD FEAT. 3L | SPRING OF DREAMS | ITZBENJA616",16,"OP-00004647-LnInterior-S97-T25252-A25252",b359d4fb80309a76db102b6a9280c6eb89d0c796fb9031fc1b44d0e84877c79f,O00000097,25252,64,39260000000000643926,25301,64,517550000000006451755,5,CandidateNotObserved,ABSTAIN,231,231
E73B098AA0CB6FA3BECE45E9551EF225412F5E01F6398184093A40B944F0AAE0,"NJK RECORD FEAT. 3L | SPRING OF DREAMS | ITZBENJA616",16,"OP-00004646-LnInterior-S97-T25377-A25377",90d39707a1f9e9c8676ee8c297da2d8dd7b09a8daada93d6954093a2efbe21ae,O00000097,25377,64,711350000000006471135,25426,64,836300000000006483630,4,CandidateNotObserved,ABSTAIN,236,236
E73B098AA0CB6FA3BECE45E9551EF225412F5E01F6398184093A40B944F0AAE0,"NJK RECORD FEAT. 3L | SPRING OF DREAMS | ITZBENJA616",16,"OP-00004656-LnInterior-S1615-T112546-A112546",79708ba24eb154043a7fd03f8749283b5ebbd2bd0135d24ef9248b4e24934ea0,O00001615,112546,286,99230000000002869923,113036,288,241800000000028824180,1,CandidateNotObserved,ABSTAIN,2429,2429
E73B098AA0CB6FA3BECE45E9551EF225412F5E01F6398184093A40B944F0AAE0,"NJK RECORD FEAT. 3L | SPRING OF DREAMS | ITZBENJA616",16,"OP-00004671-LnInterior-S2792-T176272-A176272",d4091df6f69449080c49da5231b5d688e50589cd386e8308636e36e9a700989a,O00002792,176272,449,49360000000004494936,176370,449,743500000000044974350,5,NoObservedRelation,ABSTAIN,4255,4255
E73B098AA0CB6FA3BECE45E9551EF225412F5E01F6398184093A40B944F0AAE0,"NJK RECORD FEAT. 3L | SPRING OF DREAMS | ITZBENJA616",16,"OP-00004681-LnInterior-S4442-T263698-A263698",c31db1d1c3be4e6e1a9e498cf4e92025306780ba3a0b75dee3421f5527174cd4,O00004442,263698,672,42990000000006724299,263818,672,73590000000006727359,4,NoObservedRelation,ABSTAIN,6303,6303
E73B098AA0CB6FA3BECE45E9551EF225412F5E01F6398184093A40B944F0AAE0,"NJK RECORD FEAT. 3L | SPRING OF DREAMS | ITZBENJA616",16,"OP-00004682-LnInterior-S4443-T263698-A263698",408ccd77e6b78ddcdba0fab60389b9cd82ac4dc8c23f2d45181b291ef8377b2a,O00004443,263698,672,42990000000006724299,263818,672,73590000000006727359,0,NoObservedRelation,ABSTAIN,6306,6306
E73B098AA0CB6FA3BECE45E9551EF225412F5E01F6398184093A40B944F0AAE0,"NJK RECORD FEAT. 3L | SPRING OF DREAMS | ITZBENJA616",16,"OP-00004683-LnInterior-S4443-T263796-A263796",6c3fe9ca83e7d20acaca8e6763c895f33ad973ff1a6faed3e69b273efd4b16ff,O00004443,263796,672,67980000000006726798,263916,672,98580000000006729858,6,NoObservedRelation,ABSTAIN,6311,6311
E73B098AA0CB6FA3BECE45E9551EF225412F5E01F6398184093A40B944F0AAE0,"NJK RECORD FEAT. 3L | SPRING OF DREAMS | ITZBENJA616",16,"OP-00004680-LnInterior-S4442-T263918-A263918",e7c8c871adf8dd9d8cc3ca46d442405a883e6b153fd37c4d009a8c2e516b2d08,O00004442,263918,672,99090000000006729909,263993,673,182150000000067318215,6,NoObservedRelation,ABSTAIN,6315,6315
E73B098AA0CB6FA3BECE45E9551EF225412F5E01F6398184093A40B944F0AAE0,"NJK RECORD FEAT. 3L | SPRING OF DREAMS | ITZBENJA616",17,"OP-00004621-LnInterior-S47-T12264-A12264",bba7ab3fe1f1387b6f52edb0df66a341bac7f67bce52ecb37d8c40e00f05f8dc,O00000047,12264,31,27320000000000312732,12617,32,173350000000003217335,6,NoObservedRelation,ABSTAIN,101,101
E73B098AA0CB6FA3BECE45E9551EF225412F5E01F6398184093A40B944F0AAE0,"NJK RECORD FEAT. 3L | SPRING OF DREAMS | ITZBENJA616",17,"OP-00004625-LnInterior-S54-T13764-A13764",e09e099e81cfb0d3d4343ea8a70c503ef7fdc61995737d94a9dce58df3398524,O00000054,13764,35,09820000000000350982,14029,35,773950000000003577395,3,CandidateObservedUnique,ADMIT,124,124
E73B098AA0CB6FA3BECE45E9551EF225412F5E01F6398184093A40B944F0AAE0,"NJK RECORD FEAT. 3L | SPRING OF DREAMS | ITZBENJA616",17,"OP-00004632-LnInterior-S69-T16235-A16235",8fb709c3dc28c5f23b71065253ffe7892838ba3726ba04163390ab10ccd3705d,O00000069,16235,41,399250000000004139925,16853,42,975150000000004297515,2,CandidateNotObserved,ABSTAIN,153,153
E73B098AA0CB6FA3BECE45E9551EF225412F5E01F6398184093A40B944F0AAE0,"NJK RECORD FEAT. 3L | SPRING OF DREAMS | ITZBENJA616",17,"OP-00004639-LnInterior-S82-T18970-A18970",9a8f73b851898a282281361a23fd6e079978d8a6021b4c2d056dfc232eb3f1fb,O00000082,18970,48,37350000000000483735,19235,49,049250000000004904925,1,NoObservedRelation,ABSTAIN,189,189
E73B098AA0CB6FA3BECE45E9551EF225412F5E01F6398184093A40B944F0AAE0,"NJK RECORD FEAT. 3L | SPRING OF DREAMS | ITZBENJA616",17,"OP-00004640-LnInterior-S83-T19058-A19058",dc7212ae3da0603e3d03b52d9ba8e0e35488f3dd533675820d920782829e0174,O00000083,19058,48,59790000000000485979,19323,49,273650000000004927365,1,CandidateObservedUnique,ADMIT,196,196
E73B098AA0CB6FA3BECE45E9551EF225412F5E01F6398184093A40B944F0AAE0,"NJK RECORD FEAT. 3L | SPRING OF DREAMS | ITZBENJA616",17,"OP-00004643-LnInterior-S90-T20029-A20029",98ca36cc5db70f9b35ecab80ae019efd0b6a6b18b373b26690e8796ea910d0e5,O00000090,20029,51,073950000000005107395,20324,51,826200000000005182620,4,NoObservedRelation,ABSTAIN,205,205
E73B098AA0CB6FA3BECE45E9551EF225412F5E01F6398184093A40B944F0AAE0,"NJK RECORD FEAT. 3L | SPRING OF DREAMS | ITZBENJA616",17,"OP-00004645-LnInterior-S91-T20029-A20029",46d36faf4520296c8bb52a004ea293c8555cfddd3fb982e79c5555746cc007f9,O00000091,20029,51,073950000000005107395,20324,51,826200000000005182620,4,NoObservedRelation,ABSTAIN,208,208
E73B098AA0CB6FA3BECE45E9551EF225412F5E01F6398184093A40B944F0AAE0,"NJK RECORD FEAT. 3L | SPRING OF DREAMS | ITZBENJA616",17,"OP-00004646-LnInterior-S97-T25377-A25377",90d39707a1f9e9c8676ee8c297da2d8dd7b09a8daada93d6954093a2efbe21ae,O00000097,25377,64,711350000000006471135,25426,64,836300000000006483630,3,CandidateNotObserved,ABSTAIN,242,242
E73B098AA0CB6FA3BECE45E9551EF225412F5E01F6398184093A40B944F0AAE0,"NJK RECORD FEAT. 3L | SPRING OF DREAMS | ITZBENJA616",17,"OP-00004649-LnInterior-S315-T37651-A37651",8adb5c964e58144dc6fa73ad1ea283b0f046bcd8766b2da70e061b64121169f4,O00000315,37651,96,010050000000009601005,37945,96,759750000000009675975,2,CandidateNotObserved,ABSTAIN,560,560
E73B098AA0CB6FA3BECE45E9551EF225412F5E01F6398184093A40B944F0AAE0,"NJK RECORD FEAT. 3L | SPRING OF DREAMS | ITZBENJA616",17,"OP-00004656-LnInterior-S1615-T112546-A112546",34d7f04cee46c88e52652e67dc3371a096cbac0a71bb5dafda3a34f154e73c39,O00001615,112546,286,99230000000002869923,112621,287,183550000000028718355,4,CandidateNotObserved,ABSTAIN,2391,2391
E73B098AA0CB6FA3BECE45E9551EF225412F5E01F6398184093A40B944F0AAE0,"NJK RECORD FEAT. 3L | SPRING OF DREAMS | ITZBENJA616",17,"OP-00004665-LnInterior-S2000-T136958-A136958",f753dda24d75ed39c14f06a27a94c010e437dc4143dcca14727e05f44487be03,O00002000,136958,349,24290000000003492429,137056,349,49280000000003494928,2,CandidateNotObserved,ABSTAIN,2939,2939
E73B098AA0CB6FA3BECE45E9551EF225412F5E01F6398184093A40B944F0AAE0,"NJK RECORD FEAT. 3L | SPRING OF DREAMS | ITZBENJA616",17,"OP-00004673-LnInterior-S2942-T188340-A188340",41f4a1ece34dcfa0924a7413b0b81a4f1595c45031b75f4ecd84d0d44a46a013,O00002942,188340,480,2670000000000480267,188373,480,351150000000048035115,0,CandidateNotObserved,ABSTAIN,4360,4360
E73B098AA0CB6FA3BECE45E9551EF225412F5E01F6398184093A40B944F0AAE0,"NJK RECORD FEAT. 3L | SPRING OF DREAMS | ITZBENJA616",17,"OP-00004681-LnInterior-S4442-T263698-A263698",c31db1d1c3be4e6e1a9e498cf4e92025306780ba3a0b75dee3421f5527174cd4,O00004442,263698,672,42990000000006724299,263818,672,73590000000006727359,3,NoObservedRelation,ABSTAIN,6189,6189
E73B098AA0CB6FA3BECE45E9551EF225412F5E01F6398184093A40B944F0AAE0,"NJK RECORD FEAT. 3L | SPRING OF DREAMS | ITZBENJA616",18,"OP-00004608-LnInterior-S1-T2117-A2117",ea3d30c3c9d45614ea94631db7fcd1c3572585c120f19472a0137a0ba033f020,O00000001,2117,5,398350000000000539835,2382,6,074100000000000607410,3,CandidateObservedUnique,ADMIT,25,25
E73B098AA0CB6FA3BECE45E9551EF225412F5E01F6398184093A40B944F0AAE0,"NJK RECORD FEAT. 3L | SPRING OF DREAMS | ITZBENJA616",18,"OP-00004609-LnInterior-S1-T2382-A2382",f005ff63348f32ef01991bea5b1ef0367f2c93337c7d712564ce6d9c75406aba,O00000001,2382,6,07410000000000060741,2647,6,749850000000000674985,6,NoObservedRelation,ABSTAIN,28,28
E73B098AA0CB6FA3BECE45E9551EF225412F5E01F6398184093A40B944F0AAE0,"NJK RECORD FEAT. 3L | SPRING OF DREAMS | ITZBENJA616",18,"OP-00004619-LnInterior-S46-T12264-A12264",9cb0912df25ea1302259f180fb1222304558bfebf2c8f950e5c64ec88b48c94b,O00000046,12264,31,27320000000000312732,12529,31,948950000000003194895,6,NoObservedRelation,ABSTAIN,102,102
E73B098AA0CB6FA3BECE45E9551EF225412F5E01F6398184093A40B944F0AAE0,"NJK RECORD FEAT. 3L | SPRING OF DREAMS | ITZBENJA616",18,"OP-00004626-LnInterior-S60-T14823-A14823",153edfc4d4f15e223ab083001c351722984abb3632de69476e0685e1cb139651,O00000060,14823,37,798650000000003779865,15088,38,474400000000003847440,3,CandidateObservedUnique,ADMIT,137,137
E73B098AA0CB6FA3BECE45E9551EF225412F5E01F6398184093A40B944F0AAE0,"NJK RECORD FEAT. 3L | SPRING OF DREAMS | ITZBENJA616",18,"OP-00004628-LnInterior-S62-T14823-A14823",53e934bd910b484e796b9e332de8496249cfd05b7df3320776080c93714580ef,O00000062,14823,37,798650000000003779865,15088,38,474400000000003847440,0,CandidateObservedUnique,ADMIT,140,140
E73B098AA0CB6FA3BECE45E9551EF225412F5E01F6398184093A40B944F0AAE0,"NJK RECORD FEAT. 3L | SPRING OF DREAMS | ITZBENJA616",18,"OP-00004634-LnInterior-S75-T17647-A17647",02b32237c1cd64b7008f5f6e4da385aab87e6e42859d34a64fa39769161e9d58,O00000075,17647,44,999850000000004499985,17911,45,673050000000004567305,1,CandidateObservedUnique,ADMIT,182,182
E73B098AA0CB6FA3BECE45E9551EF225412F5E01F6398184093A40B944F0AAE0,"NJK RECORD FEAT. 3L | SPRING OF DREAMS | ITZBENJA616",18,"OP-00004640-LnInterior-S83-T19058-A19058",dc7212ae3da0603e3d03b52d9ba8e0e35488f3dd533675820d920782829e0174,O00000083,19058,48,59790000000000485979,19323,49,273650000000004927365,6,CandidateObservedUnique,ADMIT,202,202
E73B098AA0CB6FA3BECE45E9551EF225412F5E01F6398184093A40B944F0AAE0,"NJK RECORD FEAT. 3L | SPRING OF DREAMS | ITZBENJA616",18,"OP-00004643-LnInterior-S90-T20029-A20029",93cc626c54dbc70a4ce5ac3e530f513515a7dd009da3f34ecb30855e57876650,O00000090,20029,51,073950000000005107395,20294,51,749700000000005174970,4,NoObservedRelation,ABSTAIN,209,209
E73B098AA0CB6FA3BECE45E9551EF225412F5E01F6398184093A40B944F0AAE0,"NJK RECORD FEAT. 3L | SPRING OF DREAMS | ITZBENJA616",18,"OP-00004645-LnInterior-S91-T20029-A20029",d8c6d61735efac275adf1c56c0c32fc4ef659754c355692e318ddcfc315807a8,O00000091,20029,51,073950000000005107395,20411,52,048050000000005204805,3,NoObservedRelation,ABSTAIN,212,212
E73B098AA0CB6FA3BECE45E9551EF225412F5E01F6398184093A40B944F0AAE0,"NJK RECORD FEAT. 3L | SPRING OF DREAMS | ITZBENJA616",18,"OP-00004644-LnInterior-S91-T20509-A20509",7c51d94086ff14ad325a0857f74ffc35597c21a5e4534cdb7889da1b3d5c2787,O00000091,20509,52,297950000000005229795,20804,53,050200000000005305020,5,CandidateNotObserved,ABSTAIN,223,223
E73B098AA0CB6FA3BECE45E9551EF225412F5E01F6398184093A40B944F0AAE0,"NJK RECORD FEAT. 3L | SPRING OF DREAMS | ITZBENJA616",18,"OP-00004646-LnInterior-S97-T25377-A25377",90d39707a1f9e9c8676ee8c297da2d8dd7b09a8daada93d6954093a2efbe21ae,O00000097,25377,64,711350000000006471135,25426,64,836300000000006483630,3,CandidateNotObserved,ABSTAIN,254,254
E73B098AA0CB6FA3BECE45E9551EF225412F5E01F6398184093A40B944F0AAE0,"NJK RECORD FEAT. 3L | SPRING OF DREAMS | ITZBENJA616",18,"OP-00004657-LnInterior-S1615-T112938-A112938",59d03f772c19152c5d6aa24e072e6a2e19ad0180d06c7aa10d711e3995ede3ae,O00001615,112938,287,99190000000002879919,113013,288,183150000000028818315,2,CandidateNotObserved,ABSTAIN,2388,2388
E73B098AA0CB6FA3BECE45E9551EF225412F5E01F6398184093A40B944F0AAE0,"NJK RECORD FEAT. 3L | SPRING OF DREAMS | ITZBENJA616",18,"OP-00004672-LnInterior-S2942-T188265-A188265",2f995af898161d6fd2834c1893fcfcc21412d6ebade0ec0ff6a4887ca221acee,O00002942,188265,480,075750000000048007575,188298,480,159900000000048015990,0,NoObservedRelation,ABSTAIN,4290,4290
E73B098AA0CB6FA3BECE45E9551EF225412F5E01F6398184093A40B944F0AAE0,"NJK RECORD FEAT. 3L | SPRING OF DREAMS | ITZBENJA616",18,"OP-00004681-LnInterior-S4442-T263698-A263698",24c2a42d3e3f198818b18f50374d8ec46844be1f91c8ff5c835610fbfa958205,O00004442,263698,672,42990000000006724299,263918,672,99090000000006729909,0,NoObservedRelation,ABSTAIN,6115,6115
E73B098AA0CB6FA3BECE45E9551EF225412F5E01F6398184093A40B944F0AAE0,"NJK RECORD FEAT. 3L | SPRING OF DREAMS | ITZBENJA616",18,"OP-00004680-LnInterior-S4442-T263918-A263918",e7c8c871adf8dd9d8cc3ca46d442405a883e6b153fd37c4d009a8c2e516b2d08,O00004442,263918,672,99090000000006729909,263993,673,182150000000067318215,0,NoObservedRelation,ABSTAIN,6123,6123
E73B098AA0CB6FA3BECE45E9551EF225412F5E01F6398184093A40B944F0AAE0,"NJK RECORD FEAT. 3L | SPRING OF DREAMS | ITZBENJA616",19,"OP-00004608-LnInterior-S1-T2117-A2117",ea3d30c3c9d45614ea94631db7fcd1c3572585c120f19472a0137a0ba033f020,O00000001,2117,5,398350000000000539835,2382,6,074100000000000607410,3,CandidateObservedUnique,ADMIT,21,21
E73B098AA0CB6FA3BECE45E9551EF225412F5E01F6398184093A40B944F0AAE0,"NJK RECORD FEAT. 3L | SPRING OF DREAMS | ITZBENJA616",19,"OP-00004615-LnInterior-S29-T8029-A8029",c7d9aa3fb9123dfda0d63d1fa9a5e974db3f52f90deee7c0013d6bf2013dd4b5,O00000029,8029,20,473950000000002047395,8294,21,149700000000002114970,2,NoObservedRelation,ABSTAIN,71,71
E73B098AA0CB6FA3BECE45E9551EF225412F5E01F6398184093A40B944F0AAE0,"NJK RECORD FEAT. 3L | SPRING OF DREAMS | ITZBENJA616",19,"OP-00004618-LnInterior-S46-T12000-A12000",9b31d48cf6794abb3394989a70703cae7aaf6879ea34e52a6e62b526303f5828,O00000046,12000,30,60000000000000306,12264,31,27320000000000312732,6,CandidateObservedUnique,ADMIT,108,108
E73B098AA0CB6FA3BECE45E9551EF225412F5E01F6398184093A40B944F0AAE0,"NJK RECORD FEAT. 3L | SPRING OF DREAMS | ITZBENJA616",19,"OP-00004622-LnInterior-S52-T13411-A13411",b10351b05e70d68c63a5ee50c293f121be4e4d2abd22d9e4de2e18749916645c,O00000052,13411,34,198050000000003419805,14382,36,67410000000000366741,1,CandidateNotObserved,ABSTAIN,127,127
E73B098AA0CB6FA3BECE45E9551EF225412F5E01F6398184093A40B944F0AAE0,"NJK RECORD FEAT. 3L | SPRING OF DREAMS | ITZBENJA616",19,"OP-00004623-LnInterior-S52-T13764-A13764",1ee1e85dfc438ef616e9a21a5f2e22b5b0c823aaa6cf5b02d87f3e5e214bbb78,O00000052,13764,35,09820000000000350982,14382,36,67410000000000366741,3,CandidateNotObserved,ABSTAIN,135,135
E73B098AA0CB6FA3BECE45E9551EF225412F5E01F6398184093A40B944F0AAE0,"NJK RECORD FEAT. 3L | SPRING OF DREAMS | ITZBENJA616",19,"OP-00004625-LnInterior-S54-T13764-A13764",00415ea9f750176f4ef1e68c6e95877020fc6e7e088c7dd2e79b3a9ecdddae36,O00000054,13764,35,09820000000000350982,15088,38,474400000000003847440,0,CandidateNotObserved,ABSTAIN,138,138
E73B098AA0CB6FA3BECE45E9551EF225412F5E01F6398184093A40B944F0AAE0,"NJK RECORD FEAT. 3L | SPRING OF DREAMS | ITZBENJA616",19,"OP-00004628-LnInterior-S62-T14823-A14823",53e934bd910b484e796b9e332de8496249cfd05b7df3320776080c93714580ef,O00000062,14823,37,798650000000003779865,15088,38,474400000000003847440,0,CandidateObservedUnique,ADMIT,150,150
E73B098AA0CB6FA3BECE45E9551EF225412F5E01F6398184093A40B944F0AAE0,"NJK RECORD FEAT. 3L | SPRING OF DREAMS | ITZBENJA616",19,"OP-00004630-LnInterior-S68-T16235-A16235",eee4bbaaf1cc7461ee76401c266f041d15b7ad9e0a3cea5bdc8820f48196732c,O00000068,16235,41,399250000000004139925,16500,42,075000000000004207500,2,CandidateObservedUnique,ADMIT,164,164
E73B098AA0CB6FA3BECE45E9551EF225412F5E01F6398184093A40B944F0AAE0,"NJK RECORD FEAT. 3L | SPRING OF DREAMS | ITZBENJA616",19,"OP-00004632-LnInterior-S69-T16235-A16235",17de2308a7a079205c9c575c87bb618927b39514dcb94e22fd1c71be29d6541f,O00000069,16235,41,399250000000004139925,16500,42,075000000000004207500,4,CandidateObservedUnique,ADMIT,167,167
E73B098AA0CB6FA3BECE45E9551EF225412F5E01F6398184093A40B944F0AAE0,"NJK RECORD FEAT. 3L | SPRING OF DREAMS | ITZBENJA616",19,"OP-00004631-LnInterior-S68-T16588-A16588",69f090f4e4162d651b491718df7c5609fddee1d37b62ddf5af9b6b573c955597,O00000068,16588,42,29940000000000422994,16853,42,975150000000004297515,2,CandidateObservedUnique,ADMIT,174,174
E73B098AA0CB6FA3BECE45E9551EF225412F5E01F6398184093A40B944F0AAE0,"NJK RECORD FEAT. 3L | SPRING OF DREAMS | ITZBENJA616",19,"OP-00004635-LnInterior-S75-T17911-A17911",f54ed77e6908b1e3a90a08e1524d56fe8d9106ac37882694085e62e288321bb8,O00000075,17911,45,673050000000004567305,18175,46,346250000000004634625,0,NoObservedRelation,ABSTAIN,190,190
E73B098AA0CB6FA3BECE45E9551EF225412F5E01F6398184093A40B944F0AAE0,"NJK RECORD FEAT. 3L | SPRING OF DREAMS | ITZBENJA616",19,"OP-00004639-LnInterior-S82-T18970-A18970",44f8933e7c8e79f9b57d12188dff231c02f49ec903c8eaeacd4b29d202e71e94,O00000082,18970,48,37350000000000483735,19323,49,273650000000004927365,1,NoObservedRelation,ABSTAIN,203,203
E73B098AA0CB6FA3BECE45E9551EF225412F5E01F6398184093A40B944F0AAE0,"NJK RECORD FEAT. 3L | SPRING OF DREAMS | ITZBENJA616",19,"OP-00004638-LnInterior-S82-T19058-A19058",26132dead400e485da3ec8c7132524c15a154f7feab13775b09953d662a59ccf,O00000082,19058,48,59790000000000485979,19323,49,273650000000004927365,6,CandidateObservedUnique,ADMIT,209,209
E73B098AA0CB6FA3BECE45E9551EF225412F5E01F6398184093A40B944F0AAE0,"NJK RECORD FEAT. 3L | SPRING OF DREAMS | ITZBENJA616",19,"OP-00004643-LnInterior-S90-T20029-A20029",93cc626c54dbc70a4ce5ac3e530f513515a7dd009da3f34ecb30855e57876650,O00000090,20029,51,073950000000005107395,20294,51,749700000000005174970,4,NoObservedRelation,ABSTAIN,219,219
E73B098AA0CB6FA3BECE45E9551EF225412F5E01F6398184093A40B944F0AAE0,"NJK RECORD FEAT. 3L | SPRING OF DREAMS | ITZBENJA616",19,"OP-00004645-LnInterior-S91-T20029-A20029",62bb6a786c565e357cac48659596b204db36885e220cf2fd77c77887abbea15a,O00000091,20029,51,073950000000005107395,20323,51,823650000000005182365,4,NoObservedRelation,ABSTAIN,222,222
E73B098AA0CB6FA3BECE45E9551EF225412F5E01F6398184093A40B944F0AAE0,"NJK RECORD FEAT. 3L | SPRING OF DREAMS | ITZBENJA616",19,"OP-00004642-LnInterior-S90-T20509-A20509",b183b9b835be135e024c83339501f152595ac8056865f1c33bb23d0f99b5cc0a,O00000090,20509,52,297950000000005229795,20959,53,445450000000005344545,5,CandidateNotObserved,ABSTAIN,230,230
E73B098AA0CB6FA3BECE45E9551EF225412F5E01F6398184093A40B944F0AAE0,"NJK RECORD FEAT. 3L | SPRING OF DREAMS | ITZBENJA616",19,"OP-00004644-LnInterior-S91-T20509-A20509",7c51d94086ff14ad325a0857f74ffc35597c21a5e4534cdb7889da1b3d5c2787,O00000091,20509,52,297950000000005229795,20804,53,050200000000005305020,5,CandidateNotObserved,ABSTAIN,233,233
E73B098AA0CB6FA3BECE45E9551EF225412F5E01F6398184093A40B944F0AAE0,"NJK RECORD FEAT. 3L | SPRING OF DREAMS | ITZBENJA616",19,"OP-00004656-LnInterior-S1615-T112546-A112546",9781424d20fc643c240c1043f01c3ad484e33514632fd031ea9a81a498c0bebc,O00001615,112546,286,99230000000002869923,112939,287,994450000000028799445,1,CandidateNotObserved,ABSTAIN,2423,2423
E73B098AA0CB6FA3BECE45E9551EF225412F5E01F6398184093A40B944F0AAE0,"NJK RECORD FEAT. 3L | SPRING OF DREAMS | ITZBENJA616",19,"OP-00004657-LnInterior-S1615-T112938-A112938",b5fb82105f62d742d2e5ca39bfbc941621a1534cf267e6f2958c62ba817ae185,O00001615,112938,287,99190000000002879919,113428,289,241400000000028924140,2,CandidateNotObserved,ABSTAIN,2427,2427
E73B098AA0CB6FA3BECE45E9551EF225412F5E01F6398184093A40B944F0AAE0,"NJK RECORD FEAT. 3L | SPRING OF DREAMS | ITZBENJA616",19,"OP-00004665-LnInterior-S2000-T136958-A136958",f753dda24d75ed39c14f06a27a94c010e437dc4143dcca14727e05f44487be03,O00002000,136958,349,24290000000003492429,137056,349,49280000000003494928,2,CandidateNotObserved,ABSTAIN,2975,2975
E73B098AA0CB6FA3BECE45E9551EF225412F5E01F6398184093A40B944F0AAE0,"NJK RECORD FEAT. 3L | SPRING OF DREAMS | ITZBENJA616",19,"OP-00004672-LnInterior-S2942-T188265-A188265",2f995af898161d6fd2834c1893fcfcc21412d6ebade0ec0ff6a4887ca221acee,O00002942,188265,480,075750000000048007575,188298,480,159900000000048015990,5,NoObservedRelation,ABSTAIN,4426,4426
E73B098AA0CB6FA3BECE45E9551EF225412F5E01F6398184093A40B944F0AAE0,"NJK RECORD FEAT. 3L | SPRING OF DREAMS | ITZBENJA616",19,"OP-00004681-LnInterior-S4442-T263698-A263698",c31db1d1c3be4e6e1a9e498cf4e92025306780ba3a0b75dee3421f5527174cd4,O00004442,263698,672,42990000000006724299,263818,672,73590000000006727359,0,NoObservedRelation,ABSTAIN,6243,6243
E73B098AA0CB6FA3BECE45E9551EF225412F5E01F6398184093A40B944F0AAE0,"NJK RECORD FEAT. 3L | SPRING OF DREAMS | ITZBENJA616",19,"OP-00004683-LnInterior-S4443-T263796-A263796",6c3fe9ca83e7d20acaca8e6763c895f33ad973ff1a6faed3e69b273efd4b16ff,O00004443,263796,672,67980000000006726798,263916,672,98580000000006729858,6,NoObservedRelation,ABSTAIN,6249,6249
E73B098AA0CB6FA3BECE45E9551EF225412F5E01F6398184093A40B944F0AAE0,"NJK RECORD FEAT. 3L | SPRING OF DREAMS | ITZBENJA616",20,"OP-00004609-LnInterior-S1-T2382-A2382",f005ff63348f32ef01991bea5b1ef0367f2c93337c7d712564ce6d9c75406aba,O00000001,2382,6,07410000000000060741,2647,6,749850000000000674985,0,NoObservedRelation,ABSTAIN,20,20
E73B098AA0CB6FA3BECE45E9551EF225412F5E01F6398184093A40B944F0AAE0,"NJK RECORD FEAT. 3L | SPRING OF DREAMS | ITZBENJA616",20,"OP-00004613-LnInterior-S22-T6617-A6617",e92b4594583ea871fa98bc74d3f649fb7d17dfddcc22f48142657b79cd556710,O00000022,6617,16,873350000000001687335,6882,17,549100000000001754910,1,NoObservedRelation,ABSTAIN,55,55
E73B098AA0CB6FA3BECE45E9551EF225412F5E01F6398184093A40B944F0AAE0,"NJK RECORD FEAT. 3L | SPRING OF DREAMS | ITZBENJA616",20,"OP-00004615-LnInterior-S29-T8029-A8029",c7d9aa3fb9123dfda0d63d1fa9a5e974db3f52f90deee7c0013d6bf2013dd4b5,O00000029,8029,20,473950000000002047395,8294,21,149700000000002114970,6,NoObservedRelation,ABSTAIN,71,71
E73B098AA0CB6FA3BECE45E9551EF225412F5E01F6398184093A40B944F0AAE0,"NJK RECORD FEAT. 3L | SPRING OF DREAMS | ITZBENJA616",20,"OP-00004619-LnInterior-S46-T12264-A12264",b60160468ae359476bef0f4fee5335c038edea2951fc22e87cb8dceed285f858,O00000046,12264,31,27320000000000312732,12528,31,94640000000000319464,3,NoObservedRelation,ABSTAIN,108,108
E73B098AA0CB6FA3BECE45E9551EF225412F5E01F6398184093A40B944F0AAE0,"NJK RECORD FEAT. 3L | SPRING OF DREAMS | ITZBENJA616",20,"OP-00004621-LnInterior-S47-T12264-A12264",4b923f505a87a3c79a2ad8516c4093cd76fd3c08b0092299ec9e46d94043ac9c,O00000047,12264,31,27320000000000312732,14029,35,773950000000003577395,3,NoObservedRelation,ABSTAIN,111,111
E73B098AA0CB6FA3BECE45E9551EF225412F5E01F6398184093A40B944F0AAE0,"NJK RECORD FEAT. 3L | SPRING OF DREAMS | ITZBENJA616",20,"OP-00004624-LnInterior-S54-T13411-A13411",c269f3e190ff6097d431ab2fb4b006f016e06c4f09577000252d53e13c6d93be,O00000054,13411,34,198050000000003419805,13675,34,871250000000003487125,2,CandidateNotObserved,ABSTAIN,126,126
E73B098AA0CB6FA3BECE45E9551EF225412F5E01F6398184093A40B944F0AAE0,"NJK RECORD FEAT. 3L | SPRING OF DREAMS | ITZBENJA616",20,"OP-00004637-LnInterior-S76-T17911-A17911",131089a363a75d634bd512481f799d1890af2199de9ffc3cb0f3ac2a9f33fcc7,O00000076,17911,45,673050000000004567305,18175,46,346250000000004634625,4,NoObservedRelation,ABSTAIN,189,189
E73B098AA0CB6FA3BECE45E9551EF225412F5E01F6398184093A40B944F0AAE0,"NJK RECORD FEAT. 3L | SPRING OF DREAMS | ITZBENJA616",20,"OP-00004641-LnInterior-S83-T18970-A18970",06529f997a52a97c6336dfadd290628e5fb652b28b4e153c7c06c220227046c8,O00000083,18970,48,37350000000000483735,19235,49,049250000000004904925,0,NoObservedRelation,ABSTAIN,200,200
E73B098AA0CB6FA3BECE45E9551EF225412F5E01F6398184093A40B944F0AAE0,"NJK RECORD FEAT. 3L | SPRING OF DREAMS | ITZBENJA616",20,"OP-00004643-LnInterior-S90-T20029-A20029",d143515349177ff2c9cd18688835a17d7e2a182c98642ef94e48ffbaf43f482b,O00000090,20029,51,073950000000005107395,20323,51,823650000000005182365,3,NoObservedRelation,ABSTAIN,213,213
E73B098AA0CB6FA3BECE45E9551EF225412F5E01F6398184093A40B944F0AAE0,"NJK RECORD FEAT. 3L | SPRING OF DREAMS | ITZBENJA616",20,"OP-00004649-LnInterior-S315-T37651-A37651",8adb5c964e58144dc6fa73ad1ea283b0f046bcd8766b2da70e061b64121169f4,O00000315,37651,96,010050000000009601005,37945,96,759750000000009675975,2,CandidateNotObserved,ABSTAIN,574,574
E73B098AA0CB6FA3BECE45E9551EF225412F5E01F6398184093A40B944F0AAE0,"NJK RECORD FEAT. 3L | SPRING OF DREAMS | ITZBENJA616",20,"OP-00004656-LnInterior-S1615-T112546-A112546",34d7f04cee46c88e52652e67dc3371a096cbac0a71bb5dafda3a34f154e73c39,O00001615,112546,286,99230000000002869923,112621,287,183550000000028718355,6,CandidateNotObserved,ABSTAIN,2404,2404
E73B098AA0CB6FA3BECE45E9551EF225412F5E01F6398184093A40B944F0AAE0,"NJK RECORD FEAT. 3L | SPRING OF DREAMS | ITZBENJA616",20,"OP-00004657-LnInterior-S1615-T112938-A112938",dc748b55174cf895964156b38ba68f51cf7583f6ce46620aa0cc1d4b3eb8d782,O00001615,112938,287,99190000000002879919,113232,288,741600000000028874160,6,CandidateNotObserved,ABSTAIN,2408,2408
E73B098AA0CB6FA3BECE45E9551EF225412F5E01F6398184093A40B944F0AAE0,"NJK RECORD FEAT. 3L | SPRING OF DREAMS | ITZBENJA616",20,"OP-00004671-LnInterior-S2792-T176272-A176272",d4091df6f69449080c49da5231b5d688e50589cd386e8308636e36e9a700989a,O00002792,176272,449,49360000000004494936,176370,449,743500000000044974350,3,NoObservedRelation,ABSTAIN,4151,4151
E73B098AA0CB6FA3BECE45E9551EF225412F5E01F6398184093A40B944F0AAE0,"NJK RECORD FEAT. 3L | SPRING OF DREAMS | ITZBENJA616",20,"OP-00004673-LnInterior-S2942-T188340-A188340",41f4a1ece34dcfa0924a7413b0b81a4f1595c45031b75f4ecd84d0d44a46a013,O00002942,188340,480,2670000000000480267,188373,480,351150000000048035115,1,CandidateNotObserved,ABSTAIN,4347,4347
E73B098AA0CB6FA3BECE45E9551EF225412F5E01F6398184093A40B944F0AAE0,"NJK RECORD FEAT. 3L | SPRING OF DREAMS | ITZBENJA616",20,"OP-00004681-LnInterior-S4442-T263698-A263698",c31db1d1c3be4e6e1a9e498cf4e92025306780ba3a0b75dee3421f5527174cd4,O00004442,263698,672,42990000000006724299,263818,672,73590000000006727359,0,NoObservedRelation,ABSTAIN,6168,6168
F0E7AD21B536EC13F9EE2F8C09913100A35BA2DFE1338C86F78452AA4391BE7E,"SAMFREE FT. SF-A2 MIKI | MIKIMIKI ROMANTIC NIGHT | NANANANA",2,"OP-00004580-LnInterior-S1941-T91830-A91830",b1353c144e725a81c36c8922329d25d894ba245b385ac726559d9f0220e90005,O00001941,91830,249,99886666666691666553333333,91922,250,25033333333358358366666667,5,CandidateNotObserved,ABSTAIN,2670,2670
F0E7AD21B536EC13F9EE2F8C09913100A35BA2DFE1338C86F78452AA4391BE7E,"SAMFREE FT. SF-A2 MIKI | MIKIMIKI ROMANTIC NIGHT | NANANANA",4,"OP-00004580-LnInterior-S1941-T91830-A91830",b1353c144e725a81c36c8922329d25d894ba245b385ac726559d9f0220e90005,O00001941,91830,249,99886666666691666553333333,91922,250,25033333333358358366666667,5,CandidateNotObserved,ABSTAIN,2653,2653
F0E7AD21B536EC13F9EE2F8C09913100A35BA2DFE1338C86F78452AA4391BE7E,"SAMFREE FT. SF-A2 MIKI | MIKIMIKI ROMANTIC NIGHT | NANANANA",9,"OP-00004580-LnInterior-S1941-T91830-A91830",fb9eaddc203c105704909760e3cf0739b9a53b1d85e92eb9a88bd138de3be778,O00001941,91830,249,99886666666691666553333333,92013,250,49906666666691716573333333,5,CandidateNotObserved,ABSTAIN,2673,2673
F0E7AD21B536EC13F9EE2F8C09913100A35BA2DFE1338C86F78452AA4391BE7E,"SAMFREE FT. SF-A2 MIKI | MIKIMIKI ROMANTIC NIGHT | NANANANA",10,"OP-00004580-LnInterior-S1941-T91830-A91830",fb9eaddc203c105704909760e3cf0739b9a53b1d85e92eb9a88bd138de3be778,O00001941,91830,249,99886666666691666553333333,92013,250,49906666666691716573333333,0,CandidateNotObserved,ABSTAIN,2675,2675
F0E7AD21B536EC13F9EE2F8C09913100A35BA2DFE1338C86F78452AA4391BE7E,"SAMFREE FT. SF-A2 MIKI | MIKIMIKI ROMANTIC NIGHT | NANANANA",12,"OP-00004579-LnInterior-S1941-T91464-A91464",4bc769fb9c482e140eeaf1e3f58e5145ad73ccfaa76d9c2db35ee1fc7d1ac456,O00001941,91464,248,99846666666691566513333333,92378,251,49673333333358483006666667,0,CandidateNotObserved,ABSTAIN,2620,2620
F0E7AD21B536EC13F9EE2F8C09913100A35BA2DFE1338C86F78452AA4391BE7E,"SAMFREE FT. SF-A2 MIKI | MIKIMIKI ROMANTIC NIGHT | NANANANA",13,"OP-00004579-LnInterior-S1941-T91464-A91464",12e5cdff06fc7af7af5ad7c56b865f5d170d5761c87760ca024a65b681477228,O00001941,91464,248,99846666666691566513333333,91647,249,49866666666691616533333333,0,CandidateNotObserved,ABSTAIN,2643,2643
F0E7AD21B536EC13F9EE2F8C09913100A35BA2DFE1338C86F78452AA4391BE7E,"SAMFREE FT. SF-A2 MIKI | MIKIMIKI ROMANTIC NIGHT | NANANANA",13,"OP-00004580-LnInterior-S1941-T91830-A91830",fb9eaddc203c105704909760e3cf0739b9a53b1d85e92eb9a88bd138de3be778,O00001941,91830,249,99886666666691666553333333,92013,250,49906666666691716573333333,0,CandidateNotObserved,ABSTAIN,2650,2650
F0E7AD21B536EC13F9EE2F8C09913100A35BA2DFE1338C86F78452AA4391BE7E,"SAMFREE FT. SF-A2 MIKI | MIKIMIKI ROMANTIC NIGHT | NANANANA",14,"OP-00004580-LnInterior-S1941-T91830-A91830",b1353c144e725a81c36c8922329d25d894ba245b385ac726559d9f0220e90005,O00001941,91830,249,99886666666691666553333333,91922,250,25033333333358358366666667,5,CandidateNotObserved,ABSTAIN,2649,2649
F0E7AD21B536EC13F9EE2F8C09913100A35BA2DFE1338C86F78452AA4391BE7E,"SAMFREE FT. SF-A2 MIKI | MIKIMIKI ROMANTIC NIGHT | NANANANA",16,"OP-00004580-LnInterior-S1941-T91830-A91830",b1353c144e725a81c36c8922329d25d894ba245b385ac726559d9f0220e90005,O00001941,91830,249,99886666666691666553333333,91922,250,25033333333358358366666667,5,CandidateNotObserved,ABSTAIN,2668,2668
F0E7AD21B536EC13F9EE2F8C09913100A35BA2DFE1338C86F78452AA4391BE7E,"SAMFREE FT. SF-A2 MIKI | MIKIMIKI ROMANTIC NIGHT | NANANANA",18,"OP-00004580-LnInterior-S1941-T91830-A91830",fb9eaddc203c105704909760e3cf0739b9a53b1d85e92eb9a88bd138de3be778,O00001941,91830,249,99886666666691666553333333,92013,250,49906666666691716573333333,5,CandidateNotObserved,ABSTAIN,2626,2626
F0E7AD21B536EC13F9EE2F8C09913100A35BA2DFE1338C86F78452AA4391BE7E,"SAMFREE FT. SF-A2 MIKI | MIKIMIKI ROMANTIC NIGHT | NANANANA",19,"OP-00004580-LnInterior-S1941-T91830-A91830",fb9eaddc203c105704909760e3cf0739b9a53b1d85e92eb9a88bd138de3be778,O00001941,91830,249,99886666666691666553333333,92013,250,49906666666691716573333333,0,CandidateNotObserved,ABSTAIN,2662,2662
F0E7AD21B536EC13F9EE2F8C09913100A35BA2DFE1338C86F78452AA4391BE7E,"SAMFREE FT. SF-A2 MIKI | MIKIMIKI ROMANTIC NIGHT | NANANANA",20,"OP-00004580-LnInterior-S1941-T91830-A91830",fb9eaddc203c105704909760e3cf0739b9a53b1d85e92eb9a88bd138de3be778,O00001941,91830,249,99886666666691666553333333,92013,250,49906666666691716573333333,5,CandidateNotObserved,ABSTAIN,2622,2622
