stratum,chart_id,seed,frozen_arm,opportunity_key,lane,start_time,end_time,frozen_known,historical_class,hardened_class,direct_reject,lineage_id,divergence_opportunity,divergence_control_state,divergence_treatment_state,parent_states_different,no_reconvergence_before_case,target_absent_in_treatment,candidate_shape_reached_in_treatment,frozen_lane_selected_in_treatment,frozen_commit_absent_in_treatment,divergence_governed_by_canonical,temporal_only_explanation,evidence
primary,02D9D1781418E7442956D4D901C8C611E58256556AE9A828E72128C3B5B8E3EB,1,control,"OP-00000132-BaseHead-S132-T14632-ANA",2,14632,,true,A_REACHED_CANONICAL_REJECT,A_DIRECT_CANONICAL_REJECT,true,"","",,,false,false,true,true,false,true,false,false,"Equivalent candidate reached; control committed the frozen lane, canonical rejected it, and treatment did not commit that object."
primary,02D9D1781418E7442956D4D901C8C611E58256556AE9A828E72128C3B5B8E3EB,1,control,"OP-00002832-BaseHead-S2832-T148694-ANA",5,148694,,true,A_REACHED_CANONICAL_REJECT,A_DIRECT_CANONICAL_REJECT,true,"SRG-DIV-F24EE9A625802A777662FF15","OP-00000132-BaseHead-S132-T14632-ANA",23E1ECDB755A92EB95894B552F7BA2ED7B120CA003FF0110C5A9F7AEBC484C69,816F0D14B87D866A867F19112A0476E07EDB65E7ADA8E70F0DDDC457FF6D3E33,true,true,true,true,false,true,true,false,"Equivalent candidate reached; control committed the frozen lane, canonical rejected it, and treatment did not commit that object."
primary,02D9D1781418E7442956D4D901C8C611E58256556AE9A828E72128C3B5B8E3EB,1,control,"OP-00003456-BaseHead-S3456-T178950-ANA",2,178950,,true,A_REACHED_CANONICAL_REJECT,A_DIRECT_CANONICAL_REJECT,true,"SRG-DIV-F24EE9A625802A777662FF15","OP-00000132-BaseHead-S132-T14632-ANA",23E1ECDB755A92EB95894B552F7BA2ED7B120CA003FF0110C5A9F7AEBC484C69,816F0D14B87D866A867F19112A0476E07EDB65E7ADA8E70F0DDDC457FF6D3E33,true,true,true,true,false,true,true,false,"Equivalent candidate reached; control committed the frozen lane, canonical rejected it, and treatment did not commit that object."
primary,02D9D1781418E7442956D4D901C8C611E58256556AE9A828E72128C3B5B8E3EB,1,control,"OP-00003589-BaseHead-S3589-T190200-ANA",3,190200,,true,B_EARLIER_GOVERNED_DIVERGENCE,B_CAUSALLY_PROVEN_UNREACHABLE,false,"SRG-DIV-F24EE9A625802A777662FF15","OP-00000132-BaseHead-S132-T14632-ANA",23E1ECDB755A92EB95894B552F7BA2ED7B120CA003FF0110C5A9F7AEBC484C69,816F0D14B87D866A867F19112A0476E07EDB65E7ADA8E70F0DDDC457FF6D3E33,true,true,true,false,false,true,true,false,"A prior canonical-governed commit divergence left unequal complete parent state; no sufficient-state reconvergence occurred and the exact frozen lane-level proposal was not selected or committed in treatment."
primary,02D9D1781418E7442956D4D901C8C611E58256556AE9A828E72128C3B5B8E3EB,2,control,"OP-00000785-BaseHead-S785-T55967-ANA",5,55967,,true,A_REACHED_CANONICAL_REJECT,A_DIRECT_CANONICAL_REJECT,true,"","",,,false,false,true,true,false,true,false,false,"Equivalent candidate reached; control committed the frozen lane, canonical rejected it, and treatment did not commit that object."
primary,02D9D1781418E7442956D4D901C8C611E58256556AE9A828E72128C3B5B8E3EB,2,control,"OP-00002832-BaseHead-S2832-T148694-ANA",5,148694,,true,A_REACHED_CANONICAL_REJECT,A_DIRECT_CANONICAL_REJECT,true,"SRG-DIV-72D7CECF55ED17BE34EC6038","OP-00000785-BaseHead-S785-T55967-ANA",BFC49E2A45FF5C5947404826C054263EF471B2AE68C4F401C54A2B939872F415,7B1C72AD2C10CC15160B87900BF3A27399B2A5118F77A351CF0F731DC3DA5445,true,true,true,true,false,true,true,false,"Equivalent candidate reached; control committed the frozen lane, canonical rejected it, and treatment did not commit that object."
primary,02D9D1781418E7442956D4D901C8C611E58256556AE9A828E72128C3B5B8E3EB,2,control,"OP-00003073-BaseHead-S3073-T163268-ANA",2,163268,,true,A_REACHED_CANONICAL_REJECT,A_DIRECT_CANONICAL_REJECT,true,"SRG-DIV-72D7CECF55ED17BE34EC6038","OP-00000785-BaseHead-S785-T55967-ANA",BFC49E2A45FF5C5947404826C054263EF471B2AE68C4F401C54A2B939872F415,7B1C72AD2C10CC15160B87900BF3A27399B2A5118F77A351CF0F731DC3DA5445,true,true,true,true,false,true,true,false,"Equivalent candidate reached; control committed the frozen lane, canonical rejected it, and treatment did not commit that object."
primary,02D9D1781418E7442956D4D901C8C611E58256556AE9A828E72128C3B5B8E3EB,2,control,"OP-00003456-BaseHead-S3456-T178950-ANA",2,178950,,true,A_REACHED_CANONICAL_REJECT,A_DIRECT_CANONICAL_REJECT,true,"SRG-DIV-72D7CECF55ED17BE34EC6038","OP-00000785-BaseHead-S785-T55967-ANA",BFC49E2A45FF5C5947404826C054263EF471B2AE68C4F401C54A2B939872F415,7B1C72AD2C10CC15160B87900BF3A27399B2A5118F77A351CF0F731DC3DA5445,true,true,true,true,false,true,true,false,"Equivalent candidate reached; control committed the frozen lane, canonical rejected it, and treatment did not commit that object."
primary,02D9D1781418E7442956D4D901C8C611E58256556AE9A828E72128C3B5B8E3EB,2,control,"OP-00004283-BaseHead-S4283-T215683-ANA",6,215683,,true,A_REACHED_CANONICAL_REJECT,A_DIRECT_CANONICAL_REJECT,true,"SRG-DIV-72D7CECF55ED17BE34EC6038","OP-00000785-BaseHead-S785-T55967-ANA",BFC49E2A45FF5C5947404826C054263EF471B2AE68C4F401C54A2B939872F415,7B1C72AD2C10CC15160B87900BF3A27399B2A5118F77A351CF0F731DC3DA5445,true,true,true,true,false,true,true,false,"Equivalent candidate reached; control committed the frozen lane, canonical rejected it, and treatment did not commit that object."
primary,02D9D1781418E7442956D4D901C8C611E58256556AE9A828E72128C3B5B8E3EB,2,control,"OP-00004455-BaseHead-S4455-T221819-ANA",2,221819,,true,A_REACHED_CANONICAL_REJECT,A_DIRECT_CANONICAL_REJECT,true,"SRG-DIV-72D7CECF55ED17BE34EC6038","OP-00000785-BaseHead-S785-T55967-ANA",BFC49E2A45FF5C5947404826C054263EF471B2AE68C4F401C54A2B939872F415,7B1C72AD2C10CC15160B87900BF3A27399B2A5118F77A351CF0F731DC3DA5445,true,true,true,true,false,true,true,false,"Equivalent candidate reached; control committed the frozen lane, canonical rejected it, and treatment did not commit that object."
primary,02D9D1781418E7442956D4D901C8C611E58256556AE9A828E72128C3B5B8E3EB,2,control,"OP-00004470-BaseHead-S4470-T222416-ANA",1,222416,,true,B_EARLIER_GOVERNED_DIVERGENCE,B_CAUSALLY_PROVEN_UNREACHABLE,false,"SRG-DIV-72D7CECF55ED17BE34EC6038","OP-00000785-BaseHead-S785-T55967-ANA",BFC49E2A45FF5C5947404826C054263EF471B2AE68C4F401C54A2B939872F415,7B1C72AD2C10CC15160B87900BF3A27399B2A5118F77A351CF0F731DC3DA5445,true,true,true,false,false,true,true,false,"A prior canonical-governed commit divergence left unequal complete parent state; no sufficient-state reconvergence occurred and the exact frozen lane-level proposal was not selected or committed in treatment."
primary,02D9D1781418E7442956D4D901C8C611E58256556AE9A828E72128C3B5B8E3EB,4,control,"OP-00000083-BaseHead-S83-T10967-ANA",6,10967,,true,A_REACHED_CANONICAL_REJECT,A_DIRECT_CANONICAL_REJECT,true,"","",,,false,false,true,true,false,true,false,false,"Equivalent candidate reached; control committed the frozen lane, canonical rejected it, and treatment did not commit that object."
primary,02D9D1781418E7442956D4D901C8C611E58256556AE9A828E72128C3B5B8E3EB,4,control,"OP-00001379-BaseHead-S1379-T78637-ANA",1,78637,,true,A_REACHED_CANONICAL_REJECT,A_DIRECT_CANONICAL_REJECT,true,"SRG-DIV-29D1D68917C0993405896B75","OP-00000083-BaseHead-S83-T10967-ANA",E5116ACCDEAF61BA7FD1B132185C14392BC983777FF41228EE37172079D65EB7,F996C88074735630ACC07B053CD1055B01AE3F11016DA4ED6E2F1089B6A77A7F,true,true,true,true,false,true,true,false,"Equivalent candidate reached; control committed the frozen lane, canonical rejected it, and treatment did not commit that object."
primary,02D9D1781418E7442956D4D901C8C611E58256556AE9A828E72128C3B5B8E3EB,4,control,"OP-00003072-BaseHead-S3072-T163268-ANA",2,163268,,true,A_REACHED_CANONICAL_REJECT,A_DIRECT_CANONICAL_REJECT,true,"SRG-DIV-29D1D68917C0993405896B75","OP-00000083-BaseHead-S83-T10967-ANA",E5116ACCDEAF61BA7FD1B132185C14392BC983777FF41228EE37172079D65EB7,F996C88074735630ACC07B053CD1055B01AE3F11016DA4ED6E2F1089B6A77A7F,true,true,true,true,false,true,true,false,"Equivalent candidate reached; control committed the frozen lane, canonical rejected it, and treatment did not commit that object."
primary,02D9D1781418E7442956D4D901C8C611E58256556AE9A828E72128C3B5B8E3EB,5,control,"OP-00004283-BaseHead-S4283-T215683-ANA",6,215683,,true,A_REACHED_CANONICAL_REJECT,A_DIRECT_CANONICAL_REJECT,true,"SRG-DIV-466A48039557E986393EAF24","OP-00000659-BaseHead-S659-T51279-ANA",BA6A0530876D5EB1DAFFC4091528C1C50D8AC60B2063281AA18F50A6DFB3B41F,A664B2ECC5E996A2CC45091039EB5C3BFDFB559C54BADF88E4D30C1CEA63DE65,true,true,true,true,false,true,true,false,"Equivalent candidate reached; control committed the frozen lane, canonical rejected it, and treatment did not commit that object."
primary,02D9D1781418E7442956D4D901C8C611E58256556AE9A828E72128C3B5B8E3EB,6,control,"OP-00003073-BaseHead-S3073-T163268-ANA",2,163268,,true,A_REACHED_CANONICAL_REJECT,A_DIRECT_CANONICAL_REJECT,true,"","",,,false,false,true,true,false,true,false,false,"Equivalent candidate reached; control committed the frozen lane, canonical rejected it, and treatment did not commit that object."
primary,02D9D1781418E7442956D4D901C8C611E58256556AE9A828E72128C3B5B8E3EB,6,control,"OP-00003850-BaseHead-S3850-T200427-ANA",5,200427,,true,A_REACHED_CANONICAL_REJECT,A_DIRECT_CANONICAL_REJECT,true,"SRG-DIV-654C57D11A06B1C934D92399","OP-00003073-BaseHead-S3073-T163268-ANA",3CCB5768A9D4CB3A4B3F5EBF574F39E204CD6548605F570DA69403B5E432C187,26AC159C9AC65A1C678FF51A9609FAFEA90D7AFE27D391CB0BDF4CA023AFA0D1,true,true,true,true,false,true,true,false,"Equivalent candidate reached; control committed the frozen lane, canonical rejected it, and treatment did not commit that object."
primary,02D9D1781418E7442956D4D901C8C611E58256556AE9A828E72128C3B5B8E3EB,7,control,"OP-00000132-BaseHead-S132-T14632-ANA",2,14632,,true,A_REACHED_CANONICAL_REJECT,A_DIRECT_CANONICAL_REJECT,true,"","",,,false,false,true,true,false,true,false,false,"Equivalent candidate reached; control committed the frozen lane, canonical rejected it, and treatment did not commit that object."
primary,02D9D1781418E7442956D4D901C8C611E58256556AE9A828E72128C3B5B8E3EB,7,control,"OP-00000183-BaseHead-S183-T18552-ANA",3,18552,,true,A_REACHED_CANONICAL_REJECT,A_DIRECT_CANONICAL_REJECT,true,"SRG-DIV-572EC9AFB898719D32C473EA","OP-00000132-BaseHead-S132-T14632-ANA",6F2B45069C1D9F0FF427884CB9B2F11108521224CF1643EF8065D2459DAF5A78,4A283D1973C0B1C800AC0F332C475DA500AC31C1E046940516D1425A0E8DFFE1,true,true,true,true,false,true,true,false,"Equivalent candidate reached; control committed the frozen lane, canonical rejected it, and treatment did not commit that object."
primary,02D9D1781418E7442956D4D901C8C611E58256556AE9A828E72128C3B5B8E3EB,7,control,"OP-00001430-BaseHead-S1430-T80512-ANA",1,80512,,true,A_REACHED_CANONICAL_REJECT,A_DIRECT_CANONICAL_REJECT,true,"SRG-DIV-572EC9AFB898719D32C473EA","OP-00000132-BaseHead-S132-T14632-ANA",6F2B45069C1D9F0FF427884CB9B2F11108521224CF1643EF8065D2459DAF5A78,4A283D1973C0B1C800AC0F332C475DA500AC31C1E046940516D1425A0E8DFFE1,true,true,true,true,false,true,true,false,"Equivalent candidate reached; control committed the frozen lane, canonical rejected it, and treatment did not commit that object."
primary,02D9D1781418E7442956D4D901C8C611E58256556AE9A828E72128C3B5B8E3EB,8,control,"OP-00003072-BaseHead-S3072-T163268-ANA",2,163268,,true,A_REACHED_CANONICAL_REJECT,A_DIRECT_CANONICAL_REJECT,true,"","",,,false,false,true,true,false,true,false,false,"Equivalent candidate reached; control committed the frozen lane, canonical rejected it, and treatment did not commit that object."
primary,02D9D1781418E7442956D4D901C8C611E58256556AE9A828E72128C3B5B8E3EB,8,control,"OP-00004283-BaseHead-S4283-T215683-ANA",6,215683,,true,B_EARLIER_GOVERNED_DIVERGENCE,B_CAUSALLY_PROVEN_UNREACHABLE,false,"SRG-DIV-548ED9D227B29F519914AEE3","OP-00003072-BaseHead-S3072-T163268-ANA",2B752B7A86A5F44A6A6BAC580C9BC59B54F0C4463EF77AA31CB672450BA1905D,D4E3E299150DF152D106792F158E539FE4D932116504DC4BF4F44F6C2C4164D2,true,true,true,false,false,true,true,false,"A prior canonical-governed commit divergence left unequal complete parent state; no sufficient-state reconvergence occurred and the exact frozen lane-level proposal was not selected or committed in treatment."
primary,02D9D1781418E7442956D4D901C8C611E58256556AE9A828E72128C3B5B8E3EB,8,control,"OP-00004470-BaseHead-S4470-T222416-ANA",1,222416,,true,B_EARLIER_GOVERNED_DIVERGENCE,C_UNRESOLVED,false,"SRG-DIV-548ED9D227B29F519914AEE3","OP-00003072-BaseHead-S3072-T163268-ANA",2B752B7A86A5F44A6A6BAC580C9BC59B54F0C4463EF77AA31CB672450BA1905D,D4E3E299150DF152D106792F158E539FE4D932116504DC4BF4F44F6C2C4164D2,true,true,false,true,true,false,true,false,"The strengthened causal chain was incomplete; recertification must abstain."
primary,02D9D1781418E7442956D4D901C8C611E58256556AE9A828E72128C3B5B8E3EB,9,control,"OP-00000673-BaseHead-S673-T51961-ANA",0,51961,,true,A_REACHED_CANONICAL_REJECT,A_DIRECT_CANONICAL_REJECT,true,"","",,,false,false,true,true,false,true,false,false,"Equivalent candidate reached; control committed the frozen lane, canonical rejected it, and treatment did not commit that object."
primary,02D9D1781418E7442956D4D901C8C611E58256556AE9A828E72128C3B5B8E3EB,9,control,"OP-00003899-BaseHead-S3899-T202302-ANA",1,202302,,true,A_REACHED_CANONICAL_REJECT,A_DIRECT_CANONICAL_REJECT,true,"SRG-DIV-4F6E3390504462338ABFF727","OP-00000673-BaseHead-S673-T51961-ANA",CD921936CEABDDA64CC21460E3C9063AD7EEBABCDDE836A272EC05BE2A8F074D,B076BFC01AB2C33FBAF4C2C8A7E200C2E4C2A10B73F46707FCB992150D50860E,true,true,true,true,false,true,true,false,"Equivalent candidate reached; control committed the frozen lane, canonical rejected it, and treatment did not commit that object."
primary,02D9D1781418E7442956D4D901C8C611E58256556AE9A828E72128C3B5B8E3EB,9,control,"OP-00004283-BaseHead-S4283-T215683-ANA",6,215683,,true,A_REACHED_CANONICAL_REJECT,A_DIRECT_CANONICAL_REJECT,true,"SRG-DIV-4F6E3390504462338ABFF727","OP-00000673-BaseHead-S673-T51961-ANA",CD921936CEABDDA64CC21460E3C9063AD7EEBABCDDE836A272EC05BE2A8F074D,B076BFC01AB2C33FBAF4C2C8A7E200C2E4C2A10B73F46707FCB992150D50860E,true,true,true,true,false,true,true,false,"Equivalent candidate reached; control committed the frozen lane, canonical rejected it, and treatment did not commit that object."
primary,02D9D1781418E7442956D4D901C8C611E58256556AE9A828E72128C3B5B8E3EB,10,control,"OP-00000135-BaseHead-S135-T14632-ANA",2,14632,,true,A_REACHED_CANONICAL_REJECT,A_DIRECT_CANONICAL_REJECT,true,"","",,,false,false,true,true,false,true,false,false,"Equivalent candidate reached; control committed the frozen lane, canonical rejected it, and treatment did not commit that object."
primary,02D9D1781418E7442956D4D901C8C611E58256556AE9A828E72128C3B5B8E3EB,10,control,"OP-00003032-BaseHead-S3032-T161990-ANA",6,161990,,true,A_REACHED_CANONICAL_REJECT,A_DIRECT_CANONICAL_REJECT,true,"SRG-DIV-0BB7F47E95A228F7948C711D","OP-00000135-BaseHead-S135-T14632-ANA",07D9D5B67A4022E395B549815122C3140BB4C81E95CB015CF395361CFAC611AB,376C54B0743C4E1C7023D2B497F36E8595B1E3B6662685410CFBA4DCDF4C38FA,true,true,true,true,false,true,true,false,"Equivalent candidate reached; control committed the frozen lane, canonical rejected it, and treatment did not commit that object."
primary,02D9D1781418E7442956D4D901C8C611E58256556AE9A828E72128C3B5B8E3EB,10,control,"OP-00003571-BaseHead-S3571-T188836-ANA",3,188836,,true,A_REACHED_CANONICAL_REJECT,A_DIRECT_CANONICAL_REJECT,true,"SRG-DIV-0BB7F47E95A228F7948C711D","OP-00000135-BaseHead-S135-T14632-ANA",07D9D5B67A4022E395B549815122C3140BB4C81E95CB015CF395361CFAC611AB,376C54B0743C4E1C7023D2B497F36E8595B1E3B6662685410CFBA4DCDF4C38FA,true,true,true,true,false,true,true,false,"Equivalent candidate reached; control committed the frozen lane, canonical rejected it, and treatment did not commit that object."
primary,02D9D1781418E7442956D4D901C8C611E58256556AE9A828E72128C3B5B8E3EB,10,control,"OP-00003589-BaseHead-S3589-T190200-ANA",3,190200,,true,A_REACHED_CANONICAL_REJECT,A_DIRECT_CANONICAL_REJECT,true,"SRG-DIV-0BB7F47E95A228F7948C711D","OP-00000135-BaseHead-S135-T14632-ANA",07D9D5B67A4022E395B549815122C3140BB4C81E95CB015CF395361CFAC611AB,376C54B0743C4E1C7023D2B497F36E8595B1E3B6662685410CFBA4DCDF4C38FA,true,true,true,true,false,true,true,false,"Equivalent candidate reached; control committed the frozen lane, canonical rejected it, and treatment did not commit that object."
primary,02D9D1781418E7442956D4D901C8C611E58256556AE9A828E72128C3B5B8E3EB,10,control,"OP-00003850-BaseHead-S3850-T200427-ANA",5,200427,,true,A_REACHED_CANONICAL_REJECT,A_DIRECT_CANONICAL_REJECT,true,"SRG-DIV-0BB7F47E95A228F7948C711D","OP-00000135-BaseHead-S135-T14632-ANA",07D9D5B67A4022E395B549815122C3140BB4C81E95CB015CF395361CFAC611AB,376C54B0743C4E1C7023D2B497F36E8595B1E3B6662685410CFBA4DCDF4C38FA,true,true,true,true,false,true,true,false,"Equivalent candidate reached; control committed the frozen lane, canonical rejected it, and treatment did not commit that object."
primary,02D9D1781418E7442956D4D901C8C611E58256556AE9A828E72128C3B5B8E3EB,10,control,"OP-00004455-BaseHead-S4455-T221819-ANA",2,221819,,true,A_REACHED_CANONICAL_REJECT,A_DIRECT_CANONICAL_REJECT,true,"SRG-DIV-0BB7F47E95A228F7948C711D","OP-00000135-BaseHead-S135-T14632-ANA",07D9D5B67A4022E395B549815122C3140BB4C81E95CB015CF395361CFAC611AB,376C54B0743C4E1C7023D2B497F36E8595B1E3B6662685410CFBA4DCDF4C38FA,true,true,true,true,false,true,true,false,"Equivalent candidate reached; control committed the frozen lane, canonical rejected it, and treatment did not commit that object."
primary,02D9D1781418E7442956D4D901C8C611E58256556AE9A828E72128C3B5B8E3EB,11,control,"OP-00003083-BaseHead-S3083-T163694-ANA",6,163694,,true,A_REACHED_CANONICAL_REJECT,A_DIRECT_CANONICAL_REJECT,true,"","",,,false,false,true,true,false,true,false,false,"Equivalent candidate reached; control committed the frozen lane, canonical rejected it, and treatment did not commit that object."
primary,02D9D1781418E7442956D4D901C8C611E58256556AE9A828E72128C3B5B8E3EB,11,control,"OP-00003899-BaseHead-S3899-T202302-ANA",1,202302,,true,A_REACHED_CANONICAL_REJECT,A_DIRECT_CANONICAL_REJECT,true,"SRG-DIV-FC7B4F3278EEA20591AC3B88","OP-00003083-BaseHead-S3083-T163694-ANA",C686BD979598A2EE315EA1FACA4A9E1EA140EF823DF1DD371EE95B0A3D58A279,8B7A231C4C69B26494502866383398EAA5A0447117A7CD38F08705D0F142342B,true,true,true,true,false,true,true,false,"Equivalent candidate reached; control committed the frozen lane, canonical rejected it, and treatment did not commit that object."
primary,02D9D1781418E7442956D4D901C8C611E58256556AE9A828E72128C3B5B8E3EB,11,control,"OP-00004283-BaseHead-S4283-T215683-ANA",6,215683,,true,A_REACHED_CANONICAL_REJECT,A_DIRECT_CANONICAL_REJECT,true,"SRG-DIV-FC7B4F3278EEA20591AC3B88","OP-00003083-BaseHead-S3083-T163694-ANA",C686BD979598A2EE315EA1FACA4A9E1EA140EF823DF1DD371EE95B0A3D58A279,8B7A231C4C69B26494502866383398EAA5A0447117A7CD38F08705D0F142342B,true,true,true,true,false,true,true,false,"Equivalent candidate reached; control committed the frozen lane, canonical rejected it, and treatment did not commit that object."
primary,02D9D1781418E7442956D4D901C8C611E58256556AE9A828E72128C3B5B8E3EB,11,control,"OP-00004455-BaseHead-S4455-T221819-ANA",2,221819,,true,A_REACHED_CANONICAL_REJECT,A_DIRECT_CANONICAL_REJECT,true,"SRG-DIV-FC7B4F3278EEA20591AC3B88","OP-00003083-BaseHead-S3083-T163694-ANA",C686BD979598A2EE315EA1FACA4A9E1EA140EF823DF1DD371EE95B0A3D58A279,8B7A231C4C69B26494502866383398EAA5A0447117A7CD38F08705D0F142342B,true,true,true,true,false,true,true,false,"Equivalent candidate reached; control committed the frozen lane, canonical rejected it, and treatment did not commit that object."
primary,02D9D1781418E7442956D4D901C8C611E58256556AE9A828E72128C3B5B8E3EB,12,control,"OP-00000126-BaseHead-S126-T13950-ANA",4,13950,,true,A_REACHED_CANONICAL_REJECT,A_DIRECT_CANONICAL_REJECT,true,"","",,,false,false,true,true,false,true,false,false,"Equivalent candidate reached; control committed the frozen lane, canonical rejected it, and treatment did not commit that object."
primary,02D9D1781418E7442956D4D901C8C611E58256556AE9A828E72128C3B5B8E3EB,12,control,"OP-00000135-BaseHead-S135-T14632-ANA",2,14632,,true,B_EARLIER_GOVERNED_DIVERGENCE,B_CAUSALLY_PROVEN_UNREACHABLE,false,"SRG-DIV-54A4283398EB22A151D15417","OP-00000126-BaseHead-S126-T13950-ANA",D1792D083B46B61666F899ADC673E6C9BFD5A5A9E8BDE54D4BF0CE92C8B90195,108AF319E4E862CCD44D4DDF80493570C034EFE9CCAA9970F45FB92C7FADA03D,true,true,true,false,false,true,true,false,"A prior canonical-governed commit divergence left unequal complete parent state; no sufficient-state reconvergence occurred and the exact frozen lane-level proposal was not selected or committed in treatment."
primary,02D9D1781418E7442956D4D901C8C611E58256556AE9A828E72128C3B5B8E3EB,12,control,"OP-00001379-BaseHead-S1379-T78637-ANA",1,78637,,true,A_REACHED_CANONICAL_REJECT,A_DIRECT_CANONICAL_REJECT,true,"SRG-DIV-54A4283398EB22A151D15417","OP-00000126-BaseHead-S126-T13950-ANA",D1792D083B46B61666F899ADC673E6C9BFD5A5A9E8BDE54D4BF0CE92C8B90195,108AF319E4E862CCD44D4DDF80493570C034EFE9CCAA9970F45FB92C7FADA03D,true,true,true,true,false,true,true,false,"Equivalent candidate reached; control committed the frozen lane, canonical rejected it, and treatment did not commit that object."
primary,02D9D1781418E7442956D4D901C8C611E58256556AE9A828E72128C3B5B8E3EB,12,control,"OP-00003072-BaseHead-S3072-T163268-ANA",2,163268,,true,A_REACHED_CANONICAL_REJECT,A_DIRECT_CANONICAL_REJECT,true,"SRG-DIV-54A4283398EB22A151D15417","OP-00000126-BaseHead-S126-T13950-ANA",D1792D083B46B61666F899ADC673E6C9BFD5A5A9E8BDE54D4BF0CE92C8B90195,108AF319E4E862CCD44D4DDF80493570C034EFE9CCAA9970F45FB92C7FADA03D,true,true,true,true,false,true,true,false,"Equivalent candidate reached; control committed the frozen lane, canonical rejected it, and treatment did not commit that object."
primary,02D9D1781418E7442956D4D901C8C611E58256556AE9A828E72128C3B5B8E3EB,12,control,"OP-00003083-BaseHead-S3083-T163694-ANA",6,163694,,true,A_REACHED_CANONICAL_REJECT,A_DIRECT_CANONICAL_REJECT,true,"SRG-DIV-54A4283398EB22A151D15417","OP-00000126-BaseHead-S126-T13950-ANA",D1792D083B46B61666F899ADC673E6C9BFD5A5A9E8BDE54D4BF0CE92C8B90195,108AF319E4E862CCD44D4DDF80493570C034EFE9CCAA9970F45FB92C7FADA03D,true,true,true,true,false,true,true,false,"Equivalent candidate reached; control committed the frozen lane, canonical rejected it, and treatment did not commit that object."
primary,02D9D1781418E7442956D4D901C8C611E58256556AE9A828E72128C3B5B8E3EB,12,control,"OP-00004283-BaseHead-S4283-T215683-ANA",6,215683,,true,A_REACHED_CANONICAL_REJECT,A_DIRECT_CANONICAL_REJECT,true,"SRG-DIV-54A4283398EB22A151D15417","OP-00000126-BaseHead-S126-T13950-ANA",D1792D083B46B61666F899ADC673E6C9BFD5A5A9E8BDE54D4BF0CE92C8B90195,108AF319E4E862CCD44D4DDF80493570C034EFE9CCAA9970F45FB92C7FADA03D,true,true,true,true,false,true,true,false,"Equivalent candidate reached; control committed the frozen lane, canonical rejected it, and treatment did not commit that object."
primary,02D9D1781418E7442956D4D901C8C611E58256556AE9A828E72128C3B5B8E3EB,13,control,"OP-00000182-BaseHead-S182-T18382-ANA",6,18382,,true,A_REACHED_CANONICAL_REJECT,A_DIRECT_CANONICAL_REJECT,true,"","",,,false,false,true,true,false,true,false,false,"Equivalent candidate reached; control committed the frozen lane, canonical rejected it, and treatment did not commit that object."
primary,02D9D1781418E7442956D4D901C8C611E58256556AE9A828E72128C3B5B8E3EB,13,control,"OP-00003073-BaseHead-S3073-T163268-ANA",2,163268,,true,A_REACHED_CANONICAL_REJECT,A_DIRECT_CANONICAL_REJECT,true,"SRG-DIV-A392EAB5EC32B0763DE9FBBC","OP-00000182-BaseHead-S182-T18382-ANA",63EC8B95D975B3A1AC90E18E914FE181D1BEAA9F85937BBBE31499AF61D49A78,C357C834C4322166B6F84341DB11BADAFC87B87A700F9B7FDE1732F46156F0CC,true,true,true,true,false,true,true,false,"Equivalent candidate reached; control committed the frozen lane, canonical rejected it, and treatment did not commit that object."
primary,02D9D1781418E7442956D4D901C8C611E58256556AE9A828E72128C3B5B8E3EB,13,control,"OP-00004471-BaseHead-S4471-T222416-ANA",1,222416,,true,A_REACHED_CANONICAL_REJECT,A_DIRECT_CANONICAL_REJECT,true,"SRG-DIV-A392EAB5EC32B0763DE9FBBC","OP-00000182-BaseHead-S182-T18382-ANA",63EC8B95D975B3A1AC90E18E914FE181D1BEAA9F85937BBBE31499AF61D49A78,C357C834C4322166B6F84341DB11BADAFC87B87A700F9B7FDE1732F46156F0CC,true,true,true,true,false,true,true,false,"Equivalent candidate reached; control committed the frozen lane, canonical rejected it, and treatment did not commit that object."
primary,02D9D1781418E7442956D4D901C8C611E58256556AE9A828E72128C3B5B8E3EB,14,control,"OP-00001451-BaseHead-S1451-T81194-ANA",2,81194,,true,A_REACHED_CANONICAL_REJECT,A_DIRECT_CANONICAL_REJECT,true,"","",,,false,false,true,true,false,true,false,false,"Equivalent candidate reached; control committed the frozen lane, canonical rejected it, and treatment did not commit that object."
primary,02D9D1781418E7442956D4D901C8C611E58256556AE9A828E72128C3B5B8E3EB,14,control,"OP-00003850-BaseHead-S3850-T200427-ANA",5,200427,,true,A_REACHED_CANONICAL_REJECT,A_DIRECT_CANONICAL_REJECT,true,"SRG-DIV-C1B8769F5A5C4FAB1614A059","OP-00001451-BaseHead-S1451-T81194-ANA",4D2400C080837B1C4CA18706ECE27FDA4346D8F0E82ACDD8F3551287B2290C06,AA9C48CB731EBD2A67CA5CE646EE1D7623F9C4DCB736D40D525B36E80A7A3EB3,true,true,true,true,false,true,true,false,"Equivalent candidate reached; control committed the frozen lane, canonical rejected it, and treatment did not commit that object."
primary,02D9D1781418E7442956D4D901C8C611E58256556AE9A828E72128C3B5B8E3EB,14,control,"OP-00004283-BaseHead-S4283-T215683-ANA",6,215683,,true,B_EARLIER_GOVERNED_DIVERGENCE,B_CAUSALLY_PROVEN_UNREACHABLE,false,"SRG-DIV-C1B8769F5A5C4FAB1614A059","OP-00001451-BaseHead-S1451-T81194-ANA",4D2400C080837B1C4CA18706ECE27FDA4346D8F0E82ACDD8F3551287B2290C06,AA9C48CB731EBD2A67CA5CE646EE1D7623F9C4DCB736D40D525B36E80A7A3EB3,true,true,true,false,false,true,true,false,"A prior canonical-governed commit divergence left unequal complete parent state; no sufficient-state reconvergence occurred and the exact frozen lane-level proposal was not selected or committed in treatment."
primary,02D9D1781418E7442956D4D901C8C611E58256556AE9A828E72128C3B5B8E3EB,15,control,"OP-00000674-BaseHead-S674-T51961-ANA",0,51961,,true,A_REACHED_CANONICAL_REJECT,A_DIRECT_CANONICAL_REJECT,true,"","",,,false,false,true,true,false,true,false,false,"Equivalent candidate reached; control committed the frozen lane, canonical rejected it, and treatment did not commit that object."
primary,02D9D1781418E7442956D4D901C8C611E58256556AE9A828E72128C3B5B8E3EB,15,control,"OP-00000785-BaseHead-S785-T55967-ANA",5,55967,,true,A_REACHED_CANONICAL_REJECT,A_DIRECT_CANONICAL_REJECT,true,"SRG-DIV-9CAF697C8222FCB8C7C4521D","OP-00000674-BaseHead-S674-T51961-ANA",C5533831EB2E3BB539FED14F2A707538B298C97BBA3B8D5DCC33D153FABF30FF,3F1FB83BA0E3ED1E042C37EA9A816DEC0578F3D1FD75385C3E69308BF97DF82F,true,true,true,true,false,true,true,false,"Equivalent candidate reached; control committed the frozen lane, canonical rejected it, and treatment did not commit that object."
primary,02D9D1781418E7442956D4D901C8C611E58256556AE9A828E72128C3B5B8E3EB,15,control,"OP-00003139-BaseHead-S3139-T165569-ANA",0,165569,,true,A_REACHED_CANONICAL_REJECT,A_DIRECT_CANONICAL_REJECT,true,"SRG-DIV-9CAF697C8222FCB8C7C4521D","OP-00000674-BaseHead-S674-T51961-ANA",C5533831EB2E3BB539FED14F2A707538B298C97BBA3B8D5DCC33D153FABF30FF,3F1FB83BA0E3ED1E042C37EA9A816DEC0578F3D1FD75385C3E69308BF97DF82F,true,true,true,true,false,true,true,false,"Equivalent candidate reached; control committed the frozen lane, canonical rejected it, and treatment did not commit that object."
primary,02D9D1781418E7442956D4D901C8C611E58256556AE9A828E72128C3B5B8E3EB,15,control,"OP-00003456-BaseHead-S3456-T178950-ANA",2,178950,,true,A_REACHED_CANONICAL_REJECT,A_DIRECT_CANONICAL_REJECT,true,"SRG-DIV-9CAF697C8222FCB8C7C4521D","OP-00000674-BaseHead-S674-T51961-ANA",C5533831EB2E3BB539FED14F2A707538B298C97BBA3B8D5DCC33D153FABF30FF,3F1FB83BA0E3ED1E042C37EA9A816DEC0578F3D1FD75385C3E69308BF97DF82F,true,true,true,true,false,true,true,false,"Equivalent candidate reached; control committed the frozen lane, canonical rejected it, and treatment did not commit that object."
primary,02D9D1781418E7442956D4D901C8C611E58256556AE9A828E72128C3B5B8E3EB,15,control,"OP-00003850-BaseHead-S3850-T200427-ANA",5,200427,,true,B_EARLIER_GOVERNED_DIVERGENCE,B_CAUSALLY_PROVEN_UNREACHABLE,false,"SRG-DIV-9CAF697C8222FCB8C7C4521D","OP-00000674-BaseHead-S674-T51961-ANA",C5533831EB2E3BB539FED14F2A707538B298C97BBA3B8D5DCC33D153FABF30FF,3F1FB83BA0E3ED1E042C37EA9A816DEC0578F3D1FD75385C3E69308BF97DF82F,true,true,true,false,false,true,true,false,"A prior canonical-governed commit divergence left unequal complete parent state; no sufficient-state reconvergence occurred and the exact frozen lane-level proposal was not selected or committed in treatment."
primary,02D9D1781418E7442956D4D901C8C611E58256556AE9A828E72128C3B5B8E3EB,15,control,"OP-00004283-BaseHead-S4283-T215683-ANA",6,215683,,true,A_REACHED_CANONICAL_REJECT,A_DIRECT_CANONICAL_REJECT,true,"SRG-DIV-9CAF697C8222FCB8C7C4521D","OP-00000674-BaseHead-S674-T51961-ANA",C5533831EB2E3BB539FED14F2A707538B298C97BBA3B8D5DCC33D153FABF30FF,3F1FB83BA0E3ED1E042C37EA9A816DEC0578F3D1FD75385C3E69308BF97DF82F,true,true,true,true,false,true,true,false,"Equivalent candidate reached; control committed the frozen lane, canonical rejected it, and treatment did not commit that object."
primary,02D9D1781418E7442956D4D901C8C611E58256556AE9A828E72128C3B5B8E3EB,16,control,"OP-00001379-BaseHead-S1379-T78637-ANA",1,78637,,true,A_REACHED_CANONICAL_REJECT,A_DIRECT_CANONICAL_REJECT,true,"","",,,false,false,true,true,false,true,false,false,"Equivalent candidate reached; control committed the frozen lane, canonical rejected it, and treatment did not commit that object."
primary,02D9D1781418E7442956D4D901C8C611E58256556AE9A828E72128C3B5B8E3EB,16,control,"OP-00003072-BaseHead-S3072-T163268-ANA",2,163268,,true,A_REACHED_CANONICAL_REJECT,A_DIRECT_CANONICAL_REJECT,true,"SRG-DIV-868E813658F6DF46F6385E7F","OP-00001379-BaseHead-S1379-T78637-ANA",8F83367EFDD69206A9CF219133C56EE88C9562E4FCB57D04CF40D4CF735E3A4F,3FDE63DD10516B9DECC64929DB3CC49922C3B1AAA37A9D48C16C0C429CBB8E9A,true,true,true,true,false,true,true,false,"Equivalent candidate reached; control committed the frozen lane, canonical rejected it, and treatment did not commit that object."
primary,02D9D1781418E7442956D4D901C8C611E58256556AE9A828E72128C3B5B8E3EB,16,control,"OP-00003899-BaseHead-S3899-T202302-ANA",1,202302,,true,A_REACHED_CANONICAL_REJECT,A_DIRECT_CANONICAL_REJECT,true,"SRG-DIV-868E813658F6DF46F6385E7F","OP-00001379-BaseHead-S1379-T78637-ANA",8F83367EFDD69206A9CF219133C56EE88C9562E4FCB57D04CF40D4CF735E3A4F,3FDE63DD10516B9DECC64929DB3CC49922C3B1AAA37A9D48C16C0C429CBB8E9A,true,true,true,true,false,true,true,false,"Equivalent candidate reached; control committed the frozen lane, canonical rejected it, and treatment did not commit that object."
primary,02D9D1781418E7442956D4D901C8C611E58256556AE9A828E72128C3B5B8E3EB,16,control,"OP-00003953-BaseHead-S3953-T204262-ANA",0,204262,,true,B_EARLIER_GOVERNED_DIVERGENCE,B_CAUSALLY_PROVEN_UNREACHABLE,false,"SRG-DIV-868E813658F6DF46F6385E7F","OP-00001379-BaseHead-S1379-T78637-ANA",8F83367EFDD69206A9CF219133C56EE88C9562E4FCB57D04CF40D4CF735E3A4F,3FDE63DD10516B9DECC64929DB3CC49922C3B1AAA37A9D48C16C0C429CBB8E9A,true,true,true,false,false,true,true,false,"A prior canonical-governed commit divergence left unequal complete parent state; no sufficient-state reconvergence occurred and the exact frozen lane-level proposal was not selected or committed in treatment."
primary,02D9D1781418E7442956D4D901C8C611E58256556AE9A828E72128C3B5B8E3EB,16,control,"OP-00004447-BaseHead-S4447-T221564-ANA",1,221564,,true,B_EARLIER_GOVERNED_DIVERGENCE,B_CAUSALLY_PROVEN_UNREACHABLE,false,"SRG-DIV-868E813658F6DF46F6385E7F","OP-00001379-BaseHead-S1379-T78637-ANA",8F83367EFDD69206A9CF219133C56EE88C9562E4FCB57D04CF40D4CF735E3A4F,3FDE63DD10516B9DECC64929DB3CC49922C3B1AAA37A9D48C16C0C429CBB8E9A,true,true,true,false,false,true,true,false,"A prior canonical-governed commit divergence left unequal complete parent state; no sufficient-state reconvergence occurred and the exact frozen lane-level proposal was not selected or committed in treatment."
primary,02D9D1781418E7442956D4D901C8C611E58256556AE9A828E72128C3B5B8E3EB,17,control,"OP-00000785-BaseHead-S785-T55967-ANA",5,55967,,true,A_REACHED_CANONICAL_REJECT,A_DIRECT_CANONICAL_REJECT,true,"","",,,false,false,true,true,false,true,false,false,"Equivalent candidate reached; control committed the frozen lane, canonical rejected it, and treatment did not commit that object."
primary,02D9D1781418E7442956D4D901C8C611E58256556AE9A828E72128C3B5B8E3EB,17,control,"OP-00004283-BaseHead-S4283-T215683-ANA",6,215683,,true,A_REACHED_CANONICAL_REJECT,A_DIRECT_CANONICAL_REJECT,true,"SRG-DIV-9238CA714A3BF4FDDA039CD8","OP-00000785-BaseHead-S785-T55967-ANA",8B5D990878089074768092CBE1984A11871AACA31A92CC49D102A12CB8EB8B1C,81BD66508BF596CA4512377A8C5357C9EC2DCC4411EF6373B1D1A1D777A9642F,true,true,true,true,false,true,true,false,"Equivalent candidate reached; control committed the frozen lane, canonical rejected it, and treatment did not commit that object."
primary,02D9D1781418E7442956D4D901C8C611E58256556AE9A828E72128C3B5B8E3EB,18,control,"OP-00000085-BaseHead-S85-T11137-ANA",2,11137,,true,A_REACHED_CANONICAL_REJECT,A_DIRECT_CANONICAL_REJECT,true,"","",,,false,false,true,true,false,true,false,false,"Equivalent candidate reached; control committed the frozen lane, canonical rejected it, and treatment did not commit that object."
primary,02D9D1781418E7442956D4D901C8C611E58256556AE9A828E72128C3B5B8E3EB,18,control,"OP-00003032-BaseHead-S3032-T161990-ANA",6,161990,,true,A_REACHED_CANONICAL_REJECT,A_DIRECT_CANONICAL_REJECT,true,"SRG-DIV-54E14ACABC7200ABE0F1DDAB","OP-00000085-BaseHead-S85-T11137-ANA",2B104326815E78348421DD34405858D41CC02A99BEF553BF71F5281D50D95AAC,74823DAD1FF63BBFF07BE4F1B6AE39CD9A46ABF2C6E9E3DC808A8234432EF9E6,true,true,true,true,false,true,true,false,"Equivalent candidate reached; control committed the frozen lane, canonical rejected it, and treatment did not commit that object."
primary,02D9D1781418E7442956D4D901C8C611E58256556AE9A828E72128C3B5B8E3EB,19,control,"OP-00000183-BaseHead-S183-T18552-ANA",3,18552,,true,A_REACHED_CANONICAL_REJECT,A_DIRECT_CANONICAL_REJECT,true,"","",,,false,false,true,true,false,true,false,false,"Equivalent candidate reached; control committed the frozen lane, canonical rejected it, and treatment did not commit that object."
primary,02D9D1781418E7442956D4D901C8C611E58256556AE9A828E72128C3B5B8E3EB,20,control,"OP-00000184-BaseHead-S184-T18552-ANA",3,18552,,true,A_REACHED_CANONICAL_REJECT,A_DIRECT_CANONICAL_REJECT,true,"SRG-DIV-18C8A337B01453C0C1575433","OP-00000183-BaseHead-S183-T18552-ANA",8E0C64020065075DD0BC2EA93A080689BF2859D73A88D1ADD14B61F52E7601E4,371291F08B0EB5DB4EAE2495F6053F7E24EE16CFC51EA65B7BDD21905BD76A9A,true,true,true,true,false,true,true,false,"Equivalent candidate reached; control committed the frozen lane, canonical rejected it, and treatment did not commit that object."
primary,02D9D1781418E7442956D4D901C8C611E58256556AE9A828E72128C3B5B8E3EB,20,control,"OP-00000674-BaseHead-S674-T51961-ANA",0,51961,,true,A_REACHED_CANONICAL_REJECT,A_DIRECT_CANONICAL_REJECT,true,"SRG-DIV-18C8A337B01453C0C1575433","OP-00000183-BaseHead-S183-T18552-ANA",8E0C64020065075DD0BC2EA93A080689BF2859D73A88D1ADD14B61F52E7601E4,371291F08B0EB5DB4EAE2495F6053F7E24EE16CFC51EA65B7BDD21905BD76A9A,true,true,true,true,false,true,true,false,"Equivalent candidate reached; control committed the frozen lane, canonical rejected it, and treatment did not commit that object."
primary,02D9D1781418E7442956D4D901C8C611E58256556AE9A828E72128C3B5B8E3EB,20,control,"OP-00003212-BaseHead-S3212-T168296-ANA",6,168296,,true,A_REACHED_CANONICAL_REJECT,A_DIRECT_CANONICAL_REJECT,true,"SRG-DIV-18C8A337B01453C0C1575433","OP-00000183-BaseHead-S183-T18552-ANA",8E0C64020065075DD0BC2EA93A080689BF2859D73A88D1ADD14B61F52E7601E4,371291F08B0EB5DB4EAE2495F6053F7E24EE16CFC51EA65B7BDD21905BD76A9A,true,true,true,true,false,true,true,false,"Equivalent candidate reached; control committed the frozen lane, canonical rejected it, and treatment did not commit that object."
primary,02D9D1781418E7442956D4D901C8C611E58256556AE9A828E72128C3B5B8E3EB,20,control,"OP-00004283-BaseHead-S4283-T215683-ANA",6,215683,,true,A_REACHED_CANONICAL_REJECT,A_DIRECT_CANONICAL_REJECT,true,"SRG-DIV-18C8A337B01453C0C1575433","OP-00000183-BaseHead-S183-T18552-ANA",8E0C64020065075DD0BC2EA93A080689BF2859D73A88D1ADD14B61F52E7601E4,371291F08B0EB5DB4EAE2495F6053F7E24EE16CFC51EA65B7BDD21905BD76A9A,true,true,true,true,false,true,true,false,"Equivalent candidate reached; control committed the frozen lane, canonical rejected it, and treatment did not commit that object."
primary,20651C9B11DBB0D7BA2D64A8F167577AE0452762EEA83C5A7558BA89B8D2C788,1,control,"OP-00000048-BaseHead-S48-T6475-ANA",3,6475,,true,A_REACHED_CANONICAL_REJECT,A_DIRECT_CANONICAL_REJECT,true,"","",,,false,false,true,true,false,true,false,false,"Equivalent candidate reached; control committed the frozen lane, canonical rejected it, and treatment did not commit that object."
primary,20651C9B11DBB0D7BA2D64A8F167577AE0452762EEA83C5A7558BA89B8D2C788,1,control,"OP-00001794-BaseHead-S1794-T103129-ANA",6,103129,,true,A_REACHED_CANONICAL_REJECT,A_DIRECT_CANONICAL_REJECT,true,"SRG-DIV-70E5A5DCB2F5BDFFF5DE130C","OP-00000048-BaseHead-S48-T6475-ANA",29B0073FCC0B89CC0F9E0E7B13B70A4F514B4F3914F6406BC5AC1A7E03BCF7EC,B7609329A9AFE32AE2ED2F9AED2830C82DCD9D4D74079724520554CAB217A7C8,true,true,true,true,false,true,true,false,"Equivalent candidate reached; control committed the frozen lane, canonical rejected it, and treatment did not commit that object."
primary,20651C9B11DBB0D7BA2D64A8F167577AE0452762EEA83C5A7558BA89B8D2C788,1,control,"OP-00005835-BaseHead-S5835-T285321-ANA",1,285321,,true,A_REACHED_CANONICAL_REJECT,A_DIRECT_CANONICAL_REJECT,true,"SRG-DIV-70E5A5DCB2F5BDFFF5DE130C","OP-00000048-BaseHead-S48-T6475-ANA",29B0073FCC0B89CC0F9E0E7B13B70A4F514B4F3914F6406BC5AC1A7E03BCF7EC,B7609329A9AFE32AE2ED2F9AED2830C82DCD9D4D74079724520554CAB217A7C8,true,true,true,true,false,true,true,false,"Equivalent candidate reached; control committed the frozen lane, canonical rejected it, and treatment did not commit that object."
primary,20651C9B11DBB0D7BA2D64A8F167577AE0452762EEA83C5A7558BA89B8D2C788,1,control,"OP-00006207-BaseHead-S6207-T298027-ANA",1,298027,,true,A_REACHED_CANONICAL_REJECT,A_DIRECT_CANONICAL_REJECT,true,"SRG-DIV-70E5A5DCB2F5BDFFF5DE130C","OP-00000048-BaseHead-S48-T6475-ANA",29B0073FCC0B89CC0F9E0E7B13B70A4F514B4F3914F6406BC5AC1A7E03BCF7EC,B7609329A9AFE32AE2ED2F9AED2830C82DCD9D4D74079724520554CAB217A7C8,true,true,true,true,false,true,true,false,"Equivalent candidate reached; control committed the frozen lane, canonical rejected it, and treatment did not commit that object."
primary,20651C9B11DBB0D7BA2D64A8F167577AE0452762EEA83C5A7558BA89B8D2C788,1,control,"OP-00007784-BaseHead-S7784-T367115-ANA",0,367115,,true,A_REACHED_CANONICAL_REJECT,A_DIRECT_CANONICAL_REJECT,true,"SRG-DIV-70E5A5DCB2F5BDFFF5DE130C","OP-00000048-BaseHead-S48-T6475-ANA",29B0073FCC0B89CC0F9E0E7B13B70A4F514B4F3914F6406BC5AC1A7E03BCF7EC,B7609329A9AFE32AE2ED2F9AED2830C82DCD9D4D74079724520554CAB217A7C8,true,true,true,true,false,true,true,false,"Equivalent candidate reached; control committed the frozen lane, canonical rejected it, and treatment did not commit that object."
primary,20651C9B11DBB0D7BA2D64A8F167577AE0452762EEA83C5A7558BA89B8D2C788,2,control,"OP-00000370-BaseHead-S370-T29933-ANA",4,29933,,true,A_REACHED_CANONICAL_REJECT,A_DIRECT_CANONICAL_REJECT,true,"","",,,false,false,true,true,false,true,false,false,"Equivalent candidate reached; control committed the frozen lane, canonical rejected it, and treatment did not commit that object."
primary,20651C9B11DBB0D7BA2D64A8F167577AE0452762EEA83C5A7558BA89B8D2C788,2,control,"OP-00003139-BaseHead-S3139-T180480-ANA",3,180480,,true,A_REACHED_CANONICAL_REJECT,A_DIRECT_CANONICAL_REJECT,true,"SRG-DIV-459EB9212FA6F7990FECCF33","OP-00000370-BaseHead-S370-T29933-ANA",27382D49BE1511F8D35EE39B0E5C5BE92F2F721E4535D405A5A3BAEFF8109CEA,676CF005EA45171F3A8B30D2154411963D7404606F1220C34ADCACE91ACCB659,true,true,true,true,false,true,true,false,"Equivalent candidate reached; control committed the frozen lane, canonical rejected it, and treatment did not commit that object."
primary,20651C9B11DBB0D7BA2D64A8F167577AE0452762EEA83C5A7558BA89B8D2C788,2,control,"OP-00005215-BaseHead-S5215-T265203-ANA",3,265203,,true,A_REACHED_CANONICAL_REJECT,A_DIRECT_CANONICAL_REJECT,true,"SRG-DIV-459EB9212FA6F7990FECCF33","OP-00000370-BaseHead-S370-T29933-ANA",27382D49BE1511F8D35EE39B0E5C5BE92F2F721E4535D405A5A3BAEFF8109CEA,676CF005EA45171F3A8B30D2154411963D7404606F1220C34ADCACE91ACCB659,true,true,true,true,false,true,true,false,"Equivalent candidate reached; control committed the frozen lane, canonical rejected it, and treatment did not commit that object."
primary,20651C9B11DBB0D7BA2D64A8F167577AE0452762EEA83C5A7558BA89B8D2C788,2,control,"OP-00010106-BaseHead-S10106-T467020-ANA",6,467020,,true,A_REACHED_CANONICAL_REJECT,A_DIRECT_CANONICAL_REJECT,true,"SRG-DIV-459EB9212FA6F7990FECCF33","OP-00000370-BaseHead-S370-T29933-ANA",27382D49BE1511F8D35EE39B0E5C5BE92F2F721E4535D405A5A3BAEFF8109CEA,676CF005EA45171F3A8B30D2154411963D7404606F1220C34ADCACE91ACCB659,true,true,true,true,false,true,true,false,"Equivalent candidate reached; control committed the frozen lane, canonical rejected it, and treatment did not commit that object."
primary,20651C9B11DBB0D7BA2D64A8F167577AE0452762EEA83C5A7558BA89B8D2C788,3,control,"OP-00000370-BaseHead-S370-T29933-ANA",4,29933,,true,A_REACHED_CANONICAL_REJECT,A_DIRECT_CANONICAL_REJECT,true,"","",,,false,false,true,true,false,true,false,false,"Equivalent candidate reached; control committed the frozen lane, canonical rejected it, and treatment did not commit that object."
primary,20651C9B11DBB0D7BA2D64A8F167577AE0452762EEA83C5A7558BA89B8D2C788,3,control,"OP-00001936-BaseHead-S1936-T110572-ANA",5,110572,,true,B_EARLIER_GOVERNED_DIVERGENCE,B_CAUSALLY_PROVEN_UNREACHABLE,false,"SRG-DIV-BE75AFE7197441CC21BBB903","OP-00000370-BaseHead-S370-T29933-ANA",D4B03CDFB0D24E79939500C78BE9BCAB804DACF1D8677CA58EF15191088AB231,3A0766F1A1E70D3D4C08D1DE933DD28F25FB33A58EE391481AD132BC00AB3051,true,true,true,false,false,true,true,false,"A prior canonical-governed commit divergence left unequal complete parent state; no sufficient-state reconvergence occurred and the exact frozen lane-level proposal was not selected or committed in treatment."
primary,20651C9B11DBB0D7BA2D64A8F167577AE0452762EEA83C5A7558BA89B8D2C788,3,control,"OP-00004664-BaseHead-S4664-T242439-ANA",6,242439,,true,B_EARLIER_GOVERNED_DIVERGENCE,C_UNRESOLVED,false,"SRG-DIV-BE75AFE7197441CC21BBB903","OP-00000370-BaseHead-S370-T29933-ANA",D4B03CDFB0D24E79939500C78BE9BCAB804DACF1D8677CA58EF15191088AB231,3A0766F1A1E70D3D4C08D1DE933DD28F25FB33A58EE391481AD132BC00AB3051,true,true,false,true,true,false,true,false,"The strengthened causal chain was incomplete; recertification must abstain."
primary,20651C9B11DBB0D7BA2D64A8F167577AE0452762EEA83C5A7558BA89B8D2C788,3,control,"OP-00006160-BaseHead-S6160-T296527-ANA",1,296527,,true,B_EARLIER_GOVERNED_DIVERGENCE,B_CAUSALLY_PROVEN_UNREACHABLE,false,"SRG-DIV-BE75AFE7197441CC21BBB903","OP-00000370-BaseHead-S370-T29933-ANA",D4B03CDFB0D24E79939500C78BE9BCAB804DACF1D8677CA58EF15191088AB231,3A0766F1A1E70D3D4C08D1DE933DD28F25FB33A58EE391481AD132BC00AB3051,true,true,true,false,false,true,true,false,"A prior canonical-governed commit divergence left unequal complete parent state; no sufficient-state reconvergence occurred and the exact frozen lane-level proposal was not selected or committed in treatment."
primary,20651C9B11DBB0D7BA2D64A8F167577AE0452762EEA83C5A7558BA89B8D2C788,3,control,"OP-00006359-BaseHead-S6359-T304468-ANA",0,304468,,true,B_EARLIER_GOVERNED_DIVERGENCE,B_CAUSALLY_PROVEN_UNREACHABLE,false,"SRG-DIV-BE75AFE7197441CC21BBB903","OP-00000370-BaseHead-S370-T29933-ANA",D4B03CDFB0D24E79939500C78BE9BCAB804DACF1D8677CA58EF15191088AB231,3A0766F1A1E70D3D4C08D1DE933DD28F25FB33A58EE391481AD132BC00AB3051,true,true,true,false,false,true,true,false,"A prior canonical-governed commit divergence left unequal complete parent state; no sufficient-state reconvergence occurred and the exact frozen lane-level proposal was not selected or committed in treatment."
primary,20651C9B11DBB0D7BA2D64A8F167577AE0452762EEA83C5A7558BA89B8D2C788,4,control,"OP-00000370-BaseHead-S370-T29933-ANA",4,29933,,true,A_REACHED_CANONICAL_REJECT,A_DIRECT_CANONICAL_REJECT,true,"SRG-DIV-D29995B388E654D1F4A5E3F2","OP-00000185-BaseHead-S185-T16399-ANA",5CB734D151A9BEE4D9D3652F8D374825FC08E0B45102F1F07A2D5DB016E9D37E,36D7F4457D80092526F9828AFE9C156B4D2161AB69590723D55CEF9A9E25268E,true,true,true,true,false,true,true,false,"Equivalent candidate reached; control committed the frozen lane, canonical rejected it, and treatment did not commit that object."
primary,20651C9B11DBB0D7BA2D64A8F167577AE0452762EEA83C5A7558BA89B8D2C788,4,control,"OP-00000466-BaseHead-S466-T35009-ANA",2,35009,,true,B_EARLIER_GOVERNED_DIVERGENCE,B_CAUSALLY_PROVEN_UNREACHABLE,false,"SRG-DIV-D29995B388E654D1F4A5E3F2","OP-00000185-BaseHead-S185-T16399-ANA",5CB734D151A9BEE4D9D3652F8D374825FC08E0B45102F1F07A2D5DB016E9D37E,36D7F4457D80092526F9828AFE9C156B4D2161AB69590723D55CEF9A9E25268E,true,true,true,false,false,true,true,false,"A prior canonical-governed commit divergence left unequal complete parent state; no sufficient-state reconvergence occurred and the exact frozen lane-level proposal was not selected or committed in treatment."
primary,20651C9B11DBB0D7BA2D64A8F167577AE0452762EEA83C5A7558BA89B8D2C788,4,control,"OP-00001936-BaseHead-S1936-T110572-ANA",5,110572,,true,A_REACHED_CANONICAL_REJECT,A_DIRECT_CANONICAL_REJECT,true,"SRG-DIV-D29995B388E654D1F4A5E3F2","OP-00000185-BaseHead-S185-T16399-ANA",5CB734D151A9BEE4D9D3652F8D374825FC08E0B45102F1F07A2D5DB016E9D37E,36D7F4457D80092526F9828AFE9C156B4D2161AB69590723D55CEF9A9E25268E,true,true,true,true,false,true,true,false,"Equivalent candidate reached; control committed the frozen lane, canonical rejected it, and treatment did not commit that object."
primary,20651C9B11DBB0D7BA2D64A8F167577AE0452762EEA83C5A7558BA89B8D2C788,4,control,"OP-00003144-BaseHead-S3144-T180915-ANA",3,180915,,true,A_REACHED_CANONICAL_REJECT,A_DIRECT_CANONICAL_REJECT,true,"SRG-DIV-D29995B388E654D1F4A5E3F2","OP-00000185-BaseHead-S185-T16399-ANA",5CB734D151A9BEE4D9D3652F8D374825FC08E0B45102F1F07A2D5DB016E9D37E,36D7F4457D80092526F9828AFE9C156B4D2161AB69590723D55CEF9A9E25268E,true,true,true,true,false,true,true,false,"Equivalent candidate reached; control committed the frozen lane, canonical rejected it, and treatment did not commit that object."
primary,20651C9B11DBB0D7BA2D64A8F167577AE0452762EEA83C5A7558BA89B8D2C788,4,control,"OP-00005296-BaseHead-S5296-T267939-ANA",5,267939,,true,A_REACHED_CANONICAL_REJECT,A_DIRECT_CANONICAL_REJECT,true,"SRG-DIV-D29995B388E654D1F4A5E3F2","OP-00000185-BaseHead-S185-T16399-ANA",5CB734D151A9BEE4D9D3652F8D374825FC08E0B45102F1F07A2D5DB016E9D37E,36D7F4457D80092526F9828AFE9C156B4D2161AB69590723D55CEF9A9E25268E,true,true,true,true,false,true,true,false,"Equivalent candidate reached; control committed the frozen lane, canonical rejected it, and treatment did not commit that object."
primary,20651C9B11DBB0D7BA2D64A8F167577AE0452762EEA83C5A7558BA89B8D2C788,4,control,"OP-00005694-BaseHead-S5694-T280733-ANA",3,280733,,true,A_REACHED_CANONICAL_REJECT,A_DIRECT_CANONICAL_REJECT,true,"SRG-DIV-D29995B388E654D1F4A5E3F2","OP-00000185-BaseHead-S185-T16399-ANA",5CB734D151A9BEE4D9D3652F8D374825FC08E0B45102F1F07A2D5DB016E9D37E,36D7F4457D80092526F9828AFE9C156B4D2161AB69590723D55CEF9A9E25268E,true,true,true,true,false,true,true,false,"Equivalent candidate reached; control committed the frozen lane, canonical rejected it, and treatment did not commit that object."
primary,20651C9B11DBB0D7BA2D64A8F167577AE0452762EEA83C5A7558BA89B8D2C788,5,control,"OP-00000370-BaseHead-S370-T29933-ANA",4,29933,,true,A_REACHED_CANONICAL_REJECT,A_DIRECT_CANONICAL_REJECT,true,"","",,,false,false,true,true,false,true,false,false,"Equivalent candidate reached; control committed the frozen lane, canonical rejected it, and treatment did not commit that object."
primary,20651C9B11DBB0D7BA2D64A8F167577AE0452762EEA83C5A7558BA89B8D2C788,5,control,"OP-00001071-BaseHead-S1071-T67039-ANA",6,67039,,true,A_REACHED_CANONICAL_REJECT,A_DIRECT_CANONICAL_REJECT,true,"SRG-DIV-74A559F7E2AC23376D1EE5AF","OP-00000370-BaseHead-S370-T29933-ANA",CE4EDEBB78B3B764CD5B4514858F45382CA29DC1D7C7289D9BD232365CB6FB70,F2A97C9078F1F3A173F6F4CE386CA27F3AFAE38DDBAA0EE8F84BF4E6B35981AF,true,true,true,true,false,true,true,false,"Equivalent candidate reached; control committed the frozen lane, canonical rejected it, and treatment did not commit that object."
primary,20651C9B11DBB0D7BA2D64A8F167577AE0452762EEA83C5A7558BA89B8D2C788,5,control,"OP-00001262-BaseHead-S1262-T76625-ANA",6,76625,,true,A_REACHED_CANONICAL_REJECT,A_DIRECT_CANONICAL_REJECT,true,"SRG-DIV-74A559F7E2AC23376D1EE5AF","OP-00000370-BaseHead-S370-T29933-ANA",CE4EDEBB78B3B764CD5B4514858F45382CA29DC1D7C7289D9BD232365CB6FB70,F2A97C9078F1F3A173F6F4CE386CA27F3AFAE38DDBAA0EE8F84BF4E6B35981AF,true,true,true,true,false,true,true,false,"Equivalent candidate reached; control committed the frozen lane, canonical rejected it, and treatment did not commit that object."
primary,20651C9B11DBB0D7BA2D64A8F167577AE0452762EEA83C5A7558BA89B8D2C788,5,control,"OP-00004997-BaseHead-S4997-T257791-ANA",2,257791,,true,A_REACHED_CANONICAL_REJECT,A_DIRECT_CANONICAL_REJECT,true,"SRG-DIV-74A559F7E2AC23376D1EE5AF","OP-00000370-BaseHead-S370-T29933-ANA",CE4EDEBB78B3B764CD5B4514858F45382CA29DC1D7C7289D9BD232365CB6FB70,F2A97C9078F1F3A173F6F4CE386CA27F3AFAE38DDBAA0EE8F84BF4E6B35981AF,true,true,true,true,false,true,true,false,"Equivalent candidate reached; control committed the frozen lane, canonical rejected it, and treatment did not commit that object."
primary,20651C9B11DBB0D7BA2D64A8F167577AE0452762EEA83C5A7558BA89B8D2C788,5,control,"OP-00005210-BaseHead-S5210-T265027-ANA",0,265027,,true,B_EARLIER_GOVERNED_DIVERGENCE,B_CAUSALLY_PROVEN_UNREACHABLE,false,"SRG-DIV-74A559F7E2AC23376D1EE5AF","OP-00000370-BaseHead-S370-T29933-ANA",CE4EDEBB78B3B764CD5B4514858F45382CA29DC1D7C7289D9BD232365CB6FB70,F2A97C9078F1F3A173F6F4CE386CA27F3AFAE38DDBAA0EE8F84BF4E6B35981AF,true,true,true,false,false,true,true,false,"A prior canonical-governed commit divergence left unequal complete parent state; no sufficient-state reconvergence occurred and the exact frozen lane-level proposal was not selected or committed in treatment."
primary,20651C9B11DBB0D7BA2D64A8F167577AE0452762EEA83C5A7558BA89B8D2C788,5,control,"OP-00005297-BaseHead-S5297-T267939-ANA",5,267939,,true,B_EARLIER_GOVERNED_DIVERGENCE,B_CAUSALLY_PROVEN_UNREACHABLE,false,"SRG-DIV-74A559F7E2AC23376D1EE5AF","OP-00000370-BaseHead-S370-T29933-ANA",CE4EDEBB78B3B764CD5B4514858F45382CA29DC1D7C7289D9BD232365CB6FB70,F2A97C9078F1F3A173F6F4CE386CA27F3AFAE38DDBAA0EE8F84BF4E6B35981AF,true,true,true,false,false,true,true,false,"A prior canonical-governed commit divergence left unequal complete parent state; no sufficient-state reconvergence occurred and the exact frozen lane-level proposal was not selected or committed in treatment."
primary,20651C9B11DBB0D7BA2D64A8F167577AE0452762EEA83C5A7558BA89B8D2C788,5,control,"OP-00005307-BaseHead-S5307-T268380-ANA",5,268380,,true,B_EARLIER_GOVERNED_DIVERGENCE,B_CAUSALLY_PROVEN_UNREACHABLE,false,"SRG-DIV-74A559F7E2AC23376D1EE5AF","OP-00000370-BaseHead-S370-T29933-ANA",CE4EDEBB78B3B764CD5B4514858F45382CA29DC1D7C7289D9BD232365CB6FB70,F2A97C9078F1F3A173F6F4CE386CA27F3AFAE38DDBAA0EE8F84BF4E6B35981AF,true,true,true,true,false,true,true,false,"A prior canonical-governed commit divergence left unequal complete parent state; no sufficient-state reconvergence occurred and the exact frozen lane-level proposal was not selected or committed in treatment."
primary,20651C9B11DBB0D7BA2D64A8F167577AE0452762EEA83C5A7558BA89B8D2C788,5,control,"OP-00006161-BaseHead-S6161-T296527-ANA",4,296527,,true,B_EARLIER_GOVERNED_DIVERGENCE,B_CAUSALLY_PROVEN_UNREACHABLE,false,"SRG-DIV-74A559F7E2AC23376D1EE5AF","OP-00000370-BaseHead-S370-T29933-ANA",CE4EDEBB78B3B764CD5B4514858F45382CA29DC1D7C7289D9BD232365CB6FB70,F2A97C9078F1F3A173F6F4CE386CA27F3AFAE38DDBAA0EE8F84BF4E6B35981AF,true,true,true,false,false,true,true,false,"A prior canonical-governed commit divergence left unequal complete parent state; no sufficient-state reconvergence occurred and the exact frozen lane-level proposal was not selected or committed in treatment."
primary,20651C9B11DBB0D7BA2D64A8F167577AE0452762EEA83C5A7558BA89B8D2C788,5,control,"OP-00006173-BaseHead-S6173-T296968-ANA",0,296968,,true,A_REACHED_CANONICAL_REJECT,A_DIRECT_CANONICAL_REJECT,true,"SRG-DIV-74A559F7E2AC23376D1EE5AF","OP-00000370-BaseHead-S370-T29933-ANA",CE4EDEBB78B3B764CD5B4514858F45382CA29DC1D7C7289D9BD232365CB6FB70,F2A97C9078F1F3A173F6F4CE386CA27F3AFAE38DDBAA0EE8F84BF4E6B35981AF,true,true,true,true,false,true,true,false,"Equivalent candidate reached; control committed the frozen lane, canonical rejected it, and treatment did not commit that object."
primary,20651C9B11DBB0D7BA2D64A8F167577AE0452762EEA83C5A7558BA89B8D2C788,6,control,"OP-00000370-BaseHead-S370-T29933-ANA",4,29933,,true,A_REACHED_CANONICAL_REJECT,A_DIRECT_CANONICAL_REJECT,true,"","",,,false,false,true,true,false,true,false,false,"Equivalent candidate reached; control committed the frozen lane, canonical rejected it, and treatment did not commit that object."
primary,20651C9B11DBB0D7BA2D64A8F167577AE0452762EEA83C5A7558BA89B8D2C788,6,control,"OP-00001383-BaseHead-S1383-T83392-ANA",3,83392,,true,A_REACHED_CANONICAL_REJECT,A_DIRECT_CANONICAL_REJECT,true,"SRG-DIV-35ABEC50B3D9E55C1F4A852D","OP-00000370-BaseHead-S370-T29933-ANA",4C1F82BA79BCC3D75C72E5B73E74F14C82755E0CFF1C8577680C42B4C4AE9F4E,2E8AA25657969749A52BE4F969FFB6EDAE5A98F6D7F22F3B1744BB63E1954F95,true,true,true,true,false,true,true,false,"Equivalent candidate reached; control committed the frozen lane, canonical rejected it, and treatment did not commit that object."
primary,20651C9B11DBB0D7BA2D64A8F167577AE0452762EEA83C5A7558BA89B8D2C788,6,control,"OP-00001515-BaseHead-S1515-T89821-ANA",6,89821,,true,B_EARLIER_GOVERNED_DIVERGENCE,C_UNRESOLVED,false,"SRG-DIV-35ABEC50B3D9E55C1F4A852D","OP-00000370-BaseHead-S370-T29933-ANA",4C1F82BA79BCC3D75C72E5B73E74F14C82755E0CFF1C8577680C42B4C4AE9F4E,2E8AA25657969749A52BE4F969FFB6EDAE5A98F6D7F22F3B1744BB63E1954F95,true,true,false,true,true,false,true,false,"The strengthened causal chain was incomplete; recertification must abstain."
primary,20651C9B11DBB0D7BA2D64A8F167577AE0452762EEA83C5A7558BA89B8D2C788,6,control,"OP-00001650-BaseHead-S1650-T96136-ANA",0,96136,,true,A_REACHED_CANONICAL_REJECT,A_DIRECT_CANONICAL_REJECT,true,"SRG-DIV-35ABEC50B3D9E55C1F4A852D","OP-00000370-BaseHead-S370-T29933-ANA",4C1F82BA79BCC3D75C72E5B73E74F14C82755E0CFF1C8577680C42B4C4AE9F4E,2E8AA25657969749A52BE4F969FFB6EDAE5A98F6D7F22F3B1744BB63E1954F95,true,true,true,true,false,true,true,false,"Equivalent candidate reached; control committed the frozen lane, canonical rejected it, and treatment did not commit that object."
primary,20651C9B11DBB0D7BA2D64A8F167577AE0452762EEA83C5A7558BA89B8D2C788,6,control,"OP-00004525-BaseHead-S4525-T235733-ANA",4,235733,,true,A_REACHED_CANONICAL_REJECT,A_DIRECT_CANONICAL_REJECT,true,"SRG-DIV-35ABEC50B3D9E55C1F4A852D","OP-00000370-BaseHead-S370-T29933-ANA",4C1F82BA79BCC3D75C72E5B73E74F14C82755E0CFF1C8577680C42B4C4AE9F4E,2E8AA25657969749A52BE4F969FFB6EDAE5A98F6D7F22F3B1744BB63E1954F95,true,true,true,true,false,true,true,false,"Equivalent candidate reached; control committed the frozen lane, canonical rejected it, and treatment did not commit that object."
primary,20651C9B11DBB0D7BA2D64A8F167577AE0452762EEA83C5A7558BA89B8D2C788,6,control,"OP-00005229-BaseHead-S5229-T265733-ANA",6,265733,,true,A_REACHED_CANONICAL_REJECT,A_DIRECT_CANONICAL_REJECT,true,"SRG-DIV-35ABEC50B3D9E55C1F4A852D","OP-00000370-BaseHead-S370-T29933-ANA",4C1F82BA79BCC3D75C72E5B73E74F14C82755E0CFF1C8577680C42B4C4AE9F4E,2E8AA25657969749A52BE4F969FFB6EDAE5A98F6D7F22F3B1744BB63E1954F95,true,true,true,true,false,true,true,false,"Equivalent candidate reached; control committed the frozen lane, canonical rejected it, and treatment did not commit that object."
primary,20651C9B11DBB0D7BA2D64A8F167577AE0452762EEA83C5A7558BA89B8D2C788,6,control,"OP-00005694-BaseHead-S5694-T280733-ANA",3,280733,,true,A_REACHED_CANONICAL_REJECT,A_DIRECT_CANONICAL_REJECT,true,"SRG-DIV-35ABEC50B3D9E55C1F4A852D","OP-00000370-BaseHead-S370-T29933-ANA",4C1F82BA79BCC3D75C72E5B73E74F14C82755E0CFF1C8577680C42B4C4AE9F4E,2E8AA25657969749A52BE4F969FFB6EDAE5A98F6D7F22F3B1744BB63E1954F95,true,true,true,true,false,true,true,false,"Equivalent candidate reached; control committed the frozen lane, canonical rejected it, and treatment did not commit that object."
primary,20651C9B11DBB0D7BA2D64A8F167577AE0452762EEA83C5A7558BA89B8D2C788,6,control,"OP-00005756-BaseHead-S5756-T282806-ANA",1,282806,,true,B_EARLIER_GOVERNED_DIVERGENCE,B_CAUSALLY_PROVEN_UNREACHABLE,false,"SRG-DIV-35ABEC50B3D9E55C1F4A852D","OP-00000370-BaseHead-S370-T29933-ANA",4C1F82BA79BCC3D75C72E5B73E74F14C82755E0CFF1C8577680C42B4C4AE9F4E,2E8AA25657969749A52BE4F969FFB6EDAE5A98F6D7F22F3B1744BB63E1954F95,true,true,true,false,false,true,true,false,"A prior canonical-governed commit divergence left unequal complete parent state; no sufficient-state reconvergence occurred and the exact frozen lane-level proposal was not selected or committed in treatment."
primary,20651C9B11DBB0D7BA2D64A8F167577AE0452762EEA83C5A7558BA89B8D2C788,6,control,"OP-00005835-BaseHead-S5835-T285321-ANA",6,285321,,true,A_REACHED_CANONICAL_REJECT,A_DIRECT_CANONICAL_REJECT,true,"SRG-DIV-35ABEC50B3D9E55C1F4A852D","OP-00000370-BaseHead-S370-T29933-ANA",4C1F82BA79BCC3D75C72E5B73E74F14C82755E0CFF1C8577680C42B4C4AE9F4E,2E8AA25657969749A52BE4F969FFB6EDAE5A98F6D7F22F3B1744BB63E1954F95,true,true,true,true,false,true,true,false,"Equivalent candidate reached; control committed the frozen lane, canonical rejected it, and treatment did not commit that object."
primary,20651C9B11DBB0D7BA2D64A8F167577AE0452762EEA83C5A7558BA89B8D2C788,6,control,"OP-00006160-BaseHead-S6160-T296527-ANA",4,296527,,true,A_REACHED_CANONICAL_REJECT,A_DIRECT_CANONICAL_REJECT,true,"SRG-DIV-35ABEC50B3D9E55C1F4A852D","OP-00000370-BaseHead-S370-T29933-ANA",4C1F82BA79BCC3D75C72E5B73E74F14C82755E0CFF1C8577680C42B4C4AE9F4E,2E8AA25657969749A52BE4F969FFB6EDAE5A98F6D7F22F3B1744BB63E1954F95,true,true,true,true,false,true,true,false,"Equivalent candidate reached; control committed the frozen lane, canonical rejected it, and treatment did not commit that object."
primary,20651C9B11DBB0D7BA2D64A8F167577AE0452762EEA83C5A7558BA89B8D2C788,6,control,"OP-00007221-BaseHead-S7221-T342410-ANA",6,342410,,true,A_REACHED_CANONICAL_REJECT,A_DIRECT_CANONICAL_REJECT,true,"SRG-DIV-35ABEC50B3D9E55C1F4A852D","OP-00000370-BaseHead-S370-T29933-ANA",4C1F82BA79BCC3D75C72E5B73E74F14C82755E0CFF1C8577680C42B4C4AE9F4E,2E8AA25657969749A52BE4F969FFB6EDAE5A98F6D7F22F3B1744BB63E1954F95,true,true,true,true,false,true,true,false,"Equivalent candidate reached; control committed the frozen lane, canonical rejected it, and treatment did not commit that object."
primary,20651C9B11DBB0D7BA2D64A8F167577AE0452762EEA83C5A7558BA89B8D2C788,6,control,"OP-00010125-BaseHead-S10125-T468410-ANA",4,468410,,true,A_REACHED_CANONICAL_REJECT,A_DIRECT_CANONICAL_REJECT,true,"SRG-DIV-35ABEC50B3D9E55C1F4A852D","OP-00000370-BaseHead-S370-T29933-ANA",4C1F82BA79BCC3D75C72E5B73E74F14C82755E0CFF1C8577680C42B4C4AE9F4E,2E8AA25657969749A52BE4F969FFB6EDAE5A98F6D7F22F3B1744BB63E1954F95,true,true,true,true,false,true,true,false,"Equivalent candidate reached; control committed the frozen lane, canonical rejected it, and treatment did not commit that object."
primary,20651C9B11DBB0D7BA2D64A8F167577AE0452762EEA83C5A7558BA89B8D2C788,7,control,"OP-00000011-BaseHead-S11-T2527-ANA",2,2527,,true,A_REACHED_CANONICAL_REJECT,A_DIRECT_CANONICAL_REJECT,true,"","",,,false,false,true,true,false,true,false,false,"Equivalent candidate reached; control committed the frozen lane, canonical rejected it, and treatment did not commit that object."
primary,20651C9B11DBB0D7BA2D64A8F167577AE0452762EEA83C5A7558BA89B8D2C788,7,control,"OP-00000277-BaseHead-S277-T23730-ANA",3,23730,,true,B_EARLIER_GOVERNED_DIVERGENCE,B_CAUSALLY_PROVEN_UNREACHABLE,false,"SRG-DIV-6E6075896ACA1A85FFD77979","OP-00000011-BaseHead-S11-T2527-ANA",18F844DC0FA56E3D5EE26A3A0C471490C4DC6410E58DF9547D99B94050C7470D,8B14D265103D7B752A29DF5E55AA4DD37C58E7CE0750DE6C3CFF6F785380BA78,true,true,true,false,false,true,true,false,"A prior canonical-governed commit divergence left unequal complete parent state; no sufficient-state reconvergence occurred and the exact frozen lane-level proposal was not selected or committed in treatment."
primary,20651C9B11DBB0D7BA2D64A8F167577AE0452762EEA83C5A7558BA89B8D2C788,7,control,"OP-00001936-BaseHead-S1936-T110572-ANA",5,110572,,true,B_EARLIER_GOVERNED_DIVERGENCE,C_UNRESOLVED,false,"SRG-DIV-6E6075896ACA1A85FFD77979","OP-00000011-BaseHead-S11-T2527-ANA",18F844DC0FA56E3D5EE26A3A0C471490C4DC6410E58DF9547D99B94050C7470D,8B14D265103D7B752A29DF5E55AA4DD37C58E7CE0750DE6C3CFF6F785380BA78,true,true,false,true,true,false,true,false,"The strengthened causal chain was incomplete; recertification must abstain."
primary,20651C9B11DBB0D7BA2D64A8F167577AE0452762EEA83C5A7558BA89B8D2C788,7,control,"OP-00005266-BaseHead-S5266-T266791-ANA",0,266791,,true,B_EARLIER_GOVERNED_DIVERGENCE,B_CAUSALLY_PROVEN_UNREACHABLE,false,"SRG-DIV-6E6075896ACA1A85FFD77979","OP-00000011-BaseHead-S11-T2527-ANA",18F844DC0FA56E3D5EE26A3A0C471490C4DC6410E58DF9547D99B94050C7470D,8B14D265103D7B752A29DF5E55AA4DD37C58E7CE0750DE6C3CFF6F785380BA78,true,true,true,false,false,true,true,false,"A prior canonical-governed commit divergence left unequal complete parent state; no sufficient-state reconvergence occurred and the exact frozen lane-level proposal was not selected or committed in treatment."
primary,20651C9B11DBB0D7BA2D64A8F167577AE0452762EEA83C5A7558BA89B8D2C788,7,control,"OP-00005835-BaseHead-S5835-T285321-ANA",1,285321,,true,A_REACHED_CANONICAL_REJECT,A_DIRECT_CANONICAL_REJECT,true,"SRG-DIV-6E6075896ACA1A85FFD77979","OP-00000011-BaseHead-S11-T2527-ANA",18F844DC0FA56E3D5EE26A3A0C471490C4DC6410E58DF9547D99B94050C7470D,8B14D265103D7B752A29DF5E55AA4DD37C58E7CE0750DE6C3CFF6F785380BA78,true,true,true,true,false,true,true,false,"Equivalent candidate reached; control committed the frozen lane, canonical rejected it, and treatment did not commit that object."
primary,20651C9B11DBB0D7BA2D64A8F167577AE0452762EEA83C5A7558BA89B8D2C788,7,control,"OP-00006162-BaseHead-S6162-T296527-ANA",1,296527,,true,A_REACHED_CANONICAL_REJECT,A_DIRECT_CANONICAL_REJECT,true,"SRG-DIV-6E6075896ACA1A85FFD77979","OP-00000011-BaseHead-S11-T2527-ANA",18F844DC0FA56E3D5EE26A3A0C471490C4DC6410E58DF9547D99B94050C7470D,8B14D265103D7B752A29DF5E55AA4DD37C58E7CE0750DE6C3CFF6F785380BA78,true,true,true,true,false,true,true,false,"Equivalent candidate reached; control committed the frozen lane, canonical rejected it, and treatment did not commit that object."
primary,20651C9B11DBB0D7BA2D64A8F167577AE0452762EEA83C5A7558BA89B8D2C788,7,control,"OP-00008011-BaseHead-S8011-T376998-ANA",1,376998,,true,A_REACHED_CANONICAL_REJECT,A_DIRECT_CANONICAL_REJECT,true,"SRG-DIV-6E6075896ACA1A85FFD77979","OP-00000011-BaseHead-S11-T2527-ANA",18F844DC0FA56E3D5EE26A3A0C471490C4DC6410E58DF9547D99B94050C7470D,8B14D265103D7B752A29DF5E55AA4DD37C58E7CE0750DE6C3CFF6F785380BA78,true,true,true,true,false,true,true,false,"Equivalent candidate reached; control committed the frozen lane, canonical rejected it, and treatment did not commit that object."
primary,20651C9B11DBB0D7BA2D64A8F167577AE0452762EEA83C5A7558BA89B8D2C788,8,control,"OP-00000297-BaseHead-S297-T24858-ANA",0,24858,,true,A_REACHED_CANONICAL_REJECT,A_DIRECT_CANONICAL_REJECT,true,"","",,,false,false,true,true,false,true,false,false,"Equivalent candidate reached; control committed the frozen lane, canonical rejected it, and treatment did not commit that object."
primary,20651C9B11DBB0D7BA2D64A8F167577AE0452762EEA83C5A7558BA89B8D2C788,8,control,"OP-00000370-BaseHead-S370-T29933-ANA",4,29933,,true,A_REACHED_CANONICAL_REJECT,A_DIRECT_CANONICAL_REJECT,true,"SRG-DIV-6FB864D5220E91CDF474149B","OP-00000297-BaseHead-S297-T24858-ANA",ACEFCD1EDD744E9AE8D1D9F7EFA340AA8956CCFCFBE88700AEAD2AB77BE5CD2E,4D98506D78B2962409E971D2CF68B112874F4DB5A0884B3A9F6ED5ED3233C161,true,true,true,true,false,true,true,false,"Equivalent candidate reached; control committed the frozen lane, canonical rejected it, and treatment did not commit that object."
primary,20651C9B11DBB0D7BA2D64A8F167577AE0452762EEA83C5A7558BA89B8D2C788,8,control,"OP-00003146-BaseHead-S3146-T180915-ANA",3,180915,,true,A_REACHED_CANONICAL_REJECT,A_DIRECT_CANONICAL_REJECT,true,"SRG-DIV-6FB864D5220E91CDF474149B","OP-00000297-BaseHead-S297-T24858-ANA",ACEFCD1EDD744E9AE8D1D9F7EFA340AA8956CCFCFBE88700AEAD2AB77BE5CD2E,4D98506D78B2962409E971D2CF68B112874F4DB5A0884B3A9F6ED5ED3233C161,true,true,true,true,false,true,true,false,"Equivalent candidate reached; control committed the frozen lane, canonical rejected it, and treatment did not commit that object."
primary,20651C9B11DBB0D7BA2D64A8F167577AE0452762EEA83C5A7558BA89B8D2C788,8,control,"OP-00005307-BaseHead-S5307-T268380-ANA",2,268380,,true,A_REACHED_CANONICAL_REJECT,A_DIRECT_CANONICAL_REJECT,true,"SRG-DIV-6FB864D5220E91CDF474149B","OP-00000297-BaseHead-S297-T24858-ANA",ACEFCD1EDD744E9AE8D1D9F7EFA340AA8956CCFCFBE88700AEAD2AB77BE5CD2E,4D98506D78B2962409E971D2CF68B112874F4DB5A0884B3A9F6ED5ED3233C161,true,true,true,true,false,true,true,false,"Equivalent candidate reached; control committed the frozen lane, canonical rejected it, and treatment did not commit that object."
primary,20651C9B11DBB0D7BA2D64A8F167577AE0452762EEA83C5A7558BA89B8D2C788,8,control,"OP-00005866-BaseHead-S5866-T286468-ANA",0,286468,,true,A_REACHED_CANONICAL_REJECT,A_DIRECT_CANONICAL_REJECT,true,"SRG-DIV-6FB864D5220E91CDF474149B","OP-00000297-BaseHead-S297-T24858-ANA",ACEFCD1EDD744E9AE8D1D9F7EFA340AA8956CCFCFBE88700AEAD2AB77BE5CD2E,4D98506D78B2962409E971D2CF68B112874F4DB5A0884B3A9F6ED5ED3233C161,true,true,true,true,false,true,true,false,"Equivalent candidate reached; control committed the frozen lane, canonical rejected it, and treatment did not commit that object."
primary,20651C9B11DBB0D7BA2D64A8F167577AE0452762EEA83C5A7558BA89B8D2C788,8,control,"OP-00009531-BaseHead-S9531-T441365-ANA",3,441365,,true,A_REACHED_CANONICAL_REJECT,A_DIRECT_CANONICAL_REJECT,true,"SRG-DIV-6FB864D5220E91CDF474149B","OP-00000297-BaseHead-S297-T24858-ANA",ACEFCD1EDD744E9AE8D1D9F7EFA340AA8956CCFCFBE88700AEAD2AB77BE5CD2E,4D98506D78B2962409E971D2CF68B112874F4DB5A0884B3A9F6ED5ED3233C161,true,true,true,true,false,true,true,false,"Equivalent candidate reached; control committed the frozen lane, canonical rejected it, and treatment did not commit that object."
primary,20651C9B11DBB0D7BA2D64A8F167577AE0452762EEA83C5A7558BA89B8D2C788,9,control,"OP-00000370-BaseHead-S370-T29933-ANA",4,29933,,true,A_REACHED_CANONICAL_REJECT,A_DIRECT_CANONICAL_REJECT,true,"","",,,false,false,true,true,false,true,false,false,"Equivalent candidate reached; control committed the frozen lane, canonical rejected it, and treatment did not commit that object."
primary,20651C9B11DBB0D7BA2D64A8F167577AE0452762EEA83C5A7558BA89B8D2C788,9,control,"OP-00001279-BaseHead-S1279-T77527-ANA",2,77527,,true,A_REACHED_CANONICAL_REJECT,A_DIRECT_CANONICAL_REJECT,true,"SRG-DIV-97C688AF797E662E99D2475F","OP-00000370-BaseHead-S370-T29933-ANA",AA52BF71CCAEC1EDBC1F50CE26C9D5BC434629E007EDE36F92B600F7E521F12C,1799367D84D57288E5D0187ABCC522E445EAFCB8A352FEC3BDB94ADF76966381,true,true,true,true,false,true,true,false,"Equivalent candidate reached; control committed the frozen lane, canonical rejected it, and treatment did not commit that object."
primary,20651C9B11DBB0D7BA2D64A8F167577AE0452762EEA83C5A7558BA89B8D2C788,9,control,"OP-00004577-BaseHead-S4577-T238292-ANA",5,238292,,true,A_REACHED_CANONICAL_REJECT,A_DIRECT_CANONICAL_REJECT,true,"SRG-DIV-97C688AF797E662E99D2475F","OP-00000370-BaseHead-S370-T29933-ANA",AA52BF71CCAEC1EDBC1F50CE26C9D5BC434629E007EDE36F92B600F7E521F12C,1799367D84D57288E5D0187ABCC522E445EAFCB8A352FEC3BDB94ADF76966381,true,true,true,true,false,true,true,false,"Equivalent candidate reached; control committed the frozen lane, canonical rejected it, and treatment did not commit that object."
primary,20651C9B11DBB0D7BA2D64A8F167577AE0452762EEA83C5A7558BA89B8D2C788,9,control,"OP-00004997-BaseHead-S4997-T257791-ANA",2,257791,,true,A_REACHED_CANONICAL_REJECT,A_DIRECT_CANONICAL_REJECT,true,"SRG-DIV-97C688AF797E662E99D2475F","OP-00000370-BaseHead-S370-T29933-ANA",AA52BF71CCAEC1EDBC1F50CE26C9D5BC434629E007EDE36F92B600F7E521F12C,1799367D84D57288E5D0187ABCC522E445EAFCB8A352FEC3BDB94ADF76966381,true,true,true,true,false,true,true,false,"Equivalent candidate reached; control committed the frozen lane, canonical rejected it, and treatment did not commit that object."
primary,20651C9B11DBB0D7BA2D64A8F167577AE0452762EEA83C5A7558BA89B8D2C788,9,control,"OP-00005210-BaseHead-S5210-T265027-ANA",3,265027,,true,A_REACHED_CANONICAL_REJECT,A_DIRECT_CANONICAL_REJECT,true,"SRG-DIV-97C688AF797E662E99D2475F","OP-00000370-BaseHead-S370-T29933-ANA",AA52BF71CCAEC1EDBC1F50CE26C9D5BC434629E007EDE36F92B600F7E521F12C,1799367D84D57288E5D0187ABCC522E445EAFCB8A352FEC3BDB94ADF76966381,true,true,true,true,false,true,true,false,"Equivalent candidate reached; control committed the frozen lane, canonical rejected it, and treatment did not commit that object."
primary,20651C9B11DBB0D7BA2D64A8F167577AE0452762EEA83C5A7558BA89B8D2C788,9,control,"OP-00005835-BaseHead-S5835-T285321-ANA",6,285321,,true,A_REACHED_CANONICAL_REJECT,A_DIRECT_CANONICAL_REJECT,true,"SRG-DIV-97C688AF797E662E99D2475F","OP-00000370-BaseHead-S370-T29933-ANA",AA52BF71CCAEC1EDBC1F50CE26C9D5BC434629E007EDE36F92B600F7E521F12C,1799367D84D57288E5D0187ABCC522E445EAFCB8A352FEC3BDB94ADF76966381,true,true,true,true,false,true,true,false,"Equivalent candidate reached; control committed the frozen lane, canonical rejected it, and treatment did not commit that object."
primary,20651C9B11DBB0D7BA2D64A8F167577AE0452762EEA83C5A7558BA89B8D2C788,9,control,"OP-00006162-BaseHead-S6162-T296527-ANA",4,296527,,true,A_REACHED_CANONICAL_REJECT,A_DIRECT_CANONICAL_REJECT,true,"SRG-DIV-97C688AF797E662E99D2475F","OP-00000370-BaseHead-S370-T29933-ANA",AA52BF71CCAEC1EDBC1F50CE26C9D5BC434629E007EDE36F92B600F7E521F12C,1799367D84D57288E5D0187ABCC522E445EAFCB8A352FEC3BDB94ADF76966381,true,true,true,true,false,true,true,false,"Equivalent candidate reached; control committed the frozen lane, canonical rejected it, and treatment did not commit that object."
primary,20651C9B11DBB0D7BA2D64A8F167577AE0452762EEA83C5A7558BA89B8D2C788,9,control,"OP-00006173-BaseHead-S6173-T296968-ANA",0,296968,,true,A_REACHED_CANONICAL_REJECT,A_DIRECT_CANONICAL_REJECT,true,"SRG-DIV-97C688AF797E662E99D2475F","OP-00000370-BaseHead-S370-T29933-ANA",AA52BF71CCAEC1EDBC1F50CE26C9D5BC434629E007EDE36F92B600F7E521F12C,1799367D84D57288E5D0187ABCC522E445EAFCB8A352FEC3BDB94ADF76966381,true,true,true,true,false,true,true,false,"Equivalent candidate reached; control committed the frozen lane, canonical rejected it, and treatment did not commit that object."
primary,20651C9B11DBB0D7BA2D64A8F167577AE0452762EEA83C5A7558BA89B8D2C788,9,control,"OP-00008195-BaseHead-S8195-T385204-ANA",3,385204,,true,A_REACHED_CANONICAL_REJECT,A_DIRECT_CANONICAL_REJECT,true,"SRG-DIV-97C688AF797E662E99D2475F","OP-00000370-BaseHead-S370-T29933-ANA",AA52BF71CCAEC1EDBC1F50CE26C9D5BC434629E007EDE36F92B600F7E521F12C,1799367D84D57288E5D0187ABCC522E445EAFCB8A352FEC3BDB94ADF76966381,true,true,true,true,false,true,true,false,"Equivalent candidate reached; control committed the frozen lane, canonical rejected it, and treatment did not commit that object."
primary,20651C9B11DBB0D7BA2D64A8F167577AE0452762EEA83C5A7558BA89B8D2C788,9,control,"OP-00009880-BaseHead-S9880-T457292-ANA",1,457292,,true,A_REACHED_CANONICAL_REJECT,A_DIRECT_CANONICAL_REJECT,true,"SRG-DIV-97C688AF797E662E99D2475F","OP-00000370-BaseHead-S370-T29933-ANA",AA52BF71CCAEC1EDBC1F50CE26C9D5BC434629E007EDE36F92B600F7E521F12C,1799367D84D57288E5D0187ABCC522E445EAFCB8A352FEC3BDB94ADF76966381,true,true,true,true,false,true,true,false,"Equivalent candidate reached; control committed the frozen lane, canonical rejected it, and treatment did not commit that object."
primary,20651C9B11DBB0D7BA2D64A8F167577AE0452762EEA83C5A7558BA89B8D2C788,10,control,"OP-00005210-BaseHead-S5210-T265027-ANA",3,265027,,true,A_REACHED_CANONICAL_REJECT,A_DIRECT_CANONICAL_REJECT,true,"SRG-DIV-977EE0F34FA49F43E2FFCB42","OP-00000048-BaseHead-S48-T6475-ANA",23D5E5C32006760B5EB08D3A7D01157D8C2A1EAD97DECCB1FDB44229FE1EAA8E,F238F98C1C7FF4D2592D0BE7DFC103ACC51183492187B50108A8D5E7A44B5BD0,true,true,true,true,false,true,true,false,"Equivalent candidate reached; control committed the frozen lane, canonical rejected it, and treatment did not commit that object."
primary,20651C9B11DBB0D7BA2D64A8F167577AE0452762EEA83C5A7558BA89B8D2C788,10,control,"OP-00006172-BaseHead-S6172-T296968-ANA",5,296968,,true,A_REACHED_CANONICAL_REJECT,A_DIRECT_CANONICAL_REJECT,true,"SRG-DIV-977EE0F34FA49F43E2FFCB42","OP-00000048-BaseHead-S48-T6475-ANA",23D5E5C32006760B5EB08D3A7D01157D8C2A1EAD97DECCB1FDB44229FE1EAA8E,F238F98C1C7FF4D2592D0BE7DFC103ACC51183492187B50108A8D5E7A44B5BD0,true,true,true,true,false,true,true,false,"Equivalent candidate reached; control committed the frozen lane, canonical rejected it, and treatment did not commit that object."
primary,20651C9B11DBB0D7BA2D64A8F167577AE0452762EEA83C5A7558BA89B8D2C788,11,control,"OP-00001792-BaseHead-S1792-T103016-ANA",2,103016,,true,A_REACHED_CANONICAL_REJECT,A_DIRECT_CANONICAL_REJECT,true,"SRG-DIV-5532BEE021614510F9E9734B","OP-00000055-BaseHead-S55-T6926-ANA",4CCA5E14B30B5BB396B21E0CED59DB58C131AEDF022AC92A2D8CA72A320C259D,70111F6EC18402F8B393DF6C43A9FDC7E1666308CF49347FF7B3D1C85378890B,true,true,true,true,false,true,true,false,"Equivalent candidate reached; control committed the frozen lane, canonical rejected it, and treatment did not commit that object."
primary,20651C9B11DBB0D7BA2D64A8F167577AE0452762EEA83C5A7558BA89B8D2C788,11,control,"OP-00004757-BaseHead-S4757-T246939-ANA",2,246939,,true,A_REACHED_CANONICAL_REJECT,A_DIRECT_CANONICAL_REJECT,true,"SRG-DIV-5532BEE021614510F9E9734B","OP-00000055-BaseHead-S55-T6926-ANA",4CCA5E14B30B5BB396B21E0CED59DB58C131AEDF022AC92A2D8CA72A320C259D,70111F6EC18402F8B393DF6C43A9FDC7E1666308CF49347FF7B3D1C85378890B,true,true,true,true,false,true,true,false,"Equivalent candidate reached; control committed the frozen lane, canonical rejected it, and treatment did not commit that object."
primary,20651C9B11DBB0D7BA2D64A8F167577AE0452762EEA83C5A7558BA89B8D2C788,11,control,"OP-00005391-BaseHead-S5391-T270850-ANA",3,270850,,true,A_REACHED_CANONICAL_REJECT,A_DIRECT_CANONICAL_REJECT,true,"SRG-DIV-5532BEE021614510F9E9734B","OP-00000055-BaseHead-S55-T6926-ANA",4CCA5E14B30B5BB396B21E0CED59DB58C131AEDF022AC92A2D8CA72A320C259D,70111F6EC18402F8B393DF6C43A9FDC7E1666308CF49347FF7B3D1C85378890B,true,true,true,true,false,true,true,false,"Equivalent candidate reached; control committed the frozen lane, canonical rejected it, and treatment did not commit that object."
primary,20651C9B11DBB0D7BA2D64A8F167577AE0452762EEA83C5A7558BA89B8D2C788,11,control,"OP-00007967-BaseHead-S7967-T375292-ANA",0,375292,,true,A_REACHED_CANONICAL_REJECT,A_DIRECT_CANONICAL_REJECT,true,"SRG-DIV-5532BEE021614510F9E9734B","OP-00000055-BaseHead-S55-T6926-ANA",4CCA5E14B30B5BB396B21E0CED59DB58C131AEDF022AC92A2D8CA72A320C259D,70111F6EC18402F8B393DF6C43A9FDC7E1666308CF49347FF7B3D1C85378890B,true,true,true,true,false,true,true,false,"Equivalent candidate reached; control committed the frozen lane, canonical rejected it, and treatment did not commit that object."
primary,20651C9B11DBB0D7BA2D64A8F167577AE0452762EEA83C5A7558BA89B8D2C788,12,control,"OP-00000466-BaseHead-S466-T35009-ANA",2,35009,,true,A_REACHED_CANONICAL_REJECT,A_DIRECT_CANONICAL_REJECT,true,"","",,,false,false,true,true,false,true,false,false,"Equivalent candidate reached; control committed the frozen lane, canonical rejected it, and treatment did not commit that object."
primary,20651C9B11DBB0D7BA2D64A8F167577AE0452762EEA83C5A7558BA89B8D2C788,12,control,"OP-00001356-BaseHead-S1356-T82039-ANA",2,82039,,true,A_REACHED_CANONICAL_REJECT,A_DIRECT_CANONICAL_REJECT,true,"SRG-DIV-31090DBD5ED6D1019C788951","OP-00000466-BaseHead-S466-T35009-ANA",7532C96ED34E3EB5DADC43331DF7EC38EC1EDF8D13759DAB008965B1BB622BF8,D61EAE2D150A59A4527BA7038EE6EC3822F25343C48B4A0DEB2D5766D4B116A1,true,true,true,true,false,true,true,false,"Equivalent candidate reached; control committed the frozen lane, canonical rejected it, and treatment did not commit that object."
primary,20651C9B11DBB0D7BA2D64A8F167577AE0452762EEA83C5A7558BA89B8D2C788,12,control,"OP-00001794-BaseHead-S1794-T103129-ANA",6,103129,,true,A_REACHED_CANONICAL_REJECT,A_DIRECT_CANONICAL_REJECT,true,"SRG-DIV-31090DBD5ED6D1019C788951","OP-00000466-BaseHead-S466-T35009-ANA",7532C96ED34E3EB5DADC43331DF7EC38EC1EDF8D13759DAB008965B1BB622BF8,D61EAE2D150A59A4527BA7038EE6EC3822F25343C48B4A0DEB2D5766D4B116A1,true,true,true,true,false,true,true,false,"Equivalent candidate reached; control committed the frozen lane, canonical rejected it, and treatment did not commit that object."
primary,20651C9B11DBB0D7BA2D64A8F167577AE0452762EEA83C5A7558BA89B8D2C788,12,control,"OP-00005307-BaseHead-S5307-T268380-ANA",5,268380,,true,A_REACHED_CANONICAL_REJECT,A_DIRECT_CANONICAL_REJECT,true,"SRG-DIV-31090DBD5ED6D1019C788951","OP-00000466-BaseHead-S466-T35009-ANA",7532C96ED34E3EB5DADC43331DF7EC38EC1EDF8D13759DAB008965B1BB622BF8,D61EAE2D150A59A4527BA7038EE6EC3822F25343C48B4A0DEB2D5766D4B116A1,true,true,true,true,false,true,true,false,"Equivalent candidate reached; control committed the frozen lane, canonical rejected it, and treatment did not commit that object."
primary,20651C9B11DBB0D7BA2D64A8F167577AE0452762EEA83C5A7558BA89B8D2C788,12,control,"OP-00005614-BaseHead-S5614-T278394-ANA",3,278394,,true,A_REACHED_CANONICAL_REJECT,A_DIRECT_CANONICAL_REJECT,true,"SRG-DIV-31090DBD5ED6D1019C788951","OP-00000466-BaseHead-S466-T35009-ANA",7532C96ED34E3EB5DADC43331DF7EC38EC1EDF8D13759DAB008965B1BB622BF8,D61EAE2D150A59A4527BA7038EE6EC3822F25343C48B4A0DEB2D5766D4B116A1,true,true,true,true,false,true,true,false,"Equivalent candidate reached; control committed the frozen lane, canonical rejected it, and treatment did not commit that object."
primary,20651C9B11DBB0D7BA2D64A8F167577AE0452762EEA83C5A7558BA89B8D2C788,12,control,"OP-00007468-BaseHead-S7468-T353057-ANA",6,353057,,true,A_REACHED_CANONICAL_REJECT,A_DIRECT_CANONICAL_REJECT,true,"SRG-DIV-31090DBD5ED6D1019C788951","OP-00000466-BaseHead-S466-T35009-ANA",7532C96ED34E3EB5DADC43331DF7EC38EC1EDF8D13759DAB008965B1BB622BF8,D61EAE2D150A59A4527BA7038EE6EC3822F25343C48B4A0DEB2D5766D4B116A1,true,true,true,true,false,true,true,false,"Equivalent candidate reached; control committed the frozen lane, canonical rejected it, and treatment did not commit that object."
primary,20651C9B11DBB0D7BA2D64A8F167577AE0452762EEA83C5A7558BA89B8D2C788,13,control,"OP-00001936-BaseHead-S1936-T110572-ANA",5,110572,,true,A_REACHED_CANONICAL_REJECT,A_DIRECT_CANONICAL_REJECT,true,"","",,,false,false,true,true,false,true,false,false,"Equivalent candidate reached; control committed the frozen lane, canonical rejected it, and treatment did not commit that object."
primary,20651C9B11DBB0D7BA2D64A8F167577AE0452762EEA83C5A7558BA89B8D2C788,13,control,"OP-00005456-BaseHead-S5456-T272791-ANA",2,272791,,true,A_REACHED_CANONICAL_REJECT,A_DIRECT_CANONICAL_REJECT,true,"SRG-DIV-06A25634BF670F3AB9325F59","OP-00001936-BaseHead-S1936-T110572-ANA",93DF31588329B50F4F43E5C43619943A2DFFFE9E8A37A363F1AFF722CB97502A,FAE576E90FD56DAB41A2DA91B8453C572079042CC307066AABBA15C6C70918E5,true,true,true,true,false,true,true,false,"Equivalent candidate reached; control committed the frozen lane, canonical rejected it, and treatment did not commit that object."
primary,20651C9B11DBB0D7BA2D64A8F167577AE0452762EEA83C5A7558BA89B8D2C788,13,control,"OP-00005865-BaseHead-S5865-T286468-ANA",0,286468,,true,A_REACHED_CANONICAL_REJECT,A_DIRECT_CANONICAL_REJECT,true,"SRG-DIV-06A25634BF670F3AB9325F59","OP-00001936-BaseHead-S1936-T110572-ANA",93DF31588329B50F4F43E5C43619943A2DFFFE9E8A37A363F1AFF722CB97502A,FAE576E90FD56DAB41A2DA91B8453C572079042CC307066AABBA15C6C70918E5,true,true,true,true,false,true,true,false,"Equivalent candidate reached; control committed the frozen lane, canonical rejected it, and treatment did not commit that object."
primary,20651C9B11DBB0D7BA2D64A8F167577AE0452762EEA83C5A7558BA89B8D2C788,13,control,"OP-00005915-BaseHead-S5915-T287968-ANA",0,287968,,true,B_EARLIER_GOVERNED_DIVERGENCE,B_CAUSALLY_PROVEN_UNREACHABLE,false,"SRG-DIV-06A25634BF670F3AB9325F59","OP-00001936-BaseHead-S1936-T110572-ANA",93DF31588329B50F4F43E5C43619943A2DFFFE9E8A37A363F1AFF722CB97502A,FAE576E90FD56DAB41A2DA91B8453C572079042CC307066AABBA15C6C70918E5,true,true,true,false,false,true,true,false,"A prior canonical-governed commit divergence left unequal complete parent state; no sufficient-state reconvergence occurred and the exact frozen lane-level proposal was not selected or committed in treatment."
primary,20651C9B11DBB0D7BA2D64A8F167577AE0452762EEA83C5A7558BA89B8D2C788,13,control,"OP-00006173-BaseHead-S6173-T296968-ANA",0,296968,,true,B_EARLIER_GOVERNED_DIVERGENCE,C_UNRESOLVED,false,"SRG-DIV-06A25634BF670F3AB9325F59","OP-00001936-BaseHead-S1936-T110572-ANA",93DF31588329B50F4F43E5C43619943A2DFFFE9E8A37A363F1AFF722CB97502A,FAE576E90FD56DAB41A2DA91B8453C572079042CC307066AABBA15C6C70918E5,true,true,false,true,true,false,true,false,"The strengthened causal chain was incomplete; recertification must abstain."
primary,20651C9B11DBB0D7BA2D64A8F167577AE0452762EEA83C5A7558BA89B8D2C788,14,control,"OP-00000266-BaseHead-S266-T23166-ANA",6,23166,,true,A_REACHED_CANONICAL_REJECT,A_DIRECT_CANONICAL_REJECT,true,"SRG-DIV-B3A1AFDBED8D4F545D7090D6","OP-00000051-BaseHead-S51-T6700-ANA",C48CC82F06D3E0E314B0B95DDB1018265AF3A7B908E2EB7ADBF67D67BACB2461,5183DE6D1A3F1552C5B3536332D00B91C076B7817ADB8EB64039A7A9FE1ECC44,true,true,true,true,false,true,true,false,"Equivalent candidate reached; control committed the frozen lane, canonical rejected it, and treatment did not commit that object."
primary,20651C9B11DBB0D7BA2D64A8F167577AE0452762EEA83C5A7558BA89B8D2C788,14,control,"OP-00001936-BaseHead-S1936-T110572-ANA",5,110572,,true,A_REACHED_CANONICAL_REJECT,A_DIRECT_CANONICAL_REJECT,true,"SRG-DIV-B3A1AFDBED8D4F545D7090D6","OP-00000051-BaseHead-S51-T6700-ANA",C48CC82F06D3E0E314B0B95DDB1018265AF3A7B908E2EB7ADBF67D67BACB2461,5183DE6D1A3F1552C5B3536332D00B91C076B7817ADB8EB64039A7A9FE1ECC44,true,true,true,true,false,true,true,false,"Equivalent candidate reached; control committed the frozen lane, canonical rejected it, and treatment did not commit that object."
primary,20651C9B11DBB0D7BA2D64A8F167577AE0452762EEA83C5A7558BA89B8D2C788,14,control,"OP-00004581-BaseHead-S4581-T238468-ANA",1,238468,,true,A_REACHED_CANONICAL_REJECT,A_DIRECT_CANONICAL_REJECT,true,"SRG-DIV-B3A1AFDBED8D4F545D7090D6","OP-00000051-BaseHead-S51-T6700-ANA",C48CC82F06D3E0E314B0B95DDB1018265AF3A7B908E2EB7ADBF67D67BACB2461,5183DE6D1A3F1552C5B3536332D00B91C076B7817ADB8EB64039A7A9FE1ECC44,true,true,true,true,false,true,true,false,"Equivalent candidate reached; control committed the frozen lane, canonical rejected it, and treatment did not commit that object."
primary,20651C9B11DBB0D7BA2D64A8F167577AE0452762EEA83C5A7558BA89B8D2C788,14,control,"OP-00005265-BaseHead-S5265-T266791-ANA",0,266791,,true,A_REACHED_CANONICAL_REJECT,A_DIRECT_CANONICAL_REJECT,true,"SRG-DIV-B3A1AFDBED8D4F545D7090D6","OP-00000051-BaseHead-S51-T6700-ANA",C48CC82F06D3E0E314B0B95DDB1018265AF3A7B908E2EB7ADBF67D67BACB2461,5183DE6D1A3F1552C5B3536332D00B91C076B7817ADB8EB64039A7A9FE1ECC44,true,true,true,true,false,true,true,false,"Equivalent candidate reached; control committed the frozen lane, canonical rejected it, and treatment did not commit that object."
primary,20651C9B11DBB0D7BA2D64A8F167577AE0452762EEA83C5A7558BA89B8D2C788,14,control,"OP-00005296-BaseHead-S5296-T267939-ANA",5,267939,,true,A_REACHED_CANONICAL_REJECT,A_DIRECT_CANONICAL_REJECT,true,"SRG-DIV-B3A1AFDBED8D4F545D7090D6","OP-00000051-BaseHead-S51-T6700-ANA",C48CC82F06D3E0E314B0B95DDB1018265AF3A7B908E2EB7ADBF67D67BACB2461,5183DE6D1A3F1552C5B3536332D00B91C076B7817ADB8EB64039A7A9FE1ECC44,true,true,true,true,false,true,true,false,"Equivalent candidate reached; control committed the frozen lane, canonical rejected it, and treatment did not commit that object."
primary,20651C9B11DBB0D7BA2D64A8F167577AE0452762EEA83C5A7558BA89B8D2C788,14,control,"OP-00005614-BaseHead-S5614-T278394-ANA",3,278394,,true,A_REACHED_CANONICAL_REJECT,A_DIRECT_CANONICAL_REJECT,true,"SRG-DIV-B3A1AFDBED8D4F545D7090D6","OP-00000051-BaseHead-S51-T6700-ANA",C48CC82F06D3E0E314B0B95DDB1018265AF3A7B908E2EB7ADBF67D67BACB2461,5183DE6D1A3F1552C5B3536332D00B91C076B7817ADB8EB64039A7A9FE1ECC44,true,true,true,true,false,true,true,false,"Equivalent candidate reached; control committed the frozen lane, canonical rejected it, and treatment did not commit that object."
primary,20651C9B11DBB0D7BA2D64A8F167577AE0452762EEA83C5A7558BA89B8D2C788,14,control,"OP-00005753-BaseHead-S5753-T282762-ANA",5,282762,,true,A_REACHED_CANONICAL_REJECT,A_DIRECT_CANONICAL_REJECT,true,"SRG-DIV-B3A1AFDBED8D4F545D7090D6","OP-00000051-BaseHead-S51-T6700-ANA",C48CC82F06D3E0E314B0B95DDB1018265AF3A7B908E2EB7ADBF67D67BACB2461,5183DE6D1A3F1552C5B3536332D00B91C076B7817ADB8EB64039A7A9FE1ECC44,true,true,true,true,false,true,true,false,"Equivalent candidate reached; control committed the frozen lane, canonical rejected it, and treatment did not commit that object."
primary,20651C9B11DBB0D7BA2D64A8F167577AE0452762EEA83C5A7558BA89B8D2C788,14,control,"OP-00005915-BaseHead-S5915-T287968-ANA",6,287968,,true,A_REACHED_CANONICAL_REJECT,A_DIRECT_CANONICAL_REJECT,true,"SRG-DIV-B3A1AFDBED8D4F545D7090D6","OP-00000051-BaseHead-S51-T6700-ANA",C48CC82F06D3E0E314B0B95DDB1018265AF3A7B908E2EB7ADBF67D67BACB2461,5183DE6D1A3F1552C5B3536332D00B91C076B7817ADB8EB64039A7A9FE1ECC44,true,true,true,true,false,true,true,false,"Equivalent candidate reached; control committed the frozen lane, canonical rejected it, and treatment did not commit that object."
primary,20651C9B11DBB0D7BA2D64A8F167577AE0452762EEA83C5A7558BA89B8D2C788,15,control,"OP-00000055-BaseHead-S55-T6926-ANA",6,6926,,true,A_REACHED_CANONICAL_REJECT,A_DIRECT_CANONICAL_REJECT,true,"","",,,false,false,true,true,false,true,false,false,"Equivalent candidate reached; control committed the frozen lane, canonical rejected it, and treatment did not commit that object."
primary,20651C9B11DBB0D7BA2D64A8F167577AE0452762EEA83C5A7558BA89B8D2C788,15,control,"OP-00000410-BaseHead-S410-T31907-ANA",6,31907,,true,A_REACHED_CANONICAL_REJECT,A_DIRECT_CANONICAL_REJECT,true,"SRG-DIV-A4E72FC02C97E7CAFECFF72F","OP-00000055-BaseHead-S55-T6926-ANA",034261BD8CC3BEBFD78C828B2D78B0D95616114FFC102163BBDADE317BFE0BCB,A2467A0376651DD577B2A99A4AF842BDFED66FAB0E169D92691CF64EFE7E1BC8,true,true,true,true,false,true,true,false,"Equivalent candidate reached; control committed the frozen lane, canonical rejected it, and treatment did not commit that object."
primary,20651C9B11DBB0D7BA2D64A8F167577AE0452762EEA83C5A7558BA89B8D2C788,15,control,"OP-00004525-BaseHead-S4525-T235733-ANA",4,235733,,true,A_REACHED_CANONICAL_REJECT,A_DIRECT_CANONICAL_REJECT,true,"SRG-DIV-A4E72FC02C97E7CAFECFF72F","OP-00000055-BaseHead-S55-T6926-ANA",034261BD8CC3BEBFD78C828B2D78B0D95616114FFC102163BBDADE317BFE0BCB,A2467A0376651DD577B2A99A4AF842BDFED66FAB0E169D92691CF64EFE7E1BC8,true,true,true,true,false,true,true,false,"Equivalent candidate reached; control committed the frozen lane, canonical rejected it, and treatment did not commit that object."
primary,20651C9B11DBB0D7BA2D64A8F167577AE0452762EEA83C5A7558BA89B8D2C788,15,control,"OP-00004638-BaseHead-S4638-T241292-ANA",5,241292,,true,A_REACHED_CANONICAL_REJECT,A_DIRECT_CANONICAL_REJECT,true,"SRG-DIV-A4E72FC02C97E7CAFECFF72F","OP-00000055-BaseHead-S55-T6926-ANA",034261BD8CC3BEBFD78C828B2D78B0D95616114FFC102163BBDADE317BFE0BCB,A2467A0376651DD577B2A99A4AF842BDFED66FAB0E169D92691CF64EFE7E1BC8,true,true,true,true,false,true,true,false,"Equivalent candidate reached; control committed the frozen lane, canonical rejected it, and treatment did not commit that object."
primary,20651C9B11DBB0D7BA2D64A8F167577AE0452762EEA83C5A7558BA89B8D2C788,15,control,"OP-00005835-BaseHead-S5835-T285321-ANA",6,285321,,true,A_REACHED_CANONICAL_REJECT,A_DIRECT_CANONICAL_REJECT,true,"SRG-DIV-A4E72FC02C97E7CAFECFF72F","OP-00000055-BaseHead-S55-T6926-ANA",034261BD8CC3BEBFD78C828B2D78B0D95616114FFC102163BBDADE317BFE0BCB,A2467A0376651DD577B2A99A4AF842BDFED66FAB0E169D92691CF64EFE7E1BC8,true,true,true,true,false,true,true,false,"Equivalent candidate reached; control committed the frozen lane, canonical rejected it, and treatment did not commit that object."
primary,20651C9B11DBB0D7BA2D64A8F167577AE0452762EEA83C5A7558BA89B8D2C788,15,control,"OP-00005865-BaseHead-S5865-T286468-ANA",0,286468,,true,A_REACHED_CANONICAL_REJECT,A_DIRECT_CANONICAL_REJECT,true,"SRG-DIV-A4E72FC02C97E7CAFECFF72F","OP-00000055-BaseHead-S55-T6926-ANA",034261BD8CC3BEBFD78C828B2D78B0D95616114FFC102163BBDADE317BFE0BCB,A2467A0376651DD577B2A99A4AF842BDFED66FAB0E169D92691CF64EFE7E1BC8,true,true,true,true,false,true,true,false,"Equivalent candidate reached; control committed the frozen lane, canonical rejected it, and treatment did not commit that object."
primary,20651C9B11DBB0D7BA2D64A8F167577AE0452762EEA83C5A7558BA89B8D2C788,15,control,"OP-00007221-BaseHead-S7221-T342410-ANA",6,342410,,true,A_REACHED_CANONICAL_REJECT,A_DIRECT_CANONICAL_REJECT,true,"SRG-DIV-A4E72FC02C97E7CAFECFF72F","OP-00000055-BaseHead-S55-T6926-ANA",034261BD8CC3BEBFD78C828B2D78B0D95616114FFC102163BBDADE317BFE0BCB,A2467A0376651DD577B2A99A4AF842BDFED66FAB0E169D92691CF64EFE7E1BC8,true,true,true,true,false,true,true,false,"Equivalent candidate reached; control committed the frozen lane, canonical rejected it, and treatment did not commit that object."
primary,20651C9B11DBB0D7BA2D64A8F167577AE0452762EEA83C5A7558BA89B8D2C788,16,control,"OP-00000370-BaseHead-S370-T29933-ANA",4,29933,,true,A_REACHED_CANONICAL_REJECT,A_DIRECT_CANONICAL_REJECT,true,"","",,,false,false,true,true,false,true,false,false,"Equivalent candidate reached; control committed the frozen lane, canonical rejected it, and treatment did not commit that object."
primary,20651C9B11DBB0D7BA2D64A8F167577AE0452762EEA83C5A7558BA89B8D2C788,16,control,"OP-00000807-BaseHead-S807-T53881-ANA",2,53881,,true,A_REACHED_CANONICAL_REJECT,A_DIRECT_CANONICAL_REJECT,true,"SRG-DIV-78FDE8ED3368C832CBCF4EAC","OP-00000370-BaseHead-S370-T29933-ANA",F5C9A475FB076573D965B49573ECE105B8ABB98880DD25B63EE940A42FF549ED,9854B4562DD6ED506EB203270C0ACB3C03B36797A6EC00B978278F9E841A8680,true,true,true,true,false,true,true,false,"Equivalent candidate reached; control committed the frozen lane, canonical rejected it, and treatment did not commit that object."
primary,20651C9B11DBB0D7BA2D64A8F167577AE0452762EEA83C5A7558BA89B8D2C788,16,control,"OP-00000890-BaseHead-S890-T58016-ANA",2,58016,,true,A_REACHED_CANONICAL_REJECT,A_DIRECT_CANONICAL_REJECT,true,"SRG-DIV-78FDE8ED3368C832CBCF4EAC","OP-00000370-BaseHead-S370-T29933-ANA",F5C9A475FB076573D965B49573ECE105B8ABB98880DD25B63EE940A42FF549ED,9854B4562DD6ED506EB203270C0ACB3C03B36797A6EC00B978278F9E841A8680,true,true,true,true,false,true,true,false,"Equivalent candidate reached; control committed the frozen lane, canonical rejected it, and treatment did not commit that object."
primary,20651C9B11DBB0D7BA2D64A8F167577AE0452762EEA83C5A7558BA89B8D2C788,16,control,"OP-00001383-BaseHead-S1383-T83392-ANA",5,83392,,true,A_REACHED_CANONICAL_REJECT,A_DIRECT_CANONICAL_REJECT,true,"SRG-DIV-78FDE8ED3368C832CBCF4EAC","OP-00000370-BaseHead-S370-T29933-ANA",F5C9A475FB076573D965B49573ECE105B8ABB98880DD25B63EE940A42FF549ED,9854B4562DD6ED506EB203270C0ACB3C03B36797A6EC00B978278F9E841A8680,true,true,true,true,false,true,true,false,"Equivalent candidate reached; control committed the frozen lane, canonical rejected it, and treatment did not commit that object."
primary,20651C9B11DBB0D7BA2D64A8F167577AE0452762EEA83C5A7558BA89B8D2C788,16,control,"OP-00001865-BaseHead-S1865-T106963-ANA",4,106963,,true,A_REACHED_CANONICAL_REJECT,A_DIRECT_CANONICAL_REJECT,true,"SRG-DIV-78FDE8ED3368C832CBCF4EAC","OP-00000370-BaseHead-S370-T29933-ANA",F5C9A475FB076573D965B49573ECE105B8ABB98880DD25B63EE940A42FF549ED,9854B4562DD6ED506EB203270C0ACB3C03B36797A6EC00B978278F9E841A8680,true,true,true,true,false,true,true,false,"Equivalent candidate reached; control committed the frozen lane, canonical rejected it, and treatment did not commit that object."
primary,20651C9B11DBB0D7BA2D64A8F167577AE0452762EEA83C5A7558BA89B8D2C788,16,control,"OP-00002011-BaseHead-S2011-T113956-ANA",6,113956,,true,A_REACHED_CANONICAL_REJECT,A_DIRECT_CANONICAL_REJECT,true,"SRG-DIV-78FDE8ED3368C832CBCF4EAC","OP-00000370-BaseHead-S370-T29933-ANA",F5C9A475FB076573D965B49573ECE105B8ABB98880DD25B63EE940A42FF549ED,9854B4562DD6ED506EB203270C0ACB3C03B36797A6EC00B978278F9E841A8680,true,true,true,true,false,true,true,false,"Equivalent candidate reached; control committed the frozen lane, canonical rejected it, and treatment did not commit that object."
primary,20651C9B11DBB0D7BA2D64A8F167577AE0452762EEA83C5A7558BA89B8D2C788,16,control,"OP-00004544-BaseHead-S4544-T236615-ANA",1,236615,,true,A_REACHED_CANONICAL_REJECT,A_DIRECT_CANONICAL_REJECT,true,"SRG-DIV-78FDE8ED3368C832CBCF4EAC","OP-00000370-BaseHead-S370-T29933-ANA",F5C9A475FB076573D965B49573ECE105B8ABB98880DD25B63EE940A42FF549ED,9854B4562DD6ED506EB203270C0ACB3C03B36797A6EC00B978278F9E841A8680,true,true,true,true,false,true,true,false,"Equivalent candidate reached; control committed the frozen lane, canonical rejected it, and treatment did not commit that object."
primary,20651C9B11DBB0D7BA2D64A8F167577AE0452762EEA83C5A7558BA89B8D2C788,16,control,"OP-00004602-BaseHead-S4602-T239439-ANA",4,239439,,true,A_REACHED_CANONICAL_REJECT,A_DIRECT_CANONICAL_REJECT,true,"SRG-DIV-78FDE8ED3368C832CBCF4EAC","OP-00000370-BaseHead-S370-T29933-ANA",F5C9A475FB076573D965B49573ECE105B8ABB98880DD25B63EE940A42FF549ED,9854B4562DD6ED506EB203270C0ACB3C03B36797A6EC00B978278F9E841A8680,true,true,true,true,false,true,true,false,"Equivalent candidate reached; control committed the frozen lane, canonical rejected it, and treatment did not commit that object."
primary,20651C9B11DBB0D7BA2D64A8F167577AE0452762EEA83C5A7558BA89B8D2C788,16,control,"OP-00005297-BaseHead-S5297-T267939-ANA",5,267939,,true,A_REACHED_CANONICAL_REJECT,A_DIRECT_CANONICAL_REJECT,true,"SRG-DIV-78FDE8ED3368C832CBCF4EAC","OP-00000370-BaseHead-S370-T29933-ANA",F5C9A475FB076573D965B49573ECE105B8ABB98880DD25B63EE940A42FF549ED,9854B4562DD6ED506EB203270C0ACB3C03B36797A6EC00B978278F9E841A8680,true,true,true,true,false,true,true,false,"Equivalent candidate reached; control committed the frozen lane, canonical rejected it, and treatment did not commit that object."
primary,20651C9B11DBB0D7BA2D64A8F167577AE0452762EEA83C5A7558BA89B8D2C788,16,control,"OP-00005648-BaseHead-S5648-T279350-ANA",4,279350,,true,A_REACHED_CANONICAL_REJECT,A_DIRECT_CANONICAL_REJECT,true,"SRG-DIV-78FDE8ED3368C832CBCF4EAC","OP-00000370-BaseHead-S370-T29933-ANA",F5C9A475FB076573D965B49573ECE105B8ABB98880DD25B63EE940A42FF549ED,9854B4562DD6ED506EB203270C0ACB3C03B36797A6EC00B978278F9E841A8680,true,true,true,true,false,true,true,false,"Equivalent candidate reached; control committed the frozen lane, canonical rejected it, and treatment did not commit that object."
primary,20651C9B11DBB0D7BA2D64A8F167577AE0452762EEA83C5A7558BA89B8D2C788,17,control,"OP-00000466-BaseHead-S466-T35009-ANA",2,35009,,true,A_REACHED_CANONICAL_REJECT,A_DIRECT_CANONICAL_REJECT,true,"","",,,false,false,true,true,false,true,false,false,"Equivalent candidate reached; control committed the frozen lane, canonical rejected it, and treatment did not commit that object."
primary,20651C9B11DBB0D7BA2D64A8F167577AE0452762EEA83C5A7558BA89B8D2C788,17,control,"OP-00005297-BaseHead-S5297-T267939-ANA",5,267939,,true,A_REACHED_CANONICAL_REJECT,A_DIRECT_CANONICAL_REJECT,true,"SRG-DIV-ABC4D62E2C3BB4A7C528F4B0","OP-00000466-BaseHead-S466-T35009-ANA",F97F7AACD78F4CA0C6CCF7645D40F06A1C8A5464BD9E57E458F70B445D6ADA2E,74C2621A8ACFB12E85D57FB91268236CD8F89CFAC4F835F723FA886484E2947E,true,true,true,true,false,true,true,false,"Equivalent candidate reached; control committed the frozen lane, canonical rejected it, and treatment did not commit that object."
primary,20651C9B11DBB0D7BA2D64A8F167577AE0452762EEA83C5A7558BA89B8D2C788,17,control,"OP-00005614-BaseHead-S5614-T278394-ANA",3,278394,,true,A_REACHED_CANONICAL_REJECT,A_DIRECT_CANONICAL_REJECT,true,"SRG-DIV-ABC4D62E2C3BB4A7C528F4B0","OP-00000466-BaseHead-S466-T35009-ANA",F97F7AACD78F4CA0C6CCF7645D40F06A1C8A5464BD9E57E458F70B445D6ADA2E,74C2621A8ACFB12E85D57FB91268236CD8F89CFAC4F835F723FA886484E2947E,true,true,true,true,false,true,true,false,"Equivalent candidate reached; control committed the frozen lane, canonical rejected it, and treatment did not commit that object."
primary,20651C9B11DBB0D7BA2D64A8F167577AE0452762EEA83C5A7558BA89B8D2C788,17,control,"OP-00005869-BaseHead-S5869-T286512-ANA",0,286512,,true,A_REACHED_CANONICAL_REJECT,A_DIRECT_CANONICAL_REJECT,true,"SRG-DIV-ABC4D62E2C3BB4A7C528F4B0","OP-00000466-BaseHead-S466-T35009-ANA",F97F7AACD78F4CA0C6CCF7645D40F06A1C8A5464BD9E57E458F70B445D6ADA2E,74C2621A8ACFB12E85D57FB91268236CD8F89CFAC4F835F723FA886484E2947E,true,true,true,true,false,true,true,false,"Equivalent candidate reached; control committed the frozen lane, canonical rejected it, and treatment did not commit that object."
primary,20651C9B11DBB0D7BA2D64A8F167577AE0452762EEA83C5A7558BA89B8D2C788,17,control,"OP-00006160-BaseHead-S6160-T296527-ANA",1,296527,,true,A_REACHED_CANONICAL_REJECT,A_DIRECT_CANONICAL_REJECT,true,"SRG-DIV-ABC4D62E2C3BB4A7C528F4B0","OP-00000466-BaseHead-S466-T35009-ANA",F97F7AACD78F4CA0C6CCF7645D40F06A1C8A5464BD9E57E458F70B445D6ADA2E,74C2621A8ACFB12E85D57FB91268236CD8F89CFAC4F835F723FA886484E2947E,true,true,true,true,false,true,true,false,"Equivalent candidate reached; control committed the frozen lane, canonical rejected it, and treatment did not commit that object."
primary,20651C9B11DBB0D7BA2D64A8F167577AE0452762EEA83C5A7558BA89B8D2C788,17,control,"OP-00006162-BaseHead-S6162-T296527-ANA",4,296527,,true,B_EARLIER_GOVERNED_DIVERGENCE,B_CAUSALLY_PROVEN_UNREACHABLE,false,"SRG-DIV-ABC4D62E2C3BB4A7C528F4B0","OP-00000466-BaseHead-S466-T35009-ANA",F97F7AACD78F4CA0C6CCF7645D40F06A1C8A5464BD9E57E458F70B445D6ADA2E,74C2621A8ACFB12E85D57FB91268236CD8F89CFAC4F835F723FA886484E2947E,true,true,true,false,false,true,true,false,"A prior canonical-governed commit divergence left unequal complete parent state; no sufficient-state reconvergence occurred and the exact frozen lane-level proposal was not selected or committed in treatment."
primary,20651C9B11DBB0D7BA2D64A8F167577AE0452762EEA83C5A7558BA89B8D2C788,17,control,"OP-00006207-BaseHead-S6207-T298027-ANA",1,298027,,true,A_REACHED_CANONICAL_REJECT,A_DIRECT_CANONICAL_REJECT,true,"SRG-DIV-ABC4D62E2C3BB4A7C528F4B0","OP-00000466-BaseHead-S466-T35009-ANA",F97F7AACD78F4CA0C6CCF7645D40F06A1C8A5464BD9E57E458F70B445D6ADA2E,74C2621A8ACFB12E85D57FB91268236CD8F89CFAC4F835F723FA886484E2947E,true,true,true,true,false,true,true,false,"Equivalent candidate reached; control committed the frozen lane, canonical rejected it, and treatment did not commit that object."
primary,20651C9B11DBB0D7BA2D64A8F167577AE0452762EEA83C5A7558BA89B8D2C788,18,control,"OP-00000363-BaseHead-S363-T29369-ANA",3,29369,,true,A_REACHED_CANONICAL_REJECT,A_DIRECT_CANONICAL_REJECT,true,"","",,,false,false,true,true,false,true,false,false,"Equivalent candidate reached; control committed the frozen lane, canonical rejected it, and treatment did not commit that object."
primary,20651C9B11DBB0D7BA2D64A8F167577AE0452762EEA83C5A7558BA89B8D2C788,18,control,"OP-00000370-BaseHead-S370-T29933-ANA",4,29933,,true,A_REACHED_CANONICAL_REJECT,A_DIRECT_CANONICAL_REJECT,true,"SRG-DIV-F9F55877859F138240C67C54","OP-00000363-BaseHead-S363-T29369-ANA",14B6411F116D4D5B92BF5D64ADE885F699E3F73F7877FCEDA4A53B396E3DC5A3,A760231AE4AE916344C22547F480F65136A97A17DB84BF20CBCB0CCE0725E7B8,true,true,true,true,false,true,true,false,"Equivalent candidate reached; control committed the frozen lane, canonical rejected it, and treatment did not commit that object."
primary,20651C9B11DBB0D7BA2D64A8F167577AE0452762EEA83C5A7558BA89B8D2C788,18,control,"OP-00001071-BaseHead-S1071-T67039-ANA",5,67039,,true,A_REACHED_CANONICAL_REJECT,A_DIRECT_CANONICAL_REJECT,true,"SRG-DIV-F9F55877859F138240C67C54","OP-00000363-BaseHead-S363-T29369-ANA",14B6411F116D4D5B92BF5D64ADE885F699E3F73F7877FCEDA4A53B396E3DC5A3,A760231AE4AE916344C22547F480F65136A97A17DB84BF20CBCB0CCE0725E7B8,true,true,true,true,false,true,true,false,"Equivalent candidate reached; control committed the frozen lane, canonical rejected it, and treatment did not commit that object."
primary,20651C9B11DBB0D7BA2D64A8F167577AE0452762EEA83C5A7558BA89B8D2C788,18,control,"OP-00001650-BaseHead-S1650-T96136-ANA",0,96136,,true,A_REACHED_CANONICAL_REJECT,A_DIRECT_CANONICAL_REJECT,true,"SRG-DIV-F9F55877859F138240C67C54","OP-00000363-BaseHead-S363-T29369-ANA",14B6411F116D4D5B92BF5D64ADE885F699E3F73F7877FCEDA4A53B396E3DC5A3,A760231AE4AE916344C22547F480F65136A97A17DB84BF20CBCB0CCE0725E7B8,true,true,true,true,false,true,true,false,"Equivalent candidate reached; control committed the frozen lane, canonical rejected it, and treatment did not commit that object."
primary,20651C9B11DBB0D7BA2D64A8F167577AE0452762EEA83C5A7558BA89B8D2C788,18,control,"OP-00004525-BaseHead-S4525-T235733-ANA",4,235733,,true,A_REACHED_CANONICAL_REJECT,A_DIRECT_CANONICAL_REJECT,true,"SRG-DIV-F9F55877859F138240C67C54","OP-00000363-BaseHead-S363-T29369-ANA",14B6411F116D4D5B92BF5D64ADE885F699E3F73F7877FCEDA4A53B396E3DC5A3,A760231AE4AE916344C22547F480F65136A97A17DB84BF20CBCB0CCE0725E7B8,true,true,true,true,false,true,true,false,"Equivalent candidate reached; control committed the frozen lane, canonical rejected it, and treatment did not commit that object."
primary,20651C9B11DBB0D7BA2D64A8F167577AE0452762EEA83C5A7558BA89B8D2C788,18,control,"OP-00004688-BaseHead-S4688-T243674-ANA",0,243674,,true,A_REACHED_CANONICAL_REJECT,A_DIRECT_CANONICAL_REJECT,true,"SRG-DIV-F9F55877859F138240C67C54","OP-00000363-BaseHead-S363-T29369-ANA",14B6411F116D4D5B92BF5D64ADE885F699E3F73F7877FCEDA4A53B396E3DC5A3,A760231AE4AE916344C22547F480F65136A97A17DB84BF20CBCB0CCE0725E7B8,true,true,true,true,false,true,true,false,"Equivalent candidate reached; control committed the frozen lane, canonical rejected it, and treatment did not commit that object."
primary,20651C9B11DBB0D7BA2D64A8F167577AE0452762EEA83C5A7558BA89B8D2C788,18,control,"OP-00005210-BaseHead-S5210-T265027-ANA",0,265027,,true,A_REACHED_CANONICAL_REJECT,A_DIRECT_CANONICAL_REJECT,true,"SRG-DIV-F9F55877859F138240C67C54","OP-00000363-BaseHead-S363-T29369-ANA",14B6411F116D4D5B92BF5D64ADE885F699E3F73F7877FCEDA4A53B396E3DC5A3,A760231AE4AE916344C22547F480F65136A97A17DB84BF20CBCB0CCE0725E7B8,true,true,true,true,false,true,true,false,"Equivalent candidate reached; control committed the frozen lane, canonical rejected it, and treatment did not commit that object."
primary,20651C9B11DBB0D7BA2D64A8F167577AE0452762EEA83C5A7558BA89B8D2C788,18,control,"OP-00005836-BaseHead-S5836-T285321-ANA",1,285321,,true,A_REACHED_CANONICAL_REJECT,A_DIRECT_CANONICAL_REJECT,true,"SRG-DIV-F9F55877859F138240C67C54","OP-00000363-BaseHead-S363-T29369-ANA",14B6411F116D4D5B92BF5D64ADE885F699E3F73F7877FCEDA4A53B396E3DC5A3,A760231AE4AE916344C22547F480F65136A97A17DB84BF20CBCB0CCE0725E7B8,true,true,true,true,false,true,true,false,"Equivalent candidate reached; control committed the frozen lane, canonical rejected it, and treatment did not commit that object."
primary,20651C9B11DBB0D7BA2D64A8F167577AE0452762EEA83C5A7558BA89B8D2C788,18,control,"OP-00005869-BaseHead-S5869-T286512-ANA",0,286512,,true,B_EARLIER_GOVERNED_DIVERGENCE,B_CAUSALLY_PROVEN_UNREACHABLE,false,"SRG-DIV-F9F55877859F138240C67C54","OP-00000363-BaseHead-S363-T29369-ANA",14B6411F116D4D5B92BF5D64ADE885F699E3F73F7877FCEDA4A53B396E3DC5A3,A760231AE4AE916344C22547F480F65136A97A17DB84BF20CBCB0CCE0725E7B8,true,true,true,true,false,true,true,false,"A prior canonical-governed commit divergence left unequal complete parent state; no sufficient-state reconvergence occurred and the exact frozen lane-level proposal was not selected or committed in treatment."
primary,20651C9B11DBB0D7BA2D64A8F167577AE0452762EEA83C5A7558BA89B8D2C788,18,control,"OP-00005915-BaseHead-S5915-T287968-ANA",0,287968,,true,A_REACHED_CANONICAL_REJECT,A_DIRECT_CANONICAL_REJECT,true,"SRG-DIV-F9F55877859F138240C67C54","OP-00000363-BaseHead-S363-T29369-ANA",14B6411F116D4D5B92BF5D64ADE885F699E3F73F7877FCEDA4A53B396E3DC5A3,A760231AE4AE916344C22547F480F65136A97A17DB84BF20CBCB0CCE0725E7B8,true,true,true,true,false,true,true,false,"Equivalent candidate reached; control committed the frozen lane, canonical rejected it, and treatment did not commit that object."
primary,20651C9B11DBB0D7BA2D64A8F167577AE0452762EEA83C5A7558BA89B8D2C788,18,control,"OP-00006173-BaseHead-S6173-T296968-ANA",5,296968,,true,A_REACHED_CANONICAL_REJECT,A_DIRECT_CANONICAL_REJECT,true,"SRG-DIV-F9F55877859F138240C67C54","OP-00000363-BaseHead-S363-T29369-ANA",14B6411F116D4D5B92BF5D64ADE885F699E3F73F7877FCEDA4A53B396E3DC5A3,A760231AE4AE916344C22547F480F65136A97A17DB84BF20CBCB0CCE0725E7B8,true,true,true,true,false,true,true,false,"Equivalent candidate reached; control committed the frozen lane, canonical rejected it, and treatment did not commit that object."
primary,20651C9B11DBB0D7BA2D64A8F167577AE0452762EEA83C5A7558BA89B8D2C788,18,control,"OP-00006228-BaseHead-S6228-T298821-ANA",2,298821,,true,A_REACHED_CANONICAL_REJECT,A_DIRECT_CANONICAL_REJECT,true,"SRG-DIV-F9F55877859F138240C67C54","OP-00000363-BaseHead-S363-T29369-ANA",14B6411F116D4D5B92BF5D64ADE885F699E3F73F7877FCEDA4A53B396E3DC5A3,A760231AE4AE916344C22547F480F65136A97A17DB84BF20CBCB0CCE0725E7B8,true,true,true,true,false,true,true,false,"Equivalent candidate reached; control committed the frozen lane, canonical rejected it, and treatment did not commit that object."
primary,20651C9B11DBB0D7BA2D64A8F167577AE0452762EEA83C5A7558BA89B8D2C788,18,control,"OP-00009895-BaseHead-S9895-T457998-ANA",3,457998,,true,A_REACHED_CANONICAL_REJECT,A_DIRECT_CANONICAL_REJECT,true,"SRG-DIV-F9F55877859F138240C67C54","OP-00000363-BaseHead-S363-T29369-ANA",14B6411F116D4D5B92BF5D64ADE885F699E3F73F7877FCEDA4A53B396E3DC5A3,A760231AE4AE916344C22547F480F65136A97A17DB84BF20CBCB0CCE0725E7B8,true,true,true,true,false,true,true,false,"Equivalent candidate reached; control committed the frozen lane, canonical rejected it, and treatment did not commit that object."
primary,20651C9B11DBB0D7BA2D64A8F167577AE0452762EEA83C5A7558BA89B8D2C788,19,control,"OP-00000370-BaseHead-S370-T29933-ANA",4,29933,,true,A_REACHED_CANONICAL_REJECT,A_DIRECT_CANONICAL_REJECT,true,"SRG-DIV-7627C93C14F00B4817846CC9","OP-00000051-BaseHead-S51-T6700-ANA",E2BD0AD361E820BCB91F9FFD18E5207391908AFA0B8FB0F85067E1906CB7DF08,10D22AC070AD3E41585822858107599BEA0033520DC19D8A226E0892F7BCB411,true,true,true,true,false,true,true,false,"Equivalent candidate reached; control committed the frozen lane, canonical rejected it, and treatment did not commit that object."
primary,20651C9B11DBB0D7BA2D64A8F167577AE0452762EEA83C5A7558BA89B8D2C788,19,control,"OP-00002012-BaseHead-S2012-T113956-ANA",6,113956,,true,A_REACHED_CANONICAL_REJECT,A_DIRECT_CANONICAL_REJECT,true,"SRG-DIV-7627C93C14F00B4817846CC9","OP-00000051-BaseHead-S51-T6700-ANA",E2BD0AD361E820BCB91F9FFD18E5207391908AFA0B8FB0F85067E1906CB7DF08,10D22AC070AD3E41585822858107599BEA0033520DC19D8A226E0892F7BCB411,true,true,true,true,false,true,true,false,"Equivalent candidate reached; control committed the frozen lane, canonical rejected it, and treatment did not commit that object."
primary,20651C9B11DBB0D7BA2D64A8F167577AE0452762EEA83C5A7558BA89B8D2C788,19,control,"OP-00005915-BaseHead-S5915-T287968-ANA",0,287968,,true,A_REACHED_CANONICAL_REJECT,A_DIRECT_CANONICAL_REJECT,true,"SRG-DIV-7627C93C14F00B4817846CC9","OP-00000051-BaseHead-S51-T6700-ANA",E2BD0AD361E820BCB91F9FFD18E5207391908AFA0B8FB0F85067E1906CB7DF08,10D22AC070AD3E41585822858107599BEA0033520DC19D8A226E0892F7BCB411,true,true,true,true,false,true,true,false,"Equivalent candidate reached; control committed the frozen lane, canonical rejected it, and treatment did not commit that object."
primary,20651C9B11DBB0D7BA2D64A8F167577AE0452762EEA83C5A7558BA89B8D2C788,20,control,"OP-00000370-BaseHead-S370-T29933-ANA",4,29933,,true,A_REACHED_CANONICAL_REJECT,A_DIRECT_CANONICAL_REJECT,true,"","",,,false,false,true,true,false,true,false,false,"Equivalent candidate reached; control committed the frozen lane, canonical rejected it, and treatment did not commit that object."
primary,20651C9B11DBB0D7BA2D64A8F167577AE0452762EEA83C5A7558BA89B8D2C788,20,control,"OP-00005614-BaseHead-S5614-T278394-ANA",3,278394,,true,A_REACHED_CANONICAL_REJECT,A_DIRECT_CANONICAL_REJECT,true,"SRG-DIV-6C24EA79B458528E69D0901D","OP-00000370-BaseHead-S370-T29933-ANA",63C5AC48958153494A31C945FBDF27290E72AE7975D11D38EE85CA20F3717DCC,F465289C28FE6E51C8A4CA0DBF777FFC3CDBB79E8CACA436EF8AC6C5AD14542C,true,true,true,true,false,true,true,false,"Equivalent candidate reached; control committed the frozen lane, canonical rejected it, and treatment did not commit that object."
primary,20651C9B11DBB0D7BA2D64A8F167577AE0452762EEA83C5A7558BA89B8D2C788,20,control,"OP-00006208-BaseHead-S6208-T298027-ANA",1,298027,,true,A_REACHED_CANONICAL_REJECT,A_DIRECT_CANONICAL_REJECT,true,"SRG-DIV-6C24EA79B458528E69D0901D","OP-00000370-BaseHead-S370-T29933-ANA",63C5AC48958153494A31C945FBDF27290E72AE7975D11D38EE85CA20F3717DCC,F465289C28FE6E51C8A4CA0DBF777FFC3CDBB79E8CACA436EF8AC6C5AD14542C,true,true,true,true,false,true,true,false,"Equivalent candidate reached; control committed the frozen lane, canonical rejected it, and treatment did not commit that object."
secondary-g1-compatibility,02D9D1781418E7442956D4D901C8C611E58256556AE9A828E72128C3B5B8E3EB,9,treatment,"OP-00000673-BaseHead-S673-T51961-ANA",0,51961,,false,A_REACHED_CANONICAL_REJECT,A_DIRECT_CANONICAL_REJECT,true,"","",,,false,false,true,true,false,true,false,false,"Equivalent candidate reached; control committed the frozen lane, canonical rejected it, and treatment did not commit that object."
secondary-g1-compatibility,02D9D1781418E7442956D4D901C8C611E58256556AE9A828E72128C3B5B8E3EB,9,treatment,"OP-00005377-BaseHead-S5377-T257700-ANA",0,257700,,true,A_REACHED_CANONICAL_REJECT,A_DIRECT_CANONICAL_REJECT,true,"SRG-DIV-F4D3E9FA40B57ED0786C8CC8","OP-00000673-BaseHead-S673-T51961-ANA",CBEE37076014837DDB3E4D5B2A692A6ACB91A8FC13B4EF1BE3339E6F30C3FC18,59F1CE79F84F4F26F61EF804A035C37DE6E3533D0DCB2947C3CF50D0D9CE2422,true,true,true,true,false,true,true,false,"Equivalent candidate reached; control committed the frozen lane, canonical rejected it, and treatment did not commit that object."
secondary-g1-compatibility,02D9D1781418E7442956D4D901C8C611E58256556AE9A828E72128C3B5B8E3EB,11,treatment,"OP-00003073-BaseHead-S3073-T163268-ANA",2,163268,,true,A_REACHED_CANONICAL_REJECT,A_DIRECT_CANONICAL_REJECT,true,"","",,,false,false,true,true,false,true,false,false,"Equivalent candidate reached; control committed the frozen lane, canonical rejected it, and treatment did not commit that object."
secondary-g1-compatibility,02D9D1781418E7442956D4D901C8C611E58256556AE9A828E72128C3B5B8E3EB,11,treatment,"OP-00003161-BaseHead-S3161-T166421-ANA",2,166421,,true,A_REACHED_CANONICAL_REJECT,A_DIRECT_CANONICAL_REJECT,true,"SRG-DIV-788979EE53B7567A04ECCBDE","OP-00003073-BaseHead-S3073-T163268-ANA",A84EE8CD5787F93DC4B00029A8B339F31340644B0A7F7A1A8D730EA6AC6F8E2F,7F613591FE7A27B4EE8D124131925F0E3521CDF06D63B97A1D94D5F1BDB56FF7,true,true,true,true,false,true,true,false,"Equivalent candidate reached; control committed the frozen lane, canonical rejected it, and treatment did not commit that object."
secondary-g1-compatibility,02D9D1781418E7442956D4D901C8C611E58256556AE9A828E72128C3B5B8E3EB,11,treatment,"OP-00003212-BaseHead-S3212-T168296-ANA",6,168296,,true,A_REACHED_CANONICAL_REJECT,A_DIRECT_CANONICAL_REJECT,true,"SRG-DIV-788979EE53B7567A04ECCBDE","OP-00003073-BaseHead-S3073-T163268-ANA",A84EE8CD5787F93DC4B00029A8B339F31340644B0A7F7A1A8D730EA6AC6F8E2F,7F613591FE7A27B4EE8D124131925F0E3521CDF06D63B97A1D94D5F1BDB56FF7,true,true,true,true,false,true,true,false,"Equivalent candidate reached; control committed the frozen lane, canonical rejected it, and treatment did not commit that object."
secondary-g1-compatibility,02D9D1781418E7442956D4D901C8C611E58256556AE9A828E72128C3B5B8E3EB,11,treatment,"OP-00004283-BaseHead-S4283-T215683-ANA",6,215683,,false,A_REACHED_CANONICAL_REJECT,A_DIRECT_CANONICAL_REJECT,true,"SRG-DIV-788979EE53B7567A04ECCBDE","OP-00003073-BaseHead-S3073-T163268-ANA",A84EE8CD5787F93DC4B00029A8B339F31340644B0A7F7A1A8D730EA6AC6F8E2F,7F613591FE7A27B4EE8D124131925F0E3521CDF06D63B97A1D94D5F1BDB56FF7,true,true,true,true,false,true,true,false,"Equivalent candidate reached; control committed the frozen lane, canonical rejected it, and treatment did not commit that object."
secondary-g1-compatibility,02D9D1781418E7442956D4D901C8C611E58256556AE9A828E72128C3B5B8E3EB,17,treatment,"OP-00000785-BaseHead-S785-T55967-ANA",5,55967,,false,A_REACHED_CANONICAL_REJECT,A_DIRECT_CANONICAL_REJECT,true,"","",,,false,false,true,true,false,true,false,false,"Equivalent candidate reached; control committed the frozen lane, canonical rejected it, and treatment did not commit that object."
secondary-g1-compatibility,02D9D1781418E7442956D4D901C8C611E58256556AE9A828E72128C3B5B8E3EB,17,treatment,"OP-00003761-BaseHead-S3761-T197189-ANA",4,197189,,true,A_REACHED_CANONICAL_REJECT,A_DIRECT_CANONICAL_REJECT,true,"SRG-DIV-79C1BD8ACC54E6536057DEC5","OP-00000785-BaseHead-S785-T55967-ANA",F2363988C6F3F9CD612592411F989399AB113FB05ABD646F0690D7E4E34BF81E,615C2A78C22057C65FB00D5690E7D9D72F5CBC49CC5EADDC23FE08C66484BD01,true,true,true,true,false,true,true,false,"Equivalent candidate reached; control committed the frozen lane, canonical rejected it, and treatment did not commit that object."
secondary-g1-compatibility,02D9D1781418E7442956D4D901C8C611E58256556AE9A828E72128C3B5B8E3EB,17,treatment,"OP-00003850-BaseHead-S3850-T200427-ANA",5,200427,,true,A_REACHED_CANONICAL_REJECT,A_DIRECT_CANONICAL_REJECT,true,"SRG-DIV-79C1BD8ACC54E6536057DEC5","OP-00000785-BaseHead-S785-T55967-ANA",F2363988C6F3F9CD612592411F989399AB113FB05ABD646F0690D7E4E34BF81E,615C2A78C22057C65FB00D5690E7D9D72F5CBC49CC5EADDC23FE08C66484BD01,true,true,true,true,false,true,true,false,"Equivalent candidate reached; control committed the frozen lane, canonical rejected it, and treatment did not commit that object."
secondary-g1-compatibility,02D9D1781418E7442956D4D901C8C611E58256556AE9A828E72128C3B5B8E3EB,17,treatment,"OP-00003958-BaseHead-S3958-T204433-ANA",1,204433,,true,A_REACHED_CANONICAL_REJECT,A_DIRECT_CANONICAL_REJECT,true,"SRG-DIV-79C1BD8ACC54E6536057DEC5","OP-00000785-BaseHead-S785-T55967-ANA",F2363988C6F3F9CD612592411F989399AB113FB05ABD646F0690D7E4E34BF81E,615C2A78C22057C65FB00D5690E7D9D72F5CBC49CC5EADDC23FE08C66484BD01,true,true,true,true,false,true,true,false,"Equivalent candidate reached; control committed the frozen lane, canonical rejected it, and treatment did not commit that object."
secondary-g1-compatibility,02D9D1781418E7442956D4D901C8C611E58256556AE9A828E72128C3B5B8E3EB,17,treatment,"OP-00004283-BaseHead-S4283-T215683-ANA",6,215683,,false,A_REACHED_CANONICAL_REJECT,A_DIRECT_CANONICAL_REJECT,true,"SRG-DIV-79C1BD8ACC54E6536057DEC5","OP-00000785-BaseHead-S785-T55967-ANA",F2363988C6F3F9CD612592411F989399AB113FB05ABD646F0690D7E4E34BF81E,615C2A78C22057C65FB00D5690E7D9D72F5CBC49CC5EADDC23FE08C66484BD01,true,true,true,true,false,true,true,false,"Equivalent candidate reached; control committed the frozen lane, canonical rejected it, and treatment did not commit that object."
secondary-g1-compatibility,02D9D1781418E7442956D4D901C8C611E58256556AE9A828E72128C3B5B8E3EB,17,treatment,"OP-00004455-BaseHead-S4455-T221819-ANA",2,221819,,true,A_REACHED_CANONICAL_REJECT,A_DIRECT_CANONICAL_REJECT,true,"SRG-DIV-79C1BD8ACC54E6536057DEC5","OP-00000785-BaseHead-S785-T55967-ANA",F2363988C6F3F9CD612592411F989399AB113FB05ABD646F0690D7E4E34BF81E,615C2A78C22057C65FB00D5690E7D9D72F5CBC49CC5EADDC23FE08C66484BD01,true,true,true,true,false,true,true,false,"Equivalent candidate reached; control committed the frozen lane, canonical rejected it, and treatment did not commit that object."
secondary-g1-compatibility,20651C9B11DBB0D7BA2D64A8F167577AE0452762EEA83C5A7558BA89B8D2C788,11,treatment,"OP-00001792-BaseHead-S1792-T103016-ANA",2,103016,,false,A_REACHED_CANONICAL_REJECT,A_DIRECT_CANONICAL_REJECT,true,"SRG-DIV-B23693E9394C1E23474A8C58","OP-00000055-BaseHead-S55-T6926-ANA",4CCA5E14B30B5BB396B21E0CED59DB58C131AEDF022AC92A2D8CA72A320C259D,70111F6EC18402F8B393DF6C43A9FDC7E1666308CF49347FF7B3D1C85378890B,true,true,true,true,false,true,true,false,"Equivalent candidate reached; control committed the frozen lane, canonical rejected it, and treatment did not commit that object."
secondary-g1-compatibility,20651C9B11DBB0D7BA2D64A8F167577AE0452762EEA83C5A7558BA89B8D2C788,11,treatment,"OP-00005271-BaseHead-S5271-T266968-ANA",3,266968,,true,A_REACHED_CANONICAL_REJECT,A_DIRECT_CANONICAL_REJECT,true,"SRG-DIV-B23693E9394C1E23474A8C58","OP-00000055-BaseHead-S55-T6926-ANA",4CCA5E14B30B5BB396B21E0CED59DB58C131AEDF022AC92A2D8CA72A320C259D,70111F6EC18402F8B393DF6C43A9FDC7E1666308CF49347FF7B3D1C85378890B,true,true,true,true,false,true,true,false,"Equivalent candidate reached; control committed the frozen lane, canonical rejected it, and treatment did not commit that object."
secondary-g1-compatibility,20651C9B11DBB0D7BA2D64A8F167577AE0452762EEA83C5A7558BA89B8D2C788,11,treatment,"OP-00007967-BaseHead-S7967-T375292-ANA",0,375292,,false,A_REACHED_CANONICAL_REJECT,A_DIRECT_CANONICAL_REJECT,true,"SRG-DIV-B23693E9394C1E23474A8C58","OP-00000055-BaseHead-S55-T6926-ANA",4CCA5E14B30B5BB396B21E0CED59DB58C131AEDF022AC92A2D8CA72A320C259D,70111F6EC18402F8B393DF6C43A9FDC7E1666308CF49347FF7B3D1C85378890B,true,true,true,true,false,true,true,false,"Equivalent candidate reached; control committed the frozen lane, canonical rejected it, and treatment did not commit that object."
