chart_id,seed,arm,violation_id,violation_kind,classification,root_cause,mutation_id,mutation_sequence,opportunity_id,source_object,anchor,candidate,lane,object_type,tap_time,blocking_ln_id,blocking_ln_lane,blocking_ln_start,blocking_ln_end,candidate_internal_beat,blocking_internal_end_beat,candidate_materialized_beat,blocking_materialized_end_beat,placement_accepted,hard_validity_result,internal_conflict,materialized_conflict,endpoint_operator_differs,geometry_stale,pre_geometry,post_geometry,pre_generation,post_generation,rng_before,rng_after,g1_divergence,g1_opportunity,opportunity_distance,full_reconverged,geometry_reconverged,rng_reconverged,serialization_changed,evidence_status
"02D9D1781418E7442956D4D901C8C611E58256556AE9A828E72128C3B5B8E3EB",1,control,SAFE-CF56B2492A441FF73112A88A,TapOnHeldLongNote,LegacyDownstream,OracleOrSemanticMismatch,MUT-00000194-D0E37BDC545CA446C672,194,"OP-00000132-BaseHead-S132-T14632-ANA","L5|T14632|ETAP|Tap|S132|ONone|YFalse",,"L2|T14632|ETAP|Tap|S132|OHeadOpportunity|YTrue",2,Tap,14632,GEN-406B4844C81E03B5D6EFC6E3,2,14291,14632,41.999466666666655466808888889,41.999466666666655466808888887,41.999466666666655466808888889,41.999466666666655466808888889,True,TapOnHeldLongNote,False,True,False,False,820BC73239C77A46DA6D3ED05AA067D24F4BA58F02810F7B69C90338FC2590FF,7818BD03F5A2CDFDF53A41A0E61EC5DFB14F0C27C006BD30A9DC574989806E7B,DBC42071318D497111037FE1031095413B69363B1E495F51B027A273FB2948CD,6E9C73D41DE69164FB709F24588E89074B404BF630DD907206E5C3F950AC91F9,220,220,,,,False,False,False,False,PROVEN_EXACT_REPLAY
"02D9D1781418E7442956D4D901C8C611E58256556AE9A828E72128C3B5B8E3EB",1,control,SAFE-10BE20AE44C563CDE56CE4E3,TapOnHeldLongNote,LegacyDownstream,OracleOrSemanticMismatch,MUT-00003507-27CA52E6EC2BEFAA0A82,3507,"OP-00002832-BaseHead-S2832-T148694-ANA","L2|T148694|ETAP|Tap|S2832|ONone|YFalse",,"L5|T148694|ETAP|Tap|S2832|OHeadOpportunity|YTrue",5,Tap,148694,GEN-5FADBD7DB894DD84CABB94B6,5,148652,148694,435.24799999999988393386666667,435.24799999999988393386666663,435.24799999999988393386666667,435.24799999999988393386666667,True,TapOnHeldLongNote,False,True,False,False,FE41E2B757994021FF999905E2A671FC5688DCBF867766ED97E8B10B7660E0C7,A01BA1ED10FEFE5864E8AC5522727F6EF40A8E94E736A3A6B30AB3B28AD0E16F,AB1AC2424E747FBE73BF7E372B992C2E039526D62DBD48313FE6E05F2698D538,A7FBFA1D777578CA98955767A6795DA165B146BA39A333C679D98E04465828C7,3652,3652,,,,False,False,False,False,PROVEN_EXACT_REPLAY
"02D9D1781418E7442956D4D901C8C611E58256556AE9A828E72128C3B5B8E3EB",1,control,SAFE-CCDDFBBA27194F7019526273,TapOnHeldLongNote,LegacyDownstream,OracleOrSemanticMismatch,MUT-00004272-42F9788DAC3160EB39EB,4272,"OP-00003456-BaseHead-S3456-T178950-ANA","L4|T178950|ETAP|Tap|S3456|ONone|YFalse",,"L2|T178950|ETAP|Tap|S3456|OHeadOpportunity|YTrue",2,Tap,178950,GEN-B454CE1265E6CBA08641F266,2,178439,178950,523.99893333333319360028444444,523.99893333333319360028444443,523.99893333333319360028444444,523.99893333333319360028444444,True,TapOnHeldLongNote,False,True,False,False,0A8E304D562008EE9EE5DE2D5771EFF12BD62F76F3D99C59154A1C4D1E146C0D,4E8B3942BB47616981423CFEE3F23AFD1D7087398833789B4250A65941F2C430,A88852FAA0EC1A9E38FCF3326D7BC20028249B153EE1F0211CE9C6046E9FF456,3466386FD6AAAD0369205A79B3FEA16EABAC99C143BB01A5264CF80C5A07E464,4465,4465,,,,False,False,False,False,PROVEN_EXACT_REPLAY
"02D9D1781418E7442956D4D901C8C611E58256556AE9A828E72128C3B5B8E3EB",1,control,SAFE-D3F8414F64394E49C30DD4FA,TapOnHeldLongNote,LegacyDownstream,OracleOrSemanticMismatch,MUT-00004420-487097CFD74DA627242C,4420,"OP-00003589-BaseHead-S3589-T190200-ANA","L2|T190200|ETAP|Tap|S3589|ONone|YFalse",,"L3|T190200|ETAP|Tap|S3589|OHeadOpportunity|YTrue",3,Tap,190200,GEN-BCBBED9E765A3E9B12F1795E,3,190029,190200,556.99893333333318480028444444,556.99893333333318480028444442,556.99893333333318480028444444,556.99893333333318480028444444,True,TapOnHeldLongNote,False,True,False,False,FB18591F6AEC28A6EEAF6D8511D7F8E369A0BEA6147B60B172F3C734DBA9DB48,6959032331A1E8EF5F3A9F7033CA274775EFE21CB12213E4C487A3E9003A7A16,2B71B976262B560C96CD5FBBFC56783A5EE6A6277A27C2CA9385BF2D7FAF921E,918B0AA4A07689DF3D2BB9FDF3ECE6FB0EE0A49B2658B3AEE20F99E68FE5B5FA,4621,4621,,,,False,False,False,False,PROVEN_EXACT_REPLAY
"02D9D1781418E7442956D4D901C8C611E58256556AE9A828E72128C3B5B8E3EB",2,control,SAFE-6B4D2F933136A54BCAE7DE92,TapOnHeldLongNote,LegacyDownstream,OracleOrSemanticMismatch,MUT-00001018-5F78ED66E8B13B382661,1018,"OP-00000785-BaseHead-S785-T55967-ANA","L3|T55967|ETAP|Tap|S785|ONone|YFalse",,"L5|T55967|ETAP|Tap|S785|OHeadOpportunity|YTrue",5,Tap,55967,GEN-8634CBD81F83B66D9DD17D38,5,55882,55967,163.24879999999995646698666667,163.24879999999995646698666666,163.24879999999995646698666667,163.24879999999995646698666667,True,TapOnHeldLongNote,False,True,False,False,52C0FEF46310047533AD50646849C53DCA82EAB5EAD107A7416FDAD91CB381BF,EB031D1C6DF51837F08983D9AEB5E8C54F5A8F0D9EE4B237D637824D6553442A,8FD6244E377DD8A60ECFC72F41D8CD4F8C2D243152AA18BC6F5B9150B9D46DF4,E8AD0E13244DAA797C494E131997E3CE881DE959B356616A4963852FCD92C4F1,1072,1072,,,,False,False,False,False,PROVEN_EXACT_REPLAY
"02D9D1781418E7442956D4D901C8C611E58256556AE9A828E72128C3B5B8E3EB",2,control,SAFE-10BE20AE44C563CDE56CE4E3,TapOnHeldLongNote,LegacyDownstream,OracleOrSemanticMismatch,MUT-00003518-F476C239C8D1A197E2E2,3518,"OP-00002832-BaseHead-S2832-T148694-ANA","L2|T148694|ETAP|Tap|S2832|ONone|YFalse",,"L5|T148694|ETAP|Tap|S2832|OHeadOpportunity|YTrue",5,Tap,148694,GEN-A4F145D8BEDD7DBB57953731,5,148652,148694,435.24799999999988393386666667,435.24799999999988393386666663,435.24799999999988393386666667,435.24799999999988393386666667,True,TapOnHeldLongNote,False,True,False,False,3620F48275CEDF7C0DE0C191A76ABAEE512E862EE3DF27CD8F4FA1BF1DEF01DD,604B6E81C9F166342BE34FED3029B005FA94C753AA079020BFA6CF776D58E0CE,EB6A54B9140F666ACEDA1BF8995F6C9D5EF12CF54DDE5725C4E80ED3891B592A,AB3E5EDEB2601E57B3655F718A86551E8E009593D2D4F207940E15FF44D4CAD5,3661,3661,,,,False,False,False,False,PROVEN_EXACT_REPLAY
"02D9D1781418E7442956D4D901C8C611E58256556AE9A828E72128C3B5B8E3EB",2,control,SAFE-F26F0911FF28A00A46B372C0,TapOnHeldLongNote,LegacyDownstream,OracleOrSemanticMismatch,MUT-00003836-66A73AA3988ECF65D5BB,3836,"OP-00003073-BaseHead-S3073-T163268-ANA","L4|T163268|ETAP|Tap|S3073|ONone|YFalse",,"L2|T163268|ETAP|Tap|S3073|OHeadOpportunity|YTrue",2,Tap,163268,GEN-18B72E78D463ADE71B4A7A12,2,163183,163268,477.99839999999987253376,477.99839999999987253375999996,477.99839999999987253376,477.99839999999987253376,True,TapOnHeldLongNote,False,True,False,False,B72EF8C4B6E3A9A4EE59613619CE8A833B43FFF73B69161002DC2862B96628CE,B4E80DF90F682E1C2E9767CC74974A88C0FA51CCF725BAC91156BDC89BC70354,774DD00F0CE49205880985C9CBA299644A038AB65E075515E863F60924ED2B27,59119E1CFADD7036C56E773A1F31C9FBA61ED7B28EB24FE7B34CEAB2DC6CAB69,4005,4005,,,,False,False,False,False,PROVEN_EXACT_REPLAY
"02D9D1781418E7442956D4D901C8C611E58256556AE9A828E72128C3B5B8E3EB",2,control,SAFE-CCDDFBBA27194F7019526273,TapOnHeldLongNote,LegacyDownstream,OracleOrSemanticMismatch,MUT-00004273-15650CB03AE5F8441B1D,4273,"OP-00003456-BaseHead-S3456-T178950-ANA","L4|T178950|ETAP|Tap|S3456|ONone|YFalse",,"L2|T178950|ETAP|Tap|S3456|OHeadOpportunity|YTrue",2,Tap,178950,GEN-A225A7204B8F6FD230342EF0,2,178439,178950,523.99893333333319360028444444,523.99893333333319360028444443,523.99893333333319360028444444,523.99893333333319360028444444,True,TapOnHeldLongNote,False,True,False,False,32A8D31DE993847AC5A515E396B745BA35DF8CB947F74821BFABA32B77F0FF3D,7D585516A1E908B26DD8B422FA39605F8677FEB8F8D07A0CF66697EB073D82BA,93CEFF6107D378AE812C3EA4BA0E00078EF428AC8DA88772686EE07F5B41925F,13BCC12ED644EFCA86DEE28CEE40B3BC5ED70FDEEA4CFC77DE24A1212392632B,4454,4454,,,,False,False,False,False,PROVEN_EXACT_REPLAY
"02D9D1781418E7442956D4D901C8C611E58256556AE9A828E72128C3B5B8E3EB",2,control,SAFE-356E41BC2928AFCBB27AF4F9,TapOnHeldLongNote,LegacyDownstream,OracleOrSemanticMismatch,MUT-00005238-62B82193E30DB5DAA1FC,5238,"OP-00004283-BaseHead-S4283-T215683-ANA","L2|T215683|ETAP|Tap|S4283|ONone|YFalse",,"L6|T215683|ETAP|Tap|S4283|OHeadOpportunity|YTrue",6,Tap,215683,GEN-E465CDD7C314F783EFCD9A4E,6,215598,215683,631.74906666666649820024888889,631.74906666666649820024888887,631.74906666666649820024888889,631.74906666666649820024888889,True,TapOnHeldLongNote,False,True,False,False,55EEBF8A46D69F0874BEEC03F855D60622F9D97692771BD4C43F312EB531572B,CBBA740BDADDA6377E75C56E919027E7E784573E377F8C100B259FAEE7081804,55398FD6FA49C04D611FAC04639EF02378B9CF1884FD8DEEE7E21C01EE530C33,9B22D6807C7A5DC251348199921CB0C2EA29565FD60A446D6D35044EED2AA404,5453,5453,,,,False,False,False,False,PROVEN_EXACT_REPLAY
"02D9D1781418E7442956D4D901C8C611E58256556AE9A828E72128C3B5B8E3EB",2,control,SAFE-935C732E4C84CDA3C946D3A9,TapOnHeldLongNote,LegacyDownstream,OracleOrSemanticMismatch,MUT-00005442-823E1F697A36A85D8A93,5442,"OP-00004455-BaseHead-S4455-T221819-ANA","L3|T221819|ETAP|Tap|S4455|ONone|YFalse",,"L2|T221819|ETAP|Tap|S4455|OHeadOpportunity|YTrue",2,Tap,221819,GEN-BFC382ADD8FCD0D94A15983D,2,221734,221819,649.74799999999982673386666667,649.74799999999982673386666666,649.74799999999982673386666667,649.74799999999982673386666667,True,TapOnHeldLongNote,False,True,False,False,789632F7BD3FBD29170362F33F46538794F8A4236E8966600E1F6F7BBDB3A3D9,CB9A1AE76D1BD372B447B6B532F447C1D1BCCAEEC18224A9BB0D96EF506D453B,80C3D44526F25A38034711F69EE94EECD891C10AF0711E83FE12DB9062CD04D7,3C515309FACEC238650AB194762D672825B632827869BE64C383E101EAD81528,5659,5659,,,,False,False,False,False,PROVEN_EXACT_REPLAY
"02D9D1781418E7442956D4D901C8C611E58256556AE9A828E72128C3B5B8E3EB",2,control,SAFE-F57B8FC859D33F59C379A563,TapOnHeldLongNote,LegacyDownstream,OracleOrSemanticMismatch,MUT-00005461-F16E4D65FEBBCDBC18D2,5461,"OP-00004470-BaseHead-S4470-T222416-ANA","L5|T222416|ETAP|Tap|S4470|ONone|YFalse",,"L1|T222416|ETAP|Tap|S4470|OHeadOpportunity|YTrue",1,Tap,222416,GEN-DF473DF456558311CF983F6C,1,222331,222416,651.49919999999982626688,651.49919999999982626687999996,651.49919999999982626688,651.49919999999982626688,True,TapOnHeldLongNote,False,True,False,False,6CA633A7ECC151A904998896E0C6A93409ED840EC79A63F7D5ACD26936FC945B,7108A3B0ADBF84D09987FA59BC01589B381AB3512340BD2846031C0743596677,18935B8DAF57FAF1FB7D514928BAE0A332BE100E29F2E96EFAF329DD8F726A9F,6BB4B992E8669C9292F8AC67FF3F129B773DB1664C1414B5DA755C3D384B4B2E,5679,5679,,,,False,False,False,False,PROVEN_EXACT_REPLAY
"02D9D1781418E7442956D4D901C8C611E58256556AE9A828E72128C3B5B8E3EB",4,control,SAFE-C3C4D60494C93C7866E8C3A4,TapOnHeldLongNote,LegacyDownstream,OracleOrSemanticMismatch,MUT-00000123-8825EFC728A760CE95E5,123,"OP-00000083-BaseHead-S83-T10967-ANA","L3|T10967|ETAP|Tap|S83|ONone|YFalse",,"L6|T10967|ETAP|Tap|S83|OHeadOpportunity|YTrue",6,Tap,10967,GEN-5AC4B0B1B4A09B3111CA9FBD,6,10882,10967,31.248799999999991666986666667,31.248799999999991666986666666,31.248799999999991666986666667,31.248799999999991666986666667,True,TapOnHeldLongNote,False,True,False,False,706D79A9175E56567273BDE2D10A3C1FC73A396C3DA0D19AE44929020B8C5797,6A9712CDF9908CAF5A1C07FCAC1242332D2C92F4F7E7DAAAC0A257041C75C209,F2AB75AEBE797DDDBE7C8CC67A493977FD8C54D28A4ACCCE927F3207F68EF081,F692B0F3501EA9042C0B500BDDE183E5FA1B955B9D83CA462B839C8C0A0FFAA4,136,136,,,,False,False,False,False,PROVEN_EXACT_REPLAY
"02D9D1781418E7442956D4D901C8C611E58256556AE9A828E72128C3B5B8E3EB",4,control,SAFE-299AAB9BC240F89D902E6203,TapOnHeldLongNote,LegacyDownstream,OracleOrSemanticMismatch,MUT-00001696-0FAABF247AAA0886F182,1696,"OP-00001379-BaseHead-S1379-T78637-ANA","L2|T78637|ETAP|Tap|S1379|ONone|YFalse",,"L1|T78637|ETAP|Tap|S1379|OHeadOpportunity|YTrue",1,Tap,78637,GEN-FBFE0EFBE6526B1DA18A1F40,1,78552,78637,229.74746666666660540067555556,229.74746666666660540067555555,229.74746666666660540067555556,229.74746666666660540067555556,True,TapOnHeldLongNote,False,True,False,False,B20C505C796975B492DC9CADC6E413E188634A4FD3E7E418776DDC3CA639D003,F0C17D18195859939B48B287E80604551E4773F496F5551645565C1FDD7E9BD1,4AE5221D70B1731210D0788009E3995F4CCC27930688824171924DD4A94A3182,D4CAEDE8AB7E2F9AFF805FD529F0A5514655FE1D5EC6375BC15EB39B36C54ADD,1772,1772,,,,False,False,False,False,PROVEN_EXACT_REPLAY
"02D9D1781418E7442956D4D901C8C611E58256556AE9A828E72128C3B5B8E3EB",4,control,SAFE-F26F0911FF28A00A46B372C0,TapOnHeldLongNote,LegacyDownstream,OracleOrSemanticMismatch,MUT-00003823-7398856F91D00DC84A49,3823,"OP-00003072-BaseHead-S3072-T163268-ANA","L0|T163268|ETAP|Tap|S3072|ONone|YFalse",,"L2|T163268|ETAP|Tap|S3072|OHeadOpportunity|YTrue",2,Tap,163268,GEN-AFD520932EB50A88CF50D885,2,163183,163268,477.99839999999987253376,477.99839999999987253375999996,477.99839999999987253376,477.99839999999987253376,True,TapOnHeldLongNote,False,True,False,False,850A5CF32238ED73CB97EC9EC365E74CE517E0BD811F52BB89488160A6904DDC,595DF56305A067A1EA409106524E7C033144F361BB8131C44D5CB77407778FE5,6019F800CDC5D8C09C5FE1D035F7D884874CFE20C72BFEA2864C1306824A61AF,0D7E0A3D3877B92B27D18A73AA5F23D1CDB99029A84F209413C95208CF7EB02F,4009,4009,,,,False,False,False,False,PROVEN_EXACT_REPLAY
"02D9D1781418E7442956D4D901C8C611E58256556AE9A828E72128C3B5B8E3EB",5,control,SAFE-356E41BC2928AFCBB27AF4F9,TapOnHeldLongNote,LegacyDownstream,OracleOrSemanticMismatch,MUT-00005234-5283DE5E24B7A15EA478,5234,"OP-00004283-BaseHead-S4283-T215683-ANA","L2|T215683|ETAP|Tap|S4283|ONone|YFalse",,"L6|T215683|ETAP|Tap|S4283|OHeadOpportunity|YTrue",6,Tap,215683,GEN-7EF97C14A84CCEE26325F48D,6,215598,215683,631.74906666666649820024888889,631.74906666666649820024888887,631.74906666666649820024888889,631.74906666666649820024888889,True,TapOnHeldLongNote,False,True,False,False,B7C5339ACBD035F5E46F12A4B35C38EA6C4FD6630175BCEC9D29C334B769001A,7E0ECA73472784A029D1963C545922578A70BB307E5180109343446543E921AE,CFE534262BA42105980519E3ED2DFD4FA16BE303EA1AFA8F3FBD2DC0CBBBB702,27DE50EA9A7CB66FB6171CE4F6732AF63CD99E088F32AB5D5631A2696712AF57,5434,5434,,,,False,False,False,False,PROVEN_EXACT_REPLAY
"02D9D1781418E7442956D4D901C8C611E58256556AE9A828E72128C3B5B8E3EB",6,control,SAFE-F26F0911FF28A00A46B372C0,TapOnHeldLongNote,LegacyDownstream,OracleOrSemanticMismatch,MUT-00003819-44CE11D84D8095BE47FF,3819,"OP-00003073-BaseHead-S3073-T163268-ANA","L4|T163268|ETAP|Tap|S3073|ONone|YFalse",,"L2|T163268|ETAP|Tap|S3073|OHeadOpportunity|YTrue",2,Tap,163268,GEN-204D9C6FBFCEF7D3916A603C,2,163183,163268,477.99839999999987253376,477.99839999999987253375999996,477.99839999999987253376,477.99839999999987253376,True,TapOnHeldLongNote,False,True,False,False,89D64A1B88D852611F6D143812454EFCD8EB22AD519D1A758623E9AABFC09FDE,8BAD3B8E502028E460DC006AE6EDA5BFAD7FD392337482BD17B01651B8844A3D,E37A2787B5527F569E31F81FBEA7503990A37F452268D0654AEAB9EE626123F4,CAA62248169D9A457CDBB3521C6C69914343D82228CEDB6210E62AB60915896C,3986,3986,,,,False,False,False,False,PROVEN_EXACT_REPLAY
"02D9D1781418E7442956D4D901C8C611E58256556AE9A828E72128C3B5B8E3EB",6,control,SAFE-E46C4E7B5022C20491F15E1C,TapOnHeldLongNote,LegacyDownstream,OracleOrSemanticMismatch,MUT-00004718-E14EC635A9894D9F27C3,4718,"OP-00003850-BaseHead-S3850-T200427-ANA","L1|T200427|ETAP|Tap|S3850|ONone|YFalse",,"L5|T200427|ETAP|Tap|S3850|OHeadOpportunity|YTrue",5,Tap,200427,GEN-A727C693AA2E17FC181F578E,5,200342,200427,586.99813333333317680049777778,586.99813333333317680049777773,586.99813333333317680049777778,586.99813333333317680049777778,True,TapOnHeldLongNote,False,True,False,False,D986D7902FEA00E299EBAE5AF1C1D0731381783C5E1107E886915E9BCEB1EC97,67780B4CB0CC15AAB1C3F5602162EDBD5550800DD7A46E1C37CE586140382A6D,CBEECB0C80EC2D8DF1A7F97EDC471466233C6C4D6A3893DE1EF025071B75ED48,5B4EFAD1B732A60084D795AC8AA041417123A06B9299AE45AEC0F84BCF16101A,4931,4931,,,,False,False,False,False,PROVEN_EXACT_REPLAY
"02D9D1781418E7442956D4D901C8C611E58256556AE9A828E72128C3B5B8E3EB",7,control,SAFE-CF56B2492A441FF73112A88A,TapOnHeldLongNote,LegacyDownstream,OracleOrSemanticMismatch,MUT-00000191-FE2B8C1B6010DD7E1DE3,191,"OP-00000132-BaseHead-S132-T14632-ANA","L5|T14632|ETAP|Tap|S132|ONone|YFalse",,"L2|T14632|ETAP|Tap|S132|OHeadOpportunity|YTrue",2,Tap,14632,GEN-24182E586509F001A7D688BC,2,14291,14632,41.999466666666655466808888889,41.999466666666655466808888887,41.999466666666655466808888889,41.999466666666655466808888889,True,TapOnHeldLongNote,False,True,False,False,3C143DE00FEF51DD1D78C27D159A5EE4A447F4D03A40A21E819CEB0EC3B2C519,A5A248DE929CF9BBAE15884D0BA0AA2E1A6B3E8073D8A7857C8F5E7DB781F558,8DAC280D8731C5CE4BFEC74C0F383FEE413ACCE411C216AD823CA8D568A48C89,73287EFB70378F3010D6337B2A03CBC6A725FD1AB6087C64B6ECED4CFF15C13D,213,213,,,,False,False,False,False,PROVEN_EXACT_REPLAY
"02D9D1781418E7442956D4D901C8C611E58256556AE9A828E72128C3B5B8E3EB",7,control,SAFE-8A23888DBDCA3178591C1EC2,TapOnHeldLongNote,LegacyDownstream,OracleOrSemanticMismatch,MUT-00000261-EAB5DDB87D07C5522C11,261,"OP-00000183-BaseHead-S183-T18552-ANA","L2|T18552|ETAP|Tap|S183|ONone|YFalse",,"L3|T18552|ETAP|Tap|S183|OHeadOpportunity|YTrue",3,Tap,18552,GEN-5EB3FEBF96A2C22CD3C10A48,3,18211,18552,53.498133333333319067164444444,53.498133333333319067164444441,53.498133333333319067164444444,53.498133333333319067164444444,True,TapOnHeldLongNote,False,True,False,False,3E6C7ECEAE5B4B352F24D02CB2465CC19236CBA97B190BC1B59D480DD9B910D6,245BE457149118E18EC973C00826C158734C90B246313A40AD610EC8006627BF,D1E4A9E12FD986FA2D14510CC61F73B789E7E8A4E6D281205C07D0335F466EBA,10FA576D2734D780B8B042943DD845BB1621F32ACD583D69790D67F7CADF205E,291,291,,,,False,False,False,False,PROVEN_EXACT_REPLAY
"02D9D1781418E7442956D4D901C8C611E58256556AE9A828E72128C3B5B8E3EB",7,control,SAFE-E8330345B681D928A317F1DA,TapOnHeldLongNote,LegacyDownstream,OracleOrSemanticMismatch,MUT-00001772-64DBF082E0986B4961F5,1772,"OP-00001430-BaseHead-S1430-T80512-ANA","L6|T80512|ETAP|Tap|S1430|ONone|YFalse",,"L1|T80512|ETAP|Tap|S1430|OHeadOpportunity|YTrue",1,Tap,80512,GEN-7220F3A56622B2BAF3B96C76,1,80427,80512,235.24746666666660393400888889,235.24746666666660393400888888,235.24746666666660393400888889,235.24746666666660393400888889,True,TapOnHeldLongNote,False,True,False,False,70485CEB7E4639B51B07EEC4F0F9BD09231826152B45B1FF67AFDFCA6B36B925,FDA71724AC471FC26617BAA375344BD7FA2DC6EB17E88D34D4ED3002E8C3C087,E8624E39807B7BAAA695F54F8F3C4EB838954B1F276E7192B4D1832AE4C42D16,F93F2EF56562654F75E57CC552F899B60D831CA9BDC792427C3FE7C21ED8BBBE,1849,1849,,,,False,False,False,False,PROVEN_EXACT_REPLAY
"02D9D1781418E7442956D4D901C8C611E58256556AE9A828E72128C3B5B8E3EB",8,control,SAFE-F26F0911FF28A00A46B372C0,TapOnHeldLongNote,LegacyDownstream,OracleOrSemanticMismatch,MUT-00003876-6968FF828F2D1E3C86EF,3876,"OP-00003072-BaseHead-S3072-T163268-ANA","L0|T163268|ETAP|Tap|S3072|ONone|YFalse",,"L2|T163268|ETAP|Tap|S3072|OHeadOpportunity|YTrue",2,Tap,163268,GEN-5662350D4741CC573868E4D8,2,163183,163268,477.99839999999987253376,477.99839999999987253375999996,477.99839999999987253376,477.99839999999987253376,True,TapOnHeldLongNote,False,True,False,False,C1362F9A6551B840172C8FFAFDDD809AE6280B50DBDBC596957F7B2EC7FD9756,7C385E94CAC0AF1389DBE74EB5C924973CD6E139EFD147ADD65FA7C7034115D2,12B0C810CA9934A99D704144073C097DFC10AD80916BA96324A3AFA5DA05D2E1,BE821875548CA2C18B3DF483A29F6C88E6717A2121C98EAE8E160AFEEEA4A939,4060,4060,,,,False,False,False,False,PROVEN_EXACT_REPLAY
"02D9D1781418E7442956D4D901C8C611E58256556AE9A828E72128C3B5B8E3EB",8,control,SAFE-356E41BC2928AFCBB27AF4F9,TapOnHeldLongNote,LegacyDownstream,OracleOrSemanticMismatch,MUT-00005280-ED5651BDE2C0862FB5C3,5280,"OP-00004283-BaseHead-S4283-T215683-ANA","L2|T215683|ETAP|Tap|S4283|ONone|YFalse",,"L6|T215683|ETAP|Tap|S4283|OHeadOpportunity|YTrue",6,Tap,215683,GEN-44F8A006002450DCD938D610,6,215598,215683,631.74906666666649820024888889,631.74906666666649820024888887,631.74906666666649820024888889,631.74906666666649820024888889,True,TapOnHeldLongNote,False,True,False,False,E4621AFEE8F1468DD61AB393FB1C7FEF445796A3321B48073187389DA939FF8B,B575C85EAAB933C6C840526006397418455F71BFB6A57F85BB53D3E4F4F835B1,8E3C19A14D3517C450AF5AF6CB49C5D2F4B0F81930FE98A7D57D1AC831CD08DF,8C5D69AC3DB57B5244F66A3AB0F049565B5F63CBB01F412CA6680E6AD8AEE3C9,5515,5515,,,,False,False,False,False,PROVEN_EXACT_REPLAY
"02D9D1781418E7442956D4D901C8C611E58256556AE9A828E72128C3B5B8E3EB",8,control,SAFE-F57B8FC859D33F59C379A563,TapOnHeldLongNote,LegacyDownstream,OracleOrSemanticMismatch,MUT-00005507-164EBD1C031CE9B09371,5507,"OP-00004470-BaseHead-S4470-T222416-ANA","L5|T222416|ETAP|Tap|S4470|ONone|YFalse",,"L1|T222416|ETAP|Tap|S4470|OHeadOpportunity|YTrue",1,Tap,222416,GEN-97E7897C1C960E28FD11BCD9,1,222331,222416,651.49919999999982626688,651.49919999999982626687999996,651.49919999999982626688,651.49919999999982626688,True,TapOnHeldLongNote,False,True,False,False,9A59F90EB6D3EFE804FB367DB414CDA6B64668635C0DB0B286AD782D0A33072B,43A5E2ECAF699F11D56F74E669F43CE6D8E280F1CEBBECE9CEA9043BE94416FC,1DB80AB1A04261709C177A28BBFCDD4FE26F695EA3C1B3B72D208611E1681A5B,A90E9663928565EACD65D4D6930D2E35F76C77C96FA436BB3F0720633B8A52F6,5746,5746,,,,False,False,False,False,PROVEN_EXACT_REPLAY
"02D9D1781418E7442956D4D901C8C611E58256556AE9A828E72128C3B5B8E3EB",9,control,SAFE-4B865827064B6A32F3FA490F,TapOnHeldLongNote,LegacyDownstream,OracleOrSemanticMismatch,MUT-00000899-AA8533EDED449A6D7C3A,899,"OP-00000673-BaseHead-S673-T51961-ANA","L4|T51961|ETAP|Tap|S673|ONone|YFalse",,"L0|T51961|ETAP|Tap|S673|OHeadOpportunity|YTrue",0,Tap,51961,GEN-0CB6BEC7DB364011C85A5BAD,0,51876,51961,151.49786666666662626723555556,151.49786666666662626723555555,151.49786666666662626723555556,151.49786666666662626723555556,True,TapOnHeldLongNote,False,True,False,False,58308766F514922056FCEA36F007900D50A5283668D5B26CB6EA8B2E3079BBAF,31688D0126007E8D0EA8D28786C7F55E731B580B9D1D332B94C97CDF8BBE0761,FE52FE4173FBB600712A5715F1C9D5077C9B38ABF222375EBB9851C1A0102BE1,47E6A9DF954AE89777889161EBB757C415B4F3565340C08633E970761EC9667F,960,960,,,,False,False,False,False,PROVEN_EXACT_REPLAY
"02D9D1781418E7442956D4D901C8C611E58256556AE9A828E72128C3B5B8E3EB",9,control,SAFE-8200C249554F1174880B6232,TapOnHeldLongNote,LegacyDownstream,OracleOrSemanticMismatch,MUT-00004803-AE5B61946D5FDC2BCDDD,4803,"OP-00003899-BaseHead-S3899-T202302-ANA","L0|T202302|ETAP|Tap|S3899|ONone|YFalse",,"L1|T202302|ETAP|Tap|S3899|OHeadOpportunity|YTrue",1,Tap,202302,GEN-C6E13EFDD97E51768417BAA3,1,202217,202302,592.49813333333317533383111111,592.49813333333317533383111109,592.49813333333317533383111111,592.49813333333317533383111111,True,TapOnHeldLongNote,False,True,False,False,E42715F5A165E18FCC063CABDC8447A9B556154B813F9600D338F3905C5C62D1,4570CF47C01CA1DA7D87F8B14C3FAE33AB0D7D4B131647EF544377EA9B0E0437,97E1A7E91B5F48D59A2FAF6C63C8CA00687EBAAD0C5B7DEF0E7B7630C832E1D7,4D8AC43F2ABA63D0BE1F436C896A4CFA70BCE8607673C1CD376DEAA30E3EBC93,5032,5032,,,,False,False,False,False,PROVEN_EXACT_REPLAY
"02D9D1781418E7442956D4D901C8C611E58256556AE9A828E72128C3B5B8E3EB",9,control,SAFE-356E41BC2928AFCBB27AF4F9,TapOnHeldLongNote,LegacyDownstream,OracleOrSemanticMismatch,MUT-00005237-1696E65695DC08AB1733,5237,"OP-00004283-BaseHead-S4283-T215683-ANA","L2|T215683|ETAP|Tap|S4283|ONone|YFalse",,"L6|T215683|ETAP|Tap|S4283|OHeadOpportunity|YTrue",6,Tap,215683,GEN-070181335B6D049F4461E8E2,6,215598,215683,631.74906666666649820024888889,631.74906666666649820024888887,631.74906666666649820024888889,631.74906666666649820024888889,True,TapOnHeldLongNote,False,True,False,False,D1742B23549BA51D9ECC2817D70112D17E383DC0123D1B254F7F1FE78AF53AE9,8530C32C70FC095996D7A688CFF55E06CE4C0EA9CEB000582355B71C9CC1015E,090DD359EC756DB40D463F4700B76E474032D8627B9DF4B1728C4BB211BCCA2A,7CD7EDC3F07878F5FA0B26C60A0544B1EAC78A98C76A874A5584B877D63EC3EF,5472,5472,,,,False,False,False,False,PROVEN_EXACT_REPLAY
"02D9D1781418E7442956D4D901C8C611E58256556AE9A828E72128C3B5B8E3EB",10,control,SAFE-CF56B2492A441FF73112A88A,TapOnHeldLongNote,LegacyDownstream,OracleOrSemanticMismatch,MUT-00000192-33D206F9D5D5722A1E00,192,"OP-00000135-BaseHead-S135-T14632-ANA","L3|T14632|ETAP|Tap|S135|ONone|YFalse",,"L2|T14632|ETAP|Tap|S135|OHeadOpportunity|YTrue",2,Tap,14632,GEN-41B2D9574958E4130ECFD5D4,2,14291,14632,41.999466666666655466808888889,41.999466666666655466808888887,41.999466666666655466808888889,41.999466666666655466808888889,True,TapOnHeldLongNote,False,True,False,False,2513863F933B7A9D0ECAB2F74BAB3D96D2FFC862083F93F0790E911BFFA9478A,05BF5A7C9DC703FCE6E848A3C9AF610C7A6023FEBBC368DDE06B40FB37C84EE8,0888A8346FD51A463FAECF9C30C62D98C5AFBF60CF4EAEC269E4E14C8295E767,C8D4C591EDFE65A4A8F03E33B4024A430C6BC33EC2381CC14C634ECF14E463DA,210,210,,,,False,False,False,False,PROVEN_EXACT_REPLAY
"02D9D1781418E7442956D4D901C8C611E58256556AE9A828E72128C3B5B8E3EB",10,control,SAFE-16B8A3E08CAB5D31967E13ED,TapOnHeldLongNote,LegacyDownstream,OracleOrSemanticMismatch,MUT-00003823-99C90DD9E2DCB23233D4,3823,"OP-00003032-BaseHead-S3032-T161990-ANA","L1|T161990|ETAP|Tap|S3032|ONone|YFalse",,"L6|T161990|ETAP|Tap|S3032|OHeadOpportunity|YTrue",6,Tap,161990,GEN-E97648513AD88C198ADEE1E1,6,161904,161990,474.24959999999987353344,474.24959999999987353343999998,474.24959999999987353344,474.24959999999987353344,True,TapOnHeldLongNote,False,True,False,False,90243756A51F18E09E65BC2A54FA86E336694E27EEB2A4A52D9FBE71DCE488B1,11358948F6A27FA2EB5B9BECAD7A2925FC7791B7769BFA9F3F18E88AEB0ACA1B,B07228DFAF2BC0134B0BAF6D37582B97F1E2F908A8AAF941C66D11F9880E54C2,B1F1536BEB01C40A7FD1DD036178385BF7989E329D827C63095911E99A2DEB50,3999,3999,,,,False,False,False,False,PROVEN_EXACT_REPLAY
"02D9D1781418E7442956D4D901C8C611E58256556AE9A828E72128C3B5B8E3EB",10,control,SAFE-31AE5623886E26026E2B0E0F,TapOnHeldLongNote,LegacyDownstream,OracleOrSemanticMismatch,MUT-00004440-467C9EA6FBCCB2E9DC33,4440,"OP-00003571-BaseHead-S3571-T188836-ANA","L4|T188836|ETAP|Tap|S3571|ONone|YFalse",,"L3|T188836|ETAP|Tap|S3571|OHeadOpportunity|YTrue",3,Tap,188836,GEN-411452110771DD2A68CCF0EA,3,188666,188836,552.99786666666651920056888889,552.99786666666651920056888886,552.99786666666651920056888889,552.99786666666651920056888889,True,TapOnHeldLongNote,False,True,False,False,FE1AEEA0AB9295DD96E1F30CE16F18B2FDB95A01DEB41C9171B4A060851AB9C5,FC9B91B88392423A45628654B9D5B9E747383DB8A2C47AFA14050AAD5E1A3B0F,DEFEA08A6D44094495EA298BA01D38F6A8BDE7DD3D7F4BC86C09171C8F821CCB,FFC2A364EB08DA8F3838EAD008EF85E4A5F22BFD743C4CB60343813FE8AEA64F,4639,4639,,,,False,False,False,False,PROVEN_EXACT_REPLAY
"02D9D1781418E7442956D4D901C8C611E58256556AE9A828E72128C3B5B8E3EB",10,control,SAFE-D3F8414F64394E49C30DD4FA,TapOnHeldLongNote,LegacyDownstream,OracleOrSemanticMismatch,MUT-00004462-09668B312E1AB2492AEA,4462,"OP-00003589-BaseHead-S3589-T190200-ANA","L2|T190200|ETAP|Tap|S3589|ONone|YFalse",,"L3|T190200|ETAP|Tap|S3589|OHeadOpportunity|YTrue",3,Tap,190200,GEN-22DDBBE6E403D82756488F8B,3,190029,190200,556.99893333333318480028444444,556.99893333333318480028444442,556.99893333333318480028444444,556.99893333333318480028444444,True,TapOnHeldLongNote,False,True,False,False,62ED3CDFE644C72A436809CF57B5613C42EBD9E8859B7C0F7EEF647B59F6E5E2,C41A23141E8D8BEAC53D811DA478A35D6C8C56D7C091FEA5C91468DDF5E74A73,29BD4EF5A17E203B6AB66B4F9B6B669BCD990D513090319A159A96C9F3C66F66,2E1A74FA6273F3411679BA3432339F7FCF153864F37A66E08B34F80C315EC8B3,4663,4663,,,,False,False,False,False,PROVEN_EXACT_REPLAY
"02D9D1781418E7442956D4D901C8C611E58256556AE9A828E72128C3B5B8E3EB",10,control,SAFE-E46C4E7B5022C20491F15E1C,TapOnHeldLongNote,LegacyDownstream,OracleOrSemanticMismatch,MUT-00004775-CB500CC43586E1DF1AF8,4775,"OP-00003850-BaseHead-S3850-T200427-ANA","L1|T200427|ETAP|Tap|S3850|ONone|YFalse",,"L5|T200427|ETAP|Tap|S3850|OHeadOpportunity|YTrue",5,Tap,200427,GEN-8E03B6D5C3E3DFEF89B9C9AA,5,200342,200427,586.99813333333317680049777778,586.99813333333317680049777773,586.99813333333317680049777778,586.99813333333317680049777778,True,TapOnHeldLongNote,False,True,False,False,6B54BF7772929761F68E06A0F597C4C18913C380EEC6B227AD0D2828B92C2614,167C4FF6893436664F8529022A1A3171111A8D780978F3568D6EE0DBC192A5C1,6E59220E535C684959B04559785EECDCE101288AE3C793201EEBA503C6BE03F6,8A02AF8AB73606263113322D237B65DEFE874B26AEB0D613DC39880C72D4F5B1,4992,4992,,,,False,False,False,False,PROVEN_EXACT_REPLAY
"02D9D1781418E7442956D4D901C8C611E58256556AE9A828E72128C3B5B8E3EB",10,control,SAFE-935C732E4C84CDA3C946D3A9,TapOnHeldLongNote,LegacyDownstream,OracleOrSemanticMismatch,MUT-00005469-1422DF5909C430B3EBB5,5469,"OP-00004455-BaseHead-S4455-T221819-ANA","L3|T221819|ETAP|Tap|S4455|ONone|YFalse",,"L2|T221819|ETAP|Tap|S4455|OHeadOpportunity|YTrue",2,Tap,221819,GEN-0E550F48BC17487EF4BDE10D,2,221734,221819,649.74799999999982673386666667,649.74799999999982673386666666,649.74799999999982673386666667,649.74799999999982673386666667,True,TapOnHeldLongNote,False,True,False,False,5FC4FB30DEE3FA88C3D6A117B1263183140F78D0720E6010034C06BD6AB60C31,E5CD46DC59481ACAB3EAD40D5FE41ABD032E39F26FE22EEED28A5EC7DD0C43E0,46A9D1EB70F554F2E416866B0CFDAE816CAE874CD3F6530682C406E145AD612C,F6FDFCD9BC0F5785ED9863889AD64DC595093AAC361EFBEB10A1E2077B233C91,5701,5701,,,,False,False,False,False,PROVEN_EXACT_REPLAY
"02D9D1781418E7442956D4D901C8C611E58256556AE9A828E72128C3B5B8E3EB",11,control,SAFE-877FC65EAD2B01D7BBD8BAF7,TapOnHeldLongNote,LegacyDownstream,OracleOrSemanticMismatch,MUT-00003824-50DA3E93C907B94EE3AA,3824,"OP-00003083-BaseHead-S3083-T163694-ANA","L0|T163694|ETAP|Tap|S3083|ONone|YFalse",,"L6|T163694|ETAP|Tap|S3083|OHeadOpportunity|YTrue",6,Tap,163694,GEN-55B52AF69F54912E9A19CF51,6,163609,163694,479.24799999999987220053333333,479.24799999999987220053333331,479.24799999999987220053333333,479.24799999999987220053333333,True,TapOnHeldLongNote,False,True,False,False,12416C3C4C9A04068595173B4194EAE105FA47F69D961C7DBAD0D40C54B51627,820E4B956372E4961BE64E2307E0BAF078F6D18C5448A8F77AC964830D570C47,37EB012538A0D3CE1A8C6B94D9AE92D8FEF058EC2CC56895985F98444A10E612,28D62A31CD75857885731E0DDC1F77889D6F574528AF21DD1EAB46776A3CB83B,3991,3991,,,,False,False,False,False,PROVEN_EXACT_REPLAY
"02D9D1781418E7442956D4D901C8C611E58256556AE9A828E72128C3B5B8E3EB",11,control,SAFE-8200C249554F1174880B6232,TapOnHeldLongNote,LegacyDownstream,OracleOrSemanticMismatch,MUT-00004784-E399B2AB11690992E7B0,4784,"OP-00003899-BaseHead-S3899-T202302-ANA","L0|T202302|ETAP|Tap|S3899|ONone|YFalse",,"L1|T202302|ETAP|Tap|S3899|OHeadOpportunity|YTrue",1,Tap,202302,GEN-6A34ACE7B98EB1142E7A680F,1,202217,202302,592.49813333333317533383111111,592.49813333333317533383111109,592.49813333333317533383111111,592.49813333333317533383111111,True,TapOnHeldLongNote,False,True,False,False,D4BAC1EEBFF4DEC2C2D3E9B0030C3EE993F1BA8EF1C34E01C56F504CA4CA17DB,D427CDA0CC46896DA6620498D4110794D2D58B404A8C3D55B5B5CA910D35AA13,572827FE9A66458F57EB944D2904021D03B77A14162AAECEA3AB70A723BF53D3,764D6EB77C29429E7756BF00AA991B7B5E38207C66BED0D1EC9F0630F5F69493,5002,5002,,,,False,False,False,False,PROVEN_EXACT_REPLAY
"02D9D1781418E7442956D4D901C8C611E58256556AE9A828E72128C3B5B8E3EB",11,control,SAFE-356E41BC2928AFCBB27AF4F9,TapOnHeldLongNote,LegacyDownstream,OracleOrSemanticMismatch,MUT-00005222-88309CEC01C01356A01B,5222,"OP-00004283-BaseHead-S4283-T215683-ANA","L2|T215683|ETAP|Tap|S4283|ONone|YFalse",,"L6|T215683|ETAP|Tap|S4283|OHeadOpportunity|YTrue",6,Tap,215683,GEN-C98284A6FDD9ADFDA2593EF4,6,215598,215683,631.74906666666649820024888889,631.74906666666649820024888887,631.74906666666649820024888889,631.74906666666649820024888889,True,TapOnHeldLongNote,False,True,False,False,A49DDCDFB809EE42E9496E59A9812604491A8D1862C297ECA50C85FB452DB410,48D3528AFDC5114561FA889EF2CD84DA8583E980B2428FBDBE1AAE2AE17E1A20,B04B6B7110889A771DB0F8B5B2C72C209EA8C3DD495BA0C3ED4637E8641D7378,1DFC7B62FE4B7FA304C6E3AD44673EE0508FA004CCE2C4999B18793D5B61FABA,5447,5447,,,,False,False,False,False,PROVEN_EXACT_REPLAY
"02D9D1781418E7442956D4D901C8C611E58256556AE9A828E72128C3B5B8E3EB",11,control,SAFE-935C732E4C84CDA3C946D3A9,TapOnHeldLongNote,LegacyDownstream,OracleOrSemanticMismatch,MUT-00005430-6F19FDD6AE6FF6F2BEA8,5430,"OP-00004455-BaseHead-S4455-T221819-ANA","L3|T221819|ETAP|Tap|S4455|ONone|YFalse",,"L2|T221819|ETAP|Tap|S4455|OHeadOpportunity|YTrue",2,Tap,221819,GEN-85F337118431C368CC114FD2,2,221734,221819,649.74799999999982673386666667,649.74799999999982673386666666,649.74799999999982673386666667,649.74799999999982673386666667,True,TapOnHeldLongNote,False,True,False,False,CA90D9BF42A7261D1AF279F2DC89E9FB63B55281B77D8E67B67CED2142A0E798,F93CE4D67CDF94DD061E0F06A2AE8784A3B4F6143F172ED2E781EFB94103838F,E765DF40BD141EBB27A2E7C76DC6F2F9BA9D357E9A1C71FEA4AE31B70D3C8B71,361DBB6F5365AC7B0B4A9331CF276BD0846B2277A29DFF768792707A4C483E59,5658,5658,,,,False,False,False,False,PROVEN_EXACT_REPLAY
"02D9D1781418E7442956D4D901C8C611E58256556AE9A828E72128C3B5B8E3EB",12,control,SAFE-B4DEF6210911274370EC755B,TapOnHeldLongNote,LegacyDownstream,OracleOrSemanticMismatch,MUT-00000178-260DDC20FD0CD83ACA32,178,"OP-00000126-BaseHead-S126-T13950-ANA","L2|T13950|ETAP|Tap|S126|ONone|YFalse",,"L4|T13950|ETAP|Tap|S126|OHeadOpportunity|YTrue",4,Tap,13950,GEN-9D3A7379239CD32D40B14437,4,13609,13950,39.998933333333322666951111111,39.998933333333322666951111110,39.998933333333322666951111111,39.998933333333322666951111111,True,TapOnHeldLongNote,False,True,False,False,9C92BF24753441D7AB122F735199B0CD3E09940CDC4EC516E948CFCB8460E9A4,0729AB8B8CF06D57449AF386EBBFB5A632E73EFB46111B07F8A5CA628D4B4889,B0537D8B89D84C70A6BA398474065BB70D3E06B811410F5674D754EB47E54684,1B3323C357BD47BCABE7C32B405983D2001EF27783B7DC05DF35385CB23C1F65,196,196,,,,False,False,False,False,PROVEN_EXACT_REPLAY
"02D9D1781418E7442956D4D901C8C611E58256556AE9A828E72128C3B5B8E3EB",12,control,SAFE-CF56B2492A441FF73112A88A,TapOnHeldLongNote,LegacyDownstream,OracleOrSemanticMismatch,MUT-00000192-0690E4F4B697B9F66464,192,"OP-00000135-BaseHead-S135-T14632-ANA","L3|T14632|ETAP|Tap|S135|ONone|YFalse",,"L2|T14632|ETAP|Tap|S135|OHeadOpportunity|YTrue",2,Tap,14632,GEN-09D8B9B4B87414EB9E146EB3,2,14291,14632,41.999466666666655466808888889,41.999466666666655466808888887,41.999466666666655466808888889,41.999466666666655466808888889,True,TapOnHeldLongNote,False,True,False,False,B641E2A93A6AED354E0A660110DC38CE407081B634F0A40244C3E2F21A41D4EB,324AE9746821638D24B34353FD3AF454B657DDAC5A980C4A8B9273AC08FB7D48,13CB27E2C871A1E6E2277010E02F60178CD87E73BB0DFF67F534FBEF9BB7708E,5127BDB7DDB6EE28C43E18951B3F21CF6F382AE43DD265576C322238E9B1A72E,212,212,,,,False,False,False,False,PROVEN_EXACT_REPLAY
"02D9D1781418E7442956D4D901C8C611E58256556AE9A828E72128C3B5B8E3EB",12,control,SAFE-299AAB9BC240F89D902E6203,TapOnHeldLongNote,LegacyDownstream,OracleOrSemanticMismatch,MUT-00001693-FAFFF69323C89D74E154,1693,"OP-00001379-BaseHead-S1379-T78637-ANA","L2|T78637|ETAP|Tap|S1379|ONone|YFalse",,"L1|T78637|ETAP|Tap|S1379|OHeadOpportunity|YTrue",1,Tap,78637,GEN-7105039510092374576D2A1E,1,78552,78637,229.74746666666660540067555556,229.74746666666660540067555555,229.74746666666660540067555556,229.74746666666660540067555556,True,TapOnHeldLongNote,False,True,False,False,54D2457B9967B0958C7BC1364F124440A0AA69560A3BCEF2788D89B69911383B,1E87EBD0F1FB850A57DC6B293A255923FDF2C6E9639D712397F0DBFE4F91855F,BED07C5DB50946FEDD8C92E2140433720E2DF58E9288679923EC9B6F1DDE37FA,6CF40E3BC7DA0FEAF3BD17BDFA51DD3FAA46A588A7DD3E3A22643603E887AADD,1760,1760,,,,False,False,False,False,PROVEN_EXACT_REPLAY
"02D9D1781418E7442956D4D901C8C611E58256556AE9A828E72128C3B5B8E3EB",12,control,SAFE-F26F0911FF28A00A46B372C0,TapOnHeldLongNote,LegacyDownstream,OracleOrSemanticMismatch,MUT-00003841-1B7E9F197F25DA711DB4,3841,"OP-00003072-BaseHead-S3072-T163268-ANA","L0|T163268|ETAP|Tap|S3072|ONone|YFalse",,"L2|T163268|ETAP|Tap|S3072|OHeadOpportunity|YTrue",2,Tap,163268,GEN-7C376D00C177447C1EFEA631,2,163183,163268,477.99839999999987253376,477.99839999999987253375999996,477.99839999999987253376,477.99839999999987253376,True,TapOnHeldLongNote,False,True,False,False,A9C35F1C020C6AB25F54DCA48CB4AA4104C483D58BC67D48E4D56CCCE89173BF,42D67F35EFC73C23B4FECEAB9D4CE5B1121965406D881168175A7A26737DFE42,85CE198718B04311C68FE7ECEAA9DDFD14943DC44C9144299796D273AFD9531E,7758E6096B768D1B28C821B01BED650F8176567F0B35299F76B0BD0E76EB326D,4018,4018,,,,False,False,False,False,PROVEN_EXACT_REPLAY
"02D9D1781418E7442956D4D901C8C611E58256556AE9A828E72128C3B5B8E3EB",12,control,SAFE-877FC65EAD2B01D7BBD8BAF7,TapOnHeldLongNote,LegacyDownstream,OracleOrSemanticMismatch,MUT-00003855-BB69772897F6E6F5C6BD,3855,"OP-00003083-BaseHead-S3083-T163694-ANA","L0|T163694|ETAP|Tap|S3083|ONone|YFalse",,"L6|T163694|ETAP|Tap|S3083|OHeadOpportunity|YTrue",6,Tap,163694,GEN-87EEB6C89D23E0CFF4D93953,6,163609,163694,479.24799999999987220053333333,479.24799999999987220053333331,479.24799999999987220053333333,479.24799999999987220053333333,True,TapOnHeldLongNote,False,True,False,False,E46941F5DA4B6BD579EA73D75B86E3C86CAC0B886FA7510EC22D7A35231CFCCB,271CC77CD325C77B9372C84BF1A07D1835B82D501F8736D4BBA0E0CDA7835261,2FE44DCD95959F09B2CAC2F69C8DACE8696509F4B397E099622C1543078964FF,6500C2E3F123EE2506CB0024E3B3803F1070ACF3D49DF6B36CB8F57417A6FC02,4033,4033,,,,False,False,False,False,PROVEN_EXACT_REPLAY
"02D9D1781418E7442956D4D901C8C611E58256556AE9A828E72128C3B5B8E3EB",12,control,SAFE-356E41BC2928AFCBB27AF4F9,TapOnHeldLongNote,LegacyDownstream,OracleOrSemanticMismatch,MUT-00005241-A9DE1FB2BE9BA62D8A81,5241,"OP-00004283-BaseHead-S4283-T215683-ANA","L2|T215683|ETAP|Tap|S4283|ONone|YFalse",,"L6|T215683|ETAP|Tap|S4283|OHeadOpportunity|YTrue",6,Tap,215683,GEN-4363A5646C2872C4E5C19B59,6,215598,215683,631.74906666666649820024888889,631.74906666666649820024888887,631.74906666666649820024888889,631.74906666666649820024888889,True,TapOnHeldLongNote,False,True,False,False,57EA89009BDAC8F09C7EF9C3945A5987E6252517BE05E42C0C4BD1AC47B76CDD,E047E0A91BEEDE698E534892B95D30D96384E4C02E12A50AE40E78C1B9920784,2E824959A60893326A10F0CE55561F33B1E7DDBAEA3B52807FF57BFF7E32E45B,7971AB17E59A94CEFE6A76E5D5DE41F44BEF02AD81A3FE7E15F583BEAF219CFD,5468,5468,,,,False,False,False,False,PROVEN_EXACT_REPLAY
"02D9D1781418E7442956D4D901C8C611E58256556AE9A828E72128C3B5B8E3EB",13,control,SAFE-33C011315E48816573B88CB2,TapOnHeldLongNote,LegacyDownstream,OracleOrSemanticMismatch,MUT-00000247-5B168AA1733B2AA83224,247,"OP-00000182-BaseHead-S182-T18382-ANA","L1|T18382|ETAP|Tap|S182|ONone|YFalse",,"L6|T18382|ETAP|Tap|S182|OHeadOpportunity|YTrue",6,Tap,18382,GEN-0AC76A16CC1783DFFC330BE8,6,18041,18382,52.999466666666652533475555556,52.999466666666652533475555551,52.999466666666652533475555556,52.999466666666652533475555556,True,TapOnHeldLongNote,False,True,False,False,28645A5F73501A0F455D48D5EACFCC5BD7DA94A292A88D9100DE71250C0CF36F,E3D6CD8C91BA4B21471FA895119B8CF1DF46C5E1EF1EABBDFF0F80D69E538C69,EA85E5E5F8048738B8821B8C0CD8166066DF9C22C0036900DD4B1B89AD08F3E4,21E48A79235E6CF06DCF27114B0E941DCC3D528AD44A8187ED7CB5D2EA5983F6,273,273,,,,False,False,False,False,PROVEN_EXACT_REPLAY
"02D9D1781418E7442956D4D901C8C611E58256556AE9A828E72128C3B5B8E3EB",13,control,SAFE-F26F0911FF28A00A46B372C0,TapOnHeldLongNote,LegacyDownstream,OracleOrSemanticMismatch,MUT-00003827-E5000B302FDC0F3771A1,3827,"OP-00003073-BaseHead-S3073-T163268-ANA","L4|T163268|ETAP|Tap|S3073|ONone|YFalse",,"L2|T163268|ETAP|Tap|S3073|OHeadOpportunity|YTrue",2,Tap,163268,GEN-CD9A790D77A027B3E9F2FF44,2,163183,163268,477.99839999999987253376,477.99839999999987253375999996,477.99839999999987253376,477.99839999999987253376,True,TapOnHeldLongNote,False,True,False,False,88CBC75FFBD24AF9AB7AFC3469873720BE02567D639AA2A578A58B1297439A98,7317F9A58F762405492B9DE4089E82FBB5C85E652BD5B634029A6B9C6ACF8185,68477CD1A929F27C21B722B2FCFB1B4071EBA39AB0933C299D86D1868E4ADAD5,39C3C856A858B19F964B96B49AEA28C5642B0ED726D12042CCDBA0F1D5BBEBC3,3999,3999,,,,False,False,False,False,PROVEN_EXACT_REPLAY
"02D9D1781418E7442956D4D901C8C611E58256556AE9A828E72128C3B5B8E3EB",13,control,SAFE-F57B8FC859D33F59C379A563,TapOnHeldLongNote,LegacyDownstream,OracleOrSemanticMismatch,MUT-00005432-D36701652B2D2ADD35E5,5432,"OP-00004471-BaseHead-S4471-T222416-ANA","L2|T222416|ETAP|Tap|S4471|ONone|YFalse",,"L1|T222416|ETAP|Tap|S4471|OHeadOpportunity|YTrue",1,Tap,222416,GEN-46BD7173BAF739F0E4D551BC,1,222331,222416,651.49919999999982626688,651.49919999999982626687999996,651.49919999999982626688,651.49919999999982626688,True,TapOnHeldLongNote,False,True,False,False,B84DC0692741739705C53FA0949AFD23C60569CB4D13AD91F58095F9B056D593,623D012BA5FCE385F05E727727B3344F4CEC787DE88F1AA0D63BDB6AC19F807C,501A4CB5CBE78472B3386C549427FA9B448BB577D0F8A79F887E91FA53573514,3831FD949A95B8C64244E233A8930D6B54652F2FDBD344FF4C28C5E6E723D6F4,5642,5642,,,,False,False,False,False,PROVEN_EXACT_REPLAY
"02D9D1781418E7442956D4D901C8C611E58256556AE9A828E72128C3B5B8E3EB",14,control,SAFE-B5FE6947D70D46D51A28CC35,TapOnHeldLongNote,LegacyDownstream,OracleOrSemanticMismatch,MUT-00001792-48DB33D5E1BBDC11732D,1792,"OP-00001451-BaseHead-S1451-T81194-ANA","L4|T81194|ETAP|Tap|S1451|ONone|YFalse",,"L2|T81194|ETAP|Tap|S1451|OHeadOpportunity|YTrue",2,Tap,81194,GEN-8C6605311251F7D2A0EAFD5C,2,81109,81194,237.24799999999993673386666667,237.24799999999993673386666666,237.24799999999993673386666667,237.24799999999993673386666667,True,TapOnHeldLongNote,False,True,False,False,DB5AC440A5CB84A0F96A637367865FE52D94EB40E87E3F4094CA20DA78DC5139,D1ADDFEA95E932B0AF4700DB52542EA2E00B295139D25AEFD2D93083FA54C8F3,8650DD5E1C5646F1D198CAFCA6B40AB645BAE74BB6AD969B3D4CA853CD727229,04986599899C9F8A77CBAB8329B9A66E414EC4419C8C05855A9EB899543FC9A9,1863,1863,,,,False,False,False,False,PROVEN_EXACT_REPLAY
"02D9D1781418E7442956D4D901C8C611E58256556AE9A828E72128C3B5B8E3EB",14,control,SAFE-E46C4E7B5022C20491F15E1C,TapOnHeldLongNote,LegacyDownstream,OracleOrSemanticMismatch,MUT-00004759-0FB2E1D172E43CD8F7F5,4759,"OP-00003850-BaseHead-S3850-T200427-ANA","L1|T200427|ETAP|Tap|S3850|ONone|YFalse",,"L5|T200427|ETAP|Tap|S3850|OHeadOpportunity|YTrue",5,Tap,200427,GEN-2BEDAC219929073FC211CE87,5,200342,200427,586.99813333333317680049777778,586.99813333333317680049777773,586.99813333333317680049777778,586.99813333333317680049777778,True,TapOnHeldLongNote,False,True,False,False,DFE4462FF1323B68A730E0933E01B5FCA2FD99F9253055C3ABE93F185025165F,6F4118656C47B73498F31FCD761DED7C19BDDCFFE12ABE0841F8DC73D94817DF,C2F9AFD0ED68C3AA0DDC670C42415C1CC43305F2B7F439A35E1881408CF70C94,683CD8C3FE8585EF5B0AB0762A79DEACC46CC11D7F7DBF39CE70C7DD393363DF,4978,4978,,,,False,False,False,False,PROVEN_EXACT_REPLAY
"02D9D1781418E7442956D4D901C8C611E58256556AE9A828E72128C3B5B8E3EB",14,control,SAFE-356E41BC2928AFCBB27AF4F9,TapOnHeldLongNote,LegacyDownstream,OracleOrSemanticMismatch,MUT-00005251-E4100BC61D11A418B75D,5251,"OP-00004283-BaseHead-S4283-T215683-ANA","L2|T215683|ETAP|Tap|S4283|ONone|YFalse",,"L6|T215683|ETAP|Tap|S4283|OHeadOpportunity|YTrue",6,Tap,215683,GEN-B2DEED8CBA5F3EA6E43CB6DB,6,215598,215683,631.74906666666649820024888889,631.74906666666649820024888887,631.74906666666649820024888889,631.74906666666649820024888889,True,TapOnHeldLongNote,False,True,False,False,42FFBAF7AE9DBD737F639D77E77FBA9764147CBA72531F4E1D9F8B492C256ED7,323030F706AFC62596BA107DE85C815E7D9377564718747F68069D71587B1034,E05F2554D6ACE38ED79E29E5E8E90283EE8D4C2B3F6490EB584079DA92C33EA3,2B2041E6B2A962FA7E3A90B1173065DEA48136BE77E4794A3DB0746EED2526AA,5480,5480,,,,False,False,False,False,PROVEN_EXACT_REPLAY
"02D9D1781418E7442956D4D901C8C611E58256556AE9A828E72128C3B5B8E3EB",15,control,SAFE-4B865827064B6A32F3FA490F,TapOnHeldLongNote,LegacyDownstream,OracleOrSemanticMismatch,MUT-00000917-300169E0A470FBAC47BE,917,"OP-00000674-BaseHead-S674-T51961-ANA","L5|T51961|ETAP|Tap|S674|ONone|YFalse",,"L0|T51961|ETAP|Tap|S674|OHeadOpportunity|YTrue",0,Tap,51961,GEN-2B17B6B05AB4B71D433596BE,0,51876,51961,151.49786666666662626723555556,151.49786666666662626723555555,151.49786666666662626723555556,151.49786666666662626723555556,True,TapOnHeldLongNote,False,True,False,False,E5541E2F2E3AB4AD8345604AFA2C77B751D28A2A0B48925C55C9413FB8E28AED,9AF337BA9592B1020CEE8CDBE8ED9A912DD6CAE25FE6AA99089340EE98C65598,5383F85BC759E8695BDB9ED079F7ACA3117BD07641857900E6CEA3837D346364,3DB5C0B0C10C3B838527831061ED77826D8963254ED6D3933C0C90969EA49B87,974,974,,,,False,False,False,False,PROVEN_EXACT_REPLAY
"02D9D1781418E7442956D4D901C8C611E58256556AE9A828E72128C3B5B8E3EB",15,control,SAFE-6B4D2F933136A54BCAE7DE92,TapOnHeldLongNote,LegacyDownstream,OracleOrSemanticMismatch,MUT-00001050-D5D4CB560E2F0E1DBA2F,1050,"OP-00000785-BaseHead-S785-T55967-ANA","L3|T55967|ETAP|Tap|S785|ONone|YFalse",,"L5|T55967|ETAP|Tap|S785|OHeadOpportunity|YTrue",5,Tap,55967,GEN-C4B90314A21C533B522A2B12,5,55882,55967,163.24879999999995646698666667,163.24879999999995646698666666,163.24879999999995646698666667,163.24879999999995646698666667,True,TapOnHeldLongNote,False,True,False,False,66CEF1E964DA4D9F103A7080DE876129FF6E977DA3452248F867E9C17CDEBCF7,F172AE4E615D7E25CBBA4152D26088F65F31D2820D19F81309F91A1A7D7DB92D,5D79E9EFB94E5BEF6F85B9130C49B171249C9A25C88A03097EA2CBCD05B5175F,1F77BCE2E83EF5E27B950C9DB0CC99A0E9D32A252BD7F8E105D57431455DB888,1114,1114,,,,False,False,False,False,PROVEN_EXACT_REPLAY
"02D9D1781418E7442956D4D901C8C611E58256556AE9A828E72128C3B5B8E3EB",15,control,SAFE-1CBF950CCC3E2BCBE7ED035F,TapOnHeldLongNote,LegacyDownstream,OracleOrSemanticMismatch,MUT-00003954-C0C7ED0D46DB73D7395C,3954,"OP-00003139-BaseHead-S3139-T165569-ANA","L6|T165569|ETAP|Tap|S3139|ONone|YFalse",,"L0|T165569|ETAP|Tap|S3139|OHeadOpportunity|YTrue",0,Tap,165569,GEN-11BA9E38C973020581F36CBC,0,165484,165569,484.74799999999987073386666667,484.74799999999987073386666663,484.74799999999987073386666667,484.74799999999987073386666667,True,TapOnHeldLongNote,False,True,False,False,660E1A32FF81E37DD69A49714BC16FC2448CFC31DC6FC26D733E83A8264D1B60,803B0040D60647851C0138336CBAD01590163130B68FBEBF6666B0F82AE06E18,3760C86DEA19B9D61A9A7EAD5485C419DFB1A0B710B26D051DAC5F19E54AEB98,10BB77FA327328401BACB85719915F0935C6CF8C99F69CB3176F59CE50A36495,4134,4134,,,,False,False,False,False,PROVEN_EXACT_REPLAY
"02D9D1781418E7442956D4D901C8C611E58256556AE9A828E72128C3B5B8E3EB",15,control,SAFE-CCDDFBBA27194F7019526273,TapOnHeldLongNote,LegacyDownstream,OracleOrSemanticMismatch,MUT-00004321-951E8C1EF5D1248A4354,4321,"OP-00003456-BaseHead-S3456-T178950-ANA","L4|T178950|ETAP|Tap|S3456|ONone|YFalse",,"L2|T178950|ETAP|Tap|S3456|OHeadOpportunity|YTrue",2,Tap,178950,GEN-4A9179556C04FA0F7A0B97D4,2,178439,178950,523.99893333333319360028444444,523.99893333333319360028444443,523.99893333333319360028444444,523.99893333333319360028444444,True,TapOnHeldLongNote,False,True,False,False,B61AF0E678C85259C65D127BB6B28F0809EDCD6E28A7F0D52548E6FEF8B8421A,BA925E7F1549BFA92D5228DCD2C40C9EDFC5BC4D2DC46C5FB8F38CC5F9889240,46F45064D0A236E8E0EE172DC94CFB35B5F04D53D3F216ED2177FC7F8A4D5D86,B5402DAB1F311D4EBA8A3412ECC3800244C95068C5DF2D1A4F321D962B56737E,4517,4517,,,,False,False,False,False,PROVEN_EXACT_REPLAY
"02D9D1781418E7442956D4D901C8C611E58256556AE9A828E72128C3B5B8E3EB",15,control,SAFE-E46C4E7B5022C20491F15E1C,TapOnHeldLongNote,LegacyDownstream,OracleOrSemanticMismatch,MUT-00004790-6646135954AF22742BCD,4790,"OP-00003850-BaseHead-S3850-T200427-ANA","L1|T200427|ETAP|Tap|S3850|ONone|YFalse",,"L5|T200427|ETAP|Tap|S3850|OHeadOpportunity|YTrue",5,Tap,200427,GEN-8C05530EAF07387E41B7F292,5,200342,200427,586.99813333333317680049777778,586.99813333333317680049777773,586.99813333333317680049777778,586.99813333333317680049777778,True,TapOnHeldLongNote,False,True,False,False,9E43765040FC35B3BCEF3D1C56E1A66F5D40F397D5EFBB4A83E9C8B2112EE4DF,F084567C1B34F8C00AE27FB52454A1599CC044AED9F29EB53681A705DF0F8A3D,71EA2D2675C7D48324A5654D424AB292AD00518BBF7353939494126B6073FDEF,BB0B5526268786CB53D0BB565E7749416AF379E23DF5F58B6193B67140CA2ADF,5019,5019,,,,False,False,False,False,PROVEN_EXACT_REPLAY
"02D9D1781418E7442956D4D901C8C611E58256556AE9A828E72128C3B5B8E3EB",15,control,SAFE-356E41BC2928AFCBB27AF4F9,TapOnHeldLongNote,LegacyDownstream,OracleOrSemanticMismatch,MUT-00005291-5FB0862E8ACE6575FD75,5291,"OP-00004283-BaseHead-S4283-T215683-ANA","L2|T215683|ETAP|Tap|S4283|ONone|YFalse",,"L6|T215683|ETAP|Tap|S4283|OHeadOpportunity|YTrue",6,Tap,215683,GEN-EF83CE85499D2CEB745CEF5E,6,215598,215683,631.74906666666649820024888889,631.74906666666649820024888887,631.74906666666649820024888889,631.74906666666649820024888889,True,TapOnHeldLongNote,False,True,False,False,20A166F439C7BFA2B984E11417551D92705C36C7F6EFC9BB76EC3228C676829D,FAD1F07BB7A8CEF6CA683241F28E5E1F12BF555326B1986A66205A4C0F55686D,78DE4CEE72F6C80B3193D63A459561D64E8F25D7E5C087CBD0F252F70C78F3CE,AA59419F6330826D57501E7FFD124EB66565BA003D237C656C2CE810DBFA8C3A,5534,5534,,,,False,False,False,False,PROVEN_EXACT_REPLAY
"02D9D1781418E7442956D4D901C8C611E58256556AE9A828E72128C3B5B8E3EB",16,control,SAFE-299AAB9BC240F89D902E6203,TapOnHeldLongNote,LegacyDownstream,OracleOrSemanticMismatch,MUT-00001702-77306B9C27C6DCB68776,1702,"OP-00001379-BaseHead-S1379-T78637-ANA","L2|T78637|ETAP|Tap|S1379|ONone|YFalse",,"L1|T78637|ETAP|Tap|S1379|OHeadOpportunity|YTrue",1,Tap,78637,GEN-BF787FB4252AA810242CAFB3,1,78552,78637,229.74746666666660540067555556,229.74746666666660540067555555,229.74746666666660540067555556,229.74746666666660540067555556,True,TapOnHeldLongNote,False,True,False,False,C0C99E9FF6984F028D839833FC2D014B0C059B2B52A4E0FEABB48A01E505C8D6,9FBD07C0833FC4D910F2572224FA6D22509B64E79AC58F327CE80D2DB81812B4,A029F9FD217D6A59DA83DE453097FE32D869F3BF25A5108F9AF1ACD7043F4BF8,08CC69BB0311E98905035BCC765E505072F05C17183BA44FD47B0339EDD60CDD,1776,1776,,,,False,False,False,False,PROVEN_EXACT_REPLAY
"02D9D1781418E7442956D4D901C8C611E58256556AE9A828E72128C3B5B8E3EB",16,control,SAFE-F26F0911FF28A00A46B372C0,TapOnHeldLongNote,LegacyDownstream,OracleOrSemanticMismatch,MUT-00003864-7D6C7D888EB77768DA4E,3864,"OP-00003072-BaseHead-S3072-T163268-ANA","L0|T163268|ETAP|Tap|S3072|ONone|YFalse",,"L2|T163268|ETAP|Tap|S3072|OHeadOpportunity|YTrue",2,Tap,163268,GEN-51287E91258C640EDA5F3B7F,2,163183,163268,477.99839999999987253376,477.99839999999987253375999996,477.99839999999987253376,477.99839999999987253376,True,TapOnHeldLongNote,False,True,False,False,740E9CEFF72E6A5D019CBF91F3A64352DF94582876E913FA0A5F64D645F8085D,6724438799E9FFEDE113468272BFE8017A1C8C1A64B1D9293F1080E9134B48F4,5CF77C1F901107A24D1B619F1BB5F8F18EA9B15D51A74305360C1D9D25320CAB,0B41CF865C672530F6717BA2AE81C6C04A43E538F6998AA668DF05734FE53EDD,4044,4044,,,,False,False,False,False,PROVEN_EXACT_REPLAY
"02D9D1781418E7442956D4D901C8C611E58256556AE9A828E72128C3B5B8E3EB",16,control,SAFE-8200C249554F1174880B6232,TapOnHeldLongNote,LegacyDownstream,OracleOrSemanticMismatch,MUT-00004840-AF62F5317D78DB9696A2,4840,"OP-00003899-BaseHead-S3899-T202302-ANA","L0|T202302|ETAP|Tap|S3899|ONone|YFalse",,"L1|T202302|ETAP|Tap|S3899|OHeadOpportunity|YTrue",1,Tap,202302,GEN-6A2B139FAC0BCF23FDD33CA6,1,202217,202302,592.49813333333317533383111111,592.49813333333317533383111109,592.49813333333317533383111111,592.49813333333317533383111111,True,TapOnHeldLongNote,False,True,False,False,748F3BAD400D9A43EFC90F5303CBF7965D6F9D429D2896D32E97661D2B5E6493,C37E2440911CBE92C329FD2CB20824BBC216E95517F6347A63435E575156356B,6BA905D82F54ED57F6DE291D16F007753B62BA693DE336D53A6C7D914377CADF,0D1A14B9F5767AEA0A33BEC0AA0B4814A39A818783839F7F26D70BE9C14C85AE,5072,5072,,,,False,False,False,False,PROVEN_EXACT_REPLAY
"02D9D1781418E7442956D4D901C8C611E58256556AE9A828E72128C3B5B8E3EB",16,control,SAFE-9818D3425CCF87C5F26D8914,TapOnHeldLongNote,LegacyDownstream,OracleOrSemanticMismatch,MUT-00004903-C3B4F0571B37767A78F9,4903,"OP-00003953-BaseHead-S3953-T204262-ANA","L1|T204262|ETAP|Tap|S3953|ONone|YFalse",,"L0|T204262|ETAP|Tap|S3953|OHeadOpportunity|YTrue",0,Tap,204262,GEN-30C19BBA6EFDFDAF8D2764FA,0,204177,204262,598.24746666666650713400888889,598.24746666666650713400888886,598.24746666666650713400888889,598.24746666666650713400888889,True,TapOnHeldLongNote,False,True,False,False,AED1DDAD673AF50F9AAC8B5DF9166763245413D4355CEA5349FB5F7E13D226FF,5CD9D15355AE9B222A30F6A268B7F1E308E07DD0BBAA50E1855CF65AEA6B8A25,2D48941466CCC386ABA586B0866989E7167FE4D64B6A9B32660EF0A413ECDB73,5FD4AE57F66BE58522F92EEF7C5B900E21C9FB15EC7730D0CC8001A8F2194D07,5137,5137,,,,False,False,False,False,PROVEN_EXACT_REPLAY
"02D9D1781418E7442956D4D901C8C611E58256556AE9A828E72128C3B5B8E3EB",16,control,SAFE-BDFE78F2E94AEEDBFE1EEE8B,TapOnHeldLongNote,LegacyDownstream,OracleOrSemanticMismatch,MUT-00005481-E4D464BBC746609EF65C,5481,"OP-00004447-BaseHead-S4447-T221564-ANA","L4|T221564|ETAP|Tap|S4447|ONone|YFalse",,"L1|T221564|ETAP|Tap|S4447|OHeadOpportunity|YTrue",1,Tap,221564,GEN-6E7F7D29FAC36FA9B838C92E,1,221478,221564,648.99999999999982693333333333,648.99999999999982693333333332,648.99999999999982693333333333,648.99999999999982693333333333,True,TapOnHeldLongNote,False,True,False,False,DBD55523FD8EC80E562D96C5CC0C6150175929571470DB252204451824C0A6A9,09156B3386097112779F947B4D014E43DFF0E80C1CC1C1F3A854FB7FF4C1D286,3761F2643A7501D65D8C70522A9B12407940822ACE73CA9E5B57643F2D218023,3F2683723B29B86043052D122C2A96C97DA6DC8B557CDACD3ADEAA29BC4BE6D1,5726,5726,,,,False,False,False,False,PROVEN_EXACT_REPLAY
"02D9D1781418E7442956D4D901C8C611E58256556AE9A828E72128C3B5B8E3EB",17,control,SAFE-6B4D2F933136A54BCAE7DE92,TapOnHeldLongNote,LegacyDownstream,OracleOrSemanticMismatch,MUT-00001011-94CF7093892BEB22EAFC,1011,"OP-00000785-BaseHead-S785-T55967-ANA","L3|T55967|ETAP|Tap|S785|ONone|YFalse",,"L5|T55967|ETAP|Tap|S785|OHeadOpportunity|YTrue",5,Tap,55967,GEN-1EB6436B2FDDF2EE775EDD7A,5,55882,55967,163.24879999999995646698666667,163.24879999999995646698666666,163.24879999999995646698666667,163.24879999999995646698666667,True,TapOnHeldLongNote,False,True,False,False,A52D3553C04B4CC953F731D94D3979F8BACEA52440E5C2505D6CADE4F6399F9B,B0DB281C135A5D5EA7418745784EA87A1A7680CA36B35CE34BB27537BDA48A73,417F7B0BFF106159F01993459DDBBE9E4C35C50EAFEFFBC1212D02689D993370,DF601A8A5A6C81B2734A8EAE07D386593BE266D74A1BDCEB5471A13625489BF3,1062,1062,,,,False,False,False,False,PROVEN_EXACT_REPLAY
"02D9D1781418E7442956D4D901C8C611E58256556AE9A828E72128C3B5B8E3EB",17,control,SAFE-356E41BC2928AFCBB27AF4F9,TapOnHeldLongNote,LegacyDownstream,OracleOrSemanticMismatch,MUT-00005188-8755321FCC97CADDCDA0,5188,"OP-00004283-BaseHead-S4283-T215683-ANA","L2|T215683|ETAP|Tap|S4283|ONone|YFalse",,"L6|T215683|ETAP|Tap|S4283|OHeadOpportunity|YTrue",6,Tap,215683,GEN-FA390004CC25045B9D790F41,6,215598,215683,631.74906666666649820024888889,631.74906666666649820024888887,631.74906666666649820024888889,631.74906666666649820024888889,True,TapOnHeldLongNote,False,True,False,False,5A34E2B09080FB343BD3E812301A8B95817B8C607916A06B18A01F4E045DDF1A,690918647F896252CFC91D56E12FE42D41A3EFFC92AE547197D51FE0B11B75B1,CE3538CEFE0A6A8059E54B03661BF167FDFBDAC7B3C113825F100D27D19B2191,09EF1EAB140128A4151DD2D484C39F4CC24861D12289B4149DFB5C24E5CEDCEB,5387,5387,,,,False,False,False,False,PROVEN_EXACT_REPLAY
"02D9D1781418E7442956D4D901C8C611E58256556AE9A828E72128C3B5B8E3EB",18,control,SAFE-BB76ADF3AA18EF898FC889BA,TapOnHeldLongNote,LegacyDownstream,OracleOrSemanticMismatch,MUT-00000126-461C15F3C2088D11923A,126,"OP-00000085-BaseHead-S85-T11137-ANA","L3|T11137|ETAP|Tap|S85|ONone|YFalse",,"L2|T11137|ETAP|Tap|S85|OHeadOpportunity|YTrue",2,Tap,11137,GEN-87AADB67FE0A7C1032263C4F,2,10882,11137,31.747466666666658200675555556,31.747466666666658200675555555,31.747466666666658200675555556,31.747466666666658200675555556,True,TapOnHeldLongNote,False,True,False,False,9019BA8A21C048FE8C1708C0D830A06EE8312119D8DAFF0B995FE27928A5DF23,507265A46429E49162F1531CA96CC66DBBAFD7BBCA95919A26489FCA1E2F7337,63619AC0865841BD2FE4BABDAA0BA3F031238BEF58F11B72CD0C674F200F82AE,9EA1AAF582794919CB8DC7ABA42F9AEC5D5FF62CF41A272B475DA769164AF58F,144,144,,,,False,False,False,False,PROVEN_EXACT_REPLAY
"02D9D1781418E7442956D4D901C8C611E58256556AE9A828E72128C3B5B8E3EB",18,control,SAFE-16B8A3E08CAB5D31967E13ED,TapOnHeldLongNote,LegacyDownstream,OracleOrSemanticMismatch,MUT-00003773-7DD388ADD9242C805142,3773,"OP-00003032-BaseHead-S3032-T161990-ANA","L1|T161990|ETAP|Tap|S3032|ONone|YFalse",,"L6|T161990|ETAP|Tap|S3032|OHeadOpportunity|YTrue",6,Tap,161990,GEN-9E6C54AB7B664367CE23C226,6,161904,161990,474.24959999999987353344,474.24959999999987353343999998,474.24959999999987353344,474.24959999999987353344,True,TapOnHeldLongNote,False,True,False,False,612B22FA6272EBF3AC33A7DE2EC10D503218D5DB919A87659DA8FCC95264661E,6FD5058445199E353BA2587888BAD131722300F4731BFAC200220D5F12669AD4,8A2FD5E59ED7972E6AAD75E7BD59B78C5FE3FB482EFD2EA038F7F1B38F1F443B,DDA879C76F29A51BE172759D32081B406570C6EC76BC3814B597EF3565572C45,3954,3954,,,,False,False,False,False,PROVEN_EXACT_REPLAY
"02D9D1781418E7442956D4D901C8C611E58256556AE9A828E72128C3B5B8E3EB",19,control,SAFE-8A23888DBDCA3178591C1EC2,TapOnHeldLongNote,LegacyDownstream,OracleOrSemanticMismatch,MUT-00000252-A8933944E200FD576784,252,"OP-00000183-BaseHead-S183-T18552-ANA","L2|T18552|ETAP|Tap|S183|ONone|YFalse",,"L3|T18552|ETAP|Tap|S183|OHeadOpportunity|YTrue",3,Tap,18552,GEN-63BF87207BC67D1733F9E237,3,18211,18552,53.498133333333319067164444444,53.498133333333319067164444441,53.498133333333319067164444444,53.498133333333319067164444444,True,TapOnHeldLongNote,False,True,False,False,287B0962D6905DA48B99E0BA98FC78A40E7FE307D20C0C5EE7758E7FD146F632,876C29B40817CF1BEE2BAA76427DFD342C897FB380CA6EB46DBD5DB2AF5C2D69,0B5C59F664B9EB09DAE4C946275022E25B01CD8CF3762C37C5BC562756C0BB63,C9BE0B70881C17203AD799C5CECFA13CA271ADCDAF8DC25C55599D92EBF40F8F,274,274,,,,False,False,False,False,PROVEN_EXACT_REPLAY
"02D9D1781418E7442956D4D901C8C611E58256556AE9A828E72128C3B5B8E3EB",20,control,SAFE-8A23888DBDCA3178591C1EC2,TapOnHeldLongNote,LegacyDownstream,OracleOrSemanticMismatch,MUT-00000256-52B85EEFB35EC1B421FA,256,"OP-00000184-BaseHead-S184-T18552-ANA","L5|T18552|ETAP|Tap|S184|ONone|YFalse",,"L3|T18552|ETAP|Tap|S184|OHeadOpportunity|YTrue",3,Tap,18552,GEN-2D3FC8FC6488B2542B86C59F,3,18211,18552,53.498133333333319067164444444,53.498133333333319067164444441,53.498133333333319067164444444,53.498133333333319067164444444,True,TapOnHeldLongNote,False,True,False,False,268E5A609FC0F99B3F65C7C7D9796622D9EFA5F8C501014F95A03A87EC033BEC,D0EEB76FAE94D3A4C1AF419062040E22CF2FE9EA01BA235FDA1A654F025EACA8,3D7A752162DECD46B095D3A51E563F4B8A24851364EA399E30842D9E855CBC55,14237D9D4C02DAE71AE17268898C9F1E19C1CB05B65BDD010108EF730E48D7F5,283,283,,,,False,False,False,False,PROVEN_EXACT_REPLAY
"02D9D1781418E7442956D4D901C8C611E58256556AE9A828E72128C3B5B8E3EB",20,control,SAFE-4B865827064B6A32F3FA490F,TapOnHeldLongNote,LegacyDownstream,OracleOrSemanticMismatch,MUT-00000900-AF84785AF34E1FB470AA,900,"OP-00000674-BaseHead-S674-T51961-ANA","L5|T51961|ETAP|Tap|S674|ONone|YFalse",,"L0|T51961|ETAP|Tap|S674|OHeadOpportunity|YTrue",0,Tap,51961,GEN-29FF5576B701FF7C320B2AA4,0,51876,51961,151.49786666666662626723555556,151.49786666666662626723555555,151.49786666666662626723555556,151.49786666666662626723555556,True,TapOnHeldLongNote,False,True,False,False,8FCEF1895847B3071A93B1C636960DF2BF8D1BDDF6C9F4757950D7B1003BB15D,6CBABE70A961E1A3B5004B1E9FB7788BB14674F0DF1A952949E06E0E91EE4AB1,0D25D676031A345197133513509466D4E65B3657D0AB37CD46D49CCE1A95E9F3,DC629B8E7000D12DCDF91E73CAAEF38F39B835B12DE19E45B08DE182D4A39302,960,960,,,,False,False,False,False,PROVEN_EXACT_REPLAY
"02D9D1781418E7442956D4D901C8C611E58256556AE9A828E72128C3B5B8E3EB",20,control,SAFE-2284CF784515E3967079C3B6,TapOnHeldLongNote,LegacyDownstream,OracleOrSemanticMismatch,MUT-00004007-6D8628CA5EBA7F34C58B,4007,"OP-00003212-BaseHead-S3212-T168296-ANA","L0|T168296|ETAP|Tap|S3212|ONone|YFalse",,"L6|T168296|ETAP|Tap|S3212|OHeadOpportunity|YTrue",6,Tap,168296,GEN-373DA01ED022D95216C41CDA,6,168211,168296,492.74719999999986860074666667,492.74719999999986860074666664,492.74719999999986860074666667,492.74719999999986860074666667,True,TapOnHeldLongNote,False,True,False,False,AF5777BB700FBBA2E0FEA289721038C62D91B01F0216B250A68F2279EFA78450,92AEBF18C8D9CCFAB40B16A171B5CBCA61A0E3F33D0A61B213C694DD34FCC1A7,3400120E3EF1A1B60C9A6026E8C8DBB768588DB6C652C8D9DFB73AC0B39567CD,45A75305E91F2CD32FE818C41B2B6186B8BD2C0ADFE7B459C2DF941B2721A09C,4182,4182,,,,False,False,False,False,PROVEN_EXACT_REPLAY
"02D9D1781418E7442956D4D901C8C611E58256556AE9A828E72128C3B5B8E3EB",20,control,SAFE-356E41BC2928AFCBB27AF4F9,TapOnHeldLongNote,LegacyDownstream,OracleOrSemanticMismatch,MUT-00005231-5A972185A26EAEFEBD64,5231,"OP-00004283-BaseHead-S4283-T215683-ANA","L2|T215683|ETAP|Tap|S4283|ONone|YFalse",,"L6|T215683|ETAP|Tap|S4283|OHeadOpportunity|YTrue",6,Tap,215683,GEN-614DB112DD82FA8509A14736,6,215598,215683,631.74906666666649820024888889,631.74906666666649820024888887,631.74906666666649820024888889,631.74906666666649820024888889,True,TapOnHeldLongNote,False,True,False,False,858B711127FA73F31E4495E2B2F6C88DE698207BFB9D42B21FAE04A1629CC082,ECE96B15CC174350B7529A774080538B4748B606CB2CB8C3244C3D65E1622021,552F2B494A7EA4065D2F514E5B3D42C9F61AF0F4DD53DCFB1DAD95BDBBEE36A7,405048DBE1BED91BCBF980862B1221BB2EF33BD829398E8C4E195208CA7A4DFB,5449,5449,,,,False,False,False,False,PROVEN_EXACT_REPLAY
"20651C9B11DBB0D7BA2D64A8F167577AE0452762EEA83C5A7558BA89B8D2C788",1,control,SAFE-AF32370B55D19190296C465C,TapOnHeldLongNote,LegacyDownstream,OracleOrSemanticMismatch,MUT-00000071-077275B98E32238B31A1,71,"OP-00000048-BaseHead-S48-T6475-ANA","L2|T6475|ETAP|Tap|S48|ONone|YFalse",,"L3|T6475|ETAP|Tap|S48|OHeadOpportunity|YTrue",3,Tap,6475,GEN-E372ABB2533DC9527123DB88,3,6362,6475,11.249583333333337833166666667,11.249583333333337833166666666,11.249583333333337833166666667,11.249583333333337833166666667,True,TapOnHeldLongNote,False,True,False,False,558D2EE63487C9F0B9FE5EB32C80EF21381CBE1E8DEBB6F43707FFEF39187B26,72F746275088354993163BBE3025B192855768AB79BC9DA543724EC16A40854E,AF5AFD1B546B81F90DBA6D9B8DA4BEE59895E46085A160F159B224D4D00BA254,E67927E7C90F08A9D72988EBE615BDCAAE6ACBDDB4F7CA3D56FF83D76F3D2CBA,84,84,,,,False,False,False,False,PROVEN_EXACT_REPLAY
"20651C9B11DBB0D7BA2D64A8F167577AE0452762EEA83C5A7558BA89B8D2C788",1,control,SAFE-8416D510BB0D3BA13E15C131,TapOnHeldLongNote,LegacyDownstream,OracleOrSemanticMismatch,MUT-00002328-D12250EFEF92846E6751,2328,"OP-00001794-BaseHead-S1794-T103129-ANA","L5|T103129|ETAP|Tap|S1794|ONone|YFalse",,"L6|T103129|ETAP|Tap|S1794|OHeadOpportunity|YTrue",6,Tap,103129,GEN-9B55B0B9826C580DB6DFA016,6,102903,103129,225.49928333333342353304666667,225.49928333333342353304666666,225.49928333333342353304666667,225.49928333333342353304666667,True,TapOnHeldLongNote,False,True,False,False,8158CBA0B6B13FED325961D5A3EBD2C54E9344C6D9F9CFBDD7A261FEDEBD5EB7,4A74C6547A275AC18B9E796F2255F2E6148338BFC07AF202D2EBF093450E1539,8D7CEF2BA05A9054762AC7D476D0F88E9F52194C9201D7BE424F676234ECA75A,FDA62F6265B52A4CB7EAA6C9AABAA14FE14EFD6E0C8F019C6BF24BB6C64167E1,2507,2507,,,,False,False,False,False,PROVEN_EXACT_REPLAY
"20651C9B11DBB0D7BA2D64A8F167577AE0452762EEA83C5A7558BA89B8D2C788",1,control,SAFE-A48017D161C60A4AE08BA7ED,TapOnHeldLongNote,LegacyDownstream,OracleOrSemanticMismatch,MUT-00007465-68546742BFFEB6D462F1,7465,"OP-00005835-BaseHead-S5835-T285321-ANA","L4|T285321|ETAP|Tap|S5835|ONone|YFalse",,"L1|T285321|ETAP|Tap|S5835|OHeadOpportunity|YTrue",1,Tap,285321,GEN-71600632765B2B0DD45CA634,1,285233,285321,687.69538333333365023541638890,687.69538333333365023541638889,687.69538333333365023541638890,687.69538333333365023541638890,True,TapOnHeldLongNote,False,True,False,False,F0485EE9518B38F27988BAD58C49589C473664438E42C6C043E188AE1EE0C123,FD007E0FE03D5F419C629A035FB35EA4693E4A5E31D9DC33664DD5B8D1057175,D3AECAD97FC8BFB97569B21B129D994847BB3E697163A22486418D34C83B90FD,5838D073ACB99DEE518B900A3D2E8595911F8425874E5F3CF29944F37E1BE1CC,7835,7835,,,,False,False,False,False,PROVEN_EXACT_REPLAY
"20651C9B11DBB0D7BA2D64A8F167577AE0452762EEA83C5A7558BA89B8D2C788",1,control,SAFE-167FF95F47115A63C45B6D0B,TapOnHeldLongNote,LegacyDownstream,OracleOrSemanticMismatch,MUT-00007949-7798A2140FAE8A8DA328,7949,"OP-00006207-BaseHead-S6207-T298027-ANA","L4|T298027|ETAP|Tap|S6207|ONone|YFalse",,"L1|T298027|ETAP|Tap|S6207|OHeadOpportunity|YTrue",1,Tap,298027,GEN-439C20627B1E2E1D0A28E557,1,297939,298027,723.69571666666700756897194446,723.69571666666700756897194443,723.69571666666700756897194446,723.69571666666700756897194446,True,TapOnHeldLongNote,False,True,False,False,AADCF909962382BAFE3C653692940E892E73A75C3EFCB1C997A3DF55304726B8,A5C488456E4F58F41C3F8658D239410A5716FA295317E81BB6FBA8E7D9E7BAA2,4A47552E1FE778AAD400FC6C4F597A5469CA1E74F761E808BCA621A49874F4F4,71BCAD8018BBE0B5970AF18DB145F2CA16F77C613F684E64FDD9D4D8A4EBBA74,8346,8346,,,,False,False,False,False,PROVEN_EXACT_REPLAY
"20651C9B11DBB0D7BA2D64A8F167577AE0452762EEA83C5A7558BA89B8D2C788",1,control,SAFE-24CE49C06099AF950BBDB073,TapOnHeldLongNote,LegacyDownstream,OracleOrSemanticMismatch,MUT-00010005-9CD5E0AFC6624F19EEB0,10005,"OP-00007784-BaseHead-S7784-T367115-ANA","L6|T367115|ETAP|Tap|S7784|ONone|YFalse",,"L0|T367115|ETAP|Tap|S7784|OHeadOpportunity|YTrue",0,Tap,367115,GEN-7E90D8D80689B6F28AE3521F,0,366939,367115,919.4450500000004714018608334,919.4450500000004714018608333,919.4450500000004714018608334,919.4450500000004714018608334,True,TapOnHeldLongNote,False,True,False,False,A420A75999001487D86FA70B8D54F36F393314F36857E5D595AF29A57456F18F,7E6E608AAC6094D102D91BC426E924B14E684F0D44BED5AA8A49F3A15FD8AA6D,D3878303A01A97FB8739E710D323A8486CDCC2154D2539EABF92232D79E0BB50,23035EAC31EB13A857A2825C8471A80D9C8B65E89F1392200FD87D2FB22B3F56,10571,10571,,,,False,False,False,False,PROVEN_EXACT_REPLAY
"20651C9B11DBB0D7BA2D64A8F167577AE0452762EEA83C5A7558BA89B8D2C788",2,control,SAFE-1AB357E25B599E18CAA110B2,TapOnHeldLongNote,LegacyDownstream,OracleOrSemanticMismatch,MUT-00000494-BE9B2D5F470187939B44,494,"OP-00000370-BaseHead-S370-T29933-ANA","L0|T29933|ETAP|Tap|S370|ONone|YFalse",,"L4|T29933|ETAP|Tap|S370|OHeadOpportunity|YTrue",4,Tap,29933,GEN-F3E00247AF8E4D4C3C1AF398,4,29821,29933,63.24815000000002529926,63.248150000000025299259999997,63.24815000000002529926,63.24815000000002529926,True,TapOnHeldLongNote,False,True,False,False,E7C43D03A908E02792A8D611C9294B5B5A93A94B1EBED6F8F138EDD81FFDA6B2,6D77EA181E4B9C0CF2D0FBB1BE057FE3482AB6C9C30EBD0BA7DA0F7B7969160D,46F1091E98FF87419DB1F31FAFD7495E1A8F1E5A5FE70E8E743B4B8B1F1F762C,FAA76A8D09D81ECA2BA1ECB74456089D5D4835EA20B39C5E2D40B83F3CB52C42,538,538,,,,False,False,False,False,PROVEN_EXACT_REPLAY
"20651C9B11DBB0D7BA2D64A8F167577AE0452762EEA83C5A7558BA89B8D2C788",2,control,SAFE-017C352E625E30575D82E0CE,TapOnHeldLongNote,LegacyDownstream,OracleOrSemanticMismatch,MUT-00003924-5A7F1172282F05C3DE99,3924,"OP-00003139-BaseHead-S3139-T180480-ANA","L2|T180480|ETAP|Tap|S3139|ONone|YFalse",,"L3|T180480|ETAP|Tap|S3139|OHeadOpportunity|YTrue",3,Tap,180480,GEN-00D2B5C86C64D13C874CAF9C,3,180263,180480,396.99683333333349213206666667,396.99648333333349213192666667,396.99683333333349213206666667,396.99683333333349213206666667,True,TapOnHeldLongNote,False,True,False,False,F14C4BE04172BC0F23F0B82A14B4859AA95459FEEF61009CFE4346B79D51DBB2,62A94B253E3442754E593B39519B2E7C68D325556129EAAE8EF7B9FC2DFE30DB,13569611A005AFD09042556007FFA1A3FFD4806E7490485A8902CEE95B88C6F6,F0301D439C1C266252844BD9E267952FB923142D2A1991F3774FF60C3CCAB1E5,4189,4189,,,,False,False,False,False,PROVEN_EXACT_REPLAY
"20651C9B11DBB0D7BA2D64A8F167577AE0452762EEA83C5A7558BA89B8D2C788",2,control,SAFE-27BBD2F0566F4BE33F481B14,TapOnHeldLongNote,LegacyDownstream,OracleOrSemanticMismatch,MUT-00006653-866648FD964CACC1AA56,6653,"OP-00005215-BaseHead-S5215-T265203-ANA","L1|T265203|ETAP|Tap|S5215|ONone|YFalse",,"L3|T265203|ETAP|Tap|S5215|OHeadOpportunity|YTrue",3,Tap,265203,GEN-AC0D8ACA8952F5686E3BA382,3,264939,265203,630.69438333333361223474972223,630.69438333333361223474972222,630.69438333333361223474972223,630.69438333333361223474972223,True,TapOnHeldLongNote,False,True,False,False,0F1536EF56E786319C28816751BAB5DBE386DE89BEA9A97EE539BC873541F9E2,1E688F74CC2BEB4DD29CD40934059D52C43F57DE7FD0F655E592AA63231FF41E,98AF0377C99453D5BA6DAFB61EC9B5FCB5D2E378E4FEEFB5CC35DF17817C91A0,8850898D11CFB6068A51A653606B2BC84A582E18F63CA758DC526D96582DC1DF,6979,6979,,,,False,False,False,False,PROVEN_EXACT_REPLAY
"20651C9B11DBB0D7BA2D64A8F167577AE0452762EEA83C5A7558BA89B8D2C788",2,control,SAFE-1DA5DC13D9DA8A3E3E0A3F15,TapOnHeldLongNote,LegacyDownstream,OracleOrSemanticMismatch,MUT-00013010-3561888E09DE553B5D29,13010,"OP-00010106-BaseHead-S10106-T467020-ANA","L5|T467020|ETAP|Tap|S10106|ONone|YFalse",,"L6|T467020|ETAP|Tap|S10106|OHeadOpportunity|YTrue",6,Tap,467020,GEN-00DB01B8C8FA7DA36F64B90B,6,466843,467020,1202.5092166666673267779719445,1202.5092166666673267779719444,1202.5092166666673267779719445,1202.5092166666673267779719445,True,TapOnHeldLongNote,False,True,False,False,DAB4FB3EC7EF2BDF9922F5BB7E3ECCC590B55E8EFE2678C6B25DFD038EC156B5,94689FE76030C32EDD24744C46BC35A030990D36F66359299629AB742F406274,4C24C8AEB93605A59AB4387102D7D49E1A4540525067A56DB87037147BFF71B4,0AE78193D09F267398C151ED8C94A502C765835F847836E456FFA3D60B6F66BB,13721,13721,,,,False,False,False,False,PROVEN_EXACT_REPLAY
"20651C9B11DBB0D7BA2D64A8F167577AE0452762EEA83C5A7558BA89B8D2C788",3,control,SAFE-1AB357E25B599E18CAA110B2,TapOnHeldLongNote,LegacyDownstream,OracleOrSemanticMismatch,MUT-00000499-92BC71284827D457B537,499,"OP-00000370-BaseHead-S370-T29933-ANA","L0|T29933|ETAP|Tap|S370|ONone|YFalse",,"L4|T29933|ETAP|Tap|S370|OHeadOpportunity|YTrue",4,Tap,29933,GEN-941C8562B71AE119C7D8B1CE,4,29821,29933,63.24815000000002529926,63.248150000000025299259999997,63.24815000000002529926,63.24815000000002529926,True,TapOnHeldLongNote,False,True,False,False,CC976E48AAF48B34FD11DDCAC75EEBB964EBBF24A214F2C3918860CAE0934296,279FA7097CF776C64049A303B91CEB017B65B92EE661BD4E5E30C8DD28C17F4F,9EB96E80CAD26F4825595B5164BFED36E562B9CBAEE5CCFF2F5BD090B79EAC92,651767B6165BA51C3AB703A6D126432460D3CA754CE9386C0CC086FFF3C9AC78,541,541,,,,False,False,False,False,PROVEN_EXACT_REPLAY
"20651C9B11DBB0D7BA2D64A8F167577AE0452762EEA83C5A7558BA89B8D2C788",3,control,SAFE-1E4B4A0B942E9DEF44E307EF,TapOnHeldLongNote,LegacyDownstream,OracleOrSemanticMismatch,MUT-00002508-116EBAB2BCB0E04891A7,2508,"OP-00001936-BaseHead-S1936-T110572-ANA","L6|T110572|ETAP|Tap|S1936|ONone|YFalse",,"L5|T110572|ETAP|Tap|S1936|OHeadOpportunity|YTrue",5,Tap,110572,GEN-F026B8EABCC1CF4087A8B799,5,110460,110572,241.99793333333343013250666667,241.99793333333343013250666666,241.99793333333343013250666667,241.99793333333343013250666667,True,TapOnHeldLongNote,False,True,False,False,DE0BD2FBF1588D69CF7EBDD76D64E41578B9DA1A911D2C2BB102F4F97F5153B6,BA7FC0CC21779AA41EDA1D2DF23906354C346ED187EA0D098920078FD105EBF3,47F4590428971B0C3B2D4E873D27BF4FA412CB1F3E2A740D91E6022D2DB3EFD2,F0F274AAFC8DD620DD8F39B24C3A0AAF1EC814B9A184A7E0C82BFB66F3B8DB56,2679,2679,,,,False,False,False,False,PROVEN_EXACT_REPLAY
"20651C9B11DBB0D7BA2D64A8F167577AE0452762EEA83C5A7558BA89B8D2C788",3,control,SAFE-527CFEE1D578A783B167D432,TapOnHeldLongNote,LegacyDownstream,OracleOrSemanticMismatch,MUT-00005962-662B2F4BE44AA7F464D4,5962,"OP-00004664-BaseHead-S4664-T242439-ANA","L4|T242439|ETAP|Tap|S4664|ONone|YFalse",,"L6|T242439|ETAP|Tap|S4664|OHeadOpportunity|YTrue",6,Tap,242439,GEN-91A131A074FFA6B27E7E5A3F,6,242351,242439,566.19638333333356923608305557,566.19638333333356923608305553,566.19638333333356923608305557,566.19638333333356923608305557,True,TapOnHeldLongNote,False,True,False,False,824641F431A16B74D53B3DCDD9CD1151B6048F382EEE2C71B24CCF9E6E0F2292,1A19205E7A12A0C5AE962E6D55BB9A26009A2DB92453B733A09F752950A5D4E4,1C39CC82C2952018F3AF166493F98EA026BF0795ABD2D2EA1F205B4001C2ABD9,38850949F9781A06D72A786B79F691AF70DB036D9DFCFF1E9FBE7F06BD255242,6245,6245,,,,False,False,False,False,PROVEN_EXACT_REPLAY
"20651C9B11DBB0D7BA2D64A8F167577AE0452762EEA83C5A7558BA89B8D2C788",3,control,SAFE-1457F7262474B751288B6A60,TapOnHeldLongNote,LegacyDownstream,OracleOrSemanticMismatch,MUT-00007874-95FA9EBF5C26C4687980,7874,"OP-00006160-BaseHead-S6160-T296527-ANA","L3|T296527|ETAP|Tap|S6160|ONone|YFalse",,"L1|T296527|ETAP|Tap|S6160|OHeadOpportunity|YTrue",1,Tap,296527,GEN-7EAD046434E10B5E9A12508C,1,296439,296527,719.44571666666700473563861112,719.44571666666700473563861108,719.44571666666700473563861112,719.44571666666700473563861112,True,TapOnHeldLongNote,False,True,False,False,AC5249C82B9B3D2F5FBE2F926617CA81FD119F4AF5EF29FC5D82D88A392E1C7A,54624653EB63A64A9086B5D842166D33BC24D7BC65B1D7DB9419BF2E7ED712A0,752578C8E6A4D3E42CFBAD8C0E0E8834EA1FAC8A986A27C6CEFAB0D2FEA19BEC,72700363E3EAE828E40CFF4DDABE6DB5171FE70C34637A6A158E7EFDC75AFEC3,8253,8253,,,,False,False,False,False,PROVEN_EXACT_REPLAY
"20651C9B11DBB0D7BA2D64A8F167577AE0452762EEA83C5A7558BA89B8D2C788",3,control,SAFE-B52B75CE9E4F4CAE62C0C306,TapOnHeldLongNote,LegacyDownstream,OracleOrSemanticMismatch,MUT-00008127-1741F5F2074BBEE87237,8127,"OP-00006359-BaseHead-S6359-T304468-ANA","L2|T304468|ETAP|Tap|S6359|ONone|YFalse",,"L0|T304468|ETAP|Tap|S6359|OHeadOpportunity|YTrue",0,Tap,304468,GEN-1FE3593A708B7DCF881BB20D,0,304336,304468,741.94521666666701973530527779,741.94521666666701973530527777,741.94521666666701973530527779,741.94521666666701973530527779,True,TapOnHeldLongNote,False,True,False,False,075F3C2D944946E6FAD3FF8AC0CC3ACF8D6B2C94688102D026AB58EAC3CEB555,47E31AF6F5776847C4983D70C2015676765C76ED90A36AB24C0CD6CF8ECA0972,772505CD4F0540B13E67A32B350C580C6B76E1D6713794495C0A17F074D84C3E,73B850A417BEB96B8743C1490CF0E7C05F4ABE1DCE02335D3E07321B9FB79517,8528,8528,,,,False,False,False,False,PROVEN_EXACT_REPLAY
"20651C9B11DBB0D7BA2D64A8F167577AE0452762EEA83C5A7558BA89B8D2C788",4,control,SAFE-1AB357E25B599E18CAA110B2,TapOnHeldLongNote,LegacyDownstream,OracleOrSemanticMismatch,MUT-00000492-9242288EF79AA347F35F,492,"OP-00000370-BaseHead-S370-T29933-ANA","L0|T29933|ETAP|Tap|S370|ONone|YFalse",,"L4|T29933|ETAP|Tap|S370|OHeadOpportunity|YTrue",4,Tap,29933,GEN-E14BDE67BABA621D79C7B99C,4,29821,29933,63.24815000000002529926,63.248150000000025299259999997,63.24815000000002529926,63.24815000000002529926,True,TapOnHeldLongNote,False,True,False,False,D412FA80FC93A73227308A7504C9BB64AB83816B8931DECE728E8E1285514B5F,8B4B013083D1C572636388D16094BAE78FF3709A674260DBDEB96D40080E01EC,A63B520D93C0CB98EC80AC84368D560E07D402F10188647CBFF5F6905C676ADE,F0DD4899EB28785C2C46F63386382E5C41DE265068F12C99405BF41CE3898D9C,534,534,,,,False,False,False,False,PROVEN_EXACT_REPLAY
"20651C9B11DBB0D7BA2D64A8F167577AE0452762EEA83C5A7558BA89B8D2C788",4,control,SAFE-CF26633A6FF4DF85B6F4F375,TapOnHeldLongNote,LegacyDownstream,OracleOrSemanticMismatch,MUT-00000620-123BFC278E502DC1DCF5,620,"OP-00000466-BaseHead-S466-T35009-ANA","L4|T35009|ETAP|Tap|S466|ONone|YFalse",,"L2|T35009|ETAP|Tap|S466|OHeadOpportunity|YTrue",2,Tap,35009,GEN-79A7BA4732F991BFB5E3E436,2,34783,35009,74.49995000000002979998,74.499950000000029799979999997,74.49995000000002979998,74.49995000000002979998,True,TapOnHeldLongNote,False,True,False,False,2470391ED2941B803395E007F46B01DB8BD29CA0C2C75423F93A07CD5FD05761,AEF335CF78A9014783260A8F7D698D8C2FDED6E440F959CB02AD4896A31B8B81,9B88752694F6F63DC241E95B302ABA2406149DD881895E7F2468B48E71B57E3A,61C606AA6487A2E492CEDBEA42B781C21B4B7605DA3D4E3E49DC624B8D265FB6,669,669,,,,False,False,False,False,PROVEN_EXACT_REPLAY
"20651C9B11DBB0D7BA2D64A8F167577AE0452762EEA83C5A7558BA89B8D2C788",4,control,SAFE-1E4B4A0B942E9DEF44E307EF,TapOnHeldLongNote,LegacyDownstream,OracleOrSemanticMismatch,MUT-00002493-CC526C4D90D6623C8489,2493,"OP-00001936-BaseHead-S1936-T110572-ANA","L6|T110572|ETAP|Tap|S1936|ONone|YFalse",,"L5|T110572|ETAP|Tap|S1936|OHeadOpportunity|YTrue",5,Tap,110572,GEN-58721B74F8B4B70FD9540440,5,110460,110572,241.99793333333343013250666667,241.99793333333343013250666666,241.99793333333343013250666667,241.99793333333343013250666667,True,TapOnHeldLongNote,False,True,False,False,53C1195EAFFCFA86B60801FFB0DCADB58AF57625FB55366B2ACABF8E56266D93,41EDCBAB30A880857C2448D406E29A7D389A912DEBDFBDA1338CDEC8B57B3717,C8F8A0B350108844F9CF9D7FA6400341909023FEEE8EF2AA53CEDAA99C051329,F0EEA2B0469E7CDB70E5E024936D6D512A1B90F261D980029559AB97AF3D2F3D,2654,2654,,,,False,False,False,False,PROVEN_EXACT_REPLAY
"20651C9B11DBB0D7BA2D64A8F167577AE0452762EEA83C5A7558BA89B8D2C788",4,control,SAFE-1CA6EBC12E354AE15B705724,TapOnHeldLongNote,LegacyDownstream,OracleOrSemanticMismatch,MUT-00003916-1D54D9FB26102D24E181,3916,"OP-00003144-BaseHead-S3144-T180915-ANA","L6|T180915|ETAP|Tap|S3144|ONone|YFalse",,"L3|T180915|ETAP|Tap|S3144|OHeadOpportunity|YTrue",3,Tap,180915,GEN-3230797E3B8C2D67EB5BC2B0,3,180698,180915,397.99733333333349253226666667,397.99698333333349253212666667,397.99733333333349253226666667,397.99733333333349253226666667,True,TapOnHeldLongNote,False,True,False,False,94A40A9E11B9F3678C7F0BC0152FA703CDEA43751FA7BCCCDE7973A75763A7EF,F3ED137EAFD0D0042D7121D3AB46BC2DB04E7ED6D865BD623AA5BC74AF177148,AD181A694184849A39DC233A1E7C17E465D464B3AA3E77751AEC04CCA7460827,E3ABC68C883880EF9415C2D680742EDB16F4E6279247904A6CBC97C1E88C9AB7,4147,4147,,,,False,False,False,False,PROVEN_EXACT_REPLAY
"20651C9B11DBB0D7BA2D64A8F167577AE0452762EEA83C5A7558BA89B8D2C788",4,control,SAFE-CD86170DEE4499F6F29D6E81,TapOnHeldLongNote,LegacyDownstream,OracleOrSemanticMismatch,MUT-00006721-FEA2F5B16243B0C18B94,6721,"OP-00005296-BaseHead-S5296-T267939-ANA","L2|T267939|ETAP|Tap|S5296|ONone|YFalse",,"L5|T267939|ETAP|Tap|S5296|OHeadOpportunity|YTrue",5,Tap,267939,GEN-DA4D1526DF7544EF0F9BB969,5,267850,267939,638.44638333333361740274972223,638.44638333333361740274972219,638.44638333333361740274972223,638.44638333333361740274972223,True,TapOnHeldLongNote,False,True,False,False,F5EBF832685905644E4F33EDBBDAD3F23D956AF393BBF5A354389995522DC36B,37D342CB9ED9A3C6588F720560993936DAF76E32A115C06756ADC8CF840AB039,BF98A15300E268AB208259E582667D6386667040DAD35229A82127D103B7E99C,0E99FB20B8C8A7AE67CB962DB40D8D97251FFD13091D51686DF4EF16CB52AC93,7020,7020,,,,False,False,False,False,PROVEN_EXACT_REPLAY
"20651C9B11DBB0D7BA2D64A8F167577AE0452762EEA83C5A7558BA89B8D2C788",4,control,SAFE-C44477A9260FDB94F3D010C9,TapOnHeldLongNote,LegacyDownstream,OracleOrSemanticMismatch,MUT-00007226-7F665790FD4A67EE78C2,7226,"OP-00005694-BaseHead-S5694-T280733-ANA","L5|T280733|ETAP|Tap|S5694|ONone|YFalse",,"L3|T280733|ETAP|Tap|S5694|OHeadOpportunity|YTrue",3,Tap,280733,GEN-388BF09B8A3124D5ED0CF043,3,280644,280733,674.69605000000030823586083335,674.69605000000030823586083333,674.69605000000030823586083335,674.69605000000030823586083335,True,TapOnHeldLongNote,False,True,False,False,8FAF06728FC8458A8C6DDEBF88B5BFD0839F6361ECE8636D1864E37F846F32C1,CD7E8EBCFD5F87A2CB526C670E1DC134AF77BF138D26771FF61A6108E267B56C,FDD49BCCEFACEA7B9F8618FFA7CB7E9105EA3163DA6506E8DC8A9F8891CF9F21,49F4218F57230D8EE19C76C7C9E0C21006D2A1D9E9262001FA75EE6D306C68A2,7549,7549,,,,False,False,False,False,PROVEN_EXACT_REPLAY
"20651C9B11DBB0D7BA2D64A8F167577AE0452762EEA83C5A7558BA89B8D2C788",5,control,SAFE-1AB357E25B599E18CAA110B2,TapOnHeldLongNote,LegacyDownstream,OracleOrSemanticMismatch,MUT-00000490-420C790CD7A49BED17AB,490,"OP-00000370-BaseHead-S370-T29933-ANA","L0|T29933|ETAP|Tap|S370|ONone|YFalse",,"L4|T29933|ETAP|Tap|S370|OHeadOpportunity|YTrue",4,Tap,29933,GEN-0E3D8A2823CB3F536D1C10E8,4,29821,29933,63.24815000000002529926,63.248150000000025299259999997,63.24815000000002529926,63.24815000000002529926,True,TapOnHeldLongNote,False,True,False,False,AE3EAC0FEF89D4D55FC0126F22BB79B973ED3045AD25EE2697DF35595B15AF85,835176D1730A70EAC78AD833AB407E92138467AF844F5A9E27E7F570F522AA5E,5D68DE815357236F611D5213C1B23D304C05939A671CF0D721F1D712A6D75CAF,E8B5C07708935FC1D121407641DD253D3D9E99E773B8616B8A23660889033712,533,533,,,,False,False,False,False,PROVEN_EXACT_REPLAY
"20651C9B11DBB0D7BA2D64A8F167577AE0452762EEA83C5A7558BA89B8D2C788",5,control,SAFE-5046EAD196B5F6E8F8D3A2AB,TapOnHeldLongNote,LegacyDownstream,OracleOrSemanticMismatch,MUT-00001375-5EA0F798B09EDBD1EE53,1375,"OP-00001071-BaseHead-S1071-T67039-ANA","L1|T67039|ETAP|Tap|S1071|ONone|YFalse",,"L6|T67039|ETAP|Tap|S1071|OHeadOpportunity|YTrue",6,Tap,67039,GEN-803E2C52E726961B588A6A90,6,66888,67039,145.49978333333339153324666667,145.49978333333339153324666666,145.49978333333339153324666667,145.49978333333339153324666667,True,TapOnHeldLongNote,False,True,False,False,F2EBBB8E32276F3EF93F552C20ACC8B5747F1C7D2967BC2F801099600282DD11,400497AC56EF5AB7FCE0E2F6C0CF43CB2692DC0F6E4D127B6991EC98AC7F8C54,7C519D68752E86329B4A5312006C54920280CCD1268EC77682DDC00D03B7F2AB,778D067EB6FD5DFFEED452B505423E962DE316F3B60707CE2A19774EE7CEC780,1480,1480,,,,False,False,False,False,PROVEN_EXACT_REPLAY
"20651C9B11DBB0D7BA2D64A8F167577AE0452762EEA83C5A7558BA89B8D2C788",5,control,SAFE-4C6535190BC55A6ABDEE9283,TapOnHeldLongNote,LegacyDownstream,OracleOrSemanticMismatch,MUT-00001622-B513A7B1DAAA291E6712,1622,"OP-00001262-BaseHead-S1262-T76625-ANA","L5|T76625|ETAP|Tap|S1262|ONone|YFalse",,"L6|T76625|ETAP|Tap|S1262|OHeadOpportunity|YTrue",6,Tap,76625,GEN-4C8CC4EB8EA3E8B7AD3C79A8,6,76512,76625,166.7487500000000666995,166.74875000000006669949999999,166.7487500000000666995,166.7487500000000666995,True,TapOnHeldLongNote,False,True,False,False,FB3568657CB7D1776272759B059046E141D73AC1A5663E31E7E6E25852568726,456566816B03B58A004EC025012481089AC28C589712E9F2FFD9ED4ED36E1110,90D4075C797B3647E7D4FBEC7A01E1EF8873B2898227B6B2D12C57A575F48A84,A6C563ED10B0BFDC50F93DBC4B8228205ACB97528C6FEE2E6333E0B8D8E9CAE0,1747,1747,,,,False,False,False,False,PROVEN_EXACT_REPLAY
"20651C9B11DBB0D7BA2D64A8F167577AE0452762EEA83C5A7558BA89B8D2C788",5,control,SAFE-BC7F010EE7032F274B705CF3,TapOnHeldLongNote,LegacyDownstream,OracleOrSemanticMismatch,MUT-00006353-66A90162C6A98DF8B15D,6353,"OP-00004997-BaseHead-S4997-T257791-ANA","L1|T257791|ETAP|Tap|S4997|ONone|YFalse",,"L2|T257791|ETAP|Tap|S4997|OHeadOpportunity|YTrue",2,Tap,257791,GEN-73D88D8277FC57D9DACFF1E4,2,257703,257791,609.69371666666693156763861112,609.69371666666693156763861108,609.69371666666693156763861112,609.69371666666693156763861112,True,TapOnHeldLongNote,False,True,False,False,6AA2CA61643002B333CDD285BD6290EE8A01854B9670224901795AB7F7307446,0C312F38E5DE73D89A2870F2D936E88A25642B500A7AB250D36CA1C30DAA6DD1,E5FDBB94EED18F40093BBDF44BABAB6AEA4BCC72AAE14D72F6B7FD36BD0CCE87,5457844A74861C3008677B28FC841171F9505333714F60C79845B6B5A447AC4C,6649,6649,,,,False,False,False,False,PROVEN_EXACT_REPLAY
"20651C9B11DBB0D7BA2D64A8F167577AE0452762EEA83C5A7558BA89B8D2C788",5,control,SAFE-E9A11343263E8D63EF3C560B,TapOnHeldLongNote,LegacyDownstream,OracleOrSemanticMismatch,MUT-00006638-41AE99B846A4413AB240,6638,"OP-00005210-BaseHead-S5210-T265027-ANA","L1|T265027|ETAP|Tap|S5210|ONone|YFalse",,"L0|T265027|ETAP|Tap|S5210|OHeadOpportunity|YTrue",0,Tap,265027,GEN-970F2756174DAE83DE6071D0,0,264939,265027,630.19571666666694523563861112,630.19571666666694523563861108,630.19571666666694523563861112,630.19571666666694523563861112,True,TapOnHeldLongNote,False,True,False,False,5690580738AF565BAE68FCA713AD30E0AFCC7426BE51DD1210C951776BC34B4C,A1DA2E041291504134A5ACCBF782E9E1E2F629BADCB0917FD68243B2185C7F22,2C44311F4086DB6C490DE51E9AA359EA6E0F840819DEB55B2124C9CF78DE3088,1197DCE49E0A836AFA88E5B1868C7D879C046D12D48617EDCC509536B27FF9C8,6944,6944,,,,False,False,False,False,PROVEN_EXACT_REPLAY
"20651C9B11DBB0D7BA2D64A8F167577AE0452762EEA83C5A7558BA89B8D2C788",5,control,SAFE-CD86170DEE4499F6F29D6E81,TapOnHeldLongNote,LegacyDownstream,OracleOrSemanticMismatch,MUT-00006748-6DCC88714BF960BA826B,6748,"OP-00005297-BaseHead-S5297-T267939-ANA","L1|T267939|ETAP|Tap|S5297|ONone|YFalse",,"L5|T267939|ETAP|Tap|S5297|OHeadOpportunity|YTrue",5,Tap,267939,GEN-ADA27E1B55E758F9E717971F,5,267850,267939,638.44638333333361740274972223,638.44638333333361740274972219,638.44638333333361740274972223,638.44638333333361740274972223,True,TapOnHeldLongNote,False,True,False,False,83677CFDD27FB01DF78F68B047702CA4436079F075113552DE522AB56456551F,9B0C9C071E15051C7683F3950FDEA017F6C6B52C5164546C31E8BD74E2DCA576,EA806C876A8264FE90908DDB55311255E0BFC25D20961FFE70650995B4BCAFE9,05DEF8567C70EBD3C6AA533AD72D31DDF99B6C4DCCAF3E8A6C551B5A453E06AA,7063,7063,,,,False,False,False,False,PROVEN_EXACT_REPLAY
"20651C9B11DBB0D7BA2D64A8F167577AE0452762EEA83C5A7558BA89B8D2C788",5,control,SAFE-763E6B0C35D89B12ED5D3857,TapOnHeldLongNote,LegacyDownstream,OracleOrSemanticMismatch,MUT-00006762-B136FB8EC4677A847C88,6762,"OP-00005307-BaseHead-S5307-T268380-ANA","L6|T268380|ETAP|Tap|S5307|ONone|YFalse",,"L5|T268380|ETAP|Tap|S5307|OHeadOpportunity|YTrue",5,Tap,268380,GEN-16CF34BD0A1CB0F8FBCAA842,5,268291,268380,639.69588333333361823574972223,639.69588333333361823574972219,639.69588333333361823574972223,639.69588333333361823574972223,True,TapOnHeldLongNote,False,True,False,False,D64734ED17D27A4035F16BC5FD18AE36CAF089C62C44839322EDE7ED4CE8F792,8A65430913C5C30D5FBB8B63AE80ABCE2E392FC5AE34029D5D6573FC9E009863,91EAD79F9F5D3663174306E62AA93B504E7C44B8427F36CDC14651458F7066AC,F056CCDC4EEF570237C13DE650ECA8816784409FFB67D13B3182ABE0E6DB2F4C,7079,7079,,,,False,False,False,False,PROVEN_EXACT_REPLAY
"20651C9B11DBB0D7BA2D64A8F167577AE0452762EEA83C5A7558BA89B8D2C788",5,control,SAFE-1A37152BAF32C0AE563FBA48,TapOnHeldLongNote,LegacyDownstream,OracleOrSemanticMismatch,MUT-00007872-E8052B9613307AD824E9,7872,"OP-00006161-BaseHead-S6161-T296527-ANA","L6|T296527|ETAP|Tap|S6161|ONone|YFalse",,"L4|T296527|ETAP|Tap|S6161|OHeadOpportunity|YTrue",4,Tap,296527,GEN-84FBC595E1DC70A07A7FED4A,4,296439,296527,719.44571666666700473563861112,719.44571666666700473563861108,719.44571666666700473563861112,719.44571666666700473563861112,True,TapOnHeldLongNote,False,True,False,False,90002FE6239E114EC131EBA5A9C129FC5CF5117C58F327B4DCDF80612D614FDC,9FE11CB26BFEF41C42F58831EA6AD1D4A890DBE4F14BFA549B8B5075B77D809A,C4726CCDDCD34761A2BA28549B0F9CCC227111243E2EEE810C51C518E0F0ED7F,0AAC99D6700A16800BF584809E60DA910DDBAAEDB37AB0E936E96DDBCDCB5598,8252,8252,,,,False,False,False,False,PROVEN_EXACT_REPLAY
"20651C9B11DBB0D7BA2D64A8F167577AE0452762EEA83C5A7558BA89B8D2C788",5,control,SAFE-D847933B3EB0F147BCBE6A5A,TapOnHeldLongNote,LegacyDownstream,OracleOrSemanticMismatch,MUT-00007890-E39ECDF64A41A19E246F,7890,"OP-00006173-BaseHead-S6173-T296968-ANA","L1|T296968|ETAP|Tap|S6173|ONone|YFalse",,"L0|T296968|ETAP|Tap|S6173|OHeadOpportunity|YTrue",0,Tap,296968,GEN-6A07B1DF9DE8A92A881573C2,0,296880,296968,720.69521666666700556863861112,720.69521666666700556863861108,720.69521666666700556863861112,720.69521666666700556863861112,True,TapOnHeldLongNote,False,True,False,False,632BB8CF38EB730DAAE03AA94DA231419FEC4453AF27D87C46AC2A031D949FE7,FF120CA14A8276DC322AE3501789A5F5A0EA09EDA57C0EF2974E2F9167ECC2FD,9269226F320D8AA32AE02A87E9F2F3B6E6F705C66DF107F3303336A550AD55E4,6846E35A0EB28E492A3D4DE3F9666E47C0EA4C1B46D90FEE97E8932C8240FBBF,8274,8274,,,,False,False,False,False,PROVEN_EXACT_REPLAY
"20651C9B11DBB0D7BA2D64A8F167577AE0452762EEA83C5A7558BA89B8D2C788",6,control,SAFE-1AB357E25B599E18CAA110B2,TapOnHeldLongNote,LegacyDownstream,OracleOrSemanticMismatch,MUT-00000501-29632CDD255E2C922EEF,501,"OP-00000370-BaseHead-S370-T29933-ANA","L0|T29933|ETAP|Tap|S370|ONone|YFalse",,"L4|T29933|ETAP|Tap|S370|OHeadOpportunity|YTrue",4,Tap,29933,GEN-51DFD72C453FB41DB9538696,4,29821,29933,63.24815000000002529926,63.248150000000025299259999997,63.24815000000002529926,63.24815000000002529926,True,TapOnHeldLongNote,False,True,False,False,8FA6EA412307211987EFA29F745A7513320FCD4E1E7936B466F59122B3438683,B5C45D5D1D6237FD656043241B6ADD84AACE825EF9B056C40CB31BC2DC2B112A,871AB0A3556BCC0BD7BCD00162E94ED9DA0C1B0C104F0EFC1242234E65CCA57F,27997EE2B847AC2635762F98F3C8B90AE9D6051D370994E69DD70DEE9AEEE1D6,548,548,,,,False,False,False,False,PROVEN_EXACT_REPLAY
"20651C9B11DBB0D7BA2D64A8F167577AE0452762EEA83C5A7558BA89B8D2C788",6,control,SAFE-6082E851A46799F83DB16DBE,TapOnHeldLongNote,LegacyDownstream,OracleOrSemanticMismatch,MUT-00001788-D7855DF13CC7825E6160,1788,"OP-00001383-BaseHead-S1383-T83392-ANA","L4|T83392|ETAP|Tap|S1383|ONone|YFalse",,"L3|T83392|ETAP|Tap|S1383|OHeadOpportunity|YTrue",3,Tap,83392,GEN-8F62F888715CC79771411D3B,3,83279,83392,181.74893333333340603290666667,181.74893333333340603290666666,181.74893333333340603290666667,181.74893333333340603290666667,True,TapOnHeldLongNote,False,True,False,False,D27E1EBA2363ADA99A0AFC3EB946059F543A021D438DCC809B4AF4BAC92D17CD,0F9419DB64951313E280E3540B5B1503AED38C8E8C6E10D89539EF17996171D2,1DB9D3607516FECF7EE2E8C2F88A2394789452F129237122759A60F6052B3DDC,DB4124D2F3534D9A1A94C019E41B9CB043BBFA14FAF85135B4E205D2420C1184,1929,1929,,,,False,False,False,False,PROVEN_EXACT_REPLAY
"20651C9B11DBB0D7BA2D64A8F167577AE0452762EEA83C5A7558BA89B8D2C788",6,control,SAFE-2E7AC86474442BE3C2FFD7C8,TapOnHeldLongNote,LegacyDownstream,OracleOrSemanticMismatch,MUT-00001973-B0C833A2E0B20136DEE9,1973,"OP-00001515-BaseHead-S1515-T89821-ANA","L4|T89821|ETAP|Tap|S1515|ONone|YFalse",,"L6|T89821|ETAP|Tap|S1515|OHeadOpportunity|YTrue",6,Tap,89821,GEN-EEFBF88636906C6FDD45E25C,6,89595,89821,195.99988333333341173328666667,195.99988333333341173328666666,195.99988333333341173328666667,195.99988333333341173328666667,True,TapOnHeldLongNote,False,True,False,False,E06AA8B34E4DBE307E696B9464E13F2D0AA4A98607AE7343C3EC99E79AD38820,3281B1469D0F962004A715D5CA5484333BFAE95BAD479CF32668AE22A0C4FD4E,B886159BF7857B6B5977D3C5B24CCF5C6A8997FE777E0F66895AEFBFDCC4C575,D1CB481F29CD15BC6FED8F4C9A16CEDD1C83600315A77C2238C708D630AA9307,2126,2126,,,,False,False,False,False,PROVEN_EXACT_REPLAY
"20651C9B11DBB0D7BA2D64A8F167577AE0452762EEA83C5A7558BA89B8D2C788",6,control,SAFE-0CAF7F7EF5637D2671BBF22B,TapOnHeldLongNote,LegacyDownstream,OracleOrSemanticMismatch,MUT-00002138-D5749FFF7E21C60D6F8D,2138,"OP-00001650-BaseHead-S1650-T96136-ANA","L4|T96136|ETAP|Tap|S1650|ONone|YFalse",,"L0|T96136|ETAP|Tap|S1650|OHeadOpportunity|YTrue",0,Tap,96136,GEN-899E861059DBC8F1F65A199B,0,96024,96136,209.99813333333341733258666667,209.99813333333341733258666666,209.99813333333341733258666667,209.99813333333341733258666667,True,TapOnHeldLongNote,False,True,False,False,F7DAB31380098ECE44FE00450FD280D7CB6A89D3F3204FF404E07AE741BF832F,E19934A098BD611C33298A77DA6387BDD0A30A0D8776A9E4D2B217E1F3A94AC0,5641DFB5DE2362F78EBEB60C7E8839E05F2BFDB6D51FCC0AB15A71408F94047C,CB7257DBD75B75052FD2B6639A3606EE0229D3C60B30C4BB590F91DD64407C95,2300,2300,,,,False,False,False,False,PROVEN_EXACT_REPLAY
"20651C9B11DBB0D7BA2D64A8F167577AE0452762EEA83C5A7558BA89B8D2C788",6,control,SAFE-2198CFD9D3D5952AECDBA0C2,TapOnHeldLongNote,LegacyDownstream,OracleOrSemanticMismatch,MUT-00005739-D8D69CF8EE95BA70A8D8,5739,"OP-00004525-BaseHead-S4525-T235733-ANA","L2|T235733|ETAP|Tap|S4525|ONone|YFalse",,"L4|T235733|ETAP|Tap|S4525|OHeadOpportunity|YTrue",4,Tap,235733,GEN-28AD55DC39E68919D88DFFAA,4,235645,235733,547.19605000000022323586083335,547.19605000000022323586083332,547.19605000000022323586083335,547.19605000000022323586083335,True,TapOnHeldLongNote,False,True,False,False,F3618F7A8EC3A5551DD207EBD0CC4F718BCB3A9C9F2F75F6B15E0973177C6641,70D414866043F2CE3D51E3D8610FE999753E5C8D843AB26AE385622A44D43111,DB114A654540A28BEEF8B75EBDD90085BF3F8898610F56EFF6F347D6ACEF755B,3406FD8931A1D1435AF0206642BDAF2CCCD843D574EDE41AD0989DE4230ACB3A,6014,6014,,,,False,False,False,False,PROVEN_EXACT_REPLAY
"20651C9B11DBB0D7BA2D64A8F167577AE0452762EEA83C5A7558BA89B8D2C788",6,control,SAFE-D43C1BA199050FC5470030E2,TapOnHeldLongNote,LegacyDownstream,OracleOrSemanticMismatch,MUT-00006650-EC4EA1B057EB585CECDE,6650,"OP-00005229-BaseHead-S5229-T265733-ANA","L0|T265733|ETAP|Tap|S5229|ONone|YFalse",,"L6|T265733|ETAP|Tap|S5229|OHeadOpportunity|YTrue",6,Tap,265733,GEN-A44C7A8B5F414560BE246A47,6,265644,265733,632.19605000000027990252750001,632.19605000000027990252749997,632.19605000000027990252750001,632.19605000000027990252750001,True,TapOnHeldLongNote,False,True,False,False,68BBA47871960120BE7C3CD2FC91B6EE803B57C8D9F9E2970F16ACF99EC7F51E,7E642027E0CD7FB4E15DD60DDD55F4516A5BB805C8355DC3CBCDB7C31E401560,7CEE493695C173D35B76DD5898716294B95F0ABCA454DA1A5CA1740142127BAB,29690A7432F9D44350D8960E9C9ACB6E7E6F39FDAE02C069DFE71BB02356C96B,6971,6971,,,,False,False,False,False,PROVEN_EXACT_REPLAY
"20651C9B11DBB0D7BA2D64A8F167577AE0452762EEA83C5A7558BA89B8D2C788",6,control,SAFE-C44477A9260FDB94F3D010C9,TapOnHeldLongNote,LegacyDownstream,OracleOrSemanticMismatch,MUT-00007231-B9E36263B1FEC38A3F2B,7231,"OP-00005694-BaseHead-S5694-T280733-ANA","L5|T280733|ETAP|Tap|S5694|ONone|YFalse",,"L3|T280733|ETAP|Tap|S5694|OHeadOpportunity|YTrue",3,Tap,280733,GEN-843D3CCEF438CE9F0A47C089,3,280644,280733,674.69605000000030823586083335,674.69605000000030823586083333,674.69605000000030823586083335,674.69605000000030823586083335,True,TapOnHeldLongNote,False,True,False,False,C3B4B72039D681F46960B0B6FD34946B8230FBFBA3C052290EEC227C25906645,BF0939FE5325F4C509EE88BE2B4992B9886AA6531F2401E117CC414A04694CDB,B190EE0370B42083887B4B436B07DFE59A4DBD75951AB8AC0F2C5D72F9299334,1C0CB0D72C98066D8809E0AEA2540991F4F2C4DA3475FCD468E09BBC2D543E62,7578,7578,,,,False,False,False,False,PROVEN_EXACT_REPLAY
"20651C9B11DBB0D7BA2D64A8F167577AE0452762EEA83C5A7558BA89B8D2C788",6,control,SAFE-F89698FACC31EBE11FB3BCE0,TapOnHeldLongNote,LegacyDownstream,OracleOrSemanticMismatch,MUT-00007309-7B5C67B560603933D77C,7309,"OP-00005756-BaseHead-S5756-T282806-ANA","L3|T282806|ETAP|Tap|S5756|ONone|YFalse",,"L1|T282806|ETAP|Tap|S5756|OHeadOpportunity|YTrue",1,Tap,282806,GEN-D483465A18C05A3F5AFB3C13,1,282762,282806,680.56955000000031215152750001,680.56955000000031215152749997,680.56955000000031215152750001,680.56955000000031215152750001,True,TapOnHeldLongNote,False,True,False,False,AF0A1E0D0C9C3C037F35007107DE64D73F152150B2A505D453C797B339B9EEE7,81EEF704622997A95D370FD9876A7B70D85A820E6AC06AFDB18D38FA9ED0EDDE,A4D99B1DBDB96F3DD625375B7F5A893635B74B7312D474B3E7E5AC897403505C,1BD0E18BB9FFE143A80E5D617955ECFF198E9C390C332898EDBF62384822C6CE,7663,7663,,,,False,False,False,False,PROVEN_EXACT_REPLAY
"20651C9B11DBB0D7BA2D64A8F167577AE0452762EEA83C5A7558BA89B8D2C788",6,control,SAFE-C356DF32E2B04C81E7C319B6,TapOnHeldLongNote,LegacyDownstream,OracleOrSemanticMismatch,MUT-00007422-D053AF290A6FEDFF23EC,7422,"OP-00005835-BaseHead-S5835-T285321-ANA","L4|T285321|ETAP|Tap|S5835|ONone|YFalse",,"L6|T285321|ETAP|Tap|S5835|OHeadOpportunity|YTrue",6,Tap,285321,GEN-1962B71CEB71E3CADBC17AEE,6,285233,285321,687.69538333333365023541638890,687.69538333333365023541638889,687.69538333333365023541638890,687.69538333333365023541638890,True,TapOnHeldLongNote,False,True,False,False,FF07AF275AC15CE608D17C73329B0A69B3FEBF9A5EB8108C0DCD77BA7DB0701E,D258D8CF25364775C9AD0D48B3FE114696A7B5AF0034EA8B00FC7B694E606ABB,9AD97E6C8FD4E4486733F9E7F490B6EB97D69376F66B71DEEC033E079E9BA506,36C0102B2DD7F5BC693D6EAF91D9C5E506FA5A763E3DD45B1C503D92013AD414,7782,7782,,,,False,False,False,False,PROVEN_EXACT_REPLAY
"20651C9B11DBB0D7BA2D64A8F167577AE0452762EEA83C5A7558BA89B8D2C788",6,control,SAFE-1A37152BAF32C0AE563FBA48,TapOnHeldLongNote,LegacyDownstream,OracleOrSemanticMismatch,MUT-00007837-F835311B8F3DA41DB9EA,7837,"OP-00006160-BaseHead-S6160-T296527-ANA","L3|T296527|ETAP|Tap|S6160|ONone|YFalse",,"L4|T296527|ETAP|Tap|S6160|OHeadOpportunity|YTrue",4,Tap,296527,GEN-441CE1522B82FDEB3C3F72EE,4,296439,296527,719.44571666666700473563861112,719.44571666666700473563861108,719.44571666666700473563861112,719.44571666666700473563861112,True,TapOnHeldLongNote,False,True,False,False,EE51D0A91712EBCD12FCAF0443118A2E3532749D22508F6DA5C4AB4A6D084478,D8F06D1AF70C1FFB5706FDF38BA18B776A3ECE579857A3AD2AB8AD7E0810CDF9,0045913BAFB67B54C71BD16B1B93F623B7FE99E9D38B67E47EB547E033023C82,D4B80C3B2AB19D1C2378106600D94BBBA8CC35DF960166A80642BDA6903732D8,8220,8220,,,,False,False,False,False,PROVEN_EXACT_REPLAY
"20651C9B11DBB0D7BA2D64A8F167577AE0452762EEA83C5A7558BA89B8D2C788",6,control,SAFE-109F6F25F03FC33F68F08051,TapOnHeldLongNote,LegacyDownstream,OracleOrSemanticMismatch,MUT-00009240-6F9E360655440771A12C,9240,"OP-00007221-BaseHead-S7221-T342410-ANA","L3|T342410|ETAP|Tap|S7221|ONone|YFalse",,"L6|T342410|ETAP|Tap|S7221|OHeadOpportunity|YTrue",6,Tap,342410,GEN-92FE2E0081F453FBD60E02F8,6,342292,342410,849.4475500000004247368608334,849.4475500000004247368608333,849.4475500000004247368608334,849.4475500000004247368608334,True,TapOnHeldLongNote,False,True,False,False,9386A6C036B10D6121D0CEBA5BA817630CE019EFA64492509AFDF5EEBAADDFCE,E9359E595B2AA819B859D805D6EF955E78FF4D779683C6497561880648F0C9FA,3303130DD390A4D6D42DF0492958884DD4F4121D87A7B9767AD1523BE261AB2C,6B33EC97D50320604302E6EB43A48083DAD506FB29FE6743A4861279238A1F90,9729,9729,,,,False,False,False,False,PROVEN_EXACT_REPLAY
"20651C9B11DBB0D7BA2D64A8F167577AE0452762EEA83C5A7558BA89B8D2C788",6,control,SAFE-C4BC965CF3810B61477CF0BD,TapOnHeldLongNote,LegacyDownstream,OracleOrSemanticMismatch,MUT-00013030-40732908717C8D2CE8F1,13030,"OP-00010125-BaseHead-S10125-T468410-ANA","L2|T468410|ETAP|Tap|S10125|ONone|YFalse",,"L4|T468410|ETAP|Tap|S10125|OHeadOpportunity|YTrue",4,Tap,468410,GEN-35D651C39FA5EDD0899C36F0,4,468079,468410,1206.4475500000006627368608334,1206.4475500000006627368608333,1206.4475500000006627368608334,1206.4475500000006627368608334,True,TapOnHeldLongNote,False,True,False,False,F0CF85AAC2533D5589D50FF8274DFF8C3A46418F2AAB4257D90735022BD40874,81BDAA222451B9690A171D86CA62F311DDE56CA9D55036981F83063142FD97B2,9D85E14B26FD4DDB6F6E613EBEAE772D782F85F2028A193C37E07195F5DAA9D6,A587EBD425493F2707F4B0B30BB0164ED461F6AEE80AC255C6712D7E8A5B4692,13723,13723,,,,False,False,False,False,PROVEN_EXACT_REPLAY
"20651C9B11DBB0D7BA2D64A8F167577AE0452762EEA83C5A7558BA89B8D2C788",7,control,SAFE-A6E660E8BA6926955AB49B93,TapOnHeldLongNote,LegacyDownstream,OracleOrSemanticMismatch,MUT-00000019-6503ADA391C77E58EACE,19,"OP-00000011-BaseHead-S11-T2527-ANA","L1|T2527|ETAP|Tap|S11|ONone|YFalse",,"L2|T2527|ETAP|Tap|S11|OHeadOpportunity|YTrue",2,Tap,2527,GEN-D665798ED31B0BA31531E94A,2,2076,2527,2.4981833333333343326066666667,2.4981833333333343326066666666,2.4981833333333343326066666667,2.4981833333333343326066666667,True,TapOnHeldLongNote,False,True,False,False,1316F96E960C1B57C772006A4FC83ABF142C3E4135F3F5BDAEE30919527C6628,C58068FC61DA39C53F1F8BF2014C5BB7A5491B7A1F0F8E86C6128FEB7B21DA97,2F402A890202B1E2AD69EB58620A40A98D8E445547956C9FF2270D74867CB902,5167D9F307B84500D5299EA8012E0E9AABAAB30D602D066731A2CEC8C27568DC,24,24,,,,False,False,False,False,PROVEN_EXACT_REPLAY
"20651C9B11DBB0D7BA2D64A8F167577AE0452762EEA83C5A7558BA89B8D2C788",7,control,SAFE-C55AF316288FE7EBB8229F8B,TapOnHeldLongNote,LegacyDownstream,OracleOrSemanticMismatch,MUT-00000391-41AB53EE6C985F5E85EC,391,"OP-00000277-BaseHead-S277-T23730-ANA","L2|T23730|ETAP|Tap|S277|ONone|YFalse",,"L3|T23730|ETAP|Tap|S277|OHeadOpportunity|YTrue",3,Tap,23730,GEN-115CA63485C21F67F3AA2946,3,23392,23730,49.498166666666686465933333333,49.49816666666668646593333333,49.498166666666686465933333333,49.498166666666686465933333333,True,TapOnHeldLongNote,False,True,False,False,94783E922815A663A55126AC4AA383E2FEE98D48D6678FF254D3A14EDEDE0580,4BF118DA6273A7AE14D814C346FE237B511B09EC31A1965310D6333D6F0AE6DC,A2DC9650917B74757638B658B116245570B7B47857F5741F59D6D5186A3BD2D8,DB56705B610722A7DD693D0F286BD9891A67020B691231CB7A19444D1B1832E4,428,428,,,,False,False,False,False,PROVEN_EXACT_REPLAY
"20651C9B11DBB0D7BA2D64A8F167577AE0452762EEA83C5A7558BA89B8D2C788",7,control,SAFE-1E4B4A0B942E9DEF44E307EF,TapOnHeldLongNote,LegacyDownstream,OracleOrSemanticMismatch,MUT-00002506-003A13FC2692E3D7021D,2506,"OP-00001936-BaseHead-S1936-T110572-ANA","L6|T110572|ETAP|Tap|S1936|ONone|YFalse",,"L5|T110572|ETAP|Tap|S1936|OHeadOpportunity|YTrue",5,Tap,110572,GEN-BA24CCCE1C8025A27161D39F,5,110460,110572,241.99793333333343013250666667,241.99793333333343013250666666,241.99793333333343013250666667,241.99793333333343013250666667,True,TapOnHeldLongNote,False,True,False,False,593921AF42F1B75E01C681FE5F71E66969E4081349DCA9AF084125597EA1D25D,F77FD11BA43C8955C54BD33088368BD3487983B255CA449BE50F7F3E93950863,F9A210B21BB30D1173D71F9FA5DB6285284D0617D9F71576011369C2EEAC952F,3DB71EDA04ACF8C37097502DC5262E82EF04E059BECE43D223D3DD6C16A0B92C,2697,2697,,,,False,False,False,False,PROVEN_EXACT_REPLAY
"20651C9B11DBB0D7BA2D64A8F167577AE0452762EEA83C5A7558BA89B8D2C788",7,control,SAFE-7A4294ADBA3E15893EE62AEB,TapOnHeldLongNote,LegacyDownstream,OracleOrSemanticMismatch,MUT-00006711-10E57284B66B19DED68A,6711,"OP-00005266-BaseHead-S5266-T266791-ANA","L3|T266791|ETAP|Tap|S5266|ONone|YFalse",,"L0|T266791|ETAP|Tap|S5266|OHeadOpportunity|YTrue",0,Tap,266791,GEN-B58ABFD49924BD5F0BCB81DB,0,266703,266791,635.19371666666694856763861112,635.19371666666694856763861108,635.19371666666694856763861112,635.19371666666694856763861112,True,TapOnHeldLongNote,False,True,False,False,932B8C48A3F25087100A5DB5BBAC53E349B72F2DBE4C9A5768F6EE97B2A8E29B,9ADEC6751CE7FDA75B82BF007B214FB9923425DD85AE138910578CE3E05AC41B,8DF002DAEB9D681AFAC9C8403A8281AE3305C25566DFD51622642B8DF6AD112E,1978EA2EE1B7745996513D059BE05377EA03B957D5456E56823F486759D36984,7031,7031,,,,False,False,False,False,PROVEN_EXACT_REPLAY
"20651C9B11DBB0D7BA2D64A8F167577AE0452762EEA83C5A7558BA89B8D2C788",7,control,SAFE-A48017D161C60A4AE08BA7ED,TapOnHeldLongNote,LegacyDownstream,OracleOrSemanticMismatch,MUT-00007431-208B7C7759D1EF62CA45,7431,"OP-00005835-BaseHead-S5835-T285321-ANA","L4|T285321|ETAP|Tap|S5835|ONone|YFalse",,"L1|T285321|ETAP|Tap|S5835|OHeadOpportunity|YTrue",1,Tap,285321,GEN-396BC3630701E04B6B43A5EF,1,285233,285321,687.69538333333365023541638890,687.69538333333365023541638889,687.69538333333365023541638890,687.69538333333365023541638890,True,TapOnHeldLongNote,False,True,False,False,1A9121EB98DF990115F07221ADE9042D18D12E647BC30ED1EFEBA122044A364C,474A5C96A7D665ED64CDA13B64F76D113959FC76D801A0EB491CE9C1D822ECB9,EDEE4AF38FD5C139E0DAB68D20E29AA40E9D0E285C6D95786EE430E359D170AF,26AA12F2FA76527B6701FED176F5C6374D9CB7CA912BF387E38CAB0A5D95ABDF,7789,7789,,,,False,False,False,False,PROVEN_EXACT_REPLAY
"20651C9B11DBB0D7BA2D64A8F167577AE0452762EEA83C5A7558BA89B8D2C788",7,control,SAFE-1457F7262474B751288B6A60,TapOnHeldLongNote,LegacyDownstream,OracleOrSemanticMismatch,MUT-00007858-7D948DFD6DA068257893,7858,"OP-00006162-BaseHead-S6162-T296527-ANA","L5|T296527|ETAP|Tap|S6162|ONone|YFalse",,"L1|T296527|ETAP|Tap|S6162|OHeadOpportunity|YTrue",1,Tap,296527,GEN-0453E45235CBE162C9EB5619,1,296439,296527,719.44571666666700473563861112,719.44571666666700473563861108,719.44571666666700473563861112,719.44571666666700473563861112,True,TapOnHeldLongNote,False,True,False,False,F2C37049A88960DCA8A773F30892625F75C141831F1C780C6286D0D0A20C313B,CF7BD0F56A77CD1CEC059D5C846736EBC01D36B8ABFD204306492AD631F96CAD,592B8CFC8FCA8C7EFB133C3E64B791B1F43CF0F919461F080BC0B9C88DAED3DA,245E94D93EF5F7F6C161598625DBF354AFA5C4E9F068323C6683A165B83EAB79,8238,8238,,,,False,False,False,False,PROVEN_EXACT_REPLAY
"20651C9B11DBB0D7BA2D64A8F167577AE0452762EEA83C5A7558BA89B8D2C788",7,control,SAFE-D215205B542DAACD04CC246C,TapOnHeldLongNote,LegacyDownstream,OracleOrSemanticMismatch,MUT-00010266-20D5B834FE9847353EED,10266,"OP-00008011-BaseHead-S8011-T376998-ANA","L2|T376998|ETAP|Tap|S8011|ONone|YFalse",,"L1|T376998|ETAP|Tap|S8011|OHeadOpportunity|YTrue",1,Tap,376998,GEN-1E2160CF1DEAF34AED0EB9B8,1,376821,376998,947.4468833333338234030830556,947.4468833333338234030830555,947.4468833333338234030830556,947.4468833333338234030830556,True,TapOnHeldLongNote,False,True,False,False,790F7DC93D7C043C0221D3657C28DC52173C4D4DB01D2B395E4336B6DCCF8A83,1F1B00B5E8ABF3376CCBE88746E4708837E697F83A224A406B25B1128DCCEDC9,D18E3BA3BF4F6EE3CC55A2984BAEF84D1E8DE5ACFE7D3725B833FAFAE3042027,D39A1283D2D7E24F6D57943E47DE415E6270F5B6B18BE9E9773504C77C845790,10858,10858,,,,False,False,False,False,PROVEN_EXACT_REPLAY
"20651C9B11DBB0D7BA2D64A8F167577AE0452762EEA83C5A7558BA89B8D2C788",8,control,SAFE-B1ECB1FA68A0D932BCB47349,TapOnHeldLongNote,LegacyDownstream,OracleOrSemanticMismatch,MUT-00000413-DFE3B454D5CEE223F285,413,"OP-00000297-BaseHead-S297-T24858-ANA","L2|T24858|ETAP|Tap|S297|ONone|YFalse",,"L0|T24858|ETAP|Tap|S297|OHeadOpportunity|YTrue",0,Tap,24858,GEN-9AF07C30A49BABA74B87E2B6,0,24520,24858,51.998566666666687466093333333,51.99856666666668746609333333,51.998566666666687466093333333,51.998566666666687466093333333,True,TapOnHeldLongNote,False,True,False,False,EB9103E45385E58FEDB168421585F8BAB8991E6219B425B06AC141CDB26D2D29,3FC2BA11C7142F8B42FB25A36A81AE283AE5DAADF370D338D9E59927C0B48C66,9B69FA4AD36B3A909A545CD50E5E06073B411D954E6A91FE54A7E7A582A99EEF,58FFFA9AF4B265B6DD5ED32EAEC02F9673A4B709B7C3E72C28FB88E7F1CC0B3B,444,444,,,,False,False,False,False,PROVEN_EXACT_REPLAY
"20651C9B11DBB0D7BA2D64A8F167577AE0452762EEA83C5A7558BA89B8D2C788",8,control,SAFE-1AB357E25B599E18CAA110B2,TapOnHeldLongNote,LegacyDownstream,OracleOrSemanticMismatch,MUT-00000509-FB7A86280E5233B0B558,509,"OP-00000370-BaseHead-S370-T29933-ANA","L0|T29933|ETAP|Tap|S370|ONone|YFalse",,"L4|T29933|ETAP|Tap|S370|OHeadOpportunity|YTrue",4,Tap,29933,GEN-DAAE11B0F6C8A15713CACF94,4,29821,29933,63.24815000000002529926,63.248150000000025299259999997,63.24815000000002529926,63.24815000000002529926,True,TapOnHeldLongNote,False,True,False,False,B43FF465B07BA3AA95F5A463E871BB299C98AEBB4480BECD3E5FAB17055DFDC3,304A8A254EF96793E6C3CF61DF07B3B9D49C39CE26D082BBA3C8F4412FED1513,29929E8B8AB1F5E24E7AD1DB2C2832E8DBDF4FCEFB9167199BF3352BA0CE15F7,98912E2BDE883FCB8A8D40ECAD2F94222980069BAB28358DF5D0BAE28A5FF4D1,550,550,,,,False,False,False,False,PROVEN_EXACT_REPLAY
"20651C9B11DBB0D7BA2D64A8F167577AE0452762EEA83C5A7558BA89B8D2C788",8,control,SAFE-1CA6EBC12E354AE15B705724,TapOnHeldLongNote,LegacyDownstream,OracleOrSemanticMismatch,MUT-00003958-9006D63975691E1FEF17,3958,"OP-00003146-BaseHead-S3146-T180915-ANA","L1|T180915|ETAP|Tap|S3146|ONone|YFalse",,"L3|T180915|ETAP|Tap|S3146|OHeadOpportunity|YTrue",3,Tap,180915,GEN-9A0043CECF6C7B02DE9D00D6,3,180698,180915,397.99733333333349253226666667,397.99698333333349253212666667,397.99733333333349253226666667,397.99733333333349253226666667,True,TapOnHeldLongNote,False,True,False,False,DC9D1E79396AAD6D97E2176A647DA72463C362D009852A49BCDA4AAFB23E7ACD,E537FEBFCFB5510ED312EB2BFF2E4BA173321D48C3C3BA6A80C2BC94ACC83D68,347946DFA2F92E3FB7C0F38FFA405AE2D54657D79D239A213E8E7FEF52C97F2D,0D3AE61A1BDCDFD60ED471BFA31258F9417AD0ADC6F395C4C9CE527886F95073,4217,4217,,,,False,False,False,False,PROVEN_EXACT_REPLAY
"20651C9B11DBB0D7BA2D64A8F167577AE0452762EEA83C5A7558BA89B8D2C788",8,control,SAFE-1A0A37D2DC9A409E4E3BDB4C,TapOnHeldLongNote,LegacyDownstream,OracleOrSemanticMismatch,MUT-00006804-9FD43A53EF710A475C55,6804,"OP-00005307-BaseHead-S5307-T268380-ANA","L6|T268380|ETAP|Tap|S5307|ONone|YFalse",,"L2|T268380|ETAP|Tap|S5307|OHeadOpportunity|YTrue",2,Tap,268380,GEN-A4F0149A744A92E2FB0BD509,2,268291,268380,639.69588333333361823574972223,639.69588333333361823574972219,639.69588333333361823574972223,639.69588333333361823574972223,True,TapOnHeldLongNote,False,True,False,False,2772EE7153182C82DE614F4F41A2C7DC1312AFD8B60B6671B06A510C1D0F3638,2623CC053F51467254A3884C4FB885386B829B1FF1B54310608C3B7F66AF7040,7BC533E86FB80E42E1A28D757CFB9A220D38864A514CF77E6F79E43A30D64EA0,4A2A2998D3D0FDA76D55CC83FE6A625A3D66207B184F2F49D24CED98A2FE4ECE,7132,7132,,,,False,False,False,False,PROVEN_EXACT_REPLAY
"20651C9B11DBB0D7BA2D64A8F167577AE0452762EEA83C5A7558BA89B8D2C788",8,control,SAFE-A473847EF6DDB42FA1E8291F,TapOnHeldLongNote,LegacyDownstream,OracleOrSemanticMismatch,MUT-00007523-1D220F7F5F24A0708A72,7523,"OP-00005866-BaseHead-S5866-T286468-ANA","L6|T286468|ETAP|Tap|S5866|ONone|YFalse",,"L0|T286468|ETAP|Tap|S5866|OHeadOpportunity|YTrue",0,Tap,286468,GEN-63F6168F52888687DD0E4CFA,0,286336,286468,690.94521666666698573530527779,690.94521666666698573530527774,690.94521666666698573530527779,690.94521666666698573530527779,True,TapOnHeldLongNote,False,True,False,False,85529797E9815925C067FEEB05AEFB731568E0054CE59B2CA849CD14CBF80F41,5598DDDE639C703215754E2E60E8B8F697A18DF8FBE6B838FFE143484EB2ACB3,553A0AFC50EE9A88E765D04A98B54ECF745C584D9C7C8C1EB1999B0E31DBC5CE,4ACB327225E3551169859B5894B481B6E95A306E63B5FCB8EBE68C44973C227C,7886,7886,,,,False,False,False,False,PROVEN_EXACT_REPLAY
"20651C9B11DBB0D7BA2D64A8F167577AE0452762EEA83C5A7558BA89B8D2C788",8,control,SAFE-0322AB4FDB72BE7A34A15539,TapOnHeldLongNote,LegacyDownstream,OracleOrSemanticMismatch,MUT-00012368-107FDE8E15A2603C0BEC,12368,"OP-00009531-BaseHead-S9531-T441365-ANA","L4|T441365|ETAP|Tap|S9531|ONone|YFalse",,"L3|T441365|ETAP|Tap|S9531|OHeadOpportunity|YTrue",3,Tap,441365,GEN-8D954EA49BE1A651ACA96388,3,441233,441365,1129.8200500000006116518608334,1129.8200500000006116518608333,1129.8200500000006116518608334,1129.8200500000006116518608334,True,TapOnHeldLongNote,False,True,False,False,4DB41236EB1F31DF61030201C9E1D061F75096E4739FEA6FA39B53D78D6551D7,3FE6AFF3D289DBFC9FE1739EAF35961E6D1958A8D8F4324FC28F621138AD49DA,1DCD348ADD8FC0FFD6868B4B23A8E7BA1306FC583D309A810221C7E70E459A76,D73570E1AEFCACC1B48D8147E77BDFC9D3B51EB60EF229E17644FDBA9E0FC352,13040,13040,,,,False,False,False,False,PROVEN_EXACT_REPLAY
"20651C9B11DBB0D7BA2D64A8F167577AE0452762EEA83C5A7558BA89B8D2C788",9,control,SAFE-1AB357E25B599E18CAA110B2,TapOnHeldLongNote,LegacyDownstream,OracleOrSemanticMismatch,MUT-00000491-39189F10E2D4CC1D7FAB,491,"OP-00000370-BaseHead-S370-T29933-ANA","L0|T29933|ETAP|Tap|S370|ONone|YFalse",,"L4|T29933|ETAP|Tap|S370|OHeadOpportunity|YTrue",4,Tap,29933,GEN-77F56F579BEDD88C580439ED,4,29821,29933,63.24815000000002529926,63.248150000000025299259999997,63.24815000000002529926,63.24815000000002529926,True,TapOnHeldLongNote,False,True,False,False,015F1FA85D0D4E18DB3BE44362B99BBFE4AA75BF1376C499A93EA38CF89D0F8E,BB63FD13AF458E48C92CEDED4D6BBFD00C6B7746777E5CD48443A9E3135C0DCE,273B6FB8F1AFE1E2569FD10730E2ACD221CB1D70A544AAFE7B9112A139355060,648747C202BFFBB29FF932142DF79DE7204AD3BEA43CF9929FD62B0FD74C84DB,533,533,,,,False,False,False,False,PROVEN_EXACT_REPLAY
"20651C9B11DBB0D7BA2D64A8F167577AE0452762EEA83C5A7558BA89B8D2C788",9,control,SAFE-7E0C36C30E475B0FD70F0F49,TapOnHeldLongNote,LegacyDownstream,OracleOrSemanticMismatch,MUT-00001642-29A23CE748D441357661,1642,"OP-00001279-BaseHead-S1279-T77527-ANA","L5|T77527|ETAP|Tap|S1279|ONone|YFalse",,"L2|T77527|ETAP|Tap|S1279|OHeadOpportunity|YTrue",2,Tap,77527,GEN-58A1B57C643C4B9DBEF003B6,2,77415,77527,168.74818333333340083260666667,168.74818333333340083260666666,168.74818333333340083260666667,168.74818333333340083260666667,True,TapOnHeldLongNote,False,True,False,False,ED532D8B359B4ED0D596BBC12535A6110C899B5BE7890D0640566FE9128B5FEF,964D89F92ED4DCAE88ECB450567EB59D143C8A21F773B5895D7DDAD053A49DAB,55CC3747CDE741F6DE934155883B329478A1DAF9B25573460B19685EE1CABF75,1D637207AFF7E46125C77A1F8C777BAFB7674D2E0D553D294650A658B3ACD3EA,1764,1764,,,,False,False,False,False,PROVEN_EXACT_REPLAY
"20651C9B11DBB0D7BA2D64A8F167577AE0452762EEA83C5A7558BA89B8D2C788",9,control,SAFE-A74CAE760F8E31CAA7857BF7,TapOnHeldLongNote,LegacyDownstream,OracleOrSemanticMismatch,MUT-00005849-D8648E336BD70B56E94A,5849,"OP-00004577-BaseHead-S4577-T238292-ANA","L1|T238292|ETAP|Tap|S4577|ONone|YFalse",,"L5|T238292|ETAP|Tap|S4577|OHeadOpportunity|YTrue",5,Tap,238292,GEN-5874087780AD63022D09F26C,5,238204,238292,554.44655000000022806952750001,554.44655000000022806952749999,554.44655000000022806952750001,554.44655000000022806952750001,True,TapOnHeldLongNote,False,True,False,False,4036F435CD3CA03B4280ECFE5FE98F95DB5F8EAE76E1ED1F44F0E434BD4D37ED,4F0C7C7AE0F109494CB1D46F40813104C69587045F6FF0BA60ED742DB9CACFC3,2C7F8C951D072A08FE3C3131508AB64EC747AFBE23586527E07B18D840843D74,49CEA5814B8279CCC31A70E4205AE1B331C65EE590E59839FB8E72463DE1EBCF,6116,6116,,,,False,False,False,False,PROVEN_EXACT_REPLAY
"20651C9B11DBB0D7BA2D64A8F167577AE0452762EEA83C5A7558BA89B8D2C788",9,control,SAFE-BC7F010EE7032F274B705CF3,TapOnHeldLongNote,LegacyDownstream,OracleOrSemanticMismatch,MUT-00006387-1CF4FD04F8DDE6B2D1E1,6387,"OP-00004997-BaseHead-S4997-T257791-ANA","L1|T257791|ETAP|Tap|S4997|ONone|YFalse",,"L2|T257791|ETAP|Tap|S4997|OHeadOpportunity|YTrue",2,Tap,257791,GEN-42F044292C4E0A23CA93B125,2,257703,257791,609.69371666666693156763861112,609.69371666666693156763861108,609.69371666666693156763861112,609.69371666666693156763861112,True,TapOnHeldLongNote,False,True,False,False,4AEBDFCD48E90FA14FA3E0D47F348FA69751ED650209F98E8A7D377BC58B6960,5928DB67A046524D44D8E38C408A492FCC31210305C41279611F0EF78CA6B74A,BA3DF6F5FC1FCB7CC7FCD531781F7188FDFA825EE706483E98A7C1BEC1DED87C,B9D64DEC907AF93F6F781A19257790506253B37848135D4242B0372EAEDF908B,6682,6682,,,,False,False,False,False,PROVEN_EXACT_REPLAY
"20651C9B11DBB0D7BA2D64A8F167577AE0452762EEA83C5A7558BA89B8D2C788",9,control,SAFE-913F6BD5BED03E5CEDC04C89,TapOnHeldLongNote,LegacyDownstream,OracleOrSemanticMismatch,MUT-00006666-0B4FF27164FC6ACFDB76,6666,"OP-00005210-BaseHead-S5210-T265027-ANA","L1|T265027|ETAP|Tap|S5210|ONone|YFalse",,"L3|T265027|ETAP|Tap|S5210|OHeadOpportunity|YTrue",3,Tap,265027,GEN-E04D5866350C0762E844EABD,3,264939,265027,630.19571666666694523563861112,630.19571666666694523563861108,630.19571666666694523563861112,630.19571666666694523563861112,True,TapOnHeldLongNote,False,True,False,False,6713250D9F61A0CEB95D87FB4437FD709F56316B83FDDC62014E3FA6DA59F45C,4306746E07B034E0BCF6F8FFBED5EBBF784959D5070F99252080719FB686EE70,E18E94606C266EAEA44853421C2675FF6AC15A43A78C13D0B5D7C5AA65E2A297,50F07488A3C8058074E358BC26772B2EE7DAA685885F87AD549275D461E7C215,6976,6976,,,,False,False,False,False,PROVEN_EXACT_REPLAY
"20651C9B11DBB0D7BA2D64A8F167577AE0452762EEA83C5A7558BA89B8D2C788",9,control,SAFE-C356DF32E2B04C81E7C319B6,TapOnHeldLongNote,LegacyDownstream,OracleOrSemanticMismatch,MUT-00007473-AF54FA5C0C92A87E6A52,7473,"OP-00005835-BaseHead-S5835-T285321-ANA","L4|T285321|ETAP|Tap|S5835|ONone|YFalse",,"L6|T285321|ETAP|Tap|S5835|OHeadOpportunity|YTrue",6,Tap,285321,GEN-9421719051820AD386CF03BE,6,285233,285321,687.69538333333365023541638890,687.69538333333365023541638889,687.69538333333365023541638890,687.69538333333365023541638890,True,TapOnHeldLongNote,False,True,False,False,9456B99E4B57BF0503A4D30BAA7CF6FEB2BE8A7FBE9EF93138DA25BB38091F86,1AB43B29DF0F5C5BCB04C6AB75DB81251F0D2EDD0F5B8C0ABC1AE0E1A53AE19B,0C10724110F1783B08216D6BCA85197B6B5F22504735CA95D4EA1F2005C59F04,D6CD66CAE5F5FAD30A3C5D68474A49009AEF72F1EF0C43DF2D7504D657E91F4D,7822,7822,,,,False,False,False,False,PROVEN_EXACT_REPLAY
"20651C9B11DBB0D7BA2D64A8F167577AE0452762EEA83C5A7558BA89B8D2C788",9,control,SAFE-1A37152BAF32C0AE563FBA48,TapOnHeldLongNote,LegacyDownstream,OracleOrSemanticMismatch,MUT-00007896-8A281FFA2D92C10E632A,7896,"OP-00006162-BaseHead-S6162-T296527-ANA","L5|T296527|ETAP|Tap|S6162|ONone|YFalse",,"L4|T296527|ETAP|Tap|S6162|OHeadOpportunity|YTrue",4,Tap,296527,GEN-97FF75D50BAD3A932A64BD75,4,296439,296527,719.44571666666700473563861112,719.44571666666700473563861108,719.44571666666700473563861112,719.44571666666700473563861112,True,TapOnHeldLongNote,False,True,False,False,C1EE81584571BD91B705BEAE56A9660FF2F94D66975D75E232D5DEB1B553708F,C243C6428639F7352F0B4D53EDEC5E8AA997F92B4345BFEDBD67B0DC7D9B360F,D6ED3CC337D1D5AA82D73347D350C6B8654CDA6507740648487825C1D1C13BC8,2FD414C9461E039248BE9B72BE0990FCE6F8164894FAC3AFDD99E8443CBD2A75,8270,8270,,,,False,False,False,False,PROVEN_EXACT_REPLAY
"20651C9B11DBB0D7BA2D64A8F167577AE0452762EEA83C5A7558BA89B8D2C788",9,control,SAFE-D847933B3EB0F147BCBE6A5A,TapOnHeldLongNote,LegacyDownstream,OracleOrSemanticMismatch,MUT-00007913-93AE5CC191E03327538B,7913,"OP-00006173-BaseHead-S6173-T296968-ANA","L1|T296968|ETAP|Tap|S6173|ONone|YFalse",,"L0|T296968|ETAP|Tap|S6173|OHeadOpportunity|YTrue",0,Tap,296968,GEN-EC4566D0D3774B4090A43138,0,296880,296968,720.69521666666700556863861112,720.69521666666700556863861108,720.69521666666700556863861112,720.69521666666700556863861112,True,TapOnHeldLongNote,False,True,False,False,896BBE864798D6B8CFCF1EF5536066C03580A549E02B1929597C8A806B6F7D84,BD4371EFB93610776A5DC5A373D9F7ABC535DCB4B6B9DDCC6BBACDE82702AC9F,C69FB2AA6D4C28F38ADB28F2C79A0D18C35E5E1217EDCD721C14F6B80233E5C2,E8CD2673F678EFFC762EDC94BC92D423E26DA5BFFCC6847C8CD0B571B1167351,8289,8289,,,,False,False,False,False,PROVEN_EXACT_REPLAY
"20651C9B11DBB0D7BA2D64A8F167577AE0452762EEA83C5A7558BA89B8D2C788",9,control,SAFE-C7F781476DE3E36B74D8A22B,TapOnHeldLongNote,LegacyDownstream,OracleOrSemanticMismatch,MUT-00010528-F1CE1764F600E24BE3BB,10528,"OP-00008195-BaseHead-S8195-T385204-ANA","L1|T385204|ETAP|Tap|S8195|ONone|YFalse",,"L3|T385204|ETAP|Tap|S8195|OHeadOpportunity|YTrue",3,Tap,385204,GEN-EA5C382A57A0DFAAEFA6DED8,3,384939,385204,970.6972166666671722366386111,970.6972166666671722366386110,970.6972166666671722366386111,970.6972166666671722366386111,True,TapOnHeldLongNote,False,True,False,False,62A128C58A61DC76CFF868752F62C344BE67890307F075C30AFAB7403B7D9BA8,F7EE3754FAC654E145222BCF4BFD241E5D8A70D56E102778172D92BE37D7699A,E29DC370EF66272234AFDC2C0BCBBED6CCD1A6E984EB0F7C2E55AD6C3DB7F36E,C7985AD28BBB0475C834F6C08F6268B0F0CA6B666CDFCA6ED00B3045FFF63FB7,11124,11124,,,,False,False,False,False,PROVEN_EXACT_REPLAY
"20651C9B11DBB0D7BA2D64A8F167577AE0452762EEA83C5A7558BA89B8D2C788",9,control,SAFE-525708F742F1BA0555BAE0F5,TapOnHeldLongNote,LegacyDownstream,OracleOrSemanticMismatch,MUT-00012760-5F70FE779773298F04A3,12760,"OP-00009880-BaseHead-S9880-T457292-ANA","L6|T457292|ETAP|Tap|S9880|ONone|YFalse",,"L1|T457292|ETAP|Tap|S9880|OHeadOpportunity|YTrue",1,Tap,457292,GEN-69D92EF750E01369D61DEB4A,1,456939,457292,1174.9465500000006417361941667,1174.9465500000006417361941666,1174.9465500000006417361941667,1174.9465500000006417361941667,True,TapOnHeldLongNote,False,True,False,False,AAE4A8ED81C8A4CD8F01D3E92EC196A952AFA5E4908C5D7146BBB83803353807,084F225BF32F5C63822A9B4F803D1DECD57ACFCCA61DC72556B8B085A2235D53,B44B8AF7970E5919F88BB8CA444FD00F86510D30ED1BC6C3FBA125A4501D93DF,FAA9BD0606052D7B1B0D8294512BBFC3112085A588E5208D4E5EE2CACA52465D,13435,13435,,,,False,False,False,False,PROVEN_EXACT_REPLAY
"20651C9B11DBB0D7BA2D64A8F167577AE0452762EEA83C5A7558BA89B8D2C788",10,control,SAFE-913F6BD5BED03E5CEDC04C89,TapOnHeldLongNote,LegacyDownstream,OracleOrSemanticMismatch,MUT-00006601-1B21F91892BFE9998DAA,6601,"OP-00005210-BaseHead-S5210-T265027-ANA","L1|T265027|ETAP|Tap|S5210|ONone|YFalse",,"L3|T265027|ETAP|Tap|S5210|OHeadOpportunity|YTrue",3,Tap,265027,GEN-EA3F352DAE8FC5CC20B20DC2,3,264939,265027,630.19571666666694523563861112,630.19571666666694523563861108,630.19571666666694523563861112,630.19571666666694523563861112,True,TapOnHeldLongNote,False,True,False,False,C0AD20BE659656B7154F7BC92970BF20F743F30D183074117B20FC7090F154A4,35735291EB30F798C92B19E3116EDC3A5674963DD4E3C0879258AF77063EED41,BE051221AE9A1EF061D368E7E7AD97460E1F31A949CEB0F19726A44C5BD1B1F5,E7707720134BD20A91FE445E848FA6857E43126308C4785C04FF23037B3C4767,6912,6912,,,,False,False,False,False,PROVEN_EXACT_REPLAY
"20651C9B11DBB0D7BA2D64A8F167577AE0452762EEA83C5A7558BA89B8D2C788",10,control,SAFE-A9BBB63B1E451CD4ABEBFF60,TapOnHeldLongNote,LegacyDownstream,OracleOrSemanticMismatch,MUT-00007844-72373F767A228BD230FF,7844,"OP-00006172-BaseHead-S6172-T296968-ANA","L4|T296968|ETAP|Tap|S6172|ONone|YFalse",,"L5|T296968|ETAP|Tap|S6172|OHeadOpportunity|YTrue",5,Tap,296968,GEN-3F82164DAC5F54B8FEBDBE66,5,296880,296968,720.69521666666700556863861112,720.69521666666700556863861108,720.69521666666700556863861112,720.69521666666700556863861112,True,TapOnHeldLongNote,False,True,False,False,060B15F51D6FB19B351EB338039E24A054D34334FB8A1BA1A9A3102BF8170A7E,346FEEF4F218C032858AAD2B0E835EC1E7E196B38A2EDDEE378BE41FFF057E7A,56060831370EB67091F091E0C113307BF6B93B21C47E3E164CD71BEF6E4750B5,FAD83094AEB2074FB49BCB3801CC9DE82E9FA02F66A5EA11C6A54846ADE59A45,8219,8219,,,,False,False,False,False,PROVEN_EXACT_REPLAY
"20651C9B11DBB0D7BA2D64A8F167577AE0452762EEA83C5A7558BA89B8D2C788",11,control,SAFE-0ADCBDCB9AC6CA7DA5D22566,TapOnHeldLongNote,LegacyDownstream,OracleOrSemanticMismatch,MUT-00002326-A9169AF0E75711D56F52,2326,"OP-00001792-BaseHead-S1792-T103016-ANA","L3|T103016|ETAP|Tap|S1792|ONone|YFalse",,"L2|T103016|ETAP|Tap|S1792|OHeadOpportunity|YTrue",2,Tap,103016,GEN-11910BD39A64B2638608A28A,2,102903,103016,225.24880000000009009952,225.24880000000009009951999999,225.24880000000009009952,225.24880000000009009952,True,TapOnHeldLongNote,False,True,False,False,77342B2DB52E4778CC8884B65BF5656173E2CC0F8ABF7F833029038143202D72,C2C1A61FA8B9D872A79806A42F5D7944A6CD8695B16A8D09D76241F95BA397EA,2D4688307A6AB1294B89454F63718C265DF1C78D71E7EA8BA6D0334F63869B50,E6B741CA0E6F03FCF7DF54EE1644DE7EC50A70023A68E3616DF0D5D57CF75C59,2511,2511,,,,False,False,False,False,PROVEN_EXACT_REPLAY
"20651C9B11DBB0D7BA2D64A8F167577AE0452762EEA83C5A7558BA89B8D2C788",11,control,SAFE-E5353361B9AE281B9B6C6DBD,TapOnHeldLongNote,LegacyDownstream,OracleOrSemanticMismatch,MUT-00006088-E2C4916AF95737710502,6088,"OP-00004757-BaseHead-S4757-T246939-ANA","L5|T246939|ETAP|Tap|S4757|ONone|YFalse",,"L2|T246939|ETAP|Tap|S4757|OHeadOpportunity|YTrue",2,Tap,246939,GEN-6FF21E648C60E8D6AAA450A1,2,246851,246939,578.94638333333357773608305557,578.94638333333357773608305554,578.94638333333357773608305557,578.94638333333357773608305557,True,TapOnHeldLongNote,False,True,False,False,243C11B12F414DF4CBA8277BEE0AF179E6CB6F87E06A247B0E4F2D10F7AF3CB5,946BBBF6718A7966DAEFA7D17BA84376F24176B329C23B8E1F6E927585F61F54,9E34A143F0D4D92790E9944A42F76D4B0056F99D8AE1331052EFE375D6321841,42443CAB872D5C3D97F0CDD25DEB377C0C62674CAA04083A005700EFA82CAB65,6385,6385,,,,False,False,False,False,PROVEN_EXACT_REPLAY
"20651C9B11DBB0D7BA2D64A8F167577AE0452762EEA83C5A7558BA89B8D2C788",11,control,SAFE-78143F6712C8351B1AD423A7,TapOnHeldLongNote,LegacyDownstream,OracleOrSemanticMismatch,MUT-00006868-24E0E4674027A9ADB5C2,6868,"OP-00005391-BaseHead-S5391-T270850-ANA","L2|T270850|ETAP|Tap|S5391|ONone|YFalse",,"L3|T270850|ETAP|Tap|S5391|OHeadOpportunity|YTrue",3,Tap,270850,GEN-E469802E8C90E5F1519B37F0,3,270762,270850,646.69421666666695623463861112,646.69421666666695623463861110,646.69421666666695623463861112,646.69421666666695623463861112,True,TapOnHeldLongNote,False,True,False,False,5B9DABF6F502C303ECA68710E84FE1E72671ABEE4523352C5FDD49AE3CDE1121,DB37CCD0F68E089C1FFB48F62353FE124874AD9D9B903A9AA2AB092292E37C99,8E033F967A93115743ED6476A9BF524D4C333217E8B6AC0DECCA73D80DD91E28,84DAD92307513A43C70EB6799CBE2A432394CF936ED7F98AC06B72BE7B40EEEA,7191,7191,,,,False,False,False,False,PROVEN_EXACT_REPLAY
"20651C9B11DBB0D7BA2D64A8F167577AE0452762EEA83C5A7558BA89B8D2C788",11,control,SAFE-CDA187EB69A633CC3773854C,TapOnHeldLongNote,LegacyDownstream,OracleOrSemanticMismatch,MUT-00010198-5F34677CE3D8D1B6BA33,10198,"OP-00007967-BaseHead-S7967-T375292-ANA","L3|T375292|ETAP|Tap|S7967|ONone|YFalse",,"L0|T375292|ETAP|Tap|S7967|OHeadOpportunity|YTrue",0,Tap,375292,GEN-A9CC4ACE769C82CDA71E5AE3,0,375174,375292,942.6132166666671535139719445,942.6132166666671535139719444,942.6132166666671535139719445,942.6132166666671535139719445,True,TapOnHeldLongNote,False,True,False,False,178F80524252B4617AA242D5869DC23FF21FF0C5539EBB2F3A979FED6F36F5AA,BCC2657E7EC40910E55354DD388AE770FF8EBDA6EA0D2E2E3ECDA249F19DA9C8,833FB637F2BED1AEAE8EC95C90C1CD2E3C56A9A858E354BA3C3E68D966108E99,B857ED62DB2E9ABBD3377832A456A5F8F3038AD1BB4C6CA43ACDCEDAA4150388,10773,10773,,,,False,False,False,False,PROVEN_EXACT_REPLAY
"20651C9B11DBB0D7BA2D64A8F167577AE0452762EEA83C5A7558BA89B8D2C788",12,control,SAFE-CF26633A6FF4DF85B6F4F375,TapOnHeldLongNote,LegacyDownstream,OracleOrSemanticMismatch,MUT-00000624-21AA795DB1F1D159B131,624,"OP-00000466-BaseHead-S466-T35009-ANA","L4|T35009|ETAP|Tap|S466|ONone|YFalse",,"L2|T35009|ETAP|Tap|S466|OHeadOpportunity|YTrue",2,Tap,35009,GEN-C14CDDDF5A0715B2E029E3E0,2,34783,35009,74.49995000000002979998,74.499950000000029799979999997,74.49995000000002979998,74.49995000000002979998,True,TapOnHeldLongNote,False,True,False,False,F234A6F035F96B1E66C4ED3C726BB49D52EB7E6995E92DC69C07C70922CE5FAF,5E98043E6E1550FD3C5CE9A48FDE7D038E9DC03B671A6266326F3F45AF110310,9B05920C5E4858A4FDF393CB913438590FEC624E3094470C3B57729D6FE85AFE,56FCBC224D7FBB5610A68FC6234B25F1D0722F5D04B5AFE231F99FA3043D2A97,673,673,,,,False,False,False,False,PROVEN_EXACT_REPLAY
"20651C9B11DBB0D7BA2D64A8F167577AE0452762EEA83C5A7558BA89B8D2C788",12,control,SAFE-D5B3F5F439233C79FF90F72E,TapOnHeldLongNote,LegacyDownstream,OracleOrSemanticMismatch,MUT-00001748-06076074005B34997762,1748,"OP-00001356-BaseHead-S1356-T82039-ANA","L3|T82039|ETAP|Tap|S1356|ONone|YFalse",,"L2|T82039|ETAP|Tap|S1356|OHeadOpportunity|YTrue",2,Tap,82039,GEN-7AD5C67F6980F7769078D779,2,81926,82039,178.74978333333340483324666667,178.74978333333340483324666666,178.74978333333340483324666667,178.74978333333340483324666667,True,TapOnHeldLongNote,False,True,False,False,35B58C306327881A9B5360B6AAE9BCC3296EC77F44D5D2398DCB3481320C1C70,C287E7A20189352B1EB9546DAC58B9BB188A705D9BC400C37E22580DEE5E841D,69275F6C912BD30A05D366EB86DA99A1E7D9DA2FD65C8D12A15BAA13B7C17CA8,BA28EE8F8A7706AAB722D1816DE47AABE179B98EE24D9B8D9D61A920D968EA37,1882,1882,,,,False,False,False,False,PROVEN_EXACT_REPLAY
"20651C9B11DBB0D7BA2D64A8F167577AE0452762EEA83C5A7558BA89B8D2C788",12,control,SAFE-8416D510BB0D3BA13E15C131,TapOnHeldLongNote,LegacyDownstream,OracleOrSemanticMismatch,MUT-00002322-8AE89F4066E1B479E51C,2322,"OP-00001794-BaseHead-S1794-T103129-ANA","L5|T103129|ETAP|Tap|S1794|ONone|YFalse",,"L6|T103129|ETAP|Tap|S1794|OHeadOpportunity|YTrue",6,Tap,103129,GEN-C536B600B67222305CED2902,6,102903,103129,225.49928333333342353304666667,225.49928333333342353304666666,225.49928333333342353304666667,225.49928333333342353304666667,True,TapOnHeldLongNote,False,True,False,False,3789950E518494861DBAB462C5096200D04CAF0CE1EA9A209D04BC4402136AE4,F337E905547E2D54EC2BA9EDD16E8DF841C538AFA4EB84CE12EA944A8717780D,0083D0F81B02F7A003AF7D7DAB6496F43D267C4629118513D56F7A2FC177D32E,90E3B9CD8703D3294ED061FA02270C287FBF0E2B0680F3910C78AFEB9FB306AD,2487,2487,,,,False,False,False,False,PROVEN_EXACT_REPLAY
"20651C9B11DBB0D7BA2D64A8F167577AE0452762EEA83C5A7558BA89B8D2C788",12,control,SAFE-763E6B0C35D89B12ED5D3857,TapOnHeldLongNote,LegacyDownstream,OracleOrSemanticMismatch,MUT-00006763-327FFEBCCD5DF4A146C5,6763,"OP-00005307-BaseHead-S5307-T268380-ANA","L6|T268380|ETAP|Tap|S5307|ONone|YFalse",,"L5|T268380|ETAP|Tap|S5307|OHeadOpportunity|YTrue",5,Tap,268380,GEN-0E0F317AF259AE69ABDA6182,5,268291,268380,639.69588333333361823574972223,639.69588333333361823574972219,639.69588333333361823574972223,639.69588333333361823574972223,True,TapOnHeldLongNote,False,True,False,False,2F1C88C82E71FFD1C8D18E1BFDD35FF0B18B22E3700065F770701436C4022E2D,68827A087B3F8BA6D97A87712A29F7CEC1A7655AE10E164A348AF24B7CEEDFDD,5EBEED28F3C38D207E487F94BE4A7345203785B5AE5EB4C03DD7DA07782FD231,CC466FC2947B5F38FAFE92547C0F67B9BACDE30A74AD50396CE870969E97E0C4,7084,7084,,,,False,False,False,False,PROVEN_EXACT_REPLAY
"20651C9B11DBB0D7BA2D64A8F167577AE0452762EEA83C5A7558BA89B8D2C788",12,control,SAFE-1760AB9FBE108E0FD45DD758,TapOnHeldLongNote,LegacyDownstream,OracleOrSemanticMismatch,MUT-00007154-B6DBDFE29400D7CE09F6,7154,"OP-00005614-BaseHead-S5614-T278394-ANA","L4|T278394|ETAP|Tap|S5614|ONone|YFalse",,"L3|T278394|ETAP|Tap|S5614|OHeadOpportunity|YTrue",3,Tap,278394,GEN-B9A4714E7FFD10F9D6668D06,3,278350,278394,668.06888333333363715108305557,668.06888333333363715108305555,668.06888333333363715108305557,668.06888333333363715108305557,True,TapOnHeldLongNote,False,True,False,False,1CFF57907ABB9EFFEEE7A092F9DE078736DC37D49AA1BD84BB34059E8F7F1CA5,095C0A6D1CE693473318F1DF149F696CF83F7CE67FD6B39B33FA3C559F04AF4C,7981C718CF43F6E9F1AA98CFED6DF5C1225346B649F7281016D7D19EBE30FD23,1CDBCCFB82E511F4DB355C8D24DDDD04E1277C1AA0335988FF9957F00DD21A25,7491,7491,,,,False,False,False,False,PROVEN_EXACT_REPLAY
"20651C9B11DBB0D7BA2D64A8F167577AE0452762EEA83C5A7558BA89B8D2C788",12,control,SAFE-D9515AA1CD44F88041AEB80A,TapOnHeldLongNote,LegacyDownstream,OracleOrSemanticMismatch,MUT-00009567-E1901F11F12DBB75A7EA,9567,"OP-00007468-BaseHead-S7468-T353057-ANA","L3|T353057|ETAP|Tap|S7468|ONone|YFalse",,"L6|T353057|ETAP|Tap|S7468|OHeadOpportunity|YTrue",6,Tap,353057,GEN-55CA0F372CDBCA332F2A56DB,6,352939,353057,879.6140500000004448478608334,879.6140500000004448478608333,879.6140500000004448478608334,879.6140500000004448478608334,True,TapOnHeldLongNote,False,True,False,False,1093D7B0C30CA6C7D7B0287691A357BBC0F7D2F56310FA864B3AED142575D603,8700BC77E3C8D2635D3BE4D20164821413C989FEB9DCC63365E9419D47CD1894,17A818F2D1636DCE6480165C1D1049472C5443E31A1C67D360C316F5C53AD8B1,9D07F1BC7980EBBB46F228E9DC41DEB9E1BE66233B7DF8DD23C36283CCD0A27A,10072,10072,,,,False,False,False,False,PROVEN_EXACT_REPLAY
"20651C9B11DBB0D7BA2D64A8F167577AE0452762EEA83C5A7558BA89B8D2C788",13,control,SAFE-1E4B4A0B942E9DEF44E307EF,TapOnHeldLongNote,LegacyDownstream,OracleOrSemanticMismatch,MUT-00002487-F14F3AC7057F2C51591A,2487,"OP-00001936-BaseHead-S1936-T110572-ANA","L6|T110572|ETAP|Tap|S1936|ONone|YFalse",,"L5|T110572|ETAP|Tap|S1936|OHeadOpportunity|YTrue",5,Tap,110572,GEN-9444FA226814DB62ACAB7D1B,5,110460,110572,241.99793333333343013250666667,241.99793333333343013250666666,241.99793333333343013250666667,241.99793333333343013250666667,True,TapOnHeldLongNote,False,True,False,False,D19E87BE480685805AB392515B0480A82C929C90EE772ACE2A61C259FC7164A3,E036145D279A059896087B15E2B4316FF363F77EAAE79C1E152B8615818BC5FF,009BFCCA0708C256436FC084F668DDFA2E8BA98D91DD192B79B6A021782B69C2,7645AAD49A2B630393C3C153188D0E04C59C080E325C4BE353037C6EE86D745D,2672,2672,,,,False,False,False,False,PROVEN_EXACT_REPLAY
"20651C9B11DBB0D7BA2D64A8F167577AE0452762EEA83C5A7558BA89B8D2C788",13,control,SAFE-3A8A72125CACF2C10E4910B1,TapOnHeldLongNote,LegacyDownstream,OracleOrSemanticMismatch,MUT-00006890-9E4051E119A069690A90,6890,"OP-00005456-BaseHead-S5456-T272791-ANA","L3|T272791|ETAP|Tap|S5456|ONone|YFalse",,"L2|T272791|ETAP|Tap|S5456|OHeadOpportunity|YTrue",2,Tap,272791,GEN-2D0D64D890BA573B65F22F7D,2,272703,272791,652.19371666666695990097194446,652.19371666666695990097194443,652.19371666666695990097194446,652.19371666666695990097194446,True,TapOnHeldLongNote,False,True,False,False,06D29885CCCDD1D83567FADE0D656EE1E2AE2E5DE70259965522ED0D96C58169,567270BAA2F4EC9AF3EA17121671A64F74A07525D9A8481291E3349BF7B64567,5FC6B9910504A61C7A950DDF137DFE3A1D5F4C5948667868566E1F5BDB1D7364,711F954E9B9685A4D8CC35D67B5931931E48B3577998D727E2CE9C8BE637DB81,7227,7227,,,,False,False,False,False,PROVEN_EXACT_REPLAY
"20651C9B11DBB0D7BA2D64A8F167577AE0452762EEA83C5A7558BA89B8D2C788",13,control,SAFE-A473847EF6DDB42FA1E8291F,TapOnHeldLongNote,LegacyDownstream,OracleOrSemanticMismatch,MUT-00007422-71DD03A422751B5671ED,7422,"OP-00005865-BaseHead-S5865-T286468-ANA","L2|T286468|ETAP|Tap|S5865|ONone|YFalse",,"L0|T286468|ETAP|Tap|S5865|OHeadOpportunity|YTrue",0,Tap,286468,GEN-B3B290A83FF63374395F6104,0,286336,286468,690.94521666666698573530527779,690.94521666666698573530527774,690.94521666666698573530527779,690.94521666666698573530527779,True,TapOnHeldLongNote,False,True,False,False,67D85C281088B72BA9AEC54D98F1EE0ECCA63E97459AE8C3096F1308D229D2D4,39FD08947A8A3F22757A7BE12377A5C5CDDC56FDFE9B3FD2B8A4B1B5EC000451,4CD746625C1CF166A40318429B0F288D6541CAB6B70AB7010643868B93433B4C,BFE83FD1A209A0E28596CE6C387385AEB645C9D4BF08A589A85B1516210DA20B,7796,7796,,,,False,False,False,False,PROVEN_EXACT_REPLAY
"20651C9B11DBB0D7BA2D64A8F167577AE0452762EEA83C5A7558BA89B8D2C788",13,control,SAFE-1A5C45650A174127E9EB424D,TapOnHeldLongNote,LegacyDownstream,OracleOrSemanticMismatch,MUT-00007488-A923640554638671D74A,7488,"OP-00005915-BaseHead-S5915-T287968-ANA","L5|T287968|ETAP|Tap|S5915|ONone|YFalse",,"L0|T287968|ETAP|Tap|S5915|OHeadOpportunity|YTrue",0,Tap,287968,GEN-A9017C5ACB5209F395E66171,0,287880,287968,695.19521666666698856863861112,695.19521666666698856863861109,695.19521666666698856863861112,695.19521666666698856863861112,True,TapOnHeldLongNote,False,True,False,False,EA2BEDB07DC0B9DBA21564671782444F61350D0CDDD06B204FDD71D5B722AB0E,DEBD2D1F4347C26C521FF1D591163D47D6D759B91A93598EE03C0618FE538EA7,6C54372F33B5A771DD26CC236272C9935004BA295D77103A2A764E9E888F6618,79553C9DDEEB3D779D44068B01F760B95C221C7AA770898B2070B5D8C5751103,7867,7867,,,,False,False,False,False,PROVEN_EXACT_REPLAY
"20651C9B11DBB0D7BA2D64A8F167577AE0452762EEA83C5A7558BA89B8D2C788",13,control,SAFE-D847933B3EB0F147BCBE6A5A,TapOnHeldLongNote,LegacyDownstream,OracleOrSemanticMismatch,MUT-00007815-BB240F40A3A7F5598703,7815,"OP-00006173-BaseHead-S6173-T296968-ANA","L1|T296968|ETAP|Tap|S6173|ONone|YFalse",,"L0|T296968|ETAP|Tap|S6173|OHeadOpportunity|YTrue",0,Tap,296968,GEN-C0E7F2FA204C8EDF4A7ADC31,0,296880,296968,720.69521666666700556863861112,720.69521666666700556863861108,720.69521666666700556863861112,720.69521666666700556863861112,True,TapOnHeldLongNote,False,True,False,False,8C38FE86EDF0ADF7F3213ACA922570C1E01DBB8DA8C94BCDD0D4449C0743245C,7A302A4FF7B7B7EFC26B8D184F59E3EB3AE34A7A4B8C8037EE89E064D5941448,3B3C6EE3C995D1F5D0ADBD45DC449F4ED818640925533FB56FF3DDA7B3ECE137,D8072F61B0EF0A9BA5E8549C5B614433B00272B58221C42CD9B0E34EA27F2610,8211,8211,,,,False,False,False,False,PROVEN_EXACT_REPLAY
"20651C9B11DBB0D7BA2D64A8F167577AE0452762EEA83C5A7558BA89B8D2C788",14,control,SAFE-3B40B37945D47D4EF2260A83,TapOnHeldLongNote,LegacyDownstream,OracleOrSemanticMismatch,MUT-00000359-AAE3B85CF658BFB30DAB,359,"OP-00000266-BaseHead-S266-T23166-ANA","L2|T23166|ETAP|Tap|S266|ONone|YFalse",,"L6|T23166|ETAP|Tap|S266|OHeadOpportunity|YTrue",6,Tap,23166,GEN-C1339397367F46F05C8D32B4,6,22828,23166,48.247966666666685965853333333,48.24796666666668596585333333,48.247966666666685965853333333,48.247966666666685965853333333,True,TapOnHeldLongNote,False,True,False,False,7CCB9854C3807997B409A1A44A9C639172EB0BF8D6E84A2C949C62CE42B7D94D,44A021554121BA86350B2C93DD9E45C221629048BFF1CE527F5E00C5D834CB88,F1B1DC7EA0EDF1086014BA766281033CC343974CA11086A5FF11DCFCDBD5F365,3E5B3599B9A53CE035E7F5113C437D065032DEDB6F78E0505D1797BFA1DB75AE,386,386,,,,False,False,False,False,PROVEN_EXACT_REPLAY
"20651C9B11DBB0D7BA2D64A8F167577AE0452762EEA83C5A7558BA89B8D2C788",14,control,SAFE-1E4B4A0B942E9DEF44E307EF,TapOnHeldLongNote,LegacyDownstream,OracleOrSemanticMismatch,MUT-00002496-6B6D6BE4D1D3A3004524,2496,"OP-00001936-BaseHead-S1936-T110572-ANA","L6|T110572|ETAP|Tap|S1936|ONone|YFalse",,"L5|T110572|ETAP|Tap|S1936|OHeadOpportunity|YTrue",5,Tap,110572,GEN-29A0DEBFD4DF3CB3341F5D63,5,110460,110572,241.99793333333343013250666667,241.99793333333343013250666666,241.99793333333343013250666667,241.99793333333343013250666667,True,TapOnHeldLongNote,False,True,False,False,90DEF3BB3B1E26BA1CEC433885C025AF2F87DDBDDEA4B3E0F50C6E8AB1FAA498,B64876A5A80460D8538DE59E74566B5E466BE189022B1AC8DAE705A102E05F3B,562CB55FB6CB7DB695F6CCD39F59A1D634B879311023A22610E3DB363E62803F,405C6859EABFE38E229F26ABF83EA6ECFFDC05046700006E7B9C39FAFB9B9147,2688,2688,,,,False,False,False,False,PROVEN_EXACT_REPLAY
"20651C9B11DBB0D7BA2D64A8F167577AE0452762EEA83C5A7558BA89B8D2C788",14,control,SAFE-3B5FA5587F57F6A07D32B2EC,TapOnHeldLongNote,LegacyDownstream,OracleOrSemanticMismatch,MUT-00005826-70895E60D3B4F2BD945C,5826,"OP-00004581-BaseHead-S4581-T238468-ANA","L3|T238468|ETAP|Tap|S4581|ONone|YFalse",,"L1|T238468|ETAP|Tap|S4581|OHeadOpportunity|YTrue",1,Tap,238468,GEN-9B74F779740B41C5BC7F1DA5,1,238380,238468,554.94521666666689506863861112,554.94521666666689506863861109,554.94521666666689506863861112,554.94521666666689506863861112,True,TapOnHeldLongNote,False,True,False,False,128CDF28CAE952A13B4945F70CB2105E40760302DF518521FF7EC120E2C7386E,B960060A33F9F5F13A740377BFE0C112467BC5CF77F22EB9A68959EA003F7882,22B64466B32C45F70D25182C8ED8CD8B2E1E1D1171BDDF0C22B962FF3A12CED6,03C5D20ACF98F4894EFC339E32658A7D28AD025C8B06F1572F1EAFE211842368,6117,6117,,,,False,False,False,False,PROVEN_EXACT_REPLAY
"20651C9B11DBB0D7BA2D64A8F167577AE0452762EEA83C5A7558BA89B8D2C788",14,control,SAFE-7A4294ADBA3E15893EE62AEB,TapOnHeldLongNote,LegacyDownstream,OracleOrSemanticMismatch,MUT-00006701-FF8C66212FDC934CA145,6701,"OP-00005265-BaseHead-S5265-T266791-ANA","L2|T266791|ETAP|Tap|S5265|ONone|YFalse",,"L0|T266791|ETAP|Tap|S5265|OHeadOpportunity|YTrue",0,Tap,266791,GEN-A8456F229E76B454FDC1F3EF,0,266703,266791,635.19371666666694856763861112,635.19371666666694856763861108,635.19371666666694856763861112,635.19371666666694856763861112,True,TapOnHeldLongNote,False,True,False,False,C647766EB399A534EE725E2D3E328E844D8E714A6C0E3345EFB3E419A408A0F0,0F1335A19E237D8D3290165BA9A8D00D2A78B997A6DAD863DF3F168AE3B9855A,F4E0501AC2339ACC8545EFA6F1AEC5ACFD7C396E58DB6897FF8FC3CB2F5A0473,9523891C0463A1614E1A5BB6DF1E7D48A925856FC0848A9FCBBC4B8340215BBB,7034,7034,,,,False,False,False,False,PROVEN_EXACT_REPLAY
"20651C9B11DBB0D7BA2D64A8F167577AE0452762EEA83C5A7558BA89B8D2C788",14,control,SAFE-CD86170DEE4499F6F29D6E81,TapOnHeldLongNote,LegacyDownstream,OracleOrSemanticMismatch,MUT-00006739-52F0BC21321DDE97A10E,6739,"OP-00005296-BaseHead-S5296-T267939-ANA","L2|T267939|ETAP|Tap|S5296|ONone|YFalse",,"L5|T267939|ETAP|Tap|S5296|OHeadOpportunity|YTrue",5,Tap,267939,GEN-52658EE0BB093506C4B0343F,5,267850,267939,638.44638333333361740274972223,638.44638333333361740274972219,638.44638333333361740274972223,638.44638333333361740274972223,True,TapOnHeldLongNote,False,True,False,False,365FFE1935EF4701F0E095CB634414E96DC0970A5A7F351D0746D247A7F5A879,72C417F6DB3F07D82C9899761CE5526F57649517C91C94049754757BAA760C22,AF1A870548143599B007EE0469E392E64A15EF20F7E1400A9A274DF92E968AAB,520E4E8D6EC4A81C23F19146D9A8FE5C7D120301BDDE74B0E1D58111E1DAA9AC,7074,7074,,,,False,False,False,False,PROVEN_EXACT_REPLAY
"20651C9B11DBB0D7BA2D64A8F167577AE0452762EEA83C5A7558BA89B8D2C788",14,control,SAFE-1760AB9FBE108E0FD45DD758,TapOnHeldLongNote,LegacyDownstream,OracleOrSemanticMismatch,MUT-00007131-1C52C313F96CFAC6440D,7131,"OP-00005614-BaseHead-S5614-T278394-ANA","L4|T278394|ETAP|Tap|S5614|ONone|YFalse",,"L3|T278394|ETAP|Tap|S5614|OHeadOpportunity|YTrue",3,Tap,278394,GEN-31BC3F420B55CCDE2AEF7828,3,278350,278394,668.06888333333363715108305557,668.06888333333363715108305555,668.06888333333363715108305557,668.06888333333363715108305557,True,TapOnHeldLongNote,False,True,False,False,4FC0B679DE6D3B434EE30ADD5CE1798FC42DDF1070F2A5482C19F8EB2367D02D,4A4831D4F9CFA6A5300571906004C6DA183C98C4EDAC436699B749866782756C,B619F71AADFD5B1358E8B5D7F33852D74DD31985EEDE8B8119BE13D8DFB53451,C3EA390A0ABA6BACBDBE9D97481E99BFE59DE1DCED92B3EBCEBCEE9D0B30CEA0,7479,7479,,,,False,False,False,False,PROVEN_EXACT_REPLAY
"20651C9B11DBB0D7BA2D64A8F167577AE0452762EEA83C5A7558BA89B8D2C788",14,control,SAFE-7F4EC2E75B34C6F6237511D7,TapOnHeldLongNote,LegacyDownstream,OracleOrSemanticMismatch,MUT-00007312-DC2BC8DD3FF5B8CCE621,7312,"OP-00005753-BaseHead-S5753-T282762-ANA","L2|T282762|ETAP|Tap|S5753|ONone|YFalse",,"L5|T282762|ETAP|Tap|S5753|OHeadOpportunity|YTrue",5,Tap,282762,GEN-3E4457329EE50A07B092C694,5,282674,282762,680.44488333333364540174972223,680.44488333333364540174972222,680.44488333333364540174972223,680.44488333333364540174972223,True,TapOnHeldLongNote,False,True,False,False,DC66FE8BC03A98AADE304568550B046F1ABD1EBC7245C1C4C418660A0A504ADA,52F3F3C41C6F7EFA0B3FB9E68D45E31FB6E2960B9E85EBEDA4ED4EFB731FA350,F126492AEBBEFBA09AF0AD03C3DFC952DE045AA992093AC02FCD013E9875561E,57A3B825B1A1304D094E0019218F0154CF22C64533625B49642D5A9853A50607,7676,7676,,,,False,False,False,False,PROVEN_EXACT_REPLAY
"20651C9B11DBB0D7BA2D64A8F167577AE0452762EEA83C5A7558BA89B8D2C788",14,control,SAFE-B409E7A163A5DEFA2F44C3F8,TapOnHeldLongNote,LegacyDownstream,OracleOrSemanticMismatch,MUT-00007523-71520CE18B4B684096AA,7523,"OP-00005915-BaseHead-S5915-T287968-ANA","L5|T287968|ETAP|Tap|S5915|ONone|YFalse",,"L6|T287968|ETAP|Tap|S5915|OHeadOpportunity|YTrue",6,Tap,287968,GEN-0995BD6EC7CF66755506DBC6,6,287880,287968,695.19521666666698856863861112,695.19521666666698856863861109,695.19521666666698856863861112,695.19521666666698856863861112,True,TapOnHeldLongNote,False,True,False,False,007DA06B4F7017D6F82323C9AAB7AFD78A6407730369DABB71DC0A9FB07A67F3,7FD0AB30D25D1D91293DC3FB0DE7D762866D45DABFCB470E30FCC52ED5EE7383,751F016B5660939D660C499557829D305D5B4F3F10CCF38ADFC7CAC2D0856E44,FF1465267542CC214AD904DBC43C77ED2AA1D5EE625EE93DB4E9187869ADBC5F,7896,7896,,,,False,False,False,False,PROVEN_EXACT_REPLAY
"20651C9B11DBB0D7BA2D64A8F167577AE0452762EEA83C5A7558BA89B8D2C788",15,control,SAFE-A2F00CFC9A3A6393F95D95E5,TapOnHeldLongNote,LegacyDownstream,OracleOrSemanticMismatch,MUT-00000077-B3F458B7A4A3CACDAB5A,77,"OP-00000055-BaseHead-S55-T6926-ANA","L4|T6926|ETAP|Tap|S55|ONone|YFalse",,"L6|T6926|ETAP|Tap|S55|OHeadOpportunity|YTrue",6,Tap,6926,GEN-15C9C29DFD7427FF28CA5864,6,6813,6926,12.24930000000000489972,12.249300000000004899719999999,12.24930000000000489972,12.24930000000000489972,True,TapOnHeldLongNote,False,True,False,False,B90068CFE1137383A597C44DBA0BED1A39F7455B524CEAC16BC657C9B75EFF83,13B3541094C572E3A7CFB1037522BEF29F72FCB8DD6A8888486A9E1E9D1463CC,232B2ACD7D80ABDB2BB215732B1387A5450FC606976D2A389D52F765F1403C74,F35591DDC0FD17A9AED7220DFCCD1E542AD57A632345AF4E195E5EE6E8F4514D,90,90,,,,False,False,False,False,PROVEN_EXACT_REPLAY
"20651C9B11DBB0D7BA2D64A8F167577AE0452762EEA83C5A7558BA89B8D2C788",15,control,SAFE-55C9EA9552D2925A2F45B13D,TapOnHeldLongNote,LegacyDownstream,OracleOrSemanticMismatch,MUT-00000554-34CD9EFF330C84D3C452,554,"OP-00000410-BaseHead-S410-T31907-ANA","L2|T31907|ETAP|Tap|S410|ONone|YFalse",,"L6|T31907|ETAP|Tap|S410|OHeadOpportunity|YTrue",6,Tap,31907,GEN-1E106EFED604CD132A252B0B,6,31738,31907,67.62385000000002704954,67.623850000000027049539999997,67.62385000000002704954,67.62385000000002704954,True,TapOnHeldLongNote,False,True,False,False,486B9B028B763D1738B9C7D808D676890C4D6B72E93A785A4C277EC7645F69E7,95FFA61F76604B4E60CAFCEB3CB6807DCD7182B7DB223D4AD154A4F9A2DFE1EA,CBF984BB3351634369E5B249BD3FA55F656920AFC95EA80B32A5FC1E669A2818,3F55C512998DD17532C42650F03C93959CF96AFD05004D6DBC4BF1E556523867,600,600,,,,False,False,False,False,PROVEN_EXACT_REPLAY
"20651C9B11DBB0D7BA2D64A8F167577AE0452762EEA83C5A7558BA89B8D2C788",15,control,SAFE-2198CFD9D3D5952AECDBA0C2,TapOnHeldLongNote,LegacyDownstream,OracleOrSemanticMismatch,MUT-00005790-ED4E8AF21E1A3C58B44A,5790,"OP-00004525-BaseHead-S4525-T235733-ANA","L2|T235733|ETAP|Tap|S4525|ONone|YFalse",,"L4|T235733|ETAP|Tap|S4525|OHeadOpportunity|YTrue",4,Tap,235733,GEN-3959688DADC0A304972906C4,4,235645,235733,547.19605000000022323586083335,547.19605000000022323586083332,547.19605000000022323586083335,547.19605000000022323586083335,True,TapOnHeldLongNote,False,True,False,False,A57F382CDA4B8A58C393F6B1E6D149B3E8FEBAE3AE2713A0E22A113B5923E36B,8B8E1FE9A9A0F92A56FE025EB11EA879473910CBF37737C9712DB0F69F5FA41E,10A5EC1320B4B552AB2B0FB8BAA516CEB212D77200A17E4EE5A257873380AE3C,CC2554BB2889BC106064DC9650EFCDCC00283E5CAEA0775173935BD2252DF632,6072,6072,,,,False,False,False,False,PROVEN_EXACT_REPLAY
"20651C9B11DBB0D7BA2D64A8F167577AE0452762EEA83C5A7558BA89B8D2C788",15,control,SAFE-EF4B338AB7E590F01D667D8B,TapOnHeldLongNote,LegacyDownstream,OracleOrSemanticMismatch,MUT-00005936-325670449DA7B73E99AA,5936,"OP-00004638-BaseHead-S4638-T241292-ANA","L3|T241292|ETAP|Tap|S4638|ONone|YFalse",,"L5|T241292|ETAP|Tap|S4638|OHeadOpportunity|YTrue",5,Tap,241292,GEN-E33E702E2B30F348B0D63BA0,5,241204,241292,562.94655000000023373619416668,562.94655000000023373619416663,562.94655000000023373619416668,562.94655000000023373619416668,True,TapOnHeldLongNote,False,True,False,False,2DDE56D9DB3AC73EFD17FA7CD81F5767B6E3B5FEBC0E7B920CA89CB8F9489CF6,47DD6A185829AD41B7E5F48B0A9AC302953376C0E8D25E4320E66836E5077BB6,2A5B6082420084DA51221B7B67EEA55844FB7FA6015169DD63B22EE3ED07EBF4,3CDB87E471A248D8F6AEF4F227231CB372603DA784A49E66CC984AA4A43DCCD6,6230,6230,,,,False,False,False,False,PROVEN_EXACT_REPLAY
"20651C9B11DBB0D7BA2D64A8F167577AE0452762EEA83C5A7558BA89B8D2C788",15,control,SAFE-C356DF32E2B04C81E7C319B6,TapOnHeldLongNote,LegacyDownstream,OracleOrSemanticMismatch,MUT-00007450-06CE6787547F40913774,7450,"OP-00005835-BaseHead-S5835-T285321-ANA","L4|T285321|ETAP|Tap|S5835|ONone|YFalse",,"L6|T285321|ETAP|Tap|S5835|OHeadOpportunity|YTrue",6,Tap,285321,GEN-4EB57257CCBC3DEFB800E300,6,285233,285321,687.69538333333365023541638890,687.69538333333365023541638889,687.69538333333365023541638890,687.69538333333365023541638890,True,TapOnHeldLongNote,False,True,False,False,B50C40487091339938C629B8F9D82A5550D0A688ECC2337BE301E43557965F73,01A9370A54C40056580385E7FD0EFCB5889C527CD9D960A5CC11BE50DE006464,B84CE94C6EDB88BD3DE6C0199EBC3E3080936B150E746B48AE4EC498416D2481,9FDD83213D7AC2D20AE590D0D3BF12EB4062156E1316AAB1342EC1BFA738EDA9,7813,7813,,,,False,False,False,False,PROVEN_EXACT_REPLAY
"20651C9B11DBB0D7BA2D64A8F167577AE0452762EEA83C5A7558BA89B8D2C788",15,control,SAFE-A473847EF6DDB42FA1E8291F,TapOnHeldLongNote,LegacyDownstream,OracleOrSemanticMismatch,MUT-00007490-DF7BFCC38F550CA58A93,7490,"OP-00005865-BaseHead-S5865-T286468-ANA","L2|T286468|ETAP|Tap|S5865|ONone|YFalse",,"L0|T286468|ETAP|Tap|S5865|OHeadOpportunity|YTrue",0,Tap,286468,GEN-BBC4DDBCE69ED6F9DCAC1305,0,286336,286468,690.94521666666698573530527779,690.94521666666698573530527774,690.94521666666698573530527779,690.94521666666698573530527779,True,TapOnHeldLongNote,False,True,False,False,D232EA4C46521CCBA1804B267FDB78E4A2F35A25252969D0399B49D0E859ABD6,9CD4C34DA4D21614A9E4D53D5A46B743631C06289E5CE36CD6E3018406CE0FD3,73D42A74DCEF30A3EE059D73716309603654CAA46813747DFC2557184B4D9F02,4C1DFBD1D28AA4464AC6192F8686BE8F5898BC11C29717B8D4729BA7B4B3AFF5,7859,7859,,,,False,False,False,False,PROVEN_EXACT_REPLAY
"20651C9B11DBB0D7BA2D64A8F167577AE0452762EEA83C5A7558BA89B8D2C788",15,control,SAFE-109F6F25F03FC33F68F08051,TapOnHeldLongNote,LegacyDownstream,OracleOrSemanticMismatch,MUT-00009277-F008DF1B188A4652BBCF,9277,"OP-00007221-BaseHead-S7221-T342410-ANA","L3|T342410|ETAP|Tap|S7221|ONone|YFalse",,"L6|T342410|ETAP|Tap|S7221|OHeadOpportunity|YTrue",6,Tap,342410,GEN-FA8F99FCE6FF4F3F8C9F484D,6,342292,342410,849.4475500000004247368608334,849.4475500000004247368608333,849.4475500000004247368608334,849.4475500000004247368608334,True,TapOnHeldLongNote,False,True,False,False,E6AD33F01140E36213172F532F10743236C64AE27291FB243BE09B837D572F14,036D6EF3FE1CAA1E9883CF86F4BE846277073E62BF47E2AAE47082F395FD62ED,6754826BE0683AFC8CC5ABF9533DF3608601636066A72CEBC74A3F3762646E87,A61C42F23388203DB5143074469A100C59FC2F49D1581B9C1BBED19B548E18D6,9768,9768,,,,False,False,False,False,PROVEN_EXACT_REPLAY
"20651C9B11DBB0D7BA2D64A8F167577AE0452762EEA83C5A7558BA89B8D2C788",16,control,SAFE-1AB357E25B599E18CAA110B2,TapOnHeldLongNote,LegacyDownstream,OracleOrSemanticMismatch,MUT-00000483-56454A4091E63989C22D,483,"OP-00000370-BaseHead-S370-T29933-ANA","L0|T29933|ETAP|Tap|S370|ONone|YFalse",,"L4|T29933|ETAP|Tap|S370|OHeadOpportunity|YTrue",4,Tap,29933,GEN-C29BB055278BEEF7D7616198,4,29821,29933,63.24815000000002529926,63.248150000000025299259999997,63.24815000000002529926,63.24815000000002529926,True,TapOnHeldLongNote,False,True,False,False,91961F9270AD192BEC652AD4F6F4066A577457D7FFAA22C4EF3D861C1B8459CB,56BBD68E326A28A7D887D360198EE7ABA552B129E74D37C5FB2804C1F7730E07,2367DED3B67645BDFF1337AFC11BF745C0FAF72D6749EF319023692645C22A1A,70834B143CF88E20970009241F2CCBB0DE965AC9D4F21BDD47CA126814BE1B0B,520,520,,,,False,False,False,False,PROVEN_EXACT_REPLAY
"20651C9B11DBB0D7BA2D64A8F167577AE0452762EEA83C5A7558BA89B8D2C788",16,control,SAFE-2919AC8019FC62EF9ED2B9DB,TapOnHeldLongNote,LegacyDownstream,OracleOrSemanticMismatch,MUT-00001040-F3C3A53100DAE84EE871,1040,"OP-00000807-BaseHead-S807-T53881-ANA","L4|T53881|ETAP|Tap|S807|ONone|YFalse",,"L2|T53881|ETAP|Tap|S807|OHeadOpportunity|YTrue",2,Tap,53881,GEN-3388014A04A69EB51CE8321B,2,53730,53881,116.33288333333337986648666667,116.33288333333337986648666666,116.33288333333337986648666667,116.33288333333337986648666667,True,TapOnHeldLongNote,False,True,False,False,DD3E0C8BC7D63C2F39E6556A0243B4BCB53190BA8CE46F497FEFE858014708E2,400BD4FAF5E173BCE832B325F1BCBC0AC161B25A2B227714780F87188C150B42,48629BFAE073ABA993FC9D447AF3F3B73D1755F4413B1F9ADA50417930EB0DF5,EC8C4224D92D41BE9FB34229CEA00686D371817B4BBBFB663D1000593B7F49B5,1103,1103,,,,False,False,False,False,PROVEN_EXACT_REPLAY
"20651C9B11DBB0D7BA2D64A8F167577AE0452762EEA83C5A7558BA89B8D2C788",16,control,SAFE-27EF60B2BECD7BECDAB2C86F,TapOnHeldLongNote,LegacyDownstream,OracleOrSemanticMismatch,MUT-00001143-94D28CFE3A468E162C9A,1143,"OP-00000890-BaseHead-S890-T58016-ANA","L0|T58016|ETAP|Tap|S890|ONone|YFalse",,"L2|T58016|ETAP|Tap|S890|OHeadOpportunity|YTrue",2,Tap,58016,GEN-2839D927054A2F9ACD114534,2,57819,58016,125.49880000000005019952,125.49880000000005019951999999,125.49880000000005019952,125.49880000000005019952,True,TapOnHeldLongNote,False,True,False,False,CE41AA596679181BE5BB4D3AB7A42664465EE8D006FBD1058697E77BE822D918,DED6AD9490885D0B556D8A798A527A546FCF46DA4077D7FB1640ABBDB4191F06,3F22D3A36D0DB5F6DE45DCB085F0EA225229DBC10F1C66C9321720DE8383F674,128800C28B1B33CF846CE942F5B4FE3D5DD888C55AE631FD82399CD76F5C83C4,1216,1216,,,,False,False,False,False,PROVEN_EXACT_REPLAY
"20651C9B11DBB0D7BA2D64A8F167577AE0452762EEA83C5A7558BA89B8D2C788",16,control,SAFE-56599C8889BF93ADDE5E882E,TapOnHeldLongNote,LegacyDownstream,OracleOrSemanticMismatch,MUT-00001767-9AC4B98CAE4E3D97CD8C,1767,"OP-00001383-BaseHead-S1383-T83392-ANA","L4|T83392|ETAP|Tap|S1383|ONone|YFalse",,"L5|T83392|ETAP|Tap|S1383|OHeadOpportunity|YTrue",5,Tap,83392,GEN-BE21FA0CF8F3D1F86F3CF072,5,83166,83392,181.74893333333340603290666667,181.74893333333340603290666666,181.74893333333340603290666667,181.74893333333340603290666667,True,TapOnHeldLongNote,False,True,False,False,2F37FBCE264856B5223BB4564C9A5D6741AADE4BDFF1D40FE9E89C28DC739AF0,585BC13CF796025FDE916D304C7A11B9A108EB2A748DFE75AC411DCEEE23F88D,CB18D38BBE58850D0218DE25A3444E20AA4C78BB48FEEF6EC2C012DFF9364CD2,2FE65AC8430D180A20389734A6E51819FB0C98B1F38E5FA25D3DD30DB8CCE1F9,1896,1896,,,,False,False,False,False,PROVEN_EXACT_REPLAY
"20651C9B11DBB0D7BA2D64A8F167577AE0452762EEA83C5A7558BA89B8D2C788",16,control,SAFE-DB775868E92CD020140A2F33,TapOnHeldLongNote,LegacyDownstream,OracleOrSemanticMismatch,MUT-00002401-EB82B76E7FB9CC441715,2401,"OP-00001865-BaseHead-S1865-T106963-ANA","L2|T106963|ETAP|Tap|S1865|ONone|YFalse",,"L4|T106963|ETAP|Tap|S1865|OHeadOpportunity|YTrue",4,Tap,106963,GEN-103EC4B56CB4764279567ED5,4,106794,106963,233.99798333333342693252666667,233.99798333333342693252666666,233.99798333333342693252666667,233.99798333333342693252666667,True,TapOnHeldLongNote,False,True,False,False,F0AE8B4BA086A576BED40427B198BE635C0549DBD5FE1B462DFC585357CAB9A9,3F1DD8388741CEEB8CF5A5DC47E82C219B6654E75E9EE4E9BC189F498CA5AFFB,83A7013B0C59FA2372BB1E30F9655847195107F3D31545933BC47D99F974CA90,EEC9216947F60327A001639F7BD4718832F7688964EAC20007E0EF00E771E584,2571,2571,,,,False,False,False,False,PROVEN_EXACT_REPLAY
"20651C9B11DBB0D7BA2D64A8F167577AE0452762EEA83C5A7558BA89B8D2C788",16,control,SAFE-B5B2184F3186E7A7630A2A81,TapOnHeldLongNote,LegacyDownstream,OracleOrSemanticMismatch,MUT-00002568-63DE1A3C39B5A96BB375,2568,"OP-00002011-BaseHead-S2011-T113956-ANA","L0|T113956|ETAP|Tap|S2011|ONone|YFalse",,"L6|T113956|ETAP|Tap|S2011|OHeadOpportunity|YTrue",6,Tap,113956,GEN-0577A5A337F37A1FB2901D13,6,113787,113956,249.49913333333343313298666667,249.49913333333343313298666666,249.49913333333343313298666667,249.49913333333343313298666667,True,TapOnHeldLongNote,False,True,False,False,4F27D468E5639E0C42DC5BCB2931944EAF983DEC2419CFC34BB2847D3B219219,8679E1D1CE3E3386092BFFCEFEB9CFEABCC08E90BDD3005198339F0D59462F16,A5C49D57CC199B0F5A4FF4674BA481B80AA18038762841AF269C926408C12EA2,C2355C9316F7C11E8D589B6BE26E77097F0DB04C3DF62183DD46CF4790249DCD,2747,2747,,,,False,False,False,False,PROVEN_EXACT_REPLAY
"20651C9B11DBB0D7BA2D64A8F167577AE0452762EEA83C5A7558BA89B8D2C788",16,control,SAFE-E97EABBD5B5D72925B45795B,TapOnHeldLongNote,LegacyDownstream,OracleOrSemanticMismatch,MUT-00005785-19663DD20A92B48DEB8C,5785,"OP-00004544-BaseHead-S4544-T236615-ANA","L0|T236615|ETAP|Tap|S4544|ONone|YFalse",,"L1|T236615|ETAP|Tap|S4544|OHeadOpportunity|YTrue",1,Tap,236615,GEN-EA28BE8E4DE5EC05248052F6,1,236527,236615,549.69505000000022490186083335,549.69505000000022490186083332,549.69505000000022490186083335,549.69505000000022490186083335,True,TapOnHeldLongNote,False,True,False,False,C8ED3936A8CC6061EF1238805639595290C4EE0AC551C043E65FE0FA35871894,8F1917D7B9361108950535912032E9CE7C3CF5B567267A5C452FDC76F2135F05,1B39DF0BCB9A90EB9177B5B4AD8DF93EC99BB80866E144C3026354B61F27633A,9D25B46C02769B51DECC1C19951B95F5FD806099CC323480024B38B30687BAAC,6047,6047,,,,False,False,False,False,PROVEN_EXACT_REPLAY
"20651C9B11DBB0D7BA2D64A8F167577AE0452762EEA83C5A7558BA89B8D2C788",16,control,SAFE-6A85DEB6F4D69638FE7FBED9,TapOnHeldLongNote,LegacyDownstream,OracleOrSemanticMismatch,MUT-00005862-0084A8A7F75F2DE0ED86,5862,"OP-00004602-BaseHead-S4602-T239439-ANA","L5|T239439|ETAP|Tap|S4602|ONone|YFalse",,"L4|T239439|ETAP|Tap|S4602|OHeadOpportunity|YTrue",4,Tap,239439,GEN-16229BEBA36FE4A91D38B869,4,239351,239439,557.69638333333356356941638890,557.69638333333356356941638889,557.69638333333356356941638890,557.69638333333356356941638890,True,TapOnHeldLongNote,False,True,False,False,07DFB4B15E7BB77978F57F026A1A4CDEAECDF2EC6CC278D99F1C74A73C2C6B5E,5E55F397B484275ABAD11AB24D642B9026A3044FA09A778369F7B47BC40B6653,2AA16427CCE102CD33B65A19C59C23F7C090148EDE465D580C807AF8BB234709,A76863DFF356ED61136F17C0956B92C3AD0C777DFFFF5F7DE20B0F148AB1CF89,6130,6130,,,,False,False,False,False,PROVEN_EXACT_REPLAY
"20651C9B11DBB0D7BA2D64A8F167577AE0452762EEA83C5A7558BA89B8D2C788",16,control,SAFE-CD86170DEE4499F6F29D6E81,TapOnHeldLongNote,LegacyDownstream,OracleOrSemanticMismatch,MUT-00006769-81BBE695646A8F745973,6769,"OP-00005297-BaseHead-S5297-T267939-ANA","L1|T267939|ETAP|Tap|S5297|ONone|YFalse",,"L5|T267939|ETAP|Tap|S5297|OHeadOpportunity|YTrue",5,Tap,267939,GEN-DD7163979D3A2D8987051A93,5,267850,267939,638.44638333333361740274972223,638.44638333333361740274972219,638.44638333333361740274972223,638.44638333333361740274972223,True,TapOnHeldLongNote,False,True,False,False,B6533511FC79CA114DB5AA56A84838EA46068FE3921A4084487426BAF6F82D16,CA8D14BBCFC5D9FFD0E1AC0A0352CB1A1CDB89275E010418FA1CEFA910999402,F4F56C658E99B9550315E899C47E2EA5CAC0F37EDDB9532040F828AB232E1EB0,E780FD6766931D7466BAF43D2EDE2E67D9C06BBB0D436560926144BAE8948B79,7084,7084,,,,False,False,False,False,PROVEN_EXACT_REPLAY
"20651C9B11DBB0D7BA2D64A8F167577AE0452762EEA83C5A7558BA89B8D2C788",16,control,SAFE-48C365DD8CE0E8C761E9F246,TapOnHeldLongNote,LegacyDownstream,OracleOrSemanticMismatch,MUT-00007221-0D70D856051E959A20E5,7221,"OP-00005648-BaseHead-S5648-T279350-ANA","L2|T279350|ETAP|Tap|S5648|ONone|YFalse",,"L4|T279350|ETAP|Tap|S5648|OHeadOpportunity|YTrue",4,Tap,279350,GEN-A83310FAAC10886EC0AE7FFA,4,279233,279350,670.77755000000030562352750001,670.77755000000030562352749999,670.77755000000030562352750001,670.77755000000030562352750001,True,TapOnHeldLongNote,False,True,False,False,E2589BC2EDBAC0192EDF981A9F8BCC177384020E94B48B759B6F95C3FD1052F6,F5C46AA93959B5A027A3C9F1CC6ACBB8327739FEF44A03140D096551CA6F0A1D,F81D25C18ABADD6854EA9B23618238D5B106449D076A32B73E6A875CBB5AF1D3,58213F45595D4B26F8EAF271EBE124B612178ADBAE12172544E7345891EBF91D,7561,7561,,,,False,False,False,False,PROVEN_EXACT_REPLAY
"20651C9B11DBB0D7BA2D64A8F167577AE0452762EEA83C5A7558BA89B8D2C788",17,control,SAFE-CF26633A6FF4DF85B6F4F375,TapOnHeldLongNote,LegacyDownstream,OracleOrSemanticMismatch,MUT-00000613-5DAE493EA8B5FE7BAA49,613,"OP-00000466-BaseHead-S466-T35009-ANA","L4|T35009|ETAP|Tap|S466|ONone|YFalse",,"L2|T35009|ETAP|Tap|S466|OHeadOpportunity|YTrue",2,Tap,35009,GEN-530B7965C838267417A3AB8A,2,34783,35009,74.49995000000002979998,74.499950000000029799979999997,74.49995000000002979998,74.49995000000002979998,True,TapOnHeldLongNote,False,True,False,False,5BB85EB0EEB394427EFBBCF346EF2F8A0735A99373246135F581074239FB61B6,7B9BA73462DB6F8887F2A3940EE7ABF27CE9664904ACA1675DFFA139DF1A69B4,EC17252962E04B56816B46A08EC6556323CD008DA74E597ED7E42F962452232D,CCAE230FA483E52AA8D5B6AD861B5D434CB2E61FA23D693693CDB38FC43E45C4,661,661,,,,False,False,False,False,PROVEN_EXACT_REPLAY
"20651C9B11DBB0D7BA2D64A8F167577AE0452762EEA83C5A7558BA89B8D2C788",17,control,SAFE-CD86170DEE4499F6F29D6E81,TapOnHeldLongNote,LegacyDownstream,OracleOrSemanticMismatch,MUT-00006717-EE3D7B8597B8875493A1,6717,"OP-00005297-BaseHead-S5297-T267939-ANA","L1|T267939|ETAP|Tap|S5297|ONone|YFalse",,"L5|T267939|ETAP|Tap|S5297|OHeadOpportunity|YTrue",5,Tap,267939,GEN-5892E024E0A512769A80BF7B,5,267850,267939,638.44638333333361740274972223,638.44638333333361740274972219,638.44638333333361740274972223,638.44638333333361740274972223,True,TapOnHeldLongNote,False,True,False,False,86244B8313BC45F5978E9DADF99D78E128C30583542723C0A31321B7CA7FD03D,4BF45315F6D2B97C904C79962F556D182230329B49DD0005FE4381B1D74752E9,73FDE33721173002DE05CD263A663182450A965F7A7860AA26D5C5E805877EA0,E33E6464F075CD1721C1CA984DC1775EFE1FC1E7E1D78667679E5F579AF37522,7034,7034,,,,False,False,False,False,PROVEN_EXACT_REPLAY
"20651C9B11DBB0D7BA2D64A8F167577AE0452762EEA83C5A7558BA89B8D2C788",17,control,SAFE-1760AB9FBE108E0FD45DD758,TapOnHeldLongNote,LegacyDownstream,OracleOrSemanticMismatch,MUT-00007122-650DAA004DC1FBEA09DF,7122,"OP-00005614-BaseHead-S5614-T278394-ANA","L4|T278394|ETAP|Tap|S5614|ONone|YFalse",,"L3|T278394|ETAP|Tap|S5614|OHeadOpportunity|YTrue",3,Tap,278394,GEN-AC7FE9A134F3920D5DA1115A,3,278350,278394,668.06888333333363715108305557,668.06888333333363715108305555,668.06888333333363715108305557,668.06888333333363715108305557,True,TapOnHeldLongNote,False,True,False,False,3C6C0E2F1700FBFBA58ED1B1AC4D79897B59DFA240E559D83E85D1E20BCA7C37,E01D12450F181B4EC0F3269E3663B5C31120E661AB48775190EDADC1032CF4D6,59EC3582602F8A51A80EECEACF15F292089027A069256CEE2F6F49D9258819B9,A1295835E60CD7A274223912C13378BA0CDCB9151621084812DCB0BDF332274A,7455,7455,,,,False,False,False,False,PROVEN_EXACT_REPLAY
"20651C9B11DBB0D7BA2D64A8F167577AE0452762EEA83C5A7558BA89B8D2C788",17,control,SAFE-DE8B4F3345FAD127B2B5796B,TapOnHeldLongNote,LegacyDownstream,OracleOrSemanticMismatch,MUT-00007449-83236005DB68FF6564A8,7449,"OP-00005869-BaseHead-S5869-T286512-ANA","L3|T286512|ETAP|Tap|S5869|ONone|YFalse",,"L0|T286512|ETAP|Tap|S5869|OHeadOpportunity|YTrue",0,Tap,286512,GEN-F7CA14D9F709E7D6E39BBDA3,0,286336,286512,691.06988333333365248508305557,691.06988333333365248508305555,691.06988333333365248508305557,691.06988333333365248508305557,True,TapOnHeldLongNote,False,True,False,False,06197430AC996643162BC86423B89723EAC40823A41AEA625881C11D1687E419,2E34AB0BD8EC8C76B2D53F22A59E8CE5FF96E0161F4DBE9769924BACF0BCBBFF,5E6B50FC7D11E161E7DE174FC2B1BC3B66E6C5BDE2366C59F68E5E0CA7179EF2,11F39EAAF1BE12B7D89897DEB9EB136348C1030F1AFB1DA0E199199A544D9B98,7807,7807,,,,False,False,False,False,PROVEN_EXACT_REPLAY
"20651C9B11DBB0D7BA2D64A8F167577AE0452762EEA83C5A7558BA89B8D2C788",17,control,SAFE-1457F7262474B751288B6A60,TapOnHeldLongNote,LegacyDownstream,OracleOrSemanticMismatch,MUT-00007824-B0E51990776005CA9DC9,7824,"OP-00006160-BaseHead-S6160-T296527-ANA","L3|T296527|ETAP|Tap|S6160|ONone|YFalse",,"L1|T296527|ETAP|Tap|S6160|OHeadOpportunity|YTrue",1,Tap,296527,GEN-82CB2A9055FBE8B41E64070A,1,296439,296527,719.44571666666700473563861112,719.44571666666700473563861108,719.44571666666700473563861112,719.44571666666700473563861112,True,TapOnHeldLongNote,False,True,False,False,1C7C1810E9A4C1DB1B6668D5F587E017DEE81F618AA6794097A223CB44CAFEA3,C399733034DE3769B95AD2685D2718CD2B587E8DC32AB8F0A193D5542585D708,473D03920145F07C33A61CCB9216F04196AB2F6C674559DDC4D991D8A13BFDBD,9F71DAD619E938D9529E8004219BCE5034B3A14FAC56CD1045E33144041A377B,8194,8194,,,,False,False,False,False,PROVEN_EXACT_REPLAY
"20651C9B11DBB0D7BA2D64A8F167577AE0452762EEA83C5A7558BA89B8D2C788",17,control,SAFE-1A37152BAF32C0AE563FBA48,TapOnHeldLongNote,LegacyDownstream,OracleOrSemanticMismatch,MUT-00007827-2779678262EE67359AD4,7827,"OP-00006162-BaseHead-S6162-T296527-ANA","L5|T296527|ETAP|Tap|S6162|ONone|YFalse",,"L4|T296527|ETAP|Tap|S6162|OHeadOpportunity|YTrue",4,Tap,296527,GEN-EBF6FC69E5AFAC4D11D0FC53,4,296439,296527,719.44571666666700473563861112,719.44571666666700473563861108,719.44571666666700473563861112,719.44571666666700473563861112,True,TapOnHeldLongNote,False,True,False,False,C399733034DE3769B95AD2685D2718CD2B587E8DC32AB8F0A193D5542585D708,01E525A5E40B0DF5C2575CB5DF720B65AE1D7BDE4CFE102A0405C7BF3E5C9112,621D7428CDE72E0F843212C5C3C9E9060D8E703A04FA5698F3CB6A7EAD30786B,EEA688D93CDCFD6DBFB0F5C51B03580AE051E6BABFF9E7D6011828FD947F8EB2,8197,8197,,,,False,False,False,False,PROVEN_EXACT_REPLAY
"20651C9B11DBB0D7BA2D64A8F167577AE0452762EEA83C5A7558BA89B8D2C788",17,control,SAFE-167FF95F47115A63C45B6D0B,TapOnHeldLongNote,LegacyDownstream,OracleOrSemanticMismatch,MUT-00007884-9ED427CE1026B99CE2B4,7884,"OP-00006207-BaseHead-S6207-T298027-ANA","L4|T298027|ETAP|Tap|S6207|ONone|YFalse",,"L1|T298027|ETAP|Tap|S6207|OHeadOpportunity|YTrue",1,Tap,298027,GEN-CBFBEB5EA50A315A0E532C30,1,297939,298027,723.69571666666700756897194446,723.69571666666700756897194443,723.69571666666700756897194446,723.69571666666700756897194446,True,TapOnHeldLongNote,False,True,False,False,7A292CA88024A32281B0CCD8BD18622CBF18A3D05C7894B45CC5F4987E61B5BA,E79F944A91B496DD602D4002F870EE3A8C464A7F169413D3EB2E5EB29B4F1F88,5D4B9E9E40F0DBF5008F0E5C3F575E0229A6A1B72B483688521F287C85EC1F82,EE98621483DA215BF3EF7062AC5E35D58B36F488ED5A381CFA2F340C19A43127,8258,8258,,,,False,False,False,False,PROVEN_EXACT_REPLAY
"20651C9B11DBB0D7BA2D64A8F167577AE0452762EEA83C5A7558BA89B8D2C788",18,control,SAFE-04D44A63B2F6ED86709A065F,TapOnHeldLongNote,LegacyDownstream,OracleOrSemanticMismatch,MUT-00000476-E0909A552AD66C5E4A5E,476,"OP-00000363-BaseHead-S363-T29369-ANA","L4|T29369|ETAP|Tap|S363|ONone|YFalse",,"L3|T29369|ETAP|Tap|S363|OHeadOpportunity|YTrue",3,Tap,29369,GEN-B4B2ABDCC090584ED89D80E0,3,29144,29369,61.99795000000002479918,61.997950000000024799179999997,61.99795000000002479918,61.99795000000002479918,True,TapOnHeldLongNote,False,True,False,False,71757DB5ACB47F3CC3B3CFA972ACB127274468EDA61BED2DC7229D41CD38519D,00519ECDED3900AAB1DC1940570C1059B99A5853CB2B1A3622B40E6722F26209,C940B1D790477F06B31AD6AB29592620D7AE03AD23FB71C73E29FB5A42498997,48EE3A93097156D0EC0393501F120AF7221531CA656BE6FC6A470C1EB896D73A,509,509,,,,False,False,False,False,PROVEN_EXACT_REPLAY
"20651C9B11DBB0D7BA2D64A8F167577AE0452762EEA83C5A7558BA89B8D2C788",18,control,SAFE-1AB357E25B599E18CAA110B2,TapOnHeldLongNote,LegacyDownstream,OracleOrSemanticMismatch,MUT-00000486-069BFA190F0CD9DB71C0,486,"OP-00000370-BaseHead-S370-T29933-ANA","L0|T29933|ETAP|Tap|S370|ONone|YFalse",,"L4|T29933|ETAP|Tap|S370|OHeadOpportunity|YTrue",4,Tap,29933,GEN-F1E2643B18419D4D154B961D,4,29821,29933,63.24815000000002529926,63.248150000000025299259999997,63.24815000000002529926,63.24815000000002529926,True,TapOnHeldLongNote,False,True,False,False,7176E7F50F4C1DEE0CA1E638F7BE78F8EB617DABF0124A47C69963AD7B43A2C1,019C7F5B9D5F62E85B5110D31B1B78ABCB1E864BF0A3279A140DCDE42E47E749,10D69D950F5C03188EA28F4B64712213A3464C6229452DBBA5C9491FAB3410DA,C160127CB3708AE2D5006A2004FC169B51BC38EED1681A9053F11DF455B7429D,520,520,,,,False,False,False,False,PROVEN_EXACT_REPLAY
"20651C9B11DBB0D7BA2D64A8F167577AE0452762EEA83C5A7558BA89B8D2C788",18,control,SAFE-E21EBD315302C3D79145A3F6,TapOnHeldLongNote,LegacyDownstream,OracleOrSemanticMismatch,MUT-00001349-FE1717DC9B1529E71381,1349,"OP-00001071-BaseHead-S1071-T67039-ANA","L1|T67039|ETAP|Tap|S1071|ONone|YFalse",,"L5|T67039|ETAP|Tap|S1071|OHeadOpportunity|YTrue",5,Tap,67039,GEN-E505F2F061B0911D1710C22C,5,66888,67039,145.49978333333339153324666667,145.49978333333339153324666666,145.49978333333339153324666667,145.49978333333339153324666667,True,TapOnHeldLongNote,False,True,False,False,FA7A8FE13D50DC864BA1D4BD5C9B21A0B6981C5C361E18347538007DA6B4622B,DD4F3A85DAE1C6C5529936BCCE134485D4C1ABE321DA2EE0BD5BF08A44790DF0,2E34CCB9751844BFB8DB6712FAC1AE957113C0CC8BDCFAADF5796FD0072383CF,C5B669A287A7D48A559DD4EAC579C0CCCFAC0A87FD80E5C43A994080A21CF810,1430,1430,,,,False,False,False,False,PROVEN_EXACT_REPLAY
"20651C9B11DBB0D7BA2D64A8F167577AE0452762EEA83C5A7558BA89B8D2C788",18,control,SAFE-0CAF7F7EF5637D2671BBF22B,TapOnHeldLongNote,LegacyDownstream,OracleOrSemanticMismatch,MUT-00002128-46D4D0F8A03D094F28DF,2128,"OP-00001650-BaseHead-S1650-T96136-ANA","L4|T96136|ETAP|Tap|S1650|ONone|YFalse",,"L0|T96136|ETAP|Tap|S1650|OHeadOpportunity|YTrue",0,Tap,96136,GEN-BAE8284F8FDF5C41DF7DAC03,0,96024,96136,209.99813333333341733258666667,209.99813333333341733258666666,209.99813333333341733258666667,209.99813333333341733258666667,True,TapOnHeldLongNote,False,True,False,False,5C46A8DD131E036D5AFCF28393B6EED5964B91EFC99ED14927761FFE7649ACF7,DFE048BE0D95104CBEDADF4B1C3017F13D7F1335417E7EA9E1DFF1721BA261B9,BB96C6EB758367F485260ADDF800C00EC9786BA99E9CA7FF5471FE05B80B9110,7A5AA3377E4B99292A220725BFD5D52DF1619E64C5E4E766513588F3DA1341FF,2271,2271,,,,False,False,False,False,PROVEN_EXACT_REPLAY
"20651C9B11DBB0D7BA2D64A8F167577AE0452762EEA83C5A7558BA89B8D2C788",18,control,SAFE-2198CFD9D3D5952AECDBA0C2,TapOnHeldLongNote,LegacyDownstream,OracleOrSemanticMismatch,MUT-00005740-3363F869948BF7E40864,5740,"OP-00004525-BaseHead-S4525-T235733-ANA","L2|T235733|ETAP|Tap|S4525|ONone|YFalse",,"L4|T235733|ETAP|Tap|S4525|OHeadOpportunity|YTrue",4,Tap,235733,GEN-DCD1ADD48DEEA2F64EF7ECD8,4,235645,235733,547.19605000000022323586083335,547.19605000000022323586083332,547.19605000000022323586083335,547.19605000000022323586083335,True,TapOnHeldLongNote,False,True,False,False,FE546414716F56849DB8324F6A2604DEE62124FF872C6CFCDC8B2D03336BFC70,ED9566E16BCA0B38754C234CDDA0242E6FFA1612908606452390FFEBFFB0CE11,F0F879BEAC72EE55CF653D3108901412B8BE5781B54C0F7D77DBB79ECDB847FC,649DCDC2340235984180128C4D45A7C1E098670D9678E0A33F02584FBCFDD634,5994,5994,,,,False,False,False,False,PROVEN_EXACT_REPLAY
"20651C9B11DBB0D7BA2D64A8F167577AE0452762EEA83C5A7558BA89B8D2C788",18,control,SAFE-ABE58B7C9E59503698B2D11F,TapOnHeldLongNote,LegacyDownstream,OracleOrSemanticMismatch,MUT-00005945-8CF56A31C2E451AE0750,5945,"OP-00004688-BaseHead-S4688-T243674-ANA","L2|T243674|ETAP|Tap|S4688|ONone|YFalse",,"L0|T243674|ETAP|Tap|S4688|OHeadOpportunity|YTrue",0,Tap,243674,GEN-86F70E29502535C93F366B89,0,243586,243674,569.69555000000023823552750001,569.69555000000023823552750000,569.69555000000023823552750001,569.69555000000023823552750001,True,TapOnHeldLongNote,False,True,False,False,7E11323148FDC567126D9C7BA4D60B3DB25A29DBF138590FA1B1445A78E7EEB0,3D48AFC36AF83AC35B838886556B752C0C8A37E6BE015A62E03397858A74C6FF,AC4775C22B97C14BCA1C0D75CC5FB1C5A71F1797A24402C464C5FCF08CD62D2D,D9BF258E7C03104F3F016F419AA88D7BC7CB036AF42FD023CBE06E5539F12007,6217,6217,,,,False,False,False,False,PROVEN_EXACT_REPLAY
"20651C9B11DBB0D7BA2D64A8F167577AE0452762EEA83C5A7558BA89B8D2C788",18,control,SAFE-E9A11343263E8D63EF3C560B,TapOnHeldLongNote,LegacyDownstream,OracleOrSemanticMismatch,MUT-00006602-E778C3CCCC4F04E786BB,6602,"OP-00005210-BaseHead-S5210-T265027-ANA","L1|T265027|ETAP|Tap|S5210|ONone|YFalse",,"L0|T265027|ETAP|Tap|S5210|OHeadOpportunity|YTrue",0,Tap,265027,GEN-56EAABE3FC0A277CBA9D0448,0,264939,265027,630.19571666666694523563861112,630.19571666666694523563861108,630.19571666666694523563861112,630.19571666666694523563861112,True,TapOnHeldLongNote,False,True,False,False,8E059D0FE86E54274989E0599E75F130EAD7903CBCADD6ED26760789D71BE254,667BF8EDFE033DA51B164A8F9EFCAAC0F1A2C7C34810A84903EF2396FC8AE40A,0126A6C5E99A2C2933CEE1BFDDEC33588BB2155135E1E415BDAE04DA396A1356,5F6134AE526852F31B2BF6AF287BB1BD096E0073717B00A39ED3D9F221B6EBE4,6904,6904,,,,False,False,False,False,PROVEN_EXACT_REPLAY
"20651C9B11DBB0D7BA2D64A8F167577AE0452762EEA83C5A7558BA89B8D2C788",18,control,SAFE-A48017D161C60A4AE08BA7ED,TapOnHeldLongNote,LegacyDownstream,OracleOrSemanticMismatch,MUT-00007397-DB477220BD27AF00755A,7397,"OP-00005836-BaseHead-S5836-T285321-ANA","L5|T285321|ETAP|Tap|S5836|ONone|YFalse",,"L1|T285321|ETAP|Tap|S5836|OHeadOpportunity|YTrue",1,Tap,285321,GEN-595C869554EA16E55E0FA454,1,285233,285321,687.69538333333365023541638890,687.69538333333365023541638889,687.69538333333365023541638890,687.69538333333365023541638890,True,TapOnHeldLongNote,False,True,False,False,91604DB2C05252A113A341F6EE44317B034C79801E8D73EC947CE18FEEE94F5D,60046A95B4747A77D02675BE43210804812699C01F959A8211608373E2F801B8,E86B6D6F4012B53D511591BC07AA6114217AC1A7C3B3657778F22D3434D88A86,AFEBDA228B9553DF9FAD58F69DAA7E9B4AFCEE44A52638E4CD8EAACE0E12A363,7742,7742,,,,False,False,False,False,PROVEN_EXACT_REPLAY
"20651C9B11DBB0D7BA2D64A8F167577AE0452762EEA83C5A7558BA89B8D2C788",18,control,SAFE-DE8B4F3345FAD127B2B5796B,TapOnHeldLongNote,LegacyDownstream,OracleOrSemanticMismatch,MUT-00007438-184DCA2E8E8E7BF1B2C9,7438,"OP-00005869-BaseHead-S5869-T286512-ANA","L3|T286512|ETAP|Tap|S5869|ONone|YFalse",,"L0|T286512|ETAP|Tap|S5869|OHeadOpportunity|YTrue",0,Tap,286512,GEN-6E81E61324902B1FFFAF1E08,0,286336,286512,691.06988333333365248508305557,691.06988333333365248508305555,691.06988333333365248508305557,691.06988333333365248508305557,True,TapOnHeldLongNote,False,True,False,False,5E59E7DB488C8D2B7D9E55EC50266ADFF3A738A5031A161459FE5DAB059E0F6A,6F3770C91C16230BA37E18A2AD23566234965B415615F1A72E6444BC0EA750B0,BDAC3E27521CF10C55C8CBE98DCF069B74A467370FD029C5FEB5B4BDE55B9A9B,35972E56E3E14CA568BD6BD08B794540FD554F448ED5CE79376855AF607CED0E,7789,7789,,,,False,False,False,False,PROVEN_EXACT_REPLAY
"20651C9B11DBB0D7BA2D64A8F167577AE0452762EEA83C5A7558BA89B8D2C788",18,control,SAFE-1A5C45650A174127E9EB424D,TapOnHeldLongNote,LegacyDownstream,OracleOrSemanticMismatch,MUT-00007496-38A45A1B1B4A72B8E8AE,7496,"OP-00005915-BaseHead-S5915-T287968-ANA","L5|T287968|ETAP|Tap|S5915|ONone|YFalse",,"L0|T287968|ETAP|Tap|S5915|OHeadOpportunity|YTrue",0,Tap,287968,GEN-6AF4F95B3AE413E2A5F6581A,0,287880,287968,695.19521666666698856863861112,695.19521666666698856863861109,695.19521666666698856863861112,695.19521666666698856863861112,True,TapOnHeldLongNote,False,True,False,False,9F0198F5CD9A45B06F63C284EE931B1ECA7935DC008729B605D8E45C613E5F8E,4E79749DD816FE168867C641BF8B20450DED77F90ABD1D0B45538E87AE323008,4C845A56D5C8D8E4D08B52A14B1D00DC82B9A2C69F538C8CF9EB6026298F72C3,9551712BFEE7385C630C3C44B681F841C37439D945C801694CF32984206F28CE,7850,7850,,,,False,False,False,False,PROVEN_EXACT_REPLAY
"20651C9B11DBB0D7BA2D64A8F167577AE0452762EEA83C5A7558BA89B8D2C788",18,control,SAFE-A9BBB63B1E451CD4ABEBFF60,TapOnHeldLongNote,LegacyDownstream,OracleOrSemanticMismatch,MUT-00007840-896A127B5A17FCD29CEE,7840,"OP-00006173-BaseHead-S6173-T296968-ANA","L1|T296968|ETAP|Tap|S6173|ONone|YFalse",,"L5|T296968|ETAP|Tap|S6173|OHeadOpportunity|YTrue",5,Tap,296968,GEN-A8EB5827F5557C16C09DA88A,5,296880,296968,720.69521666666700556863861112,720.69521666666700556863861108,720.69521666666700556863861112,720.69521666666700556863861112,True,TapOnHeldLongNote,False,True,False,False,CCC90040CA8A0DB946CA5248C9D49B019DA51B36E34585212B2103D8AB57F35B,14D458D2A0BA86928B3A43E737995FFF93C4A25F03A69BB766FC24E3C83A232C,6890F3CC583212E8FF79A47E1BC193A670B2C47BBC77E01A8F4FCF4DCBA35B6F,CF3B6F6A061500715FD03EBB74835100BFE7254BB86514C20445C0C110E4D8E3,8209,8209,,,,False,False,False,False,PROVEN_EXACT_REPLAY
"20651C9B11DBB0D7BA2D64A8F167577AE0452762EEA83C5A7558BA89B8D2C788",18,control,SAFE-617C82D5E291BB1C97B62DA4,TapOnHeldLongNote,LegacyDownstream,OracleOrSemanticMismatch,MUT-00007915-EF9525DED2A35518101C,7915,"OP-00006228-BaseHead-S6228-T298821-ANA","L0|T298821|ETAP|Tap|S6228|ONone|YFalse",,"L2|T298821|ETAP|Tap|S6228|OHeadOpportunity|YTrue",2,Tap,298821,GEN-37EAABEA3BBFD359A8BA89CD,2,298733,298821,725.94538333333367573541638890,725.94538333333367573541638888,725.94538333333367573541638890,725.94538333333367573541638890,True,TapOnHeldLongNote,False,True,False,False,715CBDD675BF8AF5563B5B1F1FF81F0C92BB8059F16C4A764860599A2D8E50C7,D44E86FBCE13853C10691400ED076FF1AC8A1D13302943F34E7330BFD05BDC72,6718A27BCF86B8E7FA55170E8ADA7198A63B00C57FA0862FBC2A2B443F9185DD,CBC2D23CA3D159DFE5EDF359608CA1DBF4D29905F67D7C7DBA8E4FD26D69D32C,8288,8288,,,,False,False,False,False,PROVEN_EXACT_REPLAY
"20651C9B11DBB0D7BA2D64A8F167577AE0452762EEA83C5A7558BA89B8D2C788",18,control,SAFE-44AD5D3A517E920081AD0839,TapOnHeldLongNote,LegacyDownstream,OracleOrSemanticMismatch,MUT-00012769-E5797B6AFB9F9C87D376,12769,"OP-00009895-BaseHead-S9895-T457998-ANA","L0|T457998|ETAP|Tap|S9895|ONone|YFalse",,"L3|T457998|ETAP|Tap|S9895|OHeadOpportunity|YTrue",3,Tap,457998,GEN-8FF1A06A22C955B6DF50E55B,3,457821,457998,1176.9468833333339764030830556,1176.9468833333339764030830555,1176.9468833333339764030830556,1176.9468833333339764030830556,True,TapOnHeldLongNote,False,True,False,False,515032A3CF792676658D6DE831C93EAFCAA653B10CB4B2FD6E934CF75DCC0DA5,B5079F124A6F72A73A0BF1A90DDA600141C7808A4466DA3A55DBC5A23E03CD67,AC0C4138087639F527CEBA5EFD237DF1E2A813FDB418EABDFD8DF7AC5F0530CF,DD4471ADFAC553320D357E7BA5BEAB51C68EDD333D81462F015010BFCBC1CF24,13452,13452,,,,False,False,False,False,PROVEN_EXACT_REPLAY
"20651C9B11DBB0D7BA2D64A8F167577AE0452762EEA83C5A7558BA89B8D2C788",19,control,SAFE-1AB357E25B599E18CAA110B2,TapOnHeldLongNote,LegacyDownstream,OracleOrSemanticMismatch,MUT-00000498-9BB80A7FD43E224C2D05,498,"OP-00000370-BaseHead-S370-T29933-ANA","L0|T29933|ETAP|Tap|S370|ONone|YFalse",,"L4|T29933|ETAP|Tap|S370|OHeadOpportunity|YTrue",4,Tap,29933,GEN-A87572929885E4152A65E928,4,29821,29933,63.24815000000002529926,63.248150000000025299259999997,63.24815000000002529926,63.24815000000002529926,True,TapOnHeldLongNote,False,True,False,False,C962CEB37A2CE231E531C90A7F3FDA9052D3710F15A0B1D0D4341928A5645B05,7A7AD1523ED28BA1584BCC36B0BA5E8810FF49B8BD7DC7B3F35B207CF2CF80A3,73418315C277FF2B96E87EE04C98CECEEFC3BA8261EE844B050BF72BB9CE5CF0,D7B8A13C0D8A8BB451F5C11DEFC4782AC7D2BEBB07874B65E93B50A8A46B6AE2,542,542,,,,False,False,False,False,PROVEN_EXACT_REPLAY
"20651C9B11DBB0D7BA2D64A8F167577AE0452762EEA83C5A7558BA89B8D2C788",19,control,SAFE-B5B2184F3186E7A7630A2A81,TapOnHeldLongNote,LegacyDownstream,OracleOrSemanticMismatch,MUT-00002589-56B325D2337519E3B300,2589,"OP-00002012-BaseHead-S2012-T113956-ANA","L1|T113956|ETAP|Tap|S2012|ONone|YFalse",,"L6|T113956|ETAP|Tap|S2012|OHeadOpportunity|YTrue",6,Tap,113956,GEN-BA814073BA67DDC254AD18AD,6,113787,113956,249.49913333333343313298666667,249.49913333333343313298666666,249.49913333333343313298666667,249.49913333333343313298666667,True,TapOnHeldLongNote,False,True,False,False,6E177E0A4D3B5BFD6A81E05593215780AB29290D8CCD0D8A9E3B16E40F6B5B8E,3D85991D0817F55BDA4E6A72C6AEC05543EFC0AE1C27ADCA2A207D662D36C731,D43EF91EBE627C28C42D0A8E61804A25F3DCF7DE8F120868B50AB4262147037B,1BCCAAED4F51B66249794E3594CC8E8B6A6FBDD53D1D2FCE713AD17278DDD3EB,2775,2775,,,,False,False,False,False,PROVEN_EXACT_REPLAY
"20651C9B11DBB0D7BA2D64A8F167577AE0452762EEA83C5A7558BA89B8D2C788",19,control,SAFE-1A5C45650A174127E9EB424D,TapOnHeldLongNote,LegacyDownstream,OracleOrSemanticMismatch,MUT-00007522-285BFF405422B045F441,7522,"OP-00005915-BaseHead-S5915-T287968-ANA","L5|T287968|ETAP|Tap|S5915|ONone|YFalse",,"L0|T287968|ETAP|Tap|S5915|OHeadOpportunity|YTrue",0,Tap,287968,GEN-C8404AD5BF3804F1331F7C5B,0,287880,287968,695.19521666666698856863861112,695.19521666666698856863861109,695.19521666666698856863861112,695.19521666666698856863861112,True,TapOnHeldLongNote,False,True,False,False,E6DFAC01355455A11E84AA1C88A5270625BF164B29BBBEB68FB49A220B6364BB,FA6A7027669B88E7EED3A30841119C9D5C70D5D72BDCA565EDBFE033B5884C37,6B809166D3F603C0AE0FC77E4893AD19FCA17E48F13560974A38AD2FC7F97B7E,F357D64E40ABC46DD87018140482D7BF35B1C7880415E7E59E1FAAA56F82D988,7887,7887,,,,False,False,False,False,PROVEN_EXACT_REPLAY
"20651C9B11DBB0D7BA2D64A8F167577AE0452762EEA83C5A7558BA89B8D2C788",20,control,SAFE-1AB357E25B599E18CAA110B2,TapOnHeldLongNote,LegacyDownstream,OracleOrSemanticMismatch,MUT-00000490-67BFCA1B88EB0E472B5B,490,"OP-00000370-BaseHead-S370-T29933-ANA","L0|T29933|ETAP|Tap|S370|ONone|YFalse",,"L4|T29933|ETAP|Tap|S370|OHeadOpportunity|YTrue",4,Tap,29933,GEN-2AB4677973EB8D2FBECCE9C4,4,29821,29933,63.24815000000002529926,63.248150000000025299259999997,63.24815000000002529926,63.24815000000002529926,True,TapOnHeldLongNote,False,True,False,False,A5F794C61F8F687FC165C6D9C56A02BEAA78174105E12FA8140CF61FBB37591D,89E974924890D46685374B05C60E67F1881E9C2B71294AB9B1FE80790A7B6F7C,51D5A9521B5DAC698FEDE92F8EE297D825B64CDEB54679187B8589936B902182,2D674CC8F0F303FC28CBAFAF381649C46BE11F467463EB871474FC3A4A533902,536,536,,,,False,False,False,False,PROVEN_EXACT_REPLAY
"20651C9B11DBB0D7BA2D64A8F167577AE0452762EEA83C5A7558BA89B8D2C788",20,control,SAFE-1760AB9FBE108E0FD45DD758,TapOnHeldLongNote,LegacyDownstream,OracleOrSemanticMismatch,MUT-00007115-FED2C03246BFE96E39F4,7115,"OP-00005614-BaseHead-S5614-T278394-ANA","L4|T278394|ETAP|Tap|S5614|ONone|YFalse",,"L3|T278394|ETAP|Tap|S5614|OHeadOpportunity|YTrue",3,Tap,278394,GEN-63AF09A45D6FFE774D30D61A,3,278350,278394,668.06888333333363715108305557,668.06888333333363715108305555,668.06888333333363715108305557,668.06888333333363715108305557,True,TapOnHeldLongNote,False,True,False,False,22BF4639704AFFDA70293747F5884264CA220C14ECBE5EE1FB624E31BB5F2BF5,059F7AFE8381AFDB82DBB04F86EE8BAD3381C7D660183C10400503C0C3D5F019,897B92BADE71D28F74AFF20FD6FBECEAD5CBD014330767D52AD28C5A95FD67F8,F97EB4FC9DF465F51CEE9EDD540E4C946F2F791198EA61E15B5554E67E5EF784,7462,7462,,,,False,False,False,False,PROVEN_EXACT_REPLAY
"20651C9B11DBB0D7BA2D64A8F167577AE0452762EEA83C5A7558BA89B8D2C788",20,control,SAFE-167FF95F47115A63C45B6D0B,TapOnHeldLongNote,LegacyDownstream,OracleOrSemanticMismatch,MUT-00007888-534E33A745B13F9D5E23,7888,"OP-00006208-BaseHead-S6208-T298027-ANA","L5|T298027|ETAP|Tap|S6208|ONone|YFalse",,"L1|T298027|ETAP|Tap|S6208|OHeadOpportunity|YTrue",1,Tap,298027,GEN-A28ED2AC150A35BF822ACA1B,1,297939,298027,723.69571666666700756897194446,723.69571666666700756897194443,723.69571666666700756897194446,723.69571666666700756897194446,True,TapOnHeldLongNote,False,True,False,False,A1BF2A50F2D9FDE39D60FBE1AD116592A581246CCB4E6BCE05F032881570ED76,D50559477ACBB2513B26B55AA8FF649B966B03DFAB5ADE1203C65088DF155B5E,438E42AF772F09FC4E1F4AB0D96B0D89A4DD2770C398955BBE5267F5F95558D4,89AA5C09038719A09E0CDE585EDA300D4CC7FC032E901F9C0A8980D3F5590031,8285,8285,,,,False,False,False,False,PROVEN_EXACT_REPLAY
"02D9D1781418E7442956D4D901C8C611E58256556AE9A828E72128C3B5B8E3EB",9,treatment,SAFE-64F85BAD79F18687A75A4D2A,TapOnHeldLongNote,TreatmentDownstream,OracleOrSemanticMismatch,MUT-00006492-DA9C91220AE9BCEF31E0,6492,"OP-00005377-BaseHead-S5377-T257700-ANA","L5|T257700|ETAP|Tap|S5377|ONone|YFalse",,"L0|T257700|ETAP|Tap|S5377|OHeadOpportunity|YTrue",0,Tap,257700,GEN-4FBC9916A7B84CB4F5967A6D,0,257359,257700,754.99893333333313200028444444,754.99893333333313200028444442,754.99893333333313200028444444,754.99893333333313200028444444,True,TapOnHeldLongNote,False,True,False,False,AD2C36BDD5C7EC4D7DAA0321FB68F32EF7F35F74FD5EB1FD399A503C120B6768,0C11AF302E609A29E726AB8854724FCD8070B00B4379F9EB1C6AD10383839A64,B796A9CF341651216C1FDBE6467DAB089818EA177F3B2A2F59ADACDEE1B10736,F6C84B6DE719601ACEFB6AD4CC71F42882C38E0F9164343501BF6629F8A61180,6769,6769,DIV-AA18CDEAB9F1EBEE5A452BE6,"OP-00005400-LnInterior-S11-T2189-A2189",5462,False,False,True,False,PROVEN_EXACT_REPLAY
"02D9D1781418E7442956D4D901C8C611E58256556AE9A828E72128C3B5B8E3EB",11,treatment,SAFE-F26F0911FF28A00A46B372C0,TapOnHeldLongNote,TreatmentDownstream,OracleOrSemanticMismatch,MUT-00003822-CC99007D99D22963EFCE,3822,"OP-00003073-BaseHead-S3073-T163268-ANA","L4|T163268|ETAP|Tap|S3073|ONone|YFalse",,"L2|T163268|ETAP|Tap|S3073|OHeadOpportunity|YTrue",2,Tap,163268,GEN-8EE5AD442732233F838B19FD,2,163183,163268,477.99839999999987253376,477.99839999999987253375999996,477.99839999999987253376,477.99839999999987253376,True,TapOnHeldLongNote,False,True,False,False,06D41B68ED307F7C50A60E2B1C678B3EC8D078B08A989850F503BF48C73C3900,0075204FD3CD50BE24B2B74CFE21189C3F7261AEB087639A9F60599C9DC15DB6,CAD6313198718C7E406D97CDE84F4FA4F5C2F34DAB6E5CD59DD587209C2D247C,4333007C26D05A4DAB1AE4A0D828CDD40F4144717710CE6BE5F8C1430FEAAEED,4018,4018,DIV-C65C335AAD8DBBBCA669A6DC,"OP-00005403-LnInterior-S32-T5598-A5598",3103,False,False,True,False,PROVEN_EXACT_REPLAY
"02D9D1781418E7442956D4D901C8C611E58256556AE9A828E72128C3B5B8E3EB",11,treatment,SAFE-B9501F584AE762290E7B78AB,TapOnHeldLongNote,TreatmentDownstream,OracleOrSemanticMismatch,MUT-00003926-FC170273B84CB46C9AB3,3926,"OP-00003161-BaseHead-S3161-T166421-ANA","L3|T166421|ETAP|Tap|S3161|ONone|YFalse",,"L2|T166421|ETAP|Tap|S3161|OHeadOpportunity|YTrue",2,Tap,166421,GEN-967EE6923458878E82DD79E7,2,166251,166421,487.24719999999987006741333333,487.24719999999987006741333331,487.24719999999987006741333333,487.24719999999987006741333333,True,TapOnHeldLongNote,False,True,False,False,A783163F2B4FC6CD5F2286D9399CA25C4D74FA78965965E9A530E8F1C8DA96EA,BFE3474D1CD4BD5462CD64178F25EAD5A09A42068D843D0A806314A389A9D728,6385247DA656DC3B297884C747BEF82D6AC12F350C2B278A1572A17828C3CFBF,C0C63E18DE50AEE4398D47F9FF439F29596022430BC26624EDA64CBF057D0743,4128,4128,DIV-C65C335AAD8DBBBCA669A6DC,"OP-00005403-LnInterior-S32-T5598-A5598",3191,False,False,True,False,PROVEN_EXACT_REPLAY
"02D9D1781418E7442956D4D901C8C611E58256556AE9A828E72128C3B5B8E3EB",11,treatment,SAFE-2284CF784515E3967079C3B6,TapOnHeldLongNote,TreatmentDownstream,OracleOrSemanticMismatch,MUT-00003985-CB1665D21CA392E2D329,3985,"OP-00003212-BaseHead-S3212-T168296-ANA","L0|T168296|ETAP|Tap|S3212|ONone|YFalse",,"L6|T168296|ETAP|Tap|S3212|OHeadOpportunity|YTrue",6,Tap,168296,GEN-7A760ACDD0BB0D6C5CA6F2A2,6,168211,168296,492.74719999999986860074666667,492.74719999999986860074666664,492.74719999999986860074666667,492.74719999999986860074666667,True,TapOnHeldLongNote,False,True,False,False,0D4DED2B75DD9F88E1F18D4221B57F28ADBE0D97A54A89486C3E1F3FDBA79F6C,65B5F767F58A7CA3548187A4C54813698595511D08E99B38E1DF56F39B1EC342,DEC342829A5846CD1D856F36D31065FE34126D86E39F3ED8F2D3B7949DB950BB,0E107E3DC1B5BAC7A1ADA97695D60FDC0CA9A66DB06DD4AD73820916BE9DC555,4188,4188,DIV-C65C335AAD8DBBBCA669A6DC,"OP-00005403-LnInterior-S32-T5598-A5598",3242,False,False,True,False,PROVEN_EXACT_REPLAY
"02D9D1781418E7442956D4D901C8C611E58256556AE9A828E72128C3B5B8E3EB",17,treatment,SAFE-32F2591730E7370AD1411EC1,TapOnHeldLongNote,TreatmentDownstream,OracleOrSemanticMismatch,MUT-00004588-315651C8D435FD853633,4588,"OP-00003761-BaseHead-S3761-T197189-ANA","L6|T197189|ETAP|Tap|S3761|ONone|YFalse",,"L4|T197189|ETAP|Tap|S3761|OHeadOpportunity|YTrue",4,Tap,197189,GEN-A750D060A632323DE853F4EB,4,197018,197189,577.499999999999846,577.49999999999984599999999998,577.499999999999846,577.499999999999846,True,TapOnHeldLongNote,False,True,False,False,9EB11054A4724FD532445D60BDC8052739BB99DA5496940BD3F82757769F7C8E,A85198EA9BFF2CFA5A10C34E8296BF04044DE3FC386507FEE01247054B6767F5,81AB8AE66B3B36BE813A30C630C5091CCFD554180776F8D37AC0F6AFE0A4932C,9AD871B5EAE98033A4D0078765B725DC261B2C45D63711671EB38BA72633BD08,4794,4794,DIV-085E822B4965F23D850AEEC7,"OP-00005405-LnInterior-S53-T8240-A8240",3775,False,False,True,False,PROVEN_EXACT_REPLAY
"02D9D1781418E7442956D4D901C8C611E58256556AE9A828E72128C3B5B8E3EB",17,treatment,SAFE-E46C4E7B5022C20491F15E1C,TapOnHeldLongNote,TreatmentDownstream,OracleOrSemanticMismatch,MUT-00004692-60B5AFDE31CA1D7621C2,4692,"OP-00003850-BaseHead-S3850-T200427-ANA","L1|T200427|ETAP|Tap|S3850|ONone|YFalse",,"L5|T200427|ETAP|Tap|S3850|OHeadOpportunity|YTrue",5,Tap,200427,GEN-E6353DDA9CCE54CB67C71E39,5,200342,200427,586.99813333333317680049777778,586.99813333333317680049777773,586.99813333333317680049777778,586.99813333333317680049777778,True,TapOnHeldLongNote,False,True,False,False,A893D502676F6CCE9A5A2A4B8ECE9BF74838AB031C9A1CE975578F9D2DAD459C,E5587CEF5FDFAA7EBB65F3D26143F583CE4C54CF4B19EEE0293F702B45AD498F,7AF4836EA01D771C56847B0A6FE2731E7E5E3A2B9A2CBAD91441A4F46C182CBA,8BA42B393A32E46D8C9E3A736F6387F7A3187FB3D0C9F00400175113D4C313D3,4906,4906,DIV-085E822B4965F23D850AEEC7,"OP-00005405-LnInterior-S53-T8240-A8240",3864,False,False,True,False,PROVEN_EXACT_REPLAY
"02D9D1781418E7442956D4D901C8C611E58256556AE9A828E72128C3B5B8E3EB",17,treatment,SAFE-139B96EC9651F26C08C83459,TapOnHeldLongNote,TreatmentDownstream,OracleOrSemanticMismatch,MUT-00004818-8661C7AC634CA6E6E988,4818,"OP-00003958-BaseHead-S3958-T204433-ANA","L6|T204433|ETAP|Tap|S3958|ONone|YFalse",,"L1|T204433|ETAP|Tap|S3958|OHeadOpportunity|YTrue",1,Tap,204433,GEN-E946AA0D08A5025A01D299BD,1,204348,204433,598.74906666666650700024888889,598.74906666666650700024888888,598.74906666666650700024888889,598.74906666666650700024888889,True,TapOnHeldLongNote,False,True,False,False,D905C98BCF9C1C040F66833CBBBED9A4DF9D08C3938023E1F19FB02F1E075555,A9B9019061B30A184802EEAB1C7E5569BDF9314F7E69C9FF213AC5B823CE4CBE,BBA823106BEEA5108E110A826D5EF77EF6EE93F47314DA5AEC4D62D0D1EC85D4,A08E8136750BC038DC31F1EFA1F802190B5BE544CFFC6A3FDCE4391786CC6210,5036,5036,DIV-085E822B4965F23D850AEEC7,"OP-00005405-LnInterior-S53-T8240-A8240",3972,False,False,True,False,PROVEN_EXACT_REPLAY
"02D9D1781418E7442956D4D901C8C611E58256556AE9A828E72128C3B5B8E3EB",17,treatment,SAFE-935C732E4C84CDA3C946D3A9,TapOnHeldLongNote,TreatmentDownstream,OracleOrSemanticMismatch,MUT-00005391-025820A4F24EB3408680,5391,"OP-00004455-BaseHead-S4455-T221819-ANA","L3|T221819|ETAP|Tap|S4455|ONone|YFalse",,"L2|T221819|ETAP|Tap|S4455|OHeadOpportunity|YTrue",2,Tap,221819,GEN-6DD4FD4ED0FB584A8ED03CBC,2,221734,221819,649.74799999999982673386666667,649.74799999999982673386666666,649.74799999999982673386666667,649.74799999999982673386666667,True,TapOnHeldLongNote,False,True,False,False,1FB1342C737FA38DFAE2E71DF6D5BD581108A9D019091EC0B9668B51400E30F9,31DE9D5D59C4A93205429E57617140CE87B3906049AF9618407C89F706DB9D4D,B9DFA960800CB7341B43275A9454D329BB41E8879534C38B82DFB71F1E75979A,ACAFD211D3004DF57D77182110F73F29F78C3F9C1FC645FD8490D11EEEC1915B,5617,5617,DIV-085E822B4965F23D850AEEC7,"OP-00005405-LnInterior-S53-T8240-A8240",4475,False,False,True,False,PROVEN_EXACT_REPLAY
"20651C9B11DBB0D7BA2D64A8F167577AE0452762EEA83C5A7558BA89B8D2C788",11,treatment,SAFE-A33A0DD6B08C8DFAAB01866D,TapOnHeldLongNote,TreatmentDownstream,OracleOrSemanticMismatch,MUT-00006726-0CB20C176C0A2140843B,6726,"OP-00005271-BaseHead-S5271-T266968-ANA","L1|T266968|ETAP|Tap|S5271|ONone|YFalse",,"L3|T266968|ETAP|Tap|S5271|OHeadOpportunity|YTrue",3,Tap,266968,GEN-3F2405A094BF1F0C441FA737,3,266880,266968,635.69521666666694890197194446,635.69521666666694890197194443,635.69521666666694890197194446,635.69521666666694890197194446,True,TapOnHeldLongNote,False,True,False,False,B8BFD54E465CB18C3C0AAF2B420D4B7EB21D9D4530DE93FB69736DBF84C8F4CE,9C206FF02BF02FE8CD3648FEEA81528A060517058E472B369A525C90979B96C2,07E02F09ED3CA074FDC24ADEC6E5BB8B67406A89C7F2C38232726CA8411F02D1,31E0A158033CFB63B084639F97BB70917D0603B1A87E08832ED809DE13F5006D,7058,7058,DIV-26132A17713DC6BE99AE07EE,"OP-00010142-LnInterior-S232-T21136-A21136",5067,False,False,True,False,PROVEN_EXACT_REPLAY
